{"type":"FeatureCollection","features":[{"type":"Feature","properties":{"id":"01101","name":"札幌市","pref":"北海道"},"geometry":{"type":"Polygon","coordinates":[[[141.2569,42.9978],[141.2146,43.0103],[141.2024,43.0192],[141.2297,43.0152],[141.2656,43.0486],[141.2657,43.0394],[141.2848,43.038],[141.284,43.0543],[141.3063,43.0688],[141.3143,43.0646],[141.3283,43.0861],[141.3401,43.0672],[141.3896,43.0686],[141.369,43.0615],[141.346,43.0171],[141.3363,43.0281],[141.3199,43.0292],[141.3236,43.0351],[141.3081,43.0358],[141.3108,43.0281],[141.2569,42.9978]]]}},{"type":"Feature","properties":{"id":"01102","name":"札幌市","pref":"北海道"},"geometry":{"type":"Polygon","coordinates":[[[141.3401,43.0672],[141.33,43.0849],[141.2665,43.131],[141.3326,43.1486],[141.3534,43.1637],[141.3573,43.1755],[141.385,43.1724],[141.404,43.1895],[141.4094,43.185],[141.3997,43.1713],[141.4321,43.1702],[141.4416,43.1601],[141.4288,43.1438],[141.4152,43.1447],[141.3872,43.1264],[141.344,43.1222],[141.3552,43.0686],[141.3401,43.0672]]]}},{"type":"Feature","properties":{"id":"01103","name":"札幌市","pref":"北海道"},"geometry":{"type":"Polygon","coordinates":[[[141.3987,43.0699],[141.3552,43.0686],[141.344,43.1222],[141.3851,43.1257],[141.4152,43.1447],[141.4288,43.1438],[141.449,43.1667],[141.4554,43.129],[141.4444,43.101],[141.4573,43.0934],[141.4383,43.0945],[141.3987,43.0699]]]}},{"type":"Feature","properties":{"id":"01104","name":"札幌市","pref":"北海道"},"geometry":{"type":"Polygon","coordinates":[[[141.382,43.0483],[141.369,43.0615],[141.3987,43.0699],[141.4383,43.0945],[141.4735,43.0961],[141.4494,43.0627],[141.4578,43.0357],[141.4439,43.0223],[141.382,43.0483]]]}},{"type":"Feature","properties":{"id":"01105","name":"札幌市","pref":"北海道"},"geometry":{"type":"Polygon","coordinates":[[[141.3669,42.9271],[141.378,43.0144],[141.3606,43.0202],[141.3529,43.0121],[141.3524,43.0227],[141.3664,43.058],[141.4341,43.0261],[141.4069,42.9809],[141.4223,42.9749],[141.3958,42.9632],[141.3865,42.9336],[141.3669,42.9271]]]}},{"type":"Feature","properties":{"id":"01106","name":"札幌市","pref":"北海道"},"geometry":{"type":"Polygon","coordinates":[[[141.2428,42.8396],[141.2191,42.8074],[141.2303,42.791],[141.1609,42.7807],[141.0932,42.823],[141.1007,42.8279],[141.0942,42.8425],[141.1036,42.8474],[141.0975,42.8554],[141.1071,42.8725],[141.1023,42.8823],[141.0394,42.8855],[141.0268,42.9132],[141.0527,42.9526],[141.0122,42.966],[141.0001,42.9787],[140.9929,42.9946],[141.0,43.0127],[140.9905,43.023],[141.0205,43.0329],[141.0449,43.0514],[141.047,43.0645],[141.0585,43.0686],[141.0653,43.0837],[141.0594,43.0893],[141.0698,43.0923],[141.0629,43.1094],[141.0716,43.1088],[141.0753,43.1182],[141.1085,43.1193],[141.134,43.1059],[141.1349,43.0938],[141.1636,43.0867],[141.1529,43.0685],[141.1747,43.0551],[141.187,43.0426],[141.1885,43.0282],[141.2149,43.0102],[141.2596,42.9975],[141.3108,43.0281],[141.3095,43.0358],[141.3236,43.0351],[141.3199,43.0292],[141.3363,43.0281],[141.3459,43.0171],[141.3524,43.0229],[141.3529,43.0121],[141.3606,43.0202],[141.378,43.0144],[141.3631,42.9377],[141.3669,42.9271],[141.3863,42.9337],[141.3941,42.9273],[141.3968,42.8916],[141.3701,42.8913],[141.3577,42.8763],[141.333,42.87],[141.3176,42.8746],[141.3113,42.8857],[141.2946,42.8843],[141.2865,42.8736],[141.2538,42.865],[141.2566,42.8486],[141.2428,42.8396]]]}},{"type":"Feature","properties":{"id":"01107","name":"札幌市","pref":"北海道"},"geometry":{"type":"Polygon","coordinates":[[[141.169,43.0829],[141.2042,43.0764],[141.2247,43.0805],[141.2396,43.0956],[141.2503,43.0856],[141.286,43.117],[141.3283,43.0861],[141.3143,43.0646],[141.3063,43.0688],[141.284,43.0543],[141.2848,43.038],[141.2657,43.0394],[141.2656,43.0486],[141.2295,43.0152],[141.1885,43.0282],[141.187,43.0426],[141.1526,43.069],[141.169,43.0829]]]}},{"type":"Feature","properties":{"id":"01108","name":"札幌市","pref":"北海道"},"geometry":{"type":"Polygon","coordinates":[[[141.5048,43.0211],[141.4864,43.0229],[141.4824,43.0071],[141.4439,43.0223],[141.4578,43.0357],[141.4494,43.0627],[141.4735,43.0961],[141.4715,43.0695],[141.4974,43.0578],[141.5048,43.0211]]]}},{"type":"Feature","properties":{"id":"01109","name":"札幌市","pref":"北海道"},"geometry":{"type":"Polygon","coordinates":[[[141.227,43.083],[141.1762,43.0772],[141.152,43.0886],[141.1674,43.0942],[141.1864,43.1195],[141.2025,43.1247],[141.1876,43.1403],[141.2233,43.1602],[141.238,43.1519],[141.2475,43.1589],[141.2828,43.1336],[141.2665,43.131],[141.286,43.117],[141.2569,43.0887],[141.2474,43.0859],[141.2523,43.0888],[141.2396,43.0956],[141.227,43.083]]]}},{"type":"Feature","properties":{"id":"01110","name":"札幌市","pref":"北海道"},"geometry":{"type":"Polygon","coordinates":[[[141.4138,42.8951],[141.4205,42.8902],[141.3953,42.8887],[141.3894,42.9534],[141.3989,42.9665],[141.4227,42.9756],[141.4069,42.9809],[141.428,43.0068],[141.4233,43.0096],[141.4303,43.0236],[141.4572,43.0209],[141.4824,43.0071],[141.4804,42.9902],[141.4669,42.9738],[141.4598,42.9433],[141.4211,42.9141],[141.4138,42.8951]]]}},{"type":"Feature","properties":{"id":"01202","name":"函館市","pref":"北海道"},"geometry":{"type":"MultiPolygon","coordinates":[[[[140.7042,41.7398],[140.7042,41.7398],[140.7041,41.7398],[140.7042,41.7398]]],[[[140.7044,41.7399],[140.7043,41.7399],[140.7044,41.7399],[140.7044,41.7399]]],[[[140.7038,41.7398],[140.7039,41.74],[140.704,41.7399],[140.7038,41.7398]]],[[[140.7018,41.7404],[140.7018,41.7405],[140.7018,41.7404],[140.7018,41.7404]]],[[[140.7014,41.741],[140.7014,41.741],[140.7014,41.741],[140.7014,41.741]]],[[[140.7084,41.7413],[140.7085,41.7412],[140.7083,41.7413],[140.7084,41.7413]]],[[[140.701,41.7413],[140.7009,41.7414],[140.7009,41.7414],[140.701,41.7413]]],[[[140.7088,41.7415],[140.7087,41.7414],[140.7087,41.7415],[140.7088,41.7415]]],[[[140.7006,41.7416],[140.7006,41.7416],[140.7007,41.7416],[140.7006,41.7416]]],[[[140.7005,41.7418],[140.7004,41.7417],[140.7004,41.7418],[140.7005,41.7418]]],[[[140.7002,41.7421],[140.7002,41.742],[140.7001,41.7421],[140.7002,41.7421]]],[[[140.7144,41.7443],[140.7145,41.7442],[140.7145,41.7442],[140.7144,41.7443]]],[[[140.7148,41.7445],[140.7148,41.7444],[140.7148,41.7444],[140.7148,41.7445]]],[[[140.7178,41.7445],[140.7178,41.7446],[140.7179,41.7445],[140.7178,41.7445]]],[[[140.7177,41.7447],[140.7177,41.7446],[140.7176,41.7446],[140.7177,41.7447]]],[[[140.7161,41.7446],[140.7159,41.7447],[140.716,41.7449],[140.7161,41.7446]]],[[[140.7165,41.7446],[140.7165,41.7449],[140.7166,41.7449],[140.7165,41.7446]]],[[[140.7178,41.7447],[140.718,41.7448],[140.718,41.7447],[140.7178,41.7447]]],[[[140.7156,41.7448],[140.7155,41.7447],[140.7155,41.7447],[140.7156,41.7448]]],[[[140.7181,41.7448],[140.7182,41.7448],[140.7182,41.7447],[140.7181,41.7448]]],[[[140.7173,41.745],[140.7173,41.745],[140.7172,41.745],[140.7173,41.745]]],[[[140.7169,41.7451],[140.717,41.745],[140.7168,41.7451],[140.7169,41.7451]]],[[[140.6981,41.7473],[140.6981,41.7474],[140.6982,41.7474],[140.6981,41.7473]]],[[[140.6961,41.7519],[140.696,41.7519],[140.696,41.752],[140.6961,41.7519]]],[[[140.6936,41.7532],[140.6936,41.7531],[140.6935,41.7532],[140.6936,41.7532]]],[[[140.6936,41.7533],[140.6937,41.7533],[140.6937,41.7533],[140.6936,41.7533]]],[[[140.6935,41.7538],[140.6934,41.7538],[140.6935,41.7539],[140.6935,41.7538]]],[[[140.6933,41.7542],[140.6932,41.7541],[140.6932,41.7542],[140.6933,41.7542]]],[[[140.6927,41.757],[140.6925,41.7572],[140.6928,41.7571],[140.6927,41.757]]],[[[140.6929,41.7573],[140.6931,41.7573],[140.6931,41.7572],[140.6929,41.7573]]],[[[140.6928,41.7574],[140.6928,41.7576],[140.693,41.7575],[140.6928,41.7574]]],[[[140.7147,41.7692],[140.7119,41.7708],[140.7165,41.7717],[140.7147,41.7692]]],[[[140.7015,41.7874],[140.7015,41.7859],[140.6999,41.7947],[140.7015,41.7874]]],[[[140.6968,41.7927],[140.6929,41.7949],[140.6968,41.7927],[140.6968,41.7927]]],[[[140.6988,41.7951],[140.6997,41.7945],[140.6987,41.7951],[140.6988,41.7951]]],[[[140.7216,41.7441],[140.7215,41.7439],[140.7215,41.7441],[140.7216,41.7441]]],[[[140.7225,41.7441],[140.7223,41.7439],[140.7223,41.7442],[140.7225,41.7441]]],[[[140.7218,41.7442],[140.7219,41.744],[140.7217,41.7442],[140.7218,41.7442]]],[[[140.7225,41.7442],[140.7224,41.7443],[140.7226,41.7443],[140.7225,41.7442]]],[[[140.7207,41.7442],[140.7206,41.7444],[140.7209,41.7443],[140.7207,41.7442]]],[[[140.7214,41.7444],[140.7215,41.7443],[140.7215,41.7442],[140.7214,41.7444]]],[[[140.7218,41.7443],[140.722,41.7444],[140.7221,41.7444],[140.7218,41.7443]]],[[[140.7217,41.7444],[140.7216,41.7444],[140.7216,41.7444],[140.7217,41.7444]]],[[[140.7205,41.7446],[140.7206,41.7447],[140.7206,41.7446],[140.7205,41.7446]]],[[[140.7204,41.7449],[140.7203,41.7448],[140.7203,41.7449],[140.7204,41.7449]]],[[[140.7223,41.7452],[140.7224,41.7454],[140.7227,41.7451],[140.7223,41.7452]]],[[[140.7218,41.7458],[140.722,41.7458],[140.722,41.7458],[140.7218,41.7458]]],[[[140.8989,41.7472],[140.8987,41.7473],[140.8989,41.7473],[140.8989,41.7472]]],[[[140.8866,41.7512],[140.8866,41.7514],[140.8866,41.7514],[140.8866,41.7512]]],[[[140.8753,41.7518],[140.8754,41.7518],[140.8753,41.7518],[140.8753,41.7518]]],[[[140.8749,41.7519],[140.8749,41.752],[140.8749,41.7519],[140.8749,41.7519]]],[[[140.8749,41.752],[140.8748,41.752],[140.8748,41.752],[140.8749,41.752]]],[[[140.8749,41.7521],[140.8749,41.7521],[140.8749,41.7521],[140.8749,41.7521]]],[[[140.8757,41.7523],[140.8758,41.7522],[140.8756,41.7522],[140.8757,41.7523]]],[[[140.8754,41.7524],[140.8753,41.7523],[140.8754,41.7524],[140.8754,41.7524]]],[[[140.8502,41.7587],[140.8503,41.7587],[140.8501,41.7587],[140.8502,41.7587]]],[[[140.85,41.759],[140.85,41.7591],[140.85,41.7591],[140.85,41.759]]],[[[140.8365,41.7592],[140.8365,41.7591],[140.8364,41.7592],[140.8365,41.7592]]],[[[140.8501,41.7592],[140.8501,41.7592],[140.8501,41.7592],[140.8501,41.7592]]],[[[140.8262,41.762],[140.8264,41.762],[140.8263,41.7619],[140.8262,41.762]]],[[[140.8188,41.7645],[140.8185,41.764],[140.8182,41.7641],[140.8188,41.7645]]],[[[140.8176,41.7643],[140.8177,41.7644],[140.8177,41.7643],[140.8176,41.7643]]],[[[140.8173,41.7652],[140.8176,41.7644],[140.8176,41.7643],[140.8173,41.7652]]],[[[140.7265,41.7891],[140.7265,41.7892],[140.7269,41.7892],[140.7265,41.7891]]],[[[140.7235,41.7917],[140.7236,41.7919],[140.7232,41.79],[140.7235,41.7917]]],[[[140.7232,41.7934],[140.7232,41.7935],[140.7232,41.7935],[140.7232,41.7934]]],[[[140.7232,41.7935],[140.7232,41.7935],[140.7232,41.7935],[140.7232,41.7935]]],[[[140.7231,41.7935],[140.7224,41.7945],[140.7231,41.7935],[140.7231,41.7935]]],[[[140.9332,41.9454],[140.9333,41.9452],[140.9331,41.9452],[140.9332,41.9454]]],[[[140.9322,41.9489],[140.9318,41.95],[140.9323,41.9489],[140.9322,41.9489]]],[[[140.969,41.71],[140.9687,41.71],[140.9692,41.7102],[140.969,41.71]]],[[[140.9707,41.7106],[140.9709,41.7107],[140.9709,41.7106],[140.9707,41.7106]]],[[[140.9734,41.7115],[140.9735,41.7114],[140.9733,41.7114],[140.9734,41.7115]]],[[[140.9801,41.7125],[140.9802,41.7124],[140.98,41.7125],[140.9801,41.7125]]],[[[140.9824,41.7129],[140.9822,41.7129],[140.9823,41.713],[140.9824,41.7129]]],[[[140.9847,41.713],[140.9848,41.7129],[140.9846,41.713],[140.9847,41.713]]],[[[140.9804,41.7131],[140.9805,41.7129],[140.9804,41.713],[140.9804,41.7131]]],[[[140.9799,41.7131],[140.9802,41.7131],[140.9802,41.713],[140.9799,41.7131]]],[[[140.9805,41.7133],[140.9807,41.7131],[140.9805,41.7132],[140.9805,41.7133]]],[[[140.9983,41.7142],[140.9988,41.7142],[140.9982,41.7141],[140.9983,41.7142]]],[[[141.0076,41.7145],[141.007,41.7144],[141.0074,41.7148],[141.0076,41.7145]]],[[[140.9892,41.7148],[140.989,41.7146],[140.989,41.7148],[140.9892,41.7148]]],[[[141.0081,41.7148],[141.0084,41.7151],[141.0084,41.7149],[141.0081,41.7148]]],[[[141.0269,41.7156],[141.0289,41.7157],[141.0289,41.7156],[141.0269,41.7156]]],[[[141.0309,41.7173],[141.0306,41.7157],[141.0289,41.7155],[141.0309,41.7173]]],[[[141.0285,41.7177],[141.0279,41.7179],[141.0286,41.7179],[141.0285,41.7177]]],[[[141.0306,41.7194],[141.0305,41.7197],[141.0307,41.7196],[141.0306,41.7194]]],[[[141.0317,41.7235],[141.0318,41.7234],[141.0317,41.7234],[141.0317,41.7235]]],[[[141.0318,41.7239],[141.032,41.7238],[141.0319,41.7237],[141.0318,41.7239]]],[[[141.0329,41.7253],[141.0332,41.7254],[141.0329,41.7253],[141.0329,41.7253]]],[[[141.0331,41.7258],[141.0334,41.7256],[141.0333,41.7256],[141.0331,41.7258]]],[[[141.0413,41.727],[141.0412,41.7269],[141.0412,41.7269],[141.0413,41.727]]],[[[141.0416,41.7271],[141.0416,41.727],[141.0415,41.7271],[141.0416,41.7271]]],[[[141.0417,41.7273],[141.0418,41.7272],[141.0417,41.7272],[141.0417,41.7273]]],[[[140.7192,41.7498],[140.7217,41.7445],[140.7205,41.745],[140.72,41.745],[140.7199,41.7447],[140.7196,41.7451],[140.7191,41.7445],[140.7178,41.7453],[140.7163,41.7452],[140.7032,41.7401],[140.6988,41.7434],[140.6978,41.7496],[140.6957,41.7527],[140.6935,41.7539],[140.6924,41.7565],[140.6932,41.7572],[140.6927,41.7647],[140.6972,41.7741],[140.7024,41.7758],[140.7017,41.7853],[140.7122,41.7793],[140.706,41.774],[140.7147,41.7667],[140.7273,41.7811],[140.7219,41.782],[140.7269,41.7848],[140.7239,41.7866],[140.7271,41.7885],[140.7266,41.7909],[140.7237,41.7952],[140.7114,41.8018],[140.7158,41.8067],[140.7088,41.8066],[140.7196,41.8169],[140.6957,41.8434],[140.7305,41.8522],[140.7498,41.8727],[140.7673,41.8776],[140.7872,41.9314],[140.7983,41.9266],[140.8263,41.9539],[140.8318,41.9509],[140.8427,41.9634],[140.8423,41.9938],[140.8646,42.0094],[140.9073,41.9874],[140.9361,41.9386],[140.9508,41.9366],[140.9612,41.9152],[141.0109,41.8935],[141.0541,41.8922],[141.0564,41.8897],[141.0686,41.8891],[141.0859,41.8807],[141.1109,41.8739],[141.1181,41.8651],[141.1494,41.8538],[141.1435,41.8478],[141.147,41.8309],[141.1779,41.8208],[141.1874,41.809],[141.156,41.7846],[141.129,41.7891],[141.1182,41.7884],[141.1103,41.7854],[141.0915,41.7671],[141.0934,41.7625],[141.0799,41.7573],[141.0787,41.7436],[141.0765,41.7458],[141.0526,41.7346],[141.0506,41.7312],[141.0528,41.726],[141.0466,41.7251],[141.0431,41.7274],[141.036,41.7277],[141.033,41.7259],[141.0301,41.7223],[141.03,41.7182],[141.0169,41.7225],[141.0065,41.7154],[140.9928,41.7174],[140.9683,41.7101],[140.9618,41.7103],[140.9603,41.7117],[140.9568,41.7113],[140.9527,41.7132],[140.9441,41.7284],[140.9239,41.7397],[140.885,41.752],[140.8812,41.7525],[140.8752,41.7525],[140.8742,41.7519],[140.8711,41.7521],[140.8615,41.7588],[140.7905,41.7732],[140.7381,41.7685],[140.7192,41.7498]]],[[[141.0413,41.8942],[141.0418,41.894],[141.0414,41.894],[141.0413,41.8942]]],[[[140.9509,41.9369],[140.9506,41.9368],[140.9507,41.9369],[140.9509,41.9369]]],[[[140.9497,41.9372],[140.9498,41.9376],[140.9502,41.9377],[140.9497,41.9372]]],[[[140.95,41.938],[140.9498,41.9378],[140.9496,41.9379],[140.95,41.938]]],[[[140.95,41.9381],[140.9502,41.9383],[140.9502,41.9381],[140.95,41.9381]]],[[[140.9359,41.94],[140.936,41.9402],[140.9361,41.94],[140.9359,41.94]]],[[[140.9364,41.9402],[140.9364,41.9405],[140.9365,41.9404],[140.9364,41.9402]]],[[[140.9368,41.9414],[140.9368,41.9418],[140.937,41.9414],[140.9368,41.9414]]],[[[140.9352,41.9424],[140.9353,41.9427],[140.9355,41.9424],[140.9352,41.9424]]],[[[140.9356,41.9503],[140.9355,41.9506],[140.9358,41.9504],[140.9356,41.9503]]],[[[141.0436,41.7261],[141.0436,41.726],[141.0435,41.726],[141.0436,41.7261]]],[[[141.0528,41.7283],[141.0536,41.7292],[141.0533,41.7286],[141.0528,41.7283]]],[[[141.0598,41.7352],[141.0601,41.7355],[141.0601,41.7355],[141.0598,41.7352]]],[[[141.0611,41.7366],[141.0611,41.7368],[141.0612,41.7368],[141.0611,41.7366]]],[[[141.0617,41.7378],[141.0617,41.738],[141.0618,41.7379],[141.0617,41.7378]]],[[[141.0783,41.7423],[141.0783,41.7422],[141.0774,41.7423],[141.0783,41.7423]]],[[[141.0808,41.7434],[141.0806,41.7427],[141.0807,41.7434],[141.0808,41.7434]]],[[[141.0859,41.7581],[141.0869,41.7584],[141.0859,41.758],[141.0859,41.7581]]],[[[141.0868,41.7585],[141.0872,41.7587],[141.0873,41.7587],[141.0868,41.7585]]],[[[141.0961,41.7708],[141.096,41.7704],[141.0957,41.7706],[141.0961,41.7708]]],[[[141.1562,41.783],[141.1563,41.7828],[141.1561,41.7829],[141.1562,41.783]]],[[[141.1395,41.7832],[141.1398,41.7833],[141.1397,41.7831],[141.1395,41.7832]]],[[[141.1558,41.7837],[141.1558,41.7835],[141.1557,41.7836],[141.1558,41.7837]]],[[[141.1561,41.7839],[141.1561,41.7838],[141.1559,41.7838],[141.1561,41.7839]]],[[[141.1556,41.7839],[141.1557,41.7838],[141.1556,41.7839],[141.1556,41.7839]]],[[[141.1493,41.7837],[141.1495,41.7841],[141.1493,41.7836],[141.1493,41.7837]]],[[[141.1564,41.7839],[141.1562,41.7839],[141.1563,41.7839],[141.1564,41.7839]]],[[[141.1546,41.7842],[141.1548,41.7841],[141.1545,41.7841],[141.1546,41.7842]]],[[[141.1506,41.7843],[141.1505,41.7841],[141.1504,41.7842],[141.1506,41.7843]]],[[[141.1568,41.7841],[141.157,41.7844],[141.1571,41.7842],[141.1568,41.7841]]],[[[141.1504,41.7845],[141.1505,41.7843],[141.1503,41.7844],[141.1504,41.7845]]],[[[141.1501,41.7843],[141.15,41.7845],[141.1502,41.7844],[141.1501,41.7843]]],[[[141.1496,41.7843],[141.1496,41.7845],[141.1498,41.7844],[141.1496,41.7843]]],[[[141.158,41.7847],[141.158,41.7845],[141.1578,41.7845],[141.158,41.7847]]],[[[141.1285,41.7888],[141.1273,41.7889],[141.1285,41.7889],[141.1285,41.7888]]],[[[141.1867,41.8016],[141.1864,41.8018],[141.1869,41.8018],[141.1867,41.8016]]],[[[141.1861,41.8044],[141.1859,41.8048],[141.1863,41.8046],[141.1861,41.8044]]],[[[141.1878,41.8091],[141.1879,41.809],[141.1878,41.809],[141.1878,41.8091]]],[[[141.1257,41.863],[141.1258,41.8634],[141.1261,41.8632],[141.1257,41.863]]],[[[141.1215,41.8644],[141.1217,41.8644],[141.1215,41.8644],[141.1215,41.8644]]],[[[141.1226,41.865],[141.1223,41.8654],[141.1227,41.8653],[141.1226,41.865]]],[[[141.1178,41.8684],[141.1174,41.8686],[141.1177,41.8687],[141.1178,41.8684]]],[[[141.097,41.878],[141.0972,41.8779],[141.0971,41.8779],[141.097,41.878]]],[[[141.0825,41.8831],[141.0821,41.8833],[141.0827,41.8832],[141.0825,41.8831]]],[[[141.0815,41.8838],[141.0817,41.8836],[141.0814,41.8837],[141.0815,41.8838]]]]}},{"type":"Feature","properties":{"id":"01203","name":"小樽市","pref":"北海道"},"geometry":{"type":"MultiPolygon","coordinates":[[[[140.8468,43.1995],[140.8468,43.1995],[140.8468,43.1995],[140.8468,43.1995]]],[[[140.8467,43.1996],[140.8467,43.1997],[140.8467,43.1997],[140.8467,43.1996]]],[[[140.8479,43.1996],[140.8479,43.1997],[140.8479,43.1996],[140.8479,43.1996]]],[[[140.8466,43.1997],[140.8466,43.1997],[140.8466,43.1997],[140.8466,43.1997]]],[[[140.8457,43.2002],[140.8457,43.2002],[140.8457,43.2002],[140.8457,43.2002]]],[[[140.8457,43.2002],[140.8456,43.2003],[140.8457,43.2003],[140.8457,43.2002]]],[[[140.8456,43.2004],[140.8456,43.2004],[140.8456,43.2004],[140.8456,43.2004]]],[[[140.845,43.201],[140.845,43.201],[140.845,43.201],[140.845,43.201]]],[[[140.8563,43.2046],[140.8563,43.2045],[140.8562,43.2046],[140.8563,43.2046]]],[[[140.8563,43.205],[140.8564,43.205],[140.8564,43.205],[140.8563,43.205]]],[[[140.8544,43.2064],[140.8544,43.2063],[140.8544,43.2064],[140.8544,43.2064]]],[[[140.8543,43.2065],[140.8543,43.2066],[140.8543,43.2065],[140.8543,43.2065]]],[[[140.8801,43.2065],[140.8802,43.2066],[140.8802,43.2066],[140.8801,43.2065]]],[[[140.8802,43.2067],[140.8801,43.2067],[140.8802,43.2067],[140.8802,43.2067]]],[[[140.8803,43.2067],[140.8803,43.2068],[140.8804,43.2067],[140.8803,43.2067]]],[[[140.8546,43.2068],[140.8547,43.2067],[140.8546,43.2067],[140.8546,43.2068]]],[[[140.8801,43.2068],[140.8801,43.2067],[140.8801,43.2068],[140.8801,43.2068]]],[[[140.8803,43.2067],[140.8803,43.2068],[140.8803,43.2068],[140.8803,43.2067]]],[[[140.8801,43.2069],[140.8802,43.2068],[140.8801,43.2068],[140.8801,43.2069]]],[[[140.8804,43.2068],[140.8802,43.2069],[140.8803,43.2069],[140.8804,43.2068]]],[[[140.8548,43.2069],[140.8548,43.2069],[140.8548,43.2069],[140.8548,43.2069]]],[[[140.8702,43.207],[140.8703,43.2068],[140.8701,43.2069],[140.8702,43.207]]],[[[140.8828,43.2073],[140.8829,43.2073],[140.883,43.2073],[140.8828,43.2073]]],[[[140.8824,43.2072],[140.8823,43.2073],[140.8824,43.2073],[140.8824,43.2072]]],[[[140.8818,43.2073],[140.8817,43.2073],[140.8818,43.2073],[140.8818,43.2073]]],[[[140.8821,43.2073],[140.8822,43.2073],[140.8821,43.2073],[140.8821,43.2073]]],[[[140.8829,43.2073],[140.8829,43.2073],[140.8829,43.2073],[140.8829,43.2073]]],[[[140.8814,43.2073],[140.8814,43.2074],[140.8814,43.2073],[140.8814,43.2073]]],[[[140.882,43.2074],[140.8819,43.2074],[140.882,43.2074],[140.882,43.2074]]],[[[140.8819,43.2074],[140.8819,43.2074],[140.8819,43.2074],[140.8819,43.2074]]],[[[140.8812,43.2074],[140.8812,43.2075],[140.8813,43.2074],[140.8812,43.2074]]],[[[140.8818,43.2074],[140.8817,43.2074],[140.8817,43.2074],[140.8818,43.2074]]],[[[140.882,43.2074],[140.882,43.2075],[140.882,43.2074],[140.882,43.2074]]],[[[140.8822,43.2075],[140.8822,43.2074],[140.8821,43.2074],[140.8822,43.2075]]],[[[140.8548,43.2074],[140.8547,43.2075],[140.8549,43.2075],[140.8548,43.2074]]],[[[140.855,43.2079],[140.855,43.2079],[140.855,43.2079],[140.855,43.2079]]],[[[140.8853,43.208],[140.8854,43.208],[140.8854,43.208],[140.8853,43.208]]],[[[140.8553,43.2081],[140.8554,43.208],[140.8553,43.208],[140.8553,43.2081]]],[[[140.8859,43.2082],[140.8859,43.2083],[140.886,43.2082],[140.8859,43.2082]]],[[[140.8877,43.2083],[140.8876,43.2083],[140.8876,43.2083],[140.8877,43.2083]]],[[[140.8879,43.2084],[140.8879,43.2083],[140.8879,43.2083],[140.8879,43.2084]]],[[[140.8547,43.2084],[140.8548,43.2083],[140.8547,43.2084],[140.8547,43.2084]]],[[[140.8878,43.2084],[140.8878,43.2084],[140.8878,43.2084],[140.8878,43.2084]]],[[[140.888,43.2084],[140.8879,43.2084],[140.8879,43.2084],[140.888,43.2084]]],[[[140.8879,43.2085],[140.8878,43.2084],[140.8878,43.2084],[140.8879,43.2085]]],[[[140.8882,43.2086],[140.8883,43.2086],[140.8883,43.2085],[140.8882,43.2086]]],[[[140.8884,43.2088],[140.8884,43.2088],[140.8883,43.2088],[140.8884,43.2088]]],[[[140.867,43.2089],[140.8671,43.2089],[140.867,43.2089],[140.867,43.2089]]],[[[140.8672,43.2092],[140.8671,43.2093],[140.8672,43.2093],[140.8672,43.2092]]],[[[140.8538,43.2103],[140.8538,43.2104],[140.8538,43.2104],[140.8538,43.2103]]],[[[140.8538,43.2104],[140.8538,43.2105],[140.8538,43.2105],[140.8538,43.2104]]],[[[140.8571,43.2105],[140.8571,43.2106],[140.8571,43.2106],[140.8571,43.2105]]],[[[140.8599,43.211],[140.8599,43.2111],[140.86,43.211],[140.8599,43.211]]],[[[140.8535,43.2114],[140.8535,43.2115],[140.8536,43.2115],[140.8535,43.2114]]],[[[140.8534,43.2116],[140.8535,43.2116],[140.8535,43.2116],[140.8534,43.2116]]],[[[140.8535,43.2117],[140.8535,43.2116],[140.8534,43.2117],[140.8535,43.2117]]],[[[140.8534,43.2118],[140.8534,43.2118],[140.8534,43.2118],[140.8534,43.2118]]],[[[140.8533,43.2124],[140.8536,43.2122],[140.8534,43.2121],[140.8533,43.2124]]],[[[140.8585,43.2125],[140.8584,43.2122],[140.8583,43.2124],[140.8585,43.2125]]],[[[140.853,43.2125],[140.8532,43.2124],[140.8532,43.2122],[140.853,43.2125]]],[[[140.8534,43.2126],[140.8535,43.2125],[140.8535,43.2125],[140.8534,43.2126]]],[[[140.8584,43.2131],[140.8585,43.2131],[140.8585,43.2131],[140.8584,43.2131]]],[[[140.8659,43.2139],[140.866,43.2138],[140.866,43.2138],[140.8659,43.2139]]],[[[140.8658,43.214],[140.8658,43.214],[140.8658,43.214],[140.8658,43.214]]],[[[140.8658,43.214],[140.8658,43.214],[140.8658,43.214],[140.8658,43.214]]],[[[140.8658,43.2143],[140.8657,43.2143],[140.8658,43.2143],[140.8658,43.2143]]],[[[140.8657,43.2145],[140.8658,43.2145],[140.8658,43.2144],[140.8657,43.2145]]],[[[140.8553,43.2147],[140.8553,43.2147],[140.8553,43.2147],[140.8553,43.2147]]],[[[140.8655,43.215],[140.8655,43.2151],[140.8655,43.215],[140.8655,43.215]]],[[[140.8641,43.2155],[140.8644,43.2157],[140.8645,43.2156],[140.8641,43.2155]]],[[[140.864,43.2158],[140.8639,43.2157],[140.8639,43.2158],[140.864,43.2158]]],[[[140.8545,43.2164],[140.8545,43.2164],[140.8545,43.2164],[140.8545,43.2164]]],[[[140.8563,43.2164],[140.856,43.2164],[140.8563,43.2165],[140.8563,43.2164]]],[[[140.8564,43.2166],[140.8564,43.2165],[140.8564,43.2166],[140.8564,43.2166]]],[[[140.8555,43.2166],[140.8554,43.2165],[140.8554,43.2166],[140.8555,43.2166]]],[[[140.8599,43.2173],[140.8599,43.2172],[140.8599,43.2172],[140.8599,43.2173]]],[[[140.8609,43.2175],[140.8613,43.2173],[140.8612,43.2172],[140.8609,43.2175]]],[[[140.8635,43.2174],[140.8635,43.2175],[140.8636,43.2174],[140.8635,43.2174]]],[[[140.8899,43.2086],[140.89,43.2086],[140.8899,43.2086],[140.8899,43.2086]]],[[[140.89,43.2086],[140.89,43.2086],[140.8899,43.2086],[140.89,43.2086]]],[[[140.8884,43.2087],[140.8884,43.2086],[140.8884,43.2086],[140.8884,43.2087]]],[[[140.8899,43.2086],[140.8898,43.2087],[140.8899,43.2087],[140.8899,43.2086]]],[[[140.8885,43.2087],[140.8884,43.2087],[140.8884,43.2087],[140.8885,43.2087]]],[[[140.8886,43.2087],[140.8885,43.2087],[140.8886,43.2087],[140.8886,43.2087]]],[[[140.8885,43.2088],[140.8884,43.2088],[140.8885,43.2088],[140.8885,43.2088]]],[[[140.8897,43.2088],[140.8897,43.2087],[140.8896,43.2088],[140.8897,43.2088]]],[[[140.8886,43.2088],[140.8886,43.2088],[140.8886,43.2088],[140.8886,43.2088]]],[[[140.8885,43.2088],[140.8885,43.2088],[140.8885,43.2088],[140.8885,43.2088]]],[[[140.8886,43.2088],[140.8886,43.2088],[140.8886,43.2088],[140.8886,43.2088]]],[[[140.8887,43.2088],[140.8887,43.2088],[140.8887,43.2088],[140.8887,43.2088]]],[[[140.8889,43.2088],[140.8889,43.2089],[140.8889,43.2088],[140.8889,43.2088]]],[[[140.8888,43.2088],[140.8888,43.2089],[140.8888,43.2089],[140.8888,43.2088]]],[[[140.8889,43.2089],[140.8888,43.2089],[140.8888,43.2089],[140.8889,43.2089]]],[[[140.8889,43.2089],[140.8889,43.2089],[140.8889,43.2089],[140.8889,43.2089]]],[[[140.8893,43.2089],[140.8893,43.2089],[140.8894,43.2089],[140.8893,43.2089]]],[[[140.8889,43.2089],[140.8888,43.209],[140.8888,43.209],[140.8889,43.2089]]],[[[140.8889,43.209],[140.8889,43.209],[140.8889,43.209],[140.8889,43.209]]],[[[140.8893,43.209],[140.8893,43.209],[140.8893,43.209],[140.8893,43.209]]],[[[140.9019,43.2101],[140.9018,43.2101],[140.9018,43.2101],[140.9019,43.2101]]],[[[140.9019,43.2101],[140.9019,43.2102],[140.9019,43.2102],[140.9019,43.2101]]],[[[140.902,43.2101],[140.902,43.2102],[140.902,43.2101],[140.902,43.2101]]],[[[140.9021,43.2102],[140.9021,43.2102],[140.902,43.2101],[140.9021,43.2102]]],[[[140.9052,43.2102],[140.9052,43.2102],[140.9052,43.2102],[140.9052,43.2102]]],[[[140.902,43.2103],[140.9019,43.2103],[140.902,43.2103],[140.902,43.2103]]],[[[140.9051,43.2103],[140.9051,43.2103],[140.905,43.2103],[140.9051,43.2103]]],[[[140.9042,43.2103],[140.9041,43.2103],[140.9042,43.2103],[140.9042,43.2103]]],[[[140.9021,43.2103],[140.9021,43.2103],[140.902,43.2103],[140.9021,43.2103]]],[[[140.9042,43.2103],[140.9042,43.2103],[140.9042,43.2103],[140.9042,43.2103]]],[[[140.903,43.2103],[140.903,43.2104],[140.9031,43.2103],[140.903,43.2103]]],[[[140.9042,43.2104],[140.9043,43.2104],[140.9042,43.2104],[140.9042,43.2104]]],[[[140.9024,43.2104],[140.9024,43.2104],[140.9024,43.2104],[140.9024,43.2104]]],[[[140.905,43.2104],[140.905,43.2103],[140.9049,43.2104],[140.905,43.2104]]],[[[140.9028,43.2104],[140.9026,43.2104],[140.9026,43.2105],[140.9028,43.2104]]],[[[140.9043,43.2104],[140.9043,43.2105],[140.9044,43.2105],[140.9043,43.2104]]],[[[140.9025,43.2104],[140.9025,43.2105],[140.9025,43.2105],[140.9025,43.2104]]],[[[140.9042,43.2105],[140.9042,43.2104],[140.9042,43.2105],[140.9042,43.2105]]],[[[140.9044,43.2105],[140.9044,43.2106],[140.9044,43.2105],[140.9044,43.2105]]],[[[140.9042,43.2105],[140.9042,43.2106],[140.9042,43.2105],[140.9042,43.2105]]],[[[140.9051,43.2105],[140.9052,43.2106],[140.9051,43.2105],[140.9051,43.2105]]],[[[140.9049,43.2106],[140.9049,43.2106],[140.9049,43.2106],[140.9049,43.2106]]],[[[140.8989,43.2109],[140.8989,43.2109],[140.8989,43.2109],[140.8989,43.2109]]],[[[140.8989,43.2109],[140.8989,43.211],[140.899,43.211],[140.8989,43.2109]]],[[[140.8946,43.211],[140.8946,43.211],[140.8946,43.211],[140.8946,43.211]]],[[[140.8958,43.2111],[140.8958,43.2111],[140.8958,43.2111],[140.8958,43.2111]]],[[[140.8961,43.2111],[140.8961,43.2111],[140.8961,43.2111],[140.8961,43.2111]]],[[[140.8988,43.2111],[140.8989,43.2111],[140.8989,43.2111],[140.8988,43.2111]]],[[[140.8957,43.2111],[140.8956,43.2111],[140.8957,43.2112],[140.8957,43.2111]]],[[[140.8956,43.2112],[140.8956,43.2112],[140.8956,43.2112],[140.8956,43.2112]]],[[[140.8948,43.2112],[140.8948,43.2112],[140.8948,43.2112],[140.8948,43.2112]]],[[[140.8961,43.2112],[140.896,43.2112],[140.8961,43.2112],[140.8961,43.2112]]],[[[140.8953,43.2112],[140.8953,43.2112],[140.8953,43.2112],[140.8953,43.2112]]],[[[140.8954,43.2112],[140.8954,43.2112],[140.8953,43.2112],[140.8954,43.2112]]],[[[140.8951,43.2112],[140.8952,43.2112],[140.8951,43.2112],[140.8951,43.2112]]],[[[140.8948,43.2112],[140.8948,43.2112],[140.8948,43.2112],[140.8948,43.2112]]],[[[140.8953,43.2112],[140.8953,43.2112],[140.8953,43.2112],[140.8953,43.2112]]],[[[140.8952,43.2113],[140.8952,43.2113],[140.8952,43.2113],[140.8952,43.2113]]],[[[140.8953,43.2113],[140.8953,43.2113],[140.8953,43.2113],[140.8953,43.2113]]],[[[140.8952,43.2114],[140.8952,43.2114],[140.8953,43.2114],[140.8952,43.2114]]],[[[140.8993,43.2114],[140.8994,43.2114],[140.8993,43.2114],[140.8993,43.2114]]],[[[140.8997,43.2114],[140.8996,43.2114],[140.8997,43.2114],[140.8997,43.2114]]],[[[140.8949,43.2116],[140.8951,43.2112],[140.8947,43.2114],[140.8949,43.2116]]],[[[140.8947,43.2115],[140.8947,43.2116],[140.8947,43.2116],[140.8947,43.2115]]],[[[140.8953,43.2115],[140.8953,43.2116],[140.8953,43.2115],[140.8953,43.2115]]],[[[140.8953,43.2116],[140.8952,43.2116],[140.8952,43.2116],[140.8953,43.2116]]],[[[140.8944,43.2117],[140.8944,43.2116],[140.8944,43.2117],[140.8944,43.2117]]],[[[140.895,43.2116],[140.895,43.2117],[140.895,43.2117],[140.895,43.2116]]],[[[140.8951,43.2117],[140.8952,43.2117],[140.8951,43.2117],[140.8951,43.2117]]],[[[140.8947,43.2117],[140.8948,43.2118],[140.8948,43.2117],[140.8947,43.2117]]],[[[140.894,43.2116],[140.8941,43.2118],[140.8942,43.2118],[140.894,43.2116]]],[[[140.9001,43.2119],[140.9,43.2119],[140.9001,43.2119],[140.9001,43.2119]]],[[[140.9,43.2119],[140.9,43.2119],[140.9,43.2119],[140.9,43.2119]]],[[[140.8939,43.212],[140.8939,43.2119],[140.8939,43.2119],[140.8939,43.212]]],[[[140.8998,43.212],[140.8997,43.212],[140.8996,43.212],[140.8998,43.212]]],[[[140.8995,43.212],[140.8994,43.2121],[140.8995,43.212],[140.8995,43.212]]],[[[140.8993,43.2121],[140.8994,43.2121],[140.8994,43.2121],[140.8993,43.2121]]],[[[140.8989,43.2123],[140.8989,43.2123],[140.8989,43.2123],[140.8989,43.2123]]],[[[140.9052,43.2103],[140.9052,43.2102],[140.9052,43.2103],[140.9052,43.2103]]],[[[140.9054,43.2103],[140.9053,43.2103],[140.9053,43.2103],[140.9054,43.2103]]],[[[140.9053,43.2103],[140.9053,43.2103],[140.9053,43.2103],[140.9053,43.2103]]],[[[140.9053,43.2103],[140.9054,43.2104],[140.9054,43.2104],[140.9053,43.2103]]],[[[140.9055,43.2103],[140.9055,43.2105],[140.9056,43.2104],[140.9055,43.2103]]],[[[140.9059,43.2104],[140.9059,43.2105],[140.9059,43.2104],[140.9059,43.2104]]],[[[140.9058,43.2105],[140.9057,43.2105],[140.9057,43.2105],[140.9058,43.2105]]],[[[140.9052,43.2106],[140.9052,43.2106],[140.9052,43.2106],[140.9052,43.2106]]],[[[140.9067,43.2106],[140.9067,43.2106],[140.9068,43.2106],[140.9067,43.2106]]],[[[140.9062,43.2107],[140.9062,43.2107],[140.9062,43.2107],[140.9062,43.2107]]],[[[140.906,43.2107],[140.906,43.2107],[140.906,43.2107],[140.906,43.2107]]],[[[140.9081,43.2107],[140.9082,43.2108],[140.9082,43.2107],[140.9081,43.2107]]],[[[140.9081,43.2107],[140.9081,43.2108],[140.9081,43.2108],[140.9081,43.2107]]],[[[140.908,43.2108],[140.908,43.2108],[140.908,43.2108],[140.908,43.2108]]],[[[140.9054,43.2109],[140.9053,43.2107],[140.9053,43.211],[140.9054,43.2109]]],[[[140.9058,43.2108],[140.9057,43.2108],[140.9058,43.2108],[140.9058,43.2108]]],[[[140.9062,43.2108],[140.9062,43.2108],[140.9062,43.2108],[140.9062,43.2108]]],[[[140.9068,43.2108],[140.9068,43.2108],[140.9068,43.2108],[140.9068,43.2108]]],[[[140.9085,43.2108],[140.9085,43.2109],[140.9085,43.2108],[140.9085,43.2108]]],[[[140.9087,43.211],[140.9087,43.2109],[140.9087,43.211],[140.9087,43.211]]],[[[140.9091,43.211],[140.9091,43.211],[140.9091,43.211],[140.9091,43.211]]],[[[140.9091,43.211],[140.9092,43.211],[140.9092,43.211],[140.9091,43.211]]],[[[140.9092,43.211],[140.9092,43.211],[140.9093,43.211],[140.9092,43.211]]],[[[140.9085,43.211],[140.9085,43.2111],[140.9085,43.211],[140.9085,43.211]]],[[[140.9086,43.2111],[140.9086,43.2111],[140.9086,43.2111],[140.9086,43.2111]]],[[[140.9085,43.2111],[140.9085,43.2111],[140.9085,43.2111],[140.9085,43.2111]]],[[[140.9073,43.2112],[140.9073,43.2111],[140.9072,43.2111],[140.9073,43.2112]]],[[[140.9174,43.2181],[140.9172,43.2183],[140.9181,43.2185],[140.9174,43.2181]]],[[[140.9193,43.2183],[140.9192,43.2183],[140.9195,43.2184],[140.9193,43.2183]]],[[[140.9188,43.2199],[140.9188,43.22],[140.9188,43.22],[140.9188,43.2199]]],[[[140.9186,43.22],[140.9187,43.2202],[140.9187,43.22],[140.9186,43.22]]],[[[140.9187,43.2203],[140.9188,43.2202],[140.9187,43.2202],[140.9187,43.2203]]],[[[140.9187,43.2204],[140.9187,43.2204],[140.9187,43.2204],[140.9187,43.2204]]],[[[140.9186,43.2206],[140.9187,43.2205],[140.9186,43.2204],[140.9186,43.2206]]],[[[140.9182,43.2211],[140.9182,43.221],[140.9181,43.2211],[140.9182,43.2211]]],[[[140.9183,43.2211],[140.9184,43.2211],[140.9183,43.2211],[140.9183,43.2211]]],[[[140.9182,43.2211],[140.9182,43.2212],[140.9183,43.2211],[140.9182,43.2211]]],[[[140.9186,43.2214],[140.9186,43.2213],[140.9185,43.2213],[140.9186,43.2214]]],[[[140.9188,43.2215],[140.9189,43.2214],[140.9188,43.2213],[140.9188,43.2215]]],[[[140.9187,43.2215],[140.9188,43.2215],[140.9187,43.2215],[140.9187,43.2215]]],[[[140.9187,43.2215],[140.9187,43.2216],[140.9188,43.2216],[140.9187,43.2215]]],[[[140.9187,43.2219],[140.9189,43.2219],[140.9189,43.2218],[140.9187,43.2219]]],[[[140.9188,43.222],[140.9187,43.222],[140.9188,43.222],[140.9188,43.222]]],[[[140.9186,43.2221],[140.9186,43.2222],[140.9187,43.2222],[140.9186,43.2221]]],[[[140.922,43.2226],[140.922,43.2227],[140.9221,43.2226],[140.922,43.2226]]],[[[140.9211,43.2227],[140.9211,43.2227],[140.921,43.2227],[140.9211,43.2227]]],[[[140.9212,43.2227],[140.9212,43.2227],[140.9212,43.2227],[140.9212,43.2227]]],[[[140.9215,43.2227],[140.9214,43.2227],[140.9214,43.2227],[140.9215,43.2227]]],[[[140.9181,43.2227],[140.918,43.2227],[140.918,43.2228],[140.9181,43.2227]]],[[[140.9225,43.2228],[140.9225,43.2227],[140.9224,43.2227],[140.9225,43.2228]]],[[[140.9227,43.2227],[140.9227,43.2228],[140.9227,43.2227],[140.9227,43.2227]]],[[[140.921,43.2228],[140.921,43.2228],[140.921,43.2228],[140.921,43.2228]]],[[[140.9216,43.2227],[140.9216,43.2228],[140.9216,43.2228],[140.9216,43.2227]]],[[[140.9208,43.2228],[140.9209,43.2228],[140.9209,43.2227],[140.9208,43.2228]]],[[[140.9185,43.2228],[140.9185,43.2228],[140.9185,43.2228],[140.9185,43.2228]]],[[[140.9211,43.2228],[140.921,43.2228],[140.921,43.2228],[140.9211,43.2228]]],[[[140.918,43.2229],[140.918,43.2228],[140.918,43.2229],[140.918,43.2229]]],[[[140.9211,43.2229],[140.9211,43.2229],[140.9211,43.2229],[140.9211,43.2229]]],[[[140.9229,43.223],[140.9228,43.2229],[140.9228,43.2229],[140.9229,43.223]]],[[[140.9188,43.223],[140.9189,43.223],[140.9188,43.2229],[140.9188,43.223]]],[[[140.9211,43.223],[140.9212,43.223],[140.9212,43.223],[140.9211,43.223]]],[[[140.9208,43.2231],[140.9207,43.2231],[140.9207,43.2231],[140.9208,43.2231]]],[[[140.9232,43.2232],[140.9232,43.2233],[140.9233,43.2233],[140.9232,43.2232]]],[[[140.9207,43.2236],[140.9207,43.2234],[140.9206,43.2236],[140.9207,43.2236]]],[[[140.9216,43.2236],[140.9218,43.2233],[140.9217,43.2233],[140.9216,43.2236]]],[[[140.9235,43.2235],[140.9236,43.2236],[140.9236,43.2235],[140.9235,43.2235]]],[[[140.9206,43.2238],[140.9205,43.2238],[140.9205,43.2238],[140.9206,43.2238]]],[[[140.9242,43.2238],[140.9241,43.2238],[140.9241,43.2238],[140.9242,43.2238]]],[[[140.9194,43.2238],[140.9196,43.2238],[140.9194,43.2238],[140.9194,43.2238]]],[[[140.9195,43.2239],[140.9192,43.2241],[140.9194,43.2241],[140.9195,43.2239]]],[[[140.9246,43.224],[140.9246,43.224],[140.9246,43.224],[140.9246,43.224]]],[[[140.9202,43.224],[140.9202,43.2241],[140.9202,43.2241],[140.9202,43.224]]],[[[140.9244,43.2241],[140.9244,43.224],[140.9243,43.2241],[140.9244,43.2241]]],[[[140.9189,43.2241],[140.919,43.224],[140.9189,43.224],[140.9189,43.2241]]],[[[140.9185,43.224],[140.9186,43.2241],[140.9186,43.224],[140.9185,43.224]]],[[[140.9248,43.2243],[140.9247,43.2242],[140.9247,43.2243],[140.9248,43.2243]]],[[[140.9195,43.2241],[140.9197,43.2245],[140.9199,43.2242],[140.9195,43.2241]]],[[[140.9247,43.2243],[140.9247,43.2244],[140.9248,43.2244],[140.9247,43.2243]]],[[[140.9249,43.2243],[140.9249,43.2242],[140.9248,43.2242],[140.9249,43.2243]]],[[[140.9248,43.2248],[140.9249,43.2246],[140.9248,43.2246],[140.9248,43.2248]]],[[[140.925,43.2248],[140.9251,43.2248],[140.9251,43.2247],[140.925,43.2248]]],[[[140.9252,43.2249],[140.9251,43.2249],[140.9251,43.2249],[140.9252,43.2249]]],[[[140.9251,43.2252],[140.9252,43.2252],[140.9252,43.2251],[140.9251,43.2252]]],[[[140.9253,43.2252],[140.9253,43.2253],[140.9253,43.2252],[140.9253,43.2252]]],[[[140.9252,43.2253],[140.9251,43.2253],[140.9251,43.2253],[140.9252,43.2253]]],[[[140.9252,43.2255],[140.9252,43.2256],[140.9252,43.2256],[140.9252,43.2255]]],[[[140.9374,43.2257],[140.9374,43.2257],[140.9373,43.2257],[140.9374,43.2257]]],[[[140.9354,43.2257],[140.9354,43.2257],[140.9353,43.2257],[140.9354,43.2257]]],[[[140.9368,43.2258],[140.9368,43.2257],[140.9367,43.2257],[140.9368,43.2258]]],[[[140.9371,43.2258],[140.9372,43.2257],[140.9371,43.2258],[140.9371,43.2258]]],[[[140.9366,43.2258],[140.9366,43.2257],[140.9365,43.2258],[140.9366,43.2258]]],[[[140.9374,43.2258],[140.9374,43.2258],[140.9374,43.2258],[140.9374,43.2258]]],[[[140.9355,43.2258],[140.9356,43.2258],[140.9355,43.2258],[140.9355,43.2258]]],[[[140.9363,43.2258],[140.9363,43.2258],[140.9363,43.2258],[140.9363,43.2258]]],[[[140.9253,43.2258],[140.9252,43.2258],[140.9252,43.2258],[140.9253,43.2258]]],[[[140.9354,43.2258],[140.9353,43.2258],[140.9354,43.2258],[140.9354,43.2258]]],[[[140.936,43.2258],[140.9361,43.2258],[140.9361,43.2258],[140.936,43.2258]]],[[[140.9363,43.2258],[140.9362,43.2258],[140.9362,43.2258],[140.9363,43.2258]]],[[[140.9369,43.2258],[140.9369,43.2258],[140.9369,43.2258],[140.9369,43.2258]]],[[[140.9368,43.2258],[140.9368,43.2259],[140.9368,43.2259],[140.9368,43.2258]]],[[[140.9363,43.2258],[140.9363,43.2259],[140.9364,43.2259],[140.9363,43.2258]]],[[[140.9359,43.2259],[140.936,43.2259],[140.9359,43.2259],[140.9359,43.2259]]],[[[140.9377,43.2259],[140.9378,43.2259],[140.9378,43.2259],[140.9377,43.2259]]],[[[140.9358,43.226],[140.9358,43.2259],[140.9357,43.226],[140.9358,43.226]]],[[[140.9253,43.226],[140.9253,43.2261],[140.9253,43.2261],[140.9253,43.226]]],[[[140.9254,43.2262],[140.9254,43.2261],[140.9254,43.2262],[140.9254,43.2262]]],[[[140.9252,43.2262],[140.9253,43.2262],[140.9252,43.2262],[140.9252,43.2262]]],[[[140.9253,43.2263],[140.9253,43.2263],[140.9254,43.2263],[140.9253,43.2263]]],[[[140.9384,43.2263],[140.9385,43.2263],[140.9385,43.2263],[140.9384,43.2263]]],[[[140.9253,43.2264],[140.9252,43.2263],[140.9251,43.2263],[140.9253,43.2264]]],[[[140.9253,43.2263],[140.9253,43.2264],[140.9253,43.2263],[140.9253,43.2263]]],[[[140.9384,43.2263],[140.9384,43.2264],[140.9384,43.2263],[140.9384,43.2263]]],[[[140.938,43.2264],[140.938,43.2264],[140.938,43.2264],[140.938,43.2264]]],[[[140.9385,43.2264],[140.9385,43.2265],[140.9385,43.2264],[140.9385,43.2264]]],[[[140.9252,43.2264],[140.9254,43.2266],[140.9255,43.2266],[140.9252,43.2264]]],[[[140.9385,43.2265],[140.9386,43.2265],[140.9386,43.2265],[140.9385,43.2265]]],[[[140.9252,43.2266],[140.9252,43.2265],[140.9252,43.2265],[140.9252,43.2266]]],[[[140.9387,43.2266],[140.9387,43.2265],[140.9386,43.2266],[140.9387,43.2266]]],[[[140.939,43.2265],[140.939,43.2266],[140.939,43.2266],[140.939,43.2265]]],[[[140.9389,43.2266],[140.9388,43.2266],[140.9388,43.2267],[140.9389,43.2266]]],[[[140.9389,43.2266],[140.9389,43.2267],[140.9389,43.2266],[140.9389,43.2266]]],[[[140.9253,43.2267],[140.9255,43.2267],[140.9253,43.2266],[140.9253,43.2267]]],[[[140.9256,43.2267],[140.9256,43.2266],[140.9255,43.2267],[140.9256,43.2267]]],[[[140.9379,43.2267],[140.9379,43.2267],[140.9379,43.2267],[140.9379,43.2267]]],[[[140.9254,43.2268],[140.9253,43.2267],[140.9253,43.2267],[140.9254,43.2268]]],[[[140.9388,43.2267],[140.9388,43.2267],[140.9388,43.2267],[140.9388,43.2267]]],[[[140.9255,43.2268],[140.9254,43.2268],[140.9255,43.2268],[140.9255,43.2268]]],[[[140.9253,43.2268],[140.9254,43.2268],[140.9254,43.2268],[140.9253,43.2268]]],[[[140.9253,43.2268],[140.9253,43.2269],[140.9254,43.2269],[140.9253,43.2268]]],[[[140.9389,43.2269],[140.9389,43.2268],[140.9389,43.2268],[140.9389,43.2269]]],[[[140.938,43.2269],[140.938,43.2269],[140.938,43.2269],[140.938,43.2269]]],[[[140.9376,43.2268],[140.9374,43.2273],[140.9379,43.227],[140.9376,43.2268]]],[[[140.9355,43.2271],[140.9351,43.2271],[140.9355,43.2271],[140.9355,43.2271]]],[[[140.9254,43.2271],[140.9254,43.227],[140.9253,43.2271],[140.9254,43.2271]]],[[[140.9419,43.2272],[140.9419,43.2272],[140.9419,43.2272],[140.9419,43.2272]]],[[[140.9414,43.2273],[140.9414,43.2272],[140.9413,43.2273],[140.9414,43.2273]]],[[[140.9404,43.2272],[140.9404,43.2273],[140.9404,43.2272],[140.9404,43.2272]]],[[[140.9418,43.2273],[140.9419,43.2273],[140.9418,43.2273],[140.9418,43.2273]]],[[[140.9404,43.2273],[140.9404,43.2273],[140.9404,43.2273],[140.9404,43.2273]]],[[[140.9413,43.2273],[140.9412,43.2273],[140.9413,43.2274],[140.9413,43.2273]]],[[[140.9422,43.2274],[140.9422,43.2273],[140.9421,43.2274],[140.9422,43.2274]]],[[[140.9428,43.2274],[140.9427,43.2273],[140.9427,43.2274],[140.9428,43.2274]]],[[[140.9426,43.2274],[140.9426,43.2274],[140.9426,43.2274],[140.9426,43.2274]]],[[[140.9403,43.2274],[140.9403,43.2274],[140.9403,43.2274],[140.9403,43.2274]]],[[[140.9416,43.2274],[140.9416,43.2274],[140.9416,43.2274],[140.9416,43.2274]]],[[[140.9425,43.2274],[140.9425,43.2274],[140.9424,43.2274],[140.9425,43.2274]]],[[[140.9427,43.2275],[140.9426,43.2274],[140.9426,43.2274],[140.9427,43.2275]]],[[[140.9415,43.2275],[140.9415,43.2274],[140.9415,43.2274],[140.9415,43.2275]]],[[[140.9422,43.2277],[140.9422,43.2275],[140.942,43.2276],[140.9422,43.2277]]],[[[140.9256,43.2276],[140.9256,43.2277],[140.9257,43.2277],[140.9256,43.2276]]],[[[140.9418,43.2277],[140.9417,43.2278],[140.9418,43.2277],[140.9418,43.2277]]],[[[140.9424,43.2277],[140.9424,43.2277],[140.9424,43.2277],[140.9424,43.2277]]],[[[140.9415,43.2278],[140.9413,43.2277],[140.9414,43.2279],[140.9415,43.2278]]],[[[140.9425,43.2278],[140.9424,43.2278],[140.9425,43.2278],[140.9425,43.2278]]],[[[140.9418,43.2278],[140.9419,43.2278],[140.9419,43.2277],[140.9418,43.2278]]],[[[140.9388,43.2281],[140.9389,43.2282],[140.9389,43.2281],[140.9388,43.2281]]],[[[140.9442,43.2268],[140.9442,43.2268],[140.9442,43.2268],[140.9442,43.2268]]],[[[140.944,43.2268],[140.9441,43.2268],[140.944,43.2268],[140.944,43.2268]]],[[[140.9441,43.2268],[140.9441,43.2268],[140.9442,43.2268],[140.9441,43.2268]]],[[[140.9441,43.2269],[140.9441,43.2269],[140.944,43.2269],[140.9441,43.2269]]],[[[140.9445,43.2269],[140.9445,43.2269],[140.9445,43.2269],[140.9445,43.2269]]],[[[140.9448,43.227],[140.9449,43.227],[140.9448,43.2269],[140.9448,43.227]]],[[[140.9453,43.227],[140.9453,43.227],[140.9453,43.227],[140.9453,43.227]]],[[[140.9449,43.2271],[140.9448,43.227],[140.9449,43.2271],[140.9449,43.2271]]],[[[140.9438,43.2271],[140.9437,43.2271],[140.9438,43.2271],[140.9438,43.2271]]],[[[140.9439,43.2272],[140.9438,43.2272],[140.9438,43.2272],[140.9439,43.2272]]],[[[140.9455,43.2272],[140.9455,43.2271],[140.9454,43.2272],[140.9455,43.2272]]],[[[140.9447,43.2272],[140.9447,43.2272],[140.9446,43.2272],[140.9447,43.2272]]],[[[140.9451,43.2271],[140.9453,43.2273],[140.9453,43.2271],[140.9451,43.2271]]],[[[140.9446,43.2273],[140.9446,43.2272],[140.9445,43.2272],[140.9446,43.2273]]],[[[140.9429,43.2273],[140.9428,43.2273],[140.9428,43.2273],[140.9429,43.2273]]],[[[140.946,43.2274],[140.9459,43.2272],[140.946,43.2274],[140.946,43.2274]]],[[[140.945,43.2274],[140.9451,43.2274],[140.9451,43.2273],[140.945,43.2274]]],[[[140.9464,43.2274],[140.9463,43.2274],[140.9464,43.2274],[140.9464,43.2274]]],[[[140.9428,43.2274],[140.9428,43.2274],[140.9428,43.2274],[140.9428,43.2274]]],[[[140.9463,43.2274],[140.9463,43.2274],[140.9463,43.2274],[140.9463,43.2274]]],[[[140.9467,43.2274],[140.9467,43.2274],[140.9467,43.2275],[140.9467,43.2274]]],[[[140.9467,43.2275],[140.9466,43.2275],[140.9466,43.2275],[140.9467,43.2275]]],[[[140.9428,43.2275],[140.9427,43.2275],[140.9428,43.2275],[140.9428,43.2275]]],[[[140.9467,43.2275],[140.9467,43.2275],[140.9467,43.2275],[140.9467,43.2275]]],[[[140.9456,43.2275],[140.9457,43.2275],[140.9457,43.2275],[140.9456,43.2275]]],[[[140.9475,43.2276],[140.9475,43.2275],[140.9475,43.2276],[140.9475,43.2276]]],[[[140.9463,43.2275],[140.9462,43.2276],[140.9463,43.2276],[140.9463,43.2275]]],[[[140.9469,43.2276],[140.9468,43.2276],[140.9469,43.2276],[140.9469,43.2276]]],[[[140.9466,43.2275],[140.9466,43.2276],[140.9467,43.2276],[140.9466,43.2275]]],[[[140.9467,43.2276],[140.9467,43.2276],[140.9467,43.2276],[140.9467,43.2276]]],[[[140.9476,43.2276],[140.9476,43.2276],[140.9476,43.2276],[140.9476,43.2276]]],[[[140.9491,43.2276],[140.9491,43.2276],[140.9491,43.2276],[140.9491,43.2276]]],[[[140.9461,43.2276],[140.9461,43.2277],[140.9461,43.2276],[140.9461,43.2276]]],[[[140.9476,43.2276],[140.9477,43.2276],[140.9476,43.2276],[140.9476,43.2276]]],[[[140.9465,43.2277],[140.9465,43.2276],[140.9465,43.2276],[140.9465,43.2277]]],[[[140.9468,43.2277],[140.9467,43.2277],[140.9468,43.2277],[140.9468,43.2277]]],[[[140.947,43.2277],[140.9468,43.2277],[140.947,43.2277],[140.947,43.2277]]],[[[140.9491,43.2277],[140.9491,43.2277],[140.9491,43.2277],[140.9491,43.2277]]],[[[140.9477,43.2277],[140.9477,43.2277],[140.9477,43.2277],[140.9477,43.2277]]],[[[140.9461,43.2277],[140.9461,43.2277],[140.9461,43.2277],[140.9461,43.2277]]],[[[140.95,43.2277],[140.9501,43.2277],[140.9501,43.2277],[140.95,43.2277]]],[[[140.9491,43.2277],[140.9492,43.2277],[140.9491,43.2277],[140.9491,43.2277]]],[[[140.949,43.2277],[140.949,43.2277],[140.949,43.2277],[140.949,43.2277]]],[[[140.9464,43.2277],[140.9464,43.2277],[140.9464,43.2277],[140.9464,43.2277]]],[[[140.9468,43.2277],[140.9469,43.2277],[140.9468,43.2277],[140.9468,43.2277]]],[[[140.9479,43.2278],[140.9478,43.2277],[140.9477,43.2278],[140.9479,43.2278]]],[[[140.9502,43.2277],[140.9502,43.2278],[140.9502,43.2278],[140.9502,43.2277]]],[[[140.949,43.2278],[140.9491,43.2278],[140.9491,43.2278],[140.949,43.2278]]],[[[140.9482,43.2278],[140.9482,43.2278],[140.9482,43.2278],[140.9482,43.2278]]],[[[140.949,43.2278],[140.9489,43.2278],[140.949,43.2278],[140.949,43.2278]]],[[[140.9502,43.2278],[140.9502,43.2278],[140.9502,43.2278],[140.9502,43.2278]]],[[[140.95,43.2278],[140.95,43.2278],[140.9501,43.2278],[140.95,43.2278]]],[[[140.9505,43.2278],[140.9505,43.2278],[140.9505,43.2278],[140.9505,43.2278]]],[[[140.9467,43.2278],[140.9467,43.2278],[140.9467,43.2278],[140.9467,43.2278]]],[[[140.9489,43.2278],[140.949,43.2278],[140.949,43.2278],[140.9489,43.2278]]],[[[140.9498,43.2278],[140.9498,43.2279],[140.9499,43.2279],[140.9498,43.2278]]],[[[140.948,43.2279],[140.948,43.2279],[140.9479,43.2278],[140.948,43.2279]]],[[[140.9491,43.2278],[140.949,43.2279],[140.9492,43.2279],[140.9491,43.2278]]],[[[140.9482,43.2279],[140.9482,43.2279],[140.9482,43.2279],[140.9482,43.2279]]],[[[140.9488,43.2279],[140.9488,43.2279],[140.9488,43.2279],[140.9488,43.2279]]],[[[140.95,43.2279],[140.9502,43.2279],[140.9501,43.2279],[140.95,43.2279]]],[[[140.9497,43.2279],[140.9495,43.2279],[140.9495,43.2279],[140.9497,43.2279]]],[[[140.9507,43.2279],[140.9507,43.2279],[140.9507,43.2279],[140.9507,43.2279]]],[[[140.9482,43.2279],[140.9482,43.228],[140.9483,43.2279],[140.9482,43.2279]]],[[[140.9476,43.228],[140.9476,43.228],[140.9476,43.228],[140.9476,43.228]]],[[[140.9485,43.228],[140.9484,43.228],[140.9484,43.228],[140.9485,43.228]]],[[[140.9495,43.228],[140.9495,43.228],[140.9495,43.228],[140.9495,43.228]]],[[[140.9509,43.228],[140.9509,43.228],[140.9509,43.228],[140.9509,43.228]]],[[[140.9483,43.2281],[140.9483,43.2281],[140.9483,43.2281],[140.9483,43.2281]]],[[[140.9481,43.2281],[140.948,43.2281],[140.9481,43.2281],[140.9481,43.2281]]],[[[140.9513,43.2281],[140.9513,43.2281],[140.9513,43.2281],[140.9513,43.2281]]],[[[140.9489,43.2282],[140.9487,43.2281],[140.9487,43.2281],[140.9489,43.2282]]],[[[140.9514,43.2281],[140.9515,43.2282],[140.9515,43.2281],[140.9514,43.2281]]],[[[140.949,43.2283],[140.9491,43.2282],[140.9489,43.2282],[140.949,43.2283]]],[[[140.9515,43.2283],[140.9514,43.2283],[140.9515,43.2283],[140.9515,43.2283]]],[[[140.9513,43.2283],[140.9513,43.2283],[140.9513,43.2283],[140.9513,43.2283]]],[[[140.9511,43.2283],[140.9511,43.2283],[140.9511,43.2284],[140.9511,43.2283]]],[[[140.9514,43.2285],[140.9514,43.2284],[140.9514,43.2285],[140.9514,43.2285]]],[[[140.9527,43.2281],[140.9527,43.2282],[140.9527,43.2281],[140.9527,43.2281]]],[[[140.9525,43.2282],[140.9525,43.2282],[140.9525,43.2282],[140.9525,43.2282]]],[[[140.9517,43.2282],[140.9517,43.2282],[140.9517,43.2282],[140.9517,43.2282]]],[[[140.9527,43.2282],[140.9527,43.2282],[140.9527,43.2282],[140.9527,43.2282]]],[[[140.9522,43.2283],[140.9522,43.2283],[140.9522,43.2283],[140.9522,43.2283]]],[[[140.9524,43.2284],[140.9524,43.2283],[140.9524,43.2284],[140.9524,43.2284]]],[[[140.9532,43.2283],[140.9532,43.2284],[140.9532,43.2284],[140.9532,43.2283]]],[[[140.952,43.2283],[140.952,43.2284],[140.9521,43.2283],[140.952,43.2283]]],[[[140.9517,43.2284],[140.9517,43.2284],[140.9517,43.2284],[140.9517,43.2284]]],[[[140.9521,43.2285],[140.9521,43.2285],[140.952,43.2285],[140.9521,43.2285]]],[[[140.9517,43.2285],[140.9517,43.2285],[140.9517,43.2285],[140.9517,43.2285]]],[[[140.9532,43.2286],[140.9532,43.2286],[140.9532,43.2286],[140.9532,43.2286]]],[[[140.9521,43.2286],[140.9521,43.2286],[140.9521,43.2286],[140.9521,43.2286]]],[[[140.9538,43.2291],[140.9539,43.2292],[140.9539,43.2291],[140.9538,43.2291]]],[[[140.9543,43.2293],[140.9543,43.2293],[140.9543,43.2293],[140.9543,43.2293]]],[[[140.9555,43.23],[140.9554,43.23],[140.9554,43.23],[140.9555,43.23]]],[[[140.9556,43.23],[140.9556,43.2301],[140.9556,43.23],[140.9556,43.23]]],[[[140.9557,43.2302],[140.9558,43.2302],[140.9558,43.2302],[140.9557,43.2302]]],[[[140.9562,43.2304],[140.9562,43.2305],[140.9562,43.2304],[140.9562,43.2304]]],[[[140.9602,43.2322],[140.9602,43.2322],[140.9602,43.2323],[140.9602,43.2322]]],[[[140.9604,43.2323],[140.9604,43.2323],[140.9604,43.2323],[140.9604,43.2323]]],[[[140.9611,43.2323],[140.9611,43.2324],[140.9612,43.2324],[140.9611,43.2323]]],[[[140.9641,43.2334],[140.9641,43.2334],[140.9641,43.2334],[140.9641,43.2334]]],[[[140.9642,43.2334],[140.9641,43.2334],[140.9641,43.2334],[140.9642,43.2334]]],[[[140.9642,43.2336],[140.9642,43.2336],[140.9642,43.2336],[140.9642,43.2336]]],[[[140.9644,43.2341],[140.9644,43.2342],[140.9644,43.2341],[140.9644,43.2341]]],[[[140.9647,43.2342],[140.9647,43.2343],[140.9647,43.2342],[140.9647,43.2342]]],[[[140.9648,43.2343],[140.9648,43.2343],[140.9648,43.2343],[140.9648,43.2343]]],[[[140.9647,43.2345],[140.9646,43.2344],[140.9646,43.2345],[140.9647,43.2345]]],[[[140.9648,43.2346],[140.9648,43.2346],[140.9648,43.2346],[140.9648,43.2346]]],[[[140.965,43.2346],[140.965,43.2346],[140.965,43.2346],[140.965,43.2346]]],[[[140.9655,43.2347],[140.9656,43.2347],[140.9655,43.2347],[140.9655,43.2347]]],[[[140.9653,43.2348],[140.9653,43.2347],[140.9653,43.2348],[140.9653,43.2348]]],[[[140.9651,43.2348],[140.965,43.2348],[140.9651,43.2348],[140.9651,43.2348]]],[[[140.9658,43.2349],[140.9658,43.2348],[140.9658,43.2349],[140.9658,43.2349]]],[[[140.9654,43.2349],[140.9654,43.2349],[140.9654,43.2349],[140.9654,43.2349]]],[[[140.9672,43.2357],[140.9672,43.2356],[140.9671,43.2357],[140.9672,43.2357]]],[[[140.9672,43.2357],[140.9671,43.2359],[140.9673,43.2358],[140.9672,43.2357]]],[[[140.9676,43.2361],[140.9676,43.2361],[140.9677,43.2361],[140.9676,43.2361]]],[[[140.9678,43.2363],[140.968,43.2363],[140.9678,43.2362],[140.9678,43.2363]]],[[[140.968,43.2366],[140.968,43.2368],[140.9681,43.2367],[140.968,43.2366]]],[[[140.9694,43.2367],[140.9694,43.2367],[140.9694,43.2367],[140.9694,43.2367]]],[[[140.9696,43.2368],[140.9696,43.2367],[140.9696,43.2368],[140.9696,43.2368]]],[[[140.9704,43.2368],[140.9704,43.2368],[140.9704,43.2368],[140.9704,43.2368]]],[[[140.9695,43.2368],[140.9695,43.2368],[140.9695,43.2368],[140.9695,43.2368]]],[[[140.9702,43.2368],[140.9702,43.2368],[140.9702,43.2368],[140.9702,43.2368]]],[[[140.9686,43.2368],[140.9686,43.2368],[140.9686,43.2368],[140.9686,43.2368]]],[[[140.9691,43.2368],[140.9691,43.2368],[140.9691,43.2368],[140.9691,43.2368]]],[[[140.969,43.2368],[140.9689,43.2368],[140.9689,43.2368],[140.969,43.2368]]],[[[140.97,43.2369],[140.9701,43.2368],[140.97,43.2368],[140.97,43.2369]]],[[[140.9691,43.2369],[140.9691,43.2368],[140.9691,43.2368],[140.9691,43.2369]]],[[[140.9694,43.2369],[140.9695,43.2368],[140.9694,43.2369],[140.9694,43.2369]]],[[[140.9699,43.2368],[140.9699,43.2369],[140.97,43.2369],[140.9699,43.2368]]],[[[140.9703,43.2369],[140.9703,43.2369],[140.9703,43.2369],[140.9703,43.2369]]],[[[140.969,43.2369],[140.969,43.2369],[140.969,43.2369],[140.969,43.2369]]],[[[140.9696,43.2369],[140.9696,43.2369],[140.9696,43.2369],[140.9696,43.2369]]],[[[140.9701,43.2369],[140.9701,43.237],[140.9702,43.237],[140.9701,43.2369]]],[[[140.9698,43.237],[140.9699,43.237],[140.9699,43.237],[140.9698,43.237]]],[[[140.9711,43.237],[140.9711,43.2371],[140.9711,43.237],[140.9711,43.237]]],[[[140.9713,43.2371],[140.9713,43.237],[140.9712,43.237],[140.9713,43.2371]]],[[[140.9714,43.2371],[140.9713,43.2371],[140.9714,43.2371],[140.9714,43.2371]]],[[[140.9693,43.2371],[140.9694,43.2371],[140.9693,43.2371],[140.9693,43.2371]]],[[[140.9716,43.2373],[140.9716,43.2373],[140.9716,43.2373],[140.9716,43.2373]]],[[[140.9716,43.2373],[140.9716,43.2374],[140.9717,43.2373],[140.9716,43.2373]]],[[[140.9718,43.2374],[140.9718,43.2375],[140.9718,43.2375],[140.9718,43.2374]]],[[[140.9759,43.2382],[140.9759,43.2383],[140.9759,43.2382],[140.9759,43.2382]]],[[[140.9761,43.2383],[140.9761,43.2383],[140.9761,43.2383],[140.9761,43.2383]]],[[[140.9768,43.2384],[140.9768,43.2384],[140.9768,43.2384],[140.9768,43.2384]]],[[[140.9764,43.2384],[140.9764,43.2384],[140.9764,43.2384],[140.9764,43.2384]]],[[[140.9766,43.2384],[140.9766,43.2384],[140.9766,43.2384],[140.9766,43.2384]]],[[[140.9765,43.2385],[140.9765,43.2385],[140.9765,43.2385],[140.9765,43.2385]]],[[[140.9772,43.2388],[140.9771,43.2387],[140.9771,43.2388],[140.9772,43.2388]]],[[[140.9768,43.2388],[140.9768,43.2388],[140.9768,43.2388],[140.9768,43.2388]]],[[[140.9775,43.2388],[140.9775,43.2388],[140.9774,43.2388],[140.9775,43.2388]]],[[[140.978,43.2391],[140.9781,43.2392],[140.9782,43.2392],[140.978,43.2391]]],[[[140.9781,43.2392],[140.9778,43.2394],[140.978,43.2395],[140.9781,43.2392]]],[[[140.978,43.2396],[140.9781,43.2395],[140.9781,43.2395],[140.978,43.2396]]],[[[140.978,43.2397],[140.978,43.2396],[140.978,43.2396],[140.978,43.2397]]],[[[141.0059,43.2101],[141.0058,43.2101],[141.0058,43.2101],[141.0059,43.2101]]],[[[141.0066,43.2103],[141.0065,43.2102],[141.0065,43.2102],[141.0066,43.2103]]],[[[141.0069,43.2386],[141.0069,43.2386],[141.0068,43.2386],[141.0069,43.2386]]],[[[141.0069,43.2387],[141.007,43.2387],[141.007,43.2387],[141.0069,43.2387]]],[[[140.9924,43.2387],[140.9924,43.2387],[140.9924,43.2387],[140.9924,43.2387]]],[[[140.9925,43.2387],[140.9925,43.2387],[140.9925,43.2388],[140.9925,43.2387]]],[[[141.006,43.2387],[141.006,43.2388],[141.0061,43.2387],[141.006,43.2387]]],[[[141.0069,43.2388],[141.007,43.2388],[141.007,43.2387],[141.0069,43.2388]]],[[[141.0046,43.239],[141.0049,43.239],[141.0048,43.2389],[141.0046,43.239]]],[[[140.9963,43.2391],[140.9962,43.2391],[140.9962,43.2391],[140.9963,43.2391]]],[[[140.9965,43.2392],[140.9965,43.2392],[140.9965,43.2392],[140.9965,43.2392]]],[[[140.9807,43.2392],[140.9807,43.2392],[140.9807,43.2392],[140.9807,43.2392]]],[[[140.9803,43.2392],[140.9802,43.2392],[140.9803,43.2392],[140.9803,43.2392]]],[[[140.9801,43.2392],[140.9801,43.2392],[140.98,43.2392],[140.9801,43.2392]]],[[[140.9807,43.2392],[140.9807,43.2392],[140.9807,43.2392],[140.9807,43.2392]]],[[[140.981,43.2392],[140.981,43.2392],[140.981,43.2392],[140.981,43.2392]]],[[[140.9812,43.2392],[140.9812,43.2392],[140.9812,43.2392],[140.9812,43.2392]]],[[[140.9783,43.2392],[140.9783,43.2392],[140.9783,43.2392],[140.9783,43.2392]]],[[[140.9803,43.2393],[140.9803,43.2393],[140.9803,43.2393],[140.9803,43.2393]]],[[[140.9802,43.2393],[140.9802,43.2393],[140.9802,43.2393],[140.9802,43.2393]]],[[[140.9805,43.2393],[140.9805,43.2393],[140.9804,43.2392],[140.9805,43.2393]]],[[[140.9806,43.2393],[140.9807,43.2393],[140.9807,43.2393],[140.9806,43.2393]]],[[[140.9979,43.2393],[140.9979,43.2393],[140.9979,43.2393],[140.9979,43.2393]]],[[[140.9969,43.2393],[140.9969,43.2393],[140.9969,43.2393],[140.9969,43.2393]]],[[[140.979,43.2393],[140.979,43.2393],[140.9789,43.2393],[140.979,43.2393]]],[[[140.9968,43.2393],[140.9968,43.2393],[140.9969,43.2393],[140.9968,43.2393]]],[[[140.9803,43.2393],[140.9804,43.2393],[140.9803,43.2393],[140.9803,43.2393]]],[[[141.0054,43.2393],[141.0054,43.2394],[141.0054,43.2394],[141.0054,43.2393]]],[[[140.9815,43.2394],[140.9815,43.2393],[140.9815,43.2393],[140.9815,43.2394]]],[[[140.9909,43.2393],[140.9909,43.2394],[140.991,43.2393],[140.9909,43.2393]]],[[[140.9789,43.2393],[140.979,43.2394],[140.979,43.2394],[140.9789,43.2393]]],[[[140.9807,43.2393],[140.9806,43.2394],[140.9807,43.2394],[140.9807,43.2393]]],[[[140.9986,43.2394],[140.9986,43.2393],[140.9986,43.2394],[140.9986,43.2394]]],[[[140.9897,43.2394],[140.9897,43.2394],[140.9897,43.2394],[140.9897,43.2394]]],[[[140.9787,43.2394],[140.9787,43.2394],[140.9787,43.2394],[140.9787,43.2394]]],[[[140.9783,43.2395],[140.9783,43.2393],[140.9782,43.2393],[140.9783,43.2395]]],[[[140.9805,43.2393],[140.9806,43.2395],[140.9806,43.2395],[140.9805,43.2393]]],[[[140.9829,43.2394],[140.9829,43.2394],[140.9829,43.2394],[140.9829,43.2394]]],[[[140.9785,43.2394],[140.9785,43.2395],[140.9785,43.2394],[140.9785,43.2394]]],[[[140.9815,43.2394],[140.9814,43.2394],[140.9814,43.2394],[140.9815,43.2394]]],[[[140.9782,43.2394],[140.9781,43.2395],[140.9782,43.2395],[140.9782,43.2394]]],[[[140.9807,43.2394],[140.9807,43.2394],[140.9807,43.2394],[140.9807,43.2394]]],[[[140.9827,43.2395],[140.9828,43.2394],[140.9827,43.2394],[140.9827,43.2395]]],[[[140.9826,43.2395],[140.9826,43.2395],[140.9826,43.2395],[140.9826,43.2395]]],[[[141.0037,43.2395],[141.0037,43.2395],[141.0038,43.2395],[141.0037,43.2395]]],[[[140.9996,43.2395],[140.9997,43.2395],[140.9997,43.2395],[140.9996,43.2395]]],[[[140.9896,43.2395],[140.9896,43.2396],[140.9896,43.2395],[140.9896,43.2395]]],[[[140.9894,43.2395],[140.9892,43.2396],[140.9894,43.2395],[140.9894,43.2395]]],[[[140.9806,43.2395],[140.9806,43.2395],[140.9806,43.2395],[140.9806,43.2395]]],[[[140.9804,43.2395],[140.9805,43.2395],[140.9805,43.2395],[140.9804,43.2395]]],[[[140.9898,43.2395],[140.9898,43.2396],[140.9898,43.2396],[140.9898,43.2395]]],[[[140.9788,43.2395],[140.9788,43.2397],[140.9788,43.2397],[140.9788,43.2395]]],[[[140.9807,43.2396],[140.9807,43.2396],[140.9807,43.2396],[140.9807,43.2396]]],[[[140.9997,43.2396],[140.9997,43.2396],[140.9998,43.2396],[140.9997,43.2396]]],[[[140.9959,43.2395],[140.9958,43.2397],[140.9959,43.2396],[140.9959,43.2395]]],[[[140.9808,43.2396],[140.9808,43.2396],[140.9808,43.2396],[140.9808,43.2396]]],[[[140.9789,43.2396],[140.9789,43.2396],[140.9789,43.2396],[140.9789,43.2396]]],[[[140.9876,43.2396],[140.9877,43.2397],[140.9877,43.2396],[140.9876,43.2396]]],[[[140.9785,43.2396],[140.9784,43.2398],[140.9785,43.2398],[140.9785,43.2396]]],[[[140.9883,43.2397],[140.9884,43.2397],[140.9884,43.2397],[140.9883,43.2397]]],[[[140.9882,43.2397],[140.9881,43.2397],[140.9882,43.2397],[140.9882,43.2397]]],[[[140.9968,43.2397],[140.9971,43.2398],[140.997,43.2396],[140.9968,43.2397]]],[[[140.988,43.2398],[140.9878,43.2398],[140.9878,43.2399],[140.988,43.2398]]],[[[141.0019,43.2399],[141.0019,43.2398],[141.0018,43.2398],[141.0019,43.2399]]],[[[141.0035,43.2399],[141.0036,43.2399],[141.0035,43.2398],[141.0035,43.2399]]],[[[141.0095,43.24],[141.0094,43.24],[141.0095,43.24],[141.0095,43.24]]],[[[141.0031,43.24],[141.0029,43.2399],[141.0031,43.2401],[141.0031,43.24]]],[[[141.0093,43.24],[141.0093,43.2401],[141.0093,43.24],[141.0093,43.24]]],[[[141.0034,43.2401],[141.0033,43.2401],[141.0034,43.2402],[141.0034,43.2401]]],[[[140.9892,43.2402],[140.9892,43.2403],[140.9893,43.2402],[140.9892,43.2402]]],[[[140.988,43.2404],[140.9879,43.2402],[140.9879,43.2403],[140.988,43.2404]]],[[[141.0006,43.2403],[141.0005,43.2404],[141.0006,43.2404],[141.0006,43.2403]]],[[[141.004,43.2404],[141.0039,43.2403],[141.0039,43.2404],[141.004,43.2404]]],[[[141.0094,43.2405],[141.0096,43.2404],[141.0094,43.2403],[141.0094,43.2405]]],[[[141.009,43.2405],[141.0092,43.2406],[141.0091,43.2404],[141.009,43.2405]]],[[[140.988,43.2405],[140.9881,43.2405],[140.9881,43.2405],[140.988,43.2405]]],[[[141.0041,43.2405],[141.004,43.2405],[141.0041,43.2406],[141.0041,43.2405]]],[[[140.9865,43.2405],[140.9866,43.2408],[140.9867,43.2407],[140.9865,43.2405]]],[[[140.8833,43.1677],[140.8587,43.168],[140.8462,43.1878],[140.8448,43.2004],[140.8464,43.1988],[140.8496,43.1987],[140.8572,43.2033],[140.8557,43.2087],[140.8536,43.212],[140.8586,43.2092],[140.8606,43.21],[140.8601,43.2116],[140.8583,43.2108],[140.8592,43.2118],[140.8581,43.214],[140.856,43.2134],[140.8553,43.2154],[140.8534,43.215],[140.8547,43.2163],[140.8608,43.2152],[140.8598,43.2171],[140.8641,43.2171],[140.8637,43.2156],[140.8668,43.2126],[140.8665,43.2101],[140.8672,43.2078],[140.8723,43.2055],[140.9135,43.2108],[140.9205,43.2143],[140.9182,43.2173],[140.9203,43.2184],[140.919,43.2197],[140.9182,43.2183],[140.9192,43.2202],[140.9192,43.2217],[140.9184,43.2227],[140.9187,43.2226],[140.9202,43.224],[140.9208,43.2227],[140.9214,43.2224],[140.9228,43.2226],[140.9245,43.2236],[140.925,43.2242],[140.9254,43.2251],[140.9252,43.2256],[140.9258,43.2261],[140.9258,43.2276],[140.9288,43.2258],[140.9371,43.2256],[140.953,43.2281],[140.9873,43.2398],[140.9875,43.2395],[140.9902,43.2392],[140.9911,43.2393],[140.9912,43.2389],[140.9928,43.2386],[141.0059,43.2385],[141.0071,43.2385],[141.0076,43.2389],[141.0082,43.2388],[141.0097,43.2399],[141.01,43.2393],[141.0107,43.2395],[141.0106,43.2388],[141.0112,43.2383],[141.0119,43.2381],[141.0171,43.2383],[141.0131,43.2315],[141.0164,43.2252],[141.0211,43.2254],[141.0209,43.2228],[141.0136,43.2178],[141.0147,43.2098],[141.0128,43.2117],[141.0037,43.2098],[141.0009,43.2033],[141.023,43.1848],[141.0347,43.1833],[141.0301,43.1899],[141.0302,43.1899],[141.0386,43.1796],[141.1005,43.1679],[141.1274,43.1544],[141.161,43.144],[141.2438,43.1738],[141.2761,43.2007],[141.2925,43.1826],[141.238,43.1519],[141.2233,43.1602],[141.1876,43.1403],[141.2025,43.1247],[141.1848,43.1183],[141.1585,43.0887],[141.1349,43.0938],[141.134,43.1059],[141.1085,43.1193],[141.0753,43.1182],[141.0716,43.1088],[141.0627,43.109],[141.0698,43.0923],[141.0593,43.0893],[141.0653,43.0839],[141.059,43.0693],[141.045,43.0608],[141.0269,43.0663],[141.0011,43.0947],[140.9987,43.127],[140.9211,43.13],[140.9235,43.1515],[140.8833,43.1677]]],[[[141.1308,43.1536],[141.1307,43.1535],[141.1307,43.1536],[141.1308,43.1536]]],[[[141.1304,43.1536],[141.1304,43.1535],[141.1303,43.1536],[141.1304,43.1536]]],[[[141.1304,43.1539],[141.1303,43.1538],[141.1302,43.1538],[141.1304,43.1539]]],[[[141.1301,43.1539],[141.1301,43.1538],[141.13,43.1539],[141.1301,43.1539]]],[[[141.1293,43.1542],[141.1295,43.1541],[141.1293,43.1541],[141.1293,43.1542]]],[[[141.1291,43.1542],[141.129,43.1543],[141.1291,43.1542],[141.1291,43.1542]]],[[[141.1287,43.1543],[141.1287,43.1543],[141.1288,43.1543],[141.1287,43.1543]]],[[[141.1284,43.1544],[141.1283,43.1543],[141.1282,43.1543],[141.1284,43.1544]]],[[[141.1293,43.1544],[141.1292,43.1543],[141.1291,43.1544],[141.1293,43.1544]]],[[[141.1236,43.1568],[141.1236,43.1567],[141.1235,43.1568],[141.1236,43.1568]]],[[[141.1234,43.1568],[141.1233,43.1569],[141.1234,43.1569],[141.1234,43.1568]]],[[[141.1237,43.1569],[141.1236,43.157],[141.1237,43.157],[141.1237,43.1569]]],[[[141.1247,43.157],[141.1247,43.1569],[141.1246,43.157],[141.1247,43.157]]],[[[141.1235,43.157],[141.1234,43.1571],[141.1235,43.1571],[141.1235,43.157]]],[[[141.118,43.1599],[141.118,43.1599],[141.118,43.1599],[141.118,43.1599]]],[[[141.1171,43.16],[141.117,43.1601],[141.1171,43.1601],[141.1171,43.16]]],[[[141.1169,43.1603],[141.1169,43.1602],[141.1169,43.1603],[141.1169,43.1603]]],[[[141.1166,43.1603],[141.1167,43.1602],[141.1166,43.1603],[141.1166,43.1603]]],[[[141.1158,43.1604],[141.1157,43.1604],[141.1158,43.1604],[141.1158,43.1604]]],[[[141.116,43.1603],[141.1159,43.1604],[141.116,43.1604],[141.116,43.1603]]],[[[141.1166,43.1604],[141.1167,43.1604],[141.1167,43.1604],[141.1166,43.1604]]],[[[141.1159,43.1604],[141.1158,43.1605],[141.1159,43.1604],[141.1159,43.1604]]],[[[141.1162,43.1606],[141.1161,43.1605],[141.1161,43.1606],[141.1162,43.1606]]],[[[141.0921,43.1697],[141.092,43.17],[141.0922,43.1698],[141.0921,43.1697]]],[[[141.0813,43.172],[141.0815,43.1721],[141.0815,43.1721],[141.0813,43.172]]],[[[141.0825,43.172],[141.0822,43.1722],[141.0825,43.1721],[141.0825,43.172]]],[[[141.0865,43.172],[141.0866,43.1722],[141.0866,43.172],[141.0865,43.172]]],[[[141.082,43.1722],[141.0817,43.1723],[141.0819,43.1724],[141.082,43.1722]]],[[[141.086,43.1724],[141.0857,43.1722],[141.0857,43.1724],[141.086,43.1724]]],[[[141.0768,43.1727],[141.0769,43.1729],[141.0769,43.1728],[141.0768,43.1727]]],[[[141.0713,43.1755],[141.0715,43.1756],[141.0715,43.1755],[141.0713,43.1755]]],[[[141.046,43.1801],[141.046,43.1801],[141.046,43.1801],[141.046,43.1801]]],[[[141.0458,43.1801],[141.0458,43.1801],[141.0458,43.1801],[141.0458,43.1801]]],[[[141.0461,43.1802],[141.0461,43.1801],[141.0461,43.1801],[141.0461,43.1802]]],[[[141.046,43.1802],[141.0461,43.1802],[141.0461,43.1802],[141.046,43.1802]]],[[[141.0458,43.1802],[141.0458,43.1802],[141.0459,43.1802],[141.0458,43.1802]]],[[[141.0464,43.1802],[141.0464,43.1803],[141.0464,43.1802],[141.0464,43.1802]]],[[[141.031,43.1908],[141.0305,43.1908],[141.0298,43.191],[141.031,43.1908]]],[[[141.0297,43.1907],[141.0266,43.1949],[141.0244,43.198],[141.0297,43.1907]]],[[[141.0234,43.2007],[141.0265,43.2],[141.0234,43.2006],[141.0234,43.2007]]],[[[141.0235,43.2001],[141.0205,43.2031],[141.0147,43.2097],[141.0235,43.2001]]],[[[141.0189,43.2117],[141.0198,43.2127],[141.0192,43.2117],[141.0189,43.2117]]],[[[141.0168,43.2181],[141.0177,43.2187],[141.0164,43.2169],[141.0173,43.2134],[141.0166,43.2142],[141.0163,43.2169],[141.0168,43.2181]]],[[[141.0176,43.2185],[141.0177,43.2185],[141.0176,43.2185],[141.0176,43.2185]]],[[[141.0215,43.223],[141.0216,43.2228],[141.0215,43.2227],[141.0215,43.223]]],[[[141.0163,43.2264],[141.0163,43.2264],[141.0163,43.2264],[141.0163,43.2264]]],[[[141.0165,43.2264],[141.0164,43.2265],[141.0164,43.2265],[141.0165,43.2264]]],[[[141.0164,43.2265],[141.0164,43.2265],[141.0163,43.2266],[141.0164,43.2265]]],[[[141.0164,43.2266],[141.0164,43.2266],[141.0164,43.2266],[141.0164,43.2266]]],[[[141.0165,43.2267],[141.0165,43.2266],[141.0164,43.2266],[141.0165,43.2267]]],[[[141.0164,43.2269],[141.0165,43.2268],[141.0164,43.2269],[141.0164,43.2269]]],[[[141.0159,43.2293],[141.0159,43.2292],[141.0159,43.2292],[141.0159,43.2293]]],[[[141.0159,43.23],[141.0159,43.2299],[141.0159,43.23],[141.0159,43.23]]],[[[141.0175,43.2333],[141.0174,43.2334],[141.0176,43.2333],[141.0175,43.2333]]],[[[141.0165,43.2334],[141.0165,43.2334],[141.0166,43.2334],[141.0165,43.2334]]],[[[141.0167,43.2371],[141.0169,43.2371],[141.0167,43.2371],[141.0167,43.2371]]],[[[141.0172,43.2373],[141.0174,43.2373],[141.0171,43.2373],[141.0172,43.2373]]],[[[141.0121,43.2382],[141.012,43.2382],[141.0121,43.2382],[141.0121,43.2382]]],[[[141.0118,43.2382],[141.0117,43.2382],[141.0118,43.2383],[141.0118,43.2382]]],[[[141.0115,43.2384],[141.0115,43.2382],[141.0114,43.2383],[141.0115,43.2384]]],[[[141.0118,43.2383],[141.0119,43.2383],[141.0119,43.2383],[141.0118,43.2383]]],[[[141.0124,43.2385],[141.0123,43.2386],[141.0124,43.2386],[141.0124,43.2385]]],[[[141.0108,43.239],[141.0108,43.2389],[141.0107,43.2389],[141.0108,43.239]]],[[[141.0151,43.2389],[141.0151,43.239],[141.0151,43.239],[141.0151,43.2389]]],[[[141.0153,43.239],[141.0155,43.2391],[141.0155,43.239],[141.0153,43.239]]],[[[141.0111,43.2396],[141.0111,43.2395],[141.011,43.2395],[141.0111,43.2396]]],[[[141.011,43.2395],[141.0108,43.2395],[141.011,43.2396],[141.011,43.2395]]],[[[141.0104,43.2398],[141.0105,43.2395],[141.0101,43.2396],[141.0104,43.2398]]],[[[141.0107,43.2398],[141.0107,43.2398],[141.0106,43.2398],[141.0107,43.2398]]],[[[141.0105,43.2399],[141.0106,43.2398],[141.0105,43.2398],[141.0105,43.2399]]],[[[141.0109,43.2399],[141.0108,43.2399],[141.0108,43.2399],[141.0109,43.2399]]],[[[141.0097,43.24],[141.0097,43.2399],[141.0096,43.2399],[141.0097,43.24]]],[[[141.0101,43.2402],[141.01,43.2398],[141.0098,43.2399],[141.0101,43.2402]]],[[[141.0096,43.2402],[141.0098,43.2402],[141.0097,43.2402],[141.0096,43.2402]]],[[[141.0099,43.2404],[141.0099,43.2403],[141.0098,43.2403],[141.0099,43.2404]]],[[[141.01,43.2418],[141.0109,43.2423],[141.0118,43.2426],[141.01,43.2418]]]]}},{"type":"Feature","properties":{"id":"01204","name":"旭川市","pref":"北海道"},"geometry":{"type":"Polygon","coordinates":[[[142.3012,43.5519],[142.2828,43.603],[142.293,43.6321],[142.2778,43.6533],[142.2576,43.6608],[142.1997,43.641],[142.175,43.6817],[142.1779,43.7112],[142.1841,43.7124],[142.1713,43.7282],[142.1995,43.7343],[142.1972,43.755],[142.2266,43.776],[142.222,43.7881],[142.2401,43.7992],[142.2086,43.8379],[142.2199,43.854],[142.2156,43.8644],[142.1665,43.8704],[142.1592,43.8752],[142.162,43.8924],[142.1483,43.9006],[142.2056,43.9485],[142.2368,43.9488],[142.2448,43.9562],[142.2826,43.9395],[142.2712,43.895],[142.2805,43.8762],[142.2905,43.8731],[142.2786,43.8581],[142.2944,43.8406],[142.2878,43.8271],[142.2955,43.7867],[142.3107,43.7883],[142.308,43.7953],[142.3546,43.8283],[142.3922,43.8433],[142.3696,43.8603],[142.3924,43.8774],[142.3876,43.8979],[142.3992,43.9211],[142.4321,43.9473],[142.4575,43.8389],[142.5047,43.7992],[142.5118,43.8025],[142.5204,43.7863],[142.5358,43.7863],[142.5441,43.7748],[142.5639,43.7798],[142.5727,43.7607],[142.5994,43.7647],[142.6255,43.7504],[142.6551,43.7527],[142.6784,43.739],[142.7149,43.7482],[142.7345,43.7309],[142.7313,43.7202],[142.7415,43.7131],[142.7347,43.7042],[142.7401,43.6835],[142.6915,43.6805],[142.6659,43.6978],[142.6404,43.701],[142.622,43.7201],[142.5617,43.7229],[142.5069,43.7507],[142.4764,43.7427],[142.4732,43.7001],[142.403,43.7315],[142.3914,43.7226],[142.41,43.6898],[142.4304,43.6758],[142.4346,43.6796],[142.4964,43.6377],[142.5573,43.6464],[142.5609,43.6308],[142.4721,43.6205],[142.448,43.6362],[142.4283,43.6618],[142.3932,43.665],[142.4001,43.648],[142.3883,43.6382],[142.3896,43.6255],[142.3491,43.6099],[142.3414,43.5867],[142.3227,43.5735],[142.329,43.5638],[142.3218,43.5443],[142.3012,43.5519]]]}},{"type":"Feature","properties":{"id":"01205","name":"室蘭市","pref":"北海道"},"geometry":{"type":"MultiPolygon","coordinates":[[[[140.9425,42.3201],[140.9422,42.3201],[140.9425,42.3201],[140.9425,42.3201]]],[[[140.9425,42.3204],[140.9426,42.3205],[140.9426,42.3205],[140.9425,42.3204]]],[[[140.9422,42.3216],[140.9424,42.3217],[140.9422,42.3216],[140.9422,42.3216]]],[[[140.9417,42.322],[140.9417,42.3221],[140.9418,42.3221],[140.9417,42.322]]],[[[140.9411,42.3224],[140.9413,42.3223],[140.941,42.3222],[140.9411,42.3224]]],[[[140.9388,42.3263],[140.9386,42.3262],[140.9386,42.3263],[140.9388,42.3263]]],[[[140.9388,42.3268],[140.9385,42.3267],[140.9386,42.3268],[140.9388,42.3268]]],[[[140.9386,42.3276],[140.9387,42.3276],[140.9387,42.3276],[140.9386,42.3276]]],[[[140.9309,42.3363],[140.931,42.3362],[140.9309,42.3362],[140.9309,42.3363]]],[[[140.9309,42.3364],[140.9309,42.3364],[140.9309,42.3363],[140.9309,42.3364]]],[[[140.9308,42.3372],[140.9308,42.3372],[140.9308,42.3372],[140.9308,42.3372]]],[[[140.9307,42.3373],[140.9308,42.3373],[140.9308,42.3373],[140.9307,42.3373]]],[[[140.9311,42.3375],[140.9311,42.3375],[140.9311,42.3375],[140.9311,42.3375]]],[[[140.9289,42.3375],[140.9296,42.3378],[140.9294,42.3373],[140.9289,42.3375]]],[[[140.9315,42.3378],[140.9315,42.3378],[140.9315,42.3378],[140.9315,42.3378]]],[[[140.9291,42.3445],[140.9307,42.3409],[140.929,42.3444],[140.9291,42.3445]]],[[[140.9285,42.345],[140.9285,42.345],[140.9283,42.346],[140.9285,42.345]]],[[[140.9275,42.3482],[140.9274,42.3465],[140.9264,42.3477],[140.9275,42.3482]]],[[[140.9161,42.349],[140.9253,42.3475],[140.9161,42.3489],[140.9161,42.349]]],[[[140.928,42.3501],[140.9276,42.3484],[140.9276,42.3484],[140.928,42.3501]]],[[[140.9456,42.3596],[140.9457,42.3595],[140.9457,42.3595],[140.9456,42.3596]]],[[[140.9159,42.3658],[140.917,42.3537],[140.9158,42.3658],[140.9159,42.3658]]],[[[140.9439,42.3599],[140.9441,42.36],[140.944,42.3599],[140.9439,42.3599]]],[[[140.9438,42.36],[140.9437,42.36],[140.9437,42.36],[140.9438,42.36]]],[[[140.9447,42.3599],[140.9447,42.36],[140.9448,42.36],[140.9447,42.3599]]],[[[140.9433,42.3603],[140.9436,42.36],[140.9432,42.3601],[140.9433,42.3603]]],[[[140.9431,42.3602],[140.943,42.3602],[140.943,42.3602],[140.9431,42.3602]]],[[[140.9428,42.3602],[140.943,42.3603],[140.9429,42.3602],[140.9428,42.3602]]],[[[140.9424,42.3607],[140.9423,42.3607],[140.9423,42.3608],[140.9424,42.3607]]],[[[140.9412,42.3609],[140.9413,42.3609],[140.9412,42.3609],[140.9412,42.3609]]],[[[140.9454,42.3633],[140.9455,42.3633],[140.9454,42.3632],[140.9454,42.3633]]],[[[140.941,42.3642],[140.9411,42.3643],[140.9411,42.3642],[140.941,42.3642]]],[[[140.9409,42.3643],[140.9409,42.3643],[140.9409,42.3643],[140.9409,42.3643]]],[[[140.9407,42.3643],[140.9407,42.3643],[140.9407,42.3643],[140.9407,42.3643]]],[[[140.9404,42.3643],[140.9404,42.3644],[140.9404,42.3644],[140.9404,42.3643]]],[[[140.9721,42.3044],[140.9725,42.3044],[140.9721,42.3044],[140.9721,42.3044]]],[[[140.9766,42.3052],[140.9765,42.305],[140.9763,42.3052],[140.9766,42.3052]]],[[[140.9697,42.3053],[140.9705,42.3054],[140.9701,42.3052],[140.9697,42.3053]]],[[[140.9708,42.3054],[140.971,42.3054],[140.9708,42.3054],[140.9708,42.3054]]],[[[140.9718,42.3055],[140.9718,42.3054],[140.9718,42.3055],[140.9718,42.3055]]],[[[140.9762,42.3055],[140.9764,42.3056],[140.9763,42.3055],[140.9762,42.3055]]],[[[140.9768,42.3055],[140.977,42.3056],[140.977,42.3055],[140.9768,42.3055]]],[[[140.9719,42.3061],[140.9703,42.3055],[140.9663,42.3052],[140.9694,42.3064],[140.9719,42.3061]]],[[[140.9796,42.3071],[140.9792,42.3072],[140.9791,42.3074],[140.9796,42.3071]]],[[[140.98,42.3072],[140.9801,42.3072],[140.98,42.3072],[140.98,42.3072]]],[[[140.9787,42.3074],[140.9788,42.3074],[140.9788,42.3073],[140.9787,42.3074]]],[[[140.9804,42.3075],[140.9804,42.3074],[140.9803,42.3074],[140.9804,42.3075]]],[[[140.9673,42.3063],[140.9653,42.3083],[140.965,42.3092],[140.9678,42.3071],[140.9673,42.3063]]],[[[140.9673,42.3104],[140.9673,42.3105],[140.9673,42.3104],[140.9673,42.3104]]],[[[140.9615,42.3116],[140.9603,42.31],[140.9608,42.3111],[140.9615,42.3116]]],[[[140.9683,42.3118],[140.9682,42.3117],[140.9682,42.3118],[140.9683,42.3118]]],[[[140.9682,42.3119],[140.9682,42.3119],[140.9682,42.3119],[140.9682,42.3119]]],[[[140.968,42.313],[140.9681,42.3123],[140.9679,42.3129],[140.968,42.313]]],[[[140.9484,42.3161],[140.9481,42.3164],[140.9489,42.3164],[140.9484,42.3161]]],[[[140.9477,42.3162],[140.9477,42.3164],[140.9481,42.3164],[140.9477,42.3162]]],[[[140.9532,42.3168],[140.9531,42.3169],[140.9533,42.3168],[140.9532,42.3168]]],[[[140.9584,42.3168],[140.9583,42.317],[140.9585,42.3169],[140.9584,42.3168]]],[[[140.953,42.3169],[140.9528,42.3169],[140.9531,42.317],[140.953,42.3169]]],[[[140.9529,42.3172],[140.9527,42.3171],[140.9527,42.3171],[140.9529,42.3172]]],[[[140.9468,42.3177],[140.947,42.3177],[140.9468,42.3175],[140.9468,42.3177]]],[[[140.9471,42.3179],[140.9472,42.3179],[140.9471,42.3179],[140.9471,42.3179]]],[[[140.9457,42.3186],[140.946,42.3182],[140.9455,42.3184],[140.9457,42.3186]]],[[[140.9463,42.3187],[140.9464,42.3189],[140.9465,42.3188],[140.9463,42.3187]]],[[[140.9518,42.3494],[140.952,42.3492],[140.9518,42.3493],[140.9518,42.3494]]],[[[140.9496,42.35],[140.9497,42.3493],[140.9492,42.3497],[140.9496,42.35]]],[[[140.9507,42.3564],[140.9508,42.3558],[140.9503,42.3561],[140.9507,42.3564]]],[[[140.9514,42.3591],[140.951,42.359],[140.951,42.3591],[140.9514,42.3591]]],[[[140.9511,42.3597],[140.9515,42.36],[140.9515,42.3596],[140.9511,42.3597]]],[[[140.9477,42.3614],[140.9477,42.3615],[140.9478,42.3614],[140.9477,42.3614]]],[[[140.9475,42.3616],[140.9475,42.3617],[140.9475,42.3616],[140.9475,42.3616]]],[[[141.0006,42.2996],[141.0007,42.2992],[141.0003,42.2994],[141.0006,42.2996]]],[[[141.0016,42.2996],[141.0014,42.2996],[141.0014,42.2997],[141.0016,42.2996]]],[[[141.0025,42.3],[141.002,42.3],[141.0019,42.3001],[141.0025,42.3]]],[[[141.0013,42.3002],[141.0012,42.3003],[141.0014,42.3002],[141.0013,42.3002]]],[[[141.0014,42.3005],[141.0012,42.3004],[141.0015,42.3005],[141.0014,42.3005]]],[[[141.0027,42.3005],[141.0025,42.3006],[141.0025,42.3006],[141.0027,42.3005]]],[[[141.0019,42.3008],[141.0021,42.3006],[141.0021,42.3006],[141.0019,42.3008]]],[[[141.0015,42.3006],[141.0018,42.3008],[141.002,42.3005],[141.0015,42.3006]]],[[[141.0029,42.3008],[141.0032,42.3009],[141.0032,42.3007],[141.0029,42.3008]]],[[[141.0038,42.3012],[141.0039,42.301],[141.0037,42.3011],[141.0038,42.3012]]],[[[140.9938,42.3017],[140.9937,42.3016],[140.9937,42.3017],[140.9938,42.3017]]],[[[140.9944,42.3017],[140.9943,42.3017],[140.9944,42.3017],[140.9944,42.3017]]],[[[140.9975,42.3019],[140.9973,42.3017],[140.9973,42.3018],[140.9975,42.3019]]],[[[140.997,42.3019],[140.9969,42.3018],[140.997,42.3019],[140.997,42.3019]]],[[[140.9916,42.3021],[140.9916,42.302],[140.9915,42.302],[140.9916,42.3021]]],[[[141.004,42.3028],[141.004,42.3026],[141.0039,42.3028],[141.004,42.3028]]],[[[140.9906,42.3031],[140.9906,42.303],[140.9905,42.3031],[140.9906,42.3031]]],[[[140.9903,42.303],[140.9901,42.303],[140.9904,42.3032],[140.9903,42.303]]],[[[140.9887,42.3035],[140.9886,42.3036],[140.9888,42.3035],[140.9887,42.3035]]],[[[140.9887,42.3037],[140.9886,42.3038],[140.9888,42.3039],[140.9887,42.3037]]],[[[140.9894,42.3037],[140.9898,42.3039],[140.9894,42.3037],[140.9894,42.3037]]],[[[140.9891,42.304],[140.9891,42.3038],[140.9889,42.3038],[140.9891,42.304]]],[[[140.9866,42.3038],[140.9867,42.3043],[140.9869,42.3039],[140.9866,42.3038]]],[[[140.9848,42.3038],[140.9853,42.3045],[140.9855,42.3044],[140.9848,42.3038]]],[[[140.9868,42.3044],[140.9873,42.3041],[140.9871,42.3039],[140.9868,42.3044]]],[[[140.9865,42.3042],[140.9861,42.3044],[140.9867,42.3046],[140.9865,42.3042]]],[[[140.9868,42.3045],[140.9867,42.3047],[140.9869,42.3046],[140.9868,42.3045]]],[[[140.9869,42.3047],[140.9868,42.3047],[140.9868,42.3047],[140.9869,42.3047]]],[[[140.987,42.3048],[140.9869,42.3048],[140.9869,42.3048],[140.987,42.3048]]],[[[140.9822,42.3068],[140.9823,42.3067],[140.9822,42.3067],[140.9822,42.3068]]],[[[140.9824,42.3068],[140.9826,42.3067],[140.9826,42.3067],[140.9824,42.3068]]],[[[140.9822,42.3069],[140.9822,42.3069],[140.9822,42.3069],[140.9822,42.3069]]],[[[140.9804,42.3077],[140.9805,42.3076],[140.9804,42.3076],[140.9804,42.3077]]],[[[140.9806,42.3077],[140.9807,42.3077],[140.9807,42.3077],[140.9806,42.3077]]],[[[140.9709,42.334],[140.9697,42.3243],[140.9817,42.3231],[140.9869,42.3322],[140.9796,42.3434],[141.0076,42.3483],[140.9765,42.3487],[140.9819,42.3587],[140.9528,42.3603],[140.9481,42.3539],[140.9527,42.3603],[140.9448,42.3641],[140.9171,42.3692],[140.9179,42.3717],[140.9158,42.366],[140.9083,42.3797],[140.9504,42.3882],[140.9835,42.4104],[140.9845,42.433],[141.0068,42.4348],[141.0164,42.4297],[141.0116,42.4145],[141.0284,42.4013],[141.0387,42.3653],[141.0543,42.3516],[141.0234,42.3325],[141.0127,42.3217],[141.0115,42.3178],[141.0098,42.3178],[141.0091,42.3173],[141.0072,42.3127],[141.0079,42.311],[141.0093,42.3098],[141.0114,42.3109],[141.0096,42.3086],[141.0098,42.3079],[141.0092,42.3075],[141.0091,42.3042],[141.0048,42.3046],[141.0025,42.301],[140.9812,42.3078],[140.968,42.3075],[140.9658,42.3087],[140.966,42.3105],[140.9676,42.31],[140.9686,42.3119],[140.9682,42.3138],[140.9663,42.315],[140.9643,42.3141],[140.9596,42.3168],[140.9521,42.3185],[140.9476,42.3166],[140.9477,42.3178],[140.9461,42.3193],[140.9427,42.3195],[140.9429,42.322],[140.9399,42.3227],[140.9408,42.3265],[140.9303,42.3354],[140.931,42.336],[140.9309,42.3373],[140.9315,42.3377],[140.9317,42.3383],[140.9319,42.3383],[140.9309,42.3405],[140.9427,42.3416],[140.9361,42.3425],[140.951,42.3475],[140.9503,42.3507],[140.9522,42.3426],[140.9709,42.334]]],[[[141.0044,42.3031],[141.0046,42.3028],[141.0047,42.3027],[141.0044,42.303],[141.0044,42.3031]]],[[[141.005,42.303],[141.0049,42.3029],[141.0049,42.303],[141.005,42.303]]],[[[141.0052,42.3031],[141.005,42.3032],[141.0051,42.3032],[141.0052,42.3031]]],[[[141.0044,42.3034],[141.0044,42.3033],[141.0043,42.3033],[141.0044,42.3034]]],[[[141.005,42.3043],[141.0051,42.3041],[141.005,42.3043],[141.005,42.3043]]],[[[141.0096,42.3054],[141.0095,42.3054],[141.0095,42.3054],[141.0096,42.3054]]],[[[141.0098,42.3055],[141.01,42.3055],[141.0096,42.3055],[141.0098,42.3055]]],[[[141.0107,42.3063],[141.0105,42.3062],[141.0106,42.3063],[141.0107,42.3063]]],[[[141.0105,42.3065],[141.0106,42.3065],[141.0104,42.3063],[141.0105,42.3065]]],[[[141.0093,42.3066],[141.0095,42.3066],[141.0097,42.3066],[141.0095,42.3066],[141.0093,42.3066]]],[[[141.0093,42.3075],[141.0092,42.3076],[141.0093,42.3075],[141.0093,42.3075]]],[[[141.011,42.3074],[141.0108,42.3076],[141.0111,42.3076],[141.011,42.3074]]],[[[141.0094,42.3076],[141.0094,42.3076],[141.0094,42.3076],[141.0094,42.3076]]],[[[141.0096,42.3076],[141.0095,42.3077],[141.0096,42.3077],[141.0096,42.3076]]],[[[141.0111,42.3079],[141.011,42.3078],[141.011,42.3079],[141.0111,42.3079]]],[[[141.0099,42.3086],[141.0098,42.3085],[141.0098,42.3086],[141.0099,42.3086]]],[[[141.0091,42.31],[141.0094,42.31],[141.0093,42.3099],[141.0091,42.31]]],[[[141.0115,42.3109],[141.0115,42.3108],[141.0114,42.3109],[141.0115,42.3109]]],[[[141.0097,42.3142],[141.0097,42.3142],[141.0096,42.3142],[141.0097,42.3142]]],[[[141.0099,42.3144],[141.0099,42.3143],[141.0098,42.3144],[141.0099,42.3144]]],[[[141.0096,42.3145],[141.0095,42.3145],[141.0096,42.3145],[141.0096,42.3145]]],[[[141.0097,42.3145],[141.0096,42.3145],[141.0096,42.3145],[141.0097,42.3145]]],[[[141.0096,42.3146],[141.0095,42.3145],[141.0095,42.3146],[141.0096,42.3146]]],[[[141.0097,42.3153],[141.0097,42.3153],[141.0097,42.3153],[141.0097,42.3153]]],[[[141.0094,42.3153],[141.0096,42.3154],[141.0096,42.3153],[141.0094,42.3153]]],[[[141.0095,42.3171],[141.0094,42.3172],[141.0094,42.3172],[141.0095,42.3171]]],[[[141.0124,42.3172],[141.0123,42.3175],[141.0126,42.3176],[141.0124,42.3172]]],[[[141.0116,42.3177],[141.0119,42.3173],[141.0112,42.3172],[141.0116,42.3177]]],[[[141.0095,42.3175],[141.0096,42.3175],[141.0095,42.3175],[141.0095,42.3175]]],[[[141.0102,42.3175],[141.0102,42.3176],[141.0103,42.3175],[141.0102,42.3175]]],[[[141.0098,42.3176],[141.0097,42.3176],[141.0098,42.3176],[141.0098,42.3176]]],[[[141.01,42.3177],[141.01,42.3176],[141.01,42.3177],[141.01,42.3177]]],[[[141.0129,42.3213],[141.0129,42.3213],[141.0129,42.3213],[141.0129,42.3213]]],[[[141.0152,42.3236],[141.0151,42.3237],[141.0152,42.3237],[141.0152,42.3236]]]]}},{"type":"Feature","properties":{"id":"01206","name":"釧路市","pref":"北海道"},"geometry":{"type":"MultiPolygon","coordinates":[[[[144.3656,42.973],[144.3657,42.9728],[144.3656,42.9728],[144.3656,42.973]]],[[[144.3657,42.9735],[144.3656,42.9733],[144.3656,42.9735],[144.3657,42.9735]]],[[[144.3553,42.9764],[144.3573,42.9756],[144.3552,42.9763],[144.3553,42.9764]]],[[[144.3544,42.9754],[144.3529,42.9769],[144.3545,42.9755],[144.3544,42.9754]]],[[[144.3496,42.978],[144.3498,42.9781],[144.353,42.977],[144.3496,42.978]]],[[[144.29,42.9802],[144.3104,42.98],[144.29,42.98],[144.29,42.9802]]],[[[144.3584,42.9775],[144.3607,42.9833],[144.3589,42.9875],[144.3608,42.9836],[144.3584,42.9775]]],[[[143.771,42.9173],[143.7684,42.936],[143.7614,42.9381],[143.7664,42.9606],[143.7337,42.9915],[143.7126,42.9909],[143.7028,43.0069],[143.7105,43.043],[143.7246,43.0565],[143.7401,43.059],[143.7427,43.0733],[143.7563,43.0836],[143.7538,43.1201],[143.7981,43.1233],[143.8123,43.1176],[143.8201,43.0987],[143.8482,43.0884],[143.884,43.0892],[143.9037,43.0704],[143.9102,43.0733],[143.928,43.0521],[143.9157,43.0449],[143.9188,43.0249],[143.8989,43.011],[143.9015,42.9972],[143.925,42.9716],[143.95,42.9691],[143.9747,42.954],[143.991,42.939],[143.9921,42.9245],[144.0047,42.9207],[143.8693,42.8423],[143.8202,42.8753],[143.7895,42.8858],[143.7772,42.8962],[143.7838,42.9019],[143.771,42.9173]]],[[[144.3578,42.9879],[144.3581,42.9879],[144.3589,42.9876],[144.3578,42.9879]]],[[[144.36,42.9893],[144.3593,42.988],[144.3592,42.9881],[144.36,42.9893]]],[[[144.3405,42.9898],[144.3417,42.9891],[144.3404,42.9897],[144.3405,42.9898]]],[[[144.3116,42.9886],[144.3183,42.9909],[144.3183,42.9907],[144.3116,42.9886]]],[[[144.3183,42.9907],[144.3312,42.9903],[144.3404,42.9898],[144.3183,42.9907]]],[[[144.2972,42.9962],[144.2973,42.9884],[144.2972,42.9884],[144.2972,42.9962]]],[[[144.3134,42.9935],[144.3136,42.9942],[144.3137,42.9935],[144.3134,42.9935]]],[[[144.2286,42.9972],[144.2137,43.0065],[144.2232,43.0283],[144.1671,43.0422],[144.1548,43.0615],[144.1469,43.0549],[144.1244,43.0608],[144.1132,43.0547],[144.0964,43.0627],[144.0814,43.091],[144.0794,43.1172],[144.0362,43.136],[144.0343,43.1627],[143.9929,43.1822],[143.9843,43.2276],[143.9621,43.2498],[143.9667,43.2588],[143.9603,43.2664],[143.969,43.2826],[143.986,43.2907],[143.9921,43.3064],[144.0086,43.3079],[144.0099,43.322],[144.021,43.3268],[144.0175,43.3331],[144.0336,43.3511],[144.0036,43.3852],[144.0271,43.392],[144.0222,43.396],[144.0298,43.4205],[144.0265,43.4283],[144.0038,43.4356],[143.9988,43.4649],[144.0283,43.4613],[144.0715,43.4746],[144.0781,43.4906],[144.0714,43.5018],[144.0823,43.5151],[144.1226,43.5118],[144.1399,43.5308],[144.1638,43.5253],[144.1804,43.5103],[144.1974,43.5253],[144.2471,43.5109],[144.2337,43.495],[144.2306,43.4812],[144.2372,43.4724],[144.2286,43.4667],[144.2363,43.459],[144.2298,43.4449],[144.2381,43.4347],[144.1801,43.391],[144.1755,43.3767],[144.1519,43.3587],[144.1498,43.3386],[144.1426,43.3367],[144.1485,43.3198],[144.1295,43.3204],[144.1289,43.3035],[144.1477,43.2913],[144.1614,43.2697],[144.1985,43.2514],[144.2199,43.2252],[144.2426,43.1642],[144.2535,43.1605],[144.2513,43.1423],[144.265,43.129],[144.2643,43.1147],[144.2832,43.0871],[144.3034,43.0772],[144.3211,43.0766],[144.3271,43.0848],[144.3988,43.0728],[144.4149,43.0614],[144.427,43.0478],[144.4179,43.0455],[144.4256,43.0261],[144.3976,43.0089],[144.3992,43.0017],[144.441,42.9953],[144.4423,42.9868],[144.481,42.9626],[144.4857,42.9394],[144.4612,42.9449],[144.4503,42.9436],[144.4486,42.9444],[144.4472,42.9438],[144.4458,42.9443],[144.4395,42.9521],[144.4046,42.9578],[144.3883,42.9695],[144.3626,42.9705],[144.3618,42.9711],[144.3575,42.9756],[144.3616,42.9713],[144.3658,42.9717],[144.3669,42.9748],[144.3709,42.9748],[144.3689,42.9768],[144.3728,42.9758],[144.3717,42.9856],[144.3617,42.987],[144.3598,42.9953],[144.36,42.9893],[144.3526,42.9961],[144.3436,42.9911],[144.3415,42.9904],[144.3533,42.9968],[144.352,42.9978],[144.3406,42.9939],[144.3201,43.0016],[144.3142,42.9945],[144.3143,43.0024],[144.2864,43.0041],[144.2286,42.9972]]],[[[144.4462,42.9416],[144.4463,42.9417],[144.4464,42.9416],[144.4462,42.9416]]],[[[144.4459,42.9417],[144.4459,42.9418],[144.4459,42.9418],[144.4459,42.9417]]],[[[144.4461,42.9417],[144.4461,42.9418],[144.4462,42.9418],[144.4461,42.9417]]],[[[144.4456,42.9417],[144.4456,42.9418],[144.4456,42.9418],[144.4456,42.9417]]],[[[144.4459,42.9418],[144.4459,42.9419],[144.4459,42.9419],[144.4459,42.9418]]],[[[144.4461,42.9418],[144.4461,42.9419],[144.4462,42.9418],[144.4461,42.9418]]],[[[144.4456,42.9419],[144.4456,42.9418],[144.4455,42.9419],[144.4456,42.9419]]],[[[144.4466,42.9426],[144.4467,42.9424],[144.4465,42.9425],[144.4466,42.9426]]],[[[144.4466,42.9428],[144.4464,42.9426],[144.4464,42.9427],[144.4466,42.9428]]],[[[144.4469,42.9429],[144.4469,42.9429],[144.4468,42.9429],[144.4469,42.9429]]],[[[144.4409,42.95],[144.441,42.9499],[144.4409,42.9499],[144.4409,42.95]]],[[[144.4406,42.9502],[144.4406,42.9503],[144.4406,42.9502],[144.4406,42.9502]]],[[[144.4406,42.9503],[144.4406,42.9503],[144.4406,42.9503],[144.4406,42.9503]]],[[[144.4242,42.9523],[144.4242,42.9522],[144.4241,42.9523],[144.4242,42.9523]]],[[[144.4238,42.9524],[144.424,42.9524],[144.424,42.9523],[144.4238,42.9524]]],[[[144.3689,42.9754],[144.3689,42.9753],[144.3688,42.9753],[144.3689,42.9754]]],[[[144.4492,42.9414],[144.4495,42.9412],[144.4493,42.9412],[144.4492,42.9414]]],[[[144.449,42.9416],[144.4491,42.9418],[144.4492,42.9416],[144.449,42.9416]]],[[[144.4512,42.9419],[144.451,42.9417],[144.451,42.9418],[144.4512,42.9419]]],[[[144.4473,42.942],[144.4475,42.942],[144.4473,42.9418],[144.4473,42.942]]],[[[144.4502,42.9422],[144.4504,42.942],[144.4502,42.9421],[144.4502,42.9422]]],[[[144.4479,42.9426],[144.4477,42.9424],[144.4475,42.9425],[144.4479,42.9426]]],[[[144.4478,42.9428],[144.4478,42.9426],[144.4477,42.9427],[144.4478,42.9428]]],[[[144.4469,42.943],[144.4469,42.9431],[144.4469,42.943],[144.4469,42.943]]],[[[144.4472,42.9432],[144.4475,42.9431],[144.4473,42.943],[144.4472,42.9432]]],[[[144.4544,42.9432],[144.4543,42.9433],[144.4545,42.9433],[144.4544,42.9432]]],[[[144.4528,42.9434],[144.4528,42.9432],[144.4527,42.9433],[144.4528,42.9434]]],[[[144.4502,42.9435],[144.4503,42.9433],[144.4501,42.9433],[144.4502,42.9435]]],[[[144.4558,42.9436],[144.4557,42.9436],[144.4557,42.9436],[144.4558,42.9436]]],[[[144.4547,42.9436],[144.4546,42.9437],[144.4547,42.9437],[144.4547,42.9436]]]]}},{"type":"Feature","properties":{"id":"01207","name":"帯広市","pref":"北海道"},"geometry":{"type":"Polygon","coordinates":[[[143.0602,42.6661],[143.0314,42.6467],[143.0282,42.6356],[142.9625,42.619],[142.9192,42.6269],[142.9007,42.6148],[142.8595,42.6411],[142.8705,42.6835],[142.863,42.6939],[142.8279,42.687],[142.7931,42.6941],[142.7641,42.6839],[142.756,42.6908],[142.7558,42.7219],[142.7292,42.7231],[142.7218,42.7359],[142.6925,42.7392],[142.687,42.7507],[142.6975,42.7674],[142.7123,42.7742],[142.767,42.776],[142.7817,42.7636],[142.8943,42.7542],[142.8971,42.7402],[142.9361,42.7221],[142.9963,42.7793],[143.033,42.7867],[143.074,42.808],[143.1209,42.8571],[143.1475,42.8926],[143.1132,42.8953],[143.1088,42.9295],[143.1145,42.9432],[143.1307,42.9528],[143.1512,42.9446],[143.1938,42.9465],[143.2038,42.9352],[143.2449,42.9374],[143.2141,42.8956],[143.2258,42.8899],[143.2257,42.8717],[143.2128,42.8445],[143.2185,42.8421],[143.2033,42.8199],[143.2286,42.8117],[143.2215,42.7996],[143.2461,42.7917],[143.2334,42.7698],[143.2683,42.7632],[143.2401,42.7018],[143.2076,42.7078],[143.191,42.6995],[143.1969,42.7245],[143.1773,42.7288],[143.1496,42.7312],[143.1397,42.721],[143.1023,42.7314],[143.0726,42.7019],[143.082,42.6935],[143.0602,42.6661]]]}},{"type":"Feature","properties":{"id":"01208","name":"北見市","pref":"北海道"},"geometry":{"type":"Polygon","coordinates":[[[143.4023,43.6664],[143.3511,43.6378],[143.2933,43.6537],[143.2549,43.6401],[143.2302,43.641],[143.1881,43.6245],[143.1801,43.6128],[143.1872,43.6076],[143.173,43.5949],[143.1544,43.5915],[143.1362,43.5998],[143.1555,43.6286],[143.1742,43.6401],[143.1396,43.6768],[143.1613,43.7063],[143.226,43.6968],[143.2529,43.7094],[143.2509,43.7391],[143.2889,43.7634],[143.337,43.7656],[143.3767,43.7979],[143.4331,43.799],[143.4567,43.8134],[143.5116,43.8132],[143.5301,43.8222],[143.529,43.8352],[143.5719,43.8446],[143.5669,43.8758],[143.5873,43.8965],[143.5878,43.9469],[143.604,43.9477],[143.6167,43.9337],[143.6379,43.942],[143.6517,43.9208],[143.686,43.9257],[143.6699,43.9084],[143.707,43.8749],[143.72,43.8787],[143.7275,43.9003],[143.7579,43.9201],[143.7465,43.9559],[143.7691,43.9516],[143.7852,43.9704],[143.7824,43.9785],[143.7936,43.9839],[143.8031,43.9778],[143.8138,43.988],[143.8722,43.9788],[143.8935,43.9975],[143.9283,44.0122],[143.9387,44.0307],[143.9524,44.0363],[143.9459,44.0586],[143.9667,44.085],[143.911,44.1259],[143.7757,44.1443],[143.7765,44.1847],[143.9999,44.1337],[144.0744,44.1238],[144.1005,44.1293],[144.1223,44.1157],[144.1205,44.1095],[144.0913,44.1122],[144.0871,44.1008],[144.0737,44.095],[144.0458,44.0617],[144.0497,44.0334],[144.0314,44.0172],[144.0467,44.01],[144.0543,43.9891],[144.0447,43.9818],[144.0484,43.9733],[144.0228,43.9638],[144.0263,43.957],[144.0195,43.9534],[144.0406,43.9175],[144.0637,43.9213],[144.062,43.9066],[144.0465,43.8939],[144.0571,43.8803],[144.0117,43.851],[144.0037,43.8185],[143.9888,43.8128],[143.9935,43.8029],[143.9725,43.7822],[143.9702,43.7658],[143.9465,43.7752],[143.9412,43.7558],[143.9114,43.7395],[143.8983,43.7047],[143.8573,43.7093],[143.8104,43.6718],[143.7888,43.6952],[143.8034,43.7273],[143.7962,43.7838],[143.6986,43.7775],[143.6825,43.7699],[143.6602,43.776],[143.6254,43.7577],[143.5868,43.7621],[143.5468,43.741],[143.5344,43.7445],[143.5257,43.7061],[143.4361,43.6937],[143.4228,43.6651],[143.4035,43.6741],[143.4023,43.6664]]]}},{"type":"Feature","properties":{"id":"01209","name":"夕張市","pref":"北海道"},"geometry":{"type":"Polygon","coordinates":[[[142.0098,42.8631],[141.9898,42.9037],[141.9626,42.9134],[141.973,42.9233],[141.972,42.937],[141.9528,42.9537],[141.9463,42.9711],[141.9525,42.989],[141.9129,43.0004],[141.9076,43.0146],[141.9126,43.0295],[141.9026,43.0389],[141.9146,43.0539],[141.9135,43.0918],[141.9394,43.1023],[141.9771,43.1023],[141.9852,43.0945],[142.0026,43.1086],[142.0147,43.0983],[142.0355,43.0986],[142.0439,43.1085],[142.0336,43.1422],[142.058,43.1464],[142.0727,43.1646],[142.096,43.1639],[142.117,43.1739],[142.1288,43.1903],[142.1563,43.1964],[142.152,43.2047],[142.161,43.2237],[142.1886,43.2066],[142.2248,43.2082],[142.2433,43.2126],[142.2475,43.2228],[142.2803,43.2243],[142.2841,43.1979],[142.2703,43.1884],[142.2556,43.1604],[142.2535,43.1503],[142.2639,43.1367],[142.2531,43.1331],[142.2434,43.1059],[142.2682,43.067],[142.2943,43.051],[142.3207,43.0466],[142.3297,43.0307],[142.2886,43.0099],[142.2844,42.9849],[142.2628,42.9825],[142.2553,42.9666],[142.2386,42.9742],[142.2019,42.9523],[142.1862,42.9515],[142.1777,42.9593],[142.1626,42.9506],[142.1525,42.9547],[142.1437,42.9477],[142.1449,42.9264],[142.1105,42.9148],[142.1071,42.8939],[142.0806,42.8687],[142.0644,42.8741],[142.0534,42.8598],[142.0284,42.867],[142.0098,42.8631]]]}},{"type":"Feature","properties":{"id":"01210","name":"岩見沢市","pref":"北海道"},"geometry":{"type":"Polygon","coordinates":[[[141.7609,43.0755],[141.7044,43.0831],[141.6381,43.1456],[141.6388,43.1546],[141.6103,43.1679],[141.6336,43.1902],[141.6489,43.1895],[141.6467,43.2072],[141.6597,43.213],[141.654,43.2208],[141.673,43.2281],[141.659,43.2461],[141.6648,43.2567],[141.646,43.2706],[141.6576,43.2749],[141.6552,43.2915],[141.6758,43.288],[141.6663,43.3094],[141.689,43.3232],[141.6768,43.3377],[141.7526,43.3093],[141.7913,43.2786],[141.8098,43.2582],[141.798,43.2286],[141.8209,43.2322],[141.8259,43.2025],[141.8705,43.2026],[141.8976,43.1937],[141.9077,43.2068],[141.9182,43.207],[141.9427,43.1916],[141.9581,43.1946],[142.0067,43.1721],[142.0279,43.1731],[142.0413,43.1435],[142.0301,43.1379],[142.0439,43.1085],[142.0305,43.0973],[142.0026,43.1086],[141.9849,43.0944],[141.9768,43.1023],[141.9478,43.0996],[141.9213,43.1058],[141.9142,43.1145],[141.8999,43.1125],[141.8857,43.1209],[141.8846,43.13],[141.8665,43.1303],[141.7609,43.0755]]]}},{"type":"Feature","properties":{"id":"01211","name":"網走市","pref":"北海道"},"geometry":{"type":"MultiPolygon","coordinates":[[[[144.2626,43.8691],[144.2236,43.934],[144.2094,43.9409],[144.2081,43.9542],[144.1732,43.968],[144.1259,43.9328],[144.0908,43.9438],[144.064,43.9218],[144.0414,43.9174],[144.0329,43.9248],[144.0308,43.9433],[144.0207,43.948],[144.0221,43.9625],[144.0484,43.9733],[144.0447,43.9818],[144.0544,43.9894],[144.0467,44.01],[144.0314,44.0172],[144.0497,44.0334],[144.0458,44.0617],[144.0871,44.1008],[144.0877,44.1095],[144.1205,44.1095],[144.1223,44.1157],[144.2136,44.1017],[144.247,44.1116],[144.2572,44.0855],[144.2519,44.0616],[144.2616,44.0568],[144.2549,44.0386],[144.2731,44.0238],[144.2845,44.028],[144.2913,44.0248],[144.2843,44.0277],[144.2779,44.0237],[144.2877,44.0231],[144.2921,44.0189],[144.2821,44.011],[144.3012,43.9918],[144.2985,43.9827],[144.3633,43.956],[144.3619,43.949],[144.3868,43.9385],[144.4278,43.9312],[144.4335,43.9186],[144.4224,43.8802],[144.4075,43.8661],[144.41,43.8561],[144.3916,43.8522],[144.394,43.8404],[144.3824,43.8184],[144.3916,43.8005],[144.3884,43.7835],[144.375,43.7765],[144.3836,43.791],[144.3645,43.8307],[144.3666,43.8407],[144.3823,43.8445],[144.3725,43.8618],[144.3778,43.8711],[144.3013,43.8941],[144.2962,43.8852],[144.3047,43.8733],[144.2626,43.8691]]],[[[144.2574,44.0859],[144.2574,44.086],[144.2575,44.0859],[144.2574,44.0859]]],[[[144.2574,44.0869],[144.2572,44.0871],[144.2575,44.087],[144.2574,44.0869]]],[[[144.2574,44.0902],[144.2575,44.0904],[144.2576,44.0903],[144.2574,44.0902]]],[[[144.257,44.0906],[144.2566,44.0906],[144.2566,44.0906],[144.257,44.0906]]],[[[144.1861,44.1083],[144.1858,44.107],[144.1857,44.1071],[144.1861,44.1083]]],[[[144.1917,44.1144],[144.1923,44.1148],[144.1896,44.1131],[144.1917,44.1144]]],[[[144.2944,44.0074],[144.2946,44.0073],[144.292,44.006],[144.2944,44.0074]]],[[[144.2959,44.0083],[144.2963,44.0129],[144.2965,44.0129],[144.2959,44.0083]]],[[[144.303,44.0154],[144.2927,44.0184],[144.2923,44.0195],[144.303,44.0154]]],[[[144.2924,44.0248],[144.2922,44.0245],[144.2909,44.0254],[144.2924,44.0248]]],[[[144.2575,44.0861],[144.2574,44.0862],[144.2576,44.0862],[144.2575,44.0861]]],[[[144.2575,44.0863],[144.2575,44.0864],[144.2576,44.0863],[144.2575,44.0863]]],[[[144.2579,44.0904],[144.2577,44.0905],[144.258,44.0905],[144.2579,44.0904]]]]}},{"type":"Feature","properties":{"id":"01212","name":"留萌市","pref":"北海道"},"geometry":{"type":"MultiPolygon","coordinates":[[[[141.6201,43.9203],[141.6213,43.921],[141.6214,43.9209],[141.6201,43.9203]]],[[[141.6279,43.9456],[141.6279,43.9457],[141.628,43.9457],[141.6279,43.9456]]],[[[141.6278,43.9458],[141.6275,43.9457],[141.6274,43.9458],[141.6278,43.9458]]],[[[141.6277,43.9462],[141.6275,43.9461],[141.6273,43.9461],[141.6277,43.9462]]],[[[141.6276,43.9467],[141.6273,43.9463],[141.6272,43.9463],[141.6276,43.9467]]],[[[141.6271,43.9466],[141.6272,43.9468],[141.6272,43.9466],[141.6271,43.9466]]],[[[141.6225,43.9627],[141.6269,43.9667],[141.6276,43.9772],[141.6271,43.9667],[141.6225,43.9627]]],[[[141.6624,43.8743],[141.6079,43.9031],[141.6285,43.924],[141.6339,43.9368],[141.6282,43.9472],[141.6286,43.947],[141.6299,43.9474],[141.6311,43.9482],[141.6321,43.9506],[141.6316,43.9511],[141.6311,43.9554],[141.6323,43.9595],[141.6321,43.9517],[141.6353,43.952],[141.6372,43.9458],[141.6449,43.9448],[141.6445,43.9413],[141.6463,43.9419],[141.6463,43.9468],[141.6384,43.9504],[141.6417,43.9595],[141.6397,43.9593],[141.64,43.9569],[141.6396,43.9564],[141.6361,43.959],[141.6455,43.9711],[141.633,43.9744],[141.6463,43.976],[141.651,43.9939],[141.676,43.9654],[141.7191,43.951],[141.7433,43.925],[141.7499,43.9326],[141.7828,43.937],[141.7983,43.959],[141.8595,43.9647],[141.8867,43.9414],[141.8813,43.9224],[141.9009,43.899],[141.8683,43.8825],[141.8584,43.8466],[141.8469,43.8513],[141.8453,43.8446],[141.8299,43.8426],[141.8306,43.8323],[141.7982,43.8282],[141.8067,43.8155],[141.8044,43.8013],[141.7709,43.7845],[141.7757,43.7768],[141.768,43.7562],[141.7484,43.7719],[141.7425,43.79],[141.6989,43.7962],[141.6953,43.8248],[141.6618,43.8547],[141.6624,43.8743]]],[[[141.6286,43.9449],[141.6281,43.9448],[141.6278,43.9449],[141.6286,43.9449]]],[[[141.6279,43.9466],[141.628,43.9467],[141.6281,43.9466],[141.6279,43.9466]]],[[[141.628,43.9469],[141.6281,43.9467],[141.6278,43.9468],[141.628,43.9469]]],[[[141.6286,43.9471],[141.6292,43.9476],[141.6294,43.9475],[141.6286,43.9471]]],[[[141.6321,43.9597],[141.6298,43.9631],[141.6323,43.9598],[141.6321,43.9597]]],[[[141.6443,43.9831],[141.6451,43.9837],[141.6453,43.9837],[141.6443,43.9831]]]]}},{"type":"Feature","properties":{"id":"01213","name":"苫小牧市","pref":"北海道"},"geometry":{"type":"MultiPolygon","coordinates":[[[[141.767,42.5885],[141.7687,42.5861],[141.7668,42.5884],[141.767,42.5885]]],[[[141.7529,42.5919],[141.7668,42.5884],[141.7528,42.5917],[141.7529,42.5919]]],[[[141.7706,42.6055],[141.7708,42.6055],[141.7731,42.6013],[141.7706,42.6055]]],[[[141.6185,42.6128],[141.6219,42.6144],[141.6184,42.6126],[141.6185,42.6128]]],[[[141.6231,42.6189],[141.6232,42.6188],[141.6206,42.6149],[141.6231,42.6189]]],[[[141.6245,42.6197],[141.6244,42.6198],[141.6248,42.6199],[141.6245,42.6197]]],[[[141.7279,42.6207],[141.7298,42.6197],[141.7278,42.6206],[141.7279,42.6207]]],[[[141.4193,42.5754],[141.4244,42.5806],[141.3453,42.6325],[141.3391,42.6503],[141.3433,42.6765],[141.3701,42.6841],[141.3748,42.6937],[141.3868,42.6921],[141.4131,42.7225],[141.4069,42.7648],[141.5662,42.7426],[141.6047,42.7723],[141.6489,42.7766],[141.7066,42.7704],[141.7426,42.7877],[141.7446,42.7545],[141.7366,42.7457],[141.7488,42.7286],[141.7954,42.6968],[141.8277,42.6966],[141.8296,42.6741],[141.8129,42.666],[141.8149,42.6251],[141.7989,42.6022],[141.7812,42.6069],[141.7859,42.6157],[141.778,42.6169],[141.7745,42.6083],[141.769,42.618],[141.7162,42.6274],[141.6453,42.6297],[141.6249,42.6201],[141.642,42.6352],[141.6984,42.6525],[141.6954,42.6574],[141.6342,42.637],[141.6231,42.6433],[141.6231,42.627],[141.6149,42.6291],[141.6201,42.6212],[141.6116,42.6204],[141.6106,42.6272],[141.5245,42.612],[141.4193,42.5754]]]]}},{"type":"Feature","properties":{"id":"01214","name":"稚内市","pref":"北海道"},"geometry":{"type":"MultiPolygon","coordinates":[[[[141.5793,45.1767],[141.5689,45.1983],[141.5721,45.2354],[141.6171,45.2862],[141.6172,45.3057],[141.6118,45.3084],[141.6064,45.3066],[141.6045,45.3077],[141.6064,45.3066],[141.6088,45.3089],[141.6158,45.3079],[141.6175,45.309],[141.6125,45.3095],[141.6107,45.3128],[141.6109,45.3116],[141.6067,45.3089],[141.6047,45.3086],[141.61,45.3131],[141.6202,45.3122],[141.6364,45.3259],[141.657,45.3593],[141.6344,45.4044],[141.6432,45.4489],[141.666,45.4376],[141.6756,45.421],[141.6895,45.419],[141.6908,45.4183],[141.6945,45.4151],[141.6965,45.4152],[141.6945,45.415],[141.6892,45.419],[141.6802,45.4186],[141.6859,45.4154],[141.6784,45.4147],[141.6773,45.405],[141.681,45.403],[141.6824,45.4041],[141.679,45.4065],[141.6789,45.4099],[141.6789,45.4105],[141.6792,45.4112],[141.6859,45.4109],[141.6826,45.4045],[141.6885,45.4088],[141.6918,45.4015],[141.7065,45.4067],[141.7084,45.3961],[141.7147,45.3961],[141.7279,45.3979],[141.7439,45.4032],[141.7464,45.4137],[141.7656,45.4043],[141.7979,45.4071],[141.8646,45.4406],[141.8786,45.4614],[141.8726,45.4655],[141.8784,45.4948],[141.8858,45.4968],[141.8924,45.5022],[141.8935,45.5089],[141.892,45.5104],[141.8925,45.5109],[141.9465,45.5221],[141.9448,45.5165],[141.95,45.5204],[141.9616,45.5103],[141.9698,45.4826],[141.9928,45.4627],[142.0186,45.4538],[142.0243,45.4368],[142.035,45.4303],[142.0338,45.4209],[142.0388,45.4242],[142.0351,45.4173],[142.0534,45.3985],[142.0439,45.3764],[142.0278,45.3738],[142.0249,45.3648],[141.962,45.3439],[141.9596,45.3359],[141.9757,45.3148],[141.959,45.2954],[141.9917,45.2859],[141.9889,45.2664],[142.0057,45.2515],[141.9942,45.232],[141.9412,45.2248],[141.899,45.1953],[141.902,45.1768],[141.863,45.1763],[141.8633,45.1896],[141.8553,45.1933],[141.8311,45.1857],[141.8227,45.1936],[141.8366,45.2007],[141.8264,45.2016],[141.822,45.2116],[141.7987,45.1999],[141.7699,45.2281],[141.7838,45.2381],[141.7641,45.2741],[141.7344,45.265],[141.7313,45.2361],[141.7103,45.2312],[141.6972,45.2405],[141.6688,45.2387],[141.6332,45.2101],[141.5965,45.201],[141.5931,45.1942],[141.6038,45.1875],[141.5986,45.1784],[141.6057,45.1696],[141.5793,45.1767]]],[[[141.6373,45.3889],[141.6378,45.3891],[141.6378,45.3891],[141.6373,45.3889]]],[[[141.7128,45.3964],[141.7129,45.3964],[141.7129,45.3964],[141.7128,45.3964]]],[[[141.6997,45.4104],[141.6997,45.4105],[141.7111,45.4104],[141.7111,45.4103],[141.6997,45.4104]]],[[[141.7562,45.4135],[141.7536,45.4134],[141.7536,45.4134],[141.7562,45.4135]]],[[[141.6927,45.4187],[141.7047,45.4186],[141.7047,45.4184],[141.6927,45.4187]]],[[[141.668,45.4376],[141.6681,45.4376],[141.6676,45.4371],[141.668,45.4376]]],[[[141.6676,45.4383],[141.6679,45.4384],[141.6667,45.4381],[141.6676,45.4383]]],[[[141.6402,45.4461],[141.6403,45.4461],[141.641,45.4454],[141.6402,45.4461]]],[[[141.8725,45.4622],[141.872,45.462],[141.8729,45.4625],[141.8725,45.4622]]],[[[141.88,45.4963],[141.8801,45.4962],[141.8792,45.4955],[141.88,45.4963]]],[[[141.8833,45.4972],[141.8833,45.4972],[141.8819,45.4968],[141.8833,45.4972]]],[[[141.8836,45.4972],[141.8846,45.4976],[141.8846,45.4976],[141.8836,45.4972]]],[[[141.968,45.4984],[141.968,45.4978],[141.9678,45.4981],[141.968,45.4984]]],[[[141.9483,45.5219],[141.95,45.5215],[141.947,45.5221],[141.9483,45.5219]]],[[[141.9246,45.5228],[141.9242,45.5223],[141.9241,45.5229],[141.9246,45.5228]]],[[[141.9529,45.5234],[141.9542,45.5222],[141.9541,45.5221],[141.9529,45.5234]]],[[[141.9197,45.5264],[141.9191,45.5254],[141.9189,45.5262],[141.9197,45.5264]]]]}},{"type":"Feature","properties":{"id":"01215","name":"美唄市","pref":"北海道"},"geometry":{"type":"Polygon","coordinates":[[[141.8254,43.2484],[141.8076,43.2561],[141.7536,43.3087],[141.6944,43.3315],[141.7015,43.3448],[141.7475,43.3555],[141.7606,43.3507],[141.7732,43.3758],[141.8179,43.3872],[141.823,43.4006],[141.9144,43.3932],[141.9299,43.3779],[141.967,43.372],[142.023,43.4196],[142.0465,43.4097],[142.0525,43.3794],[142.062,43.3733],[142.0569,43.3513],[142.0233,43.3587],[142.0104,43.3269],[141.9912,43.3066],[141.9538,43.2981],[141.9408,43.2876],[141.9076,43.2922],[141.8615,43.2595],[141.8368,43.2585],[141.8254,43.2484]]]}},{"type":"Feature","properties":{"id":"01216","name":"芦別市","pref":"北海道"},"geometry":{"type":"Polygon","coordinates":[[[142.125,43.2199],[142.1107,43.2244],[142.0892,43.2694],[142.0785,43.2715],[142.0792,43.2873],[142.046,43.3098],[142.0639,43.3358],[142.0495,43.3482],[142.0612,43.3564],[142.0549,43.3618],[142.0622,43.3703],[142.0486,43.3975],[142.0532,43.4226],[142.0725,43.4363],[142.0627,43.4674],[142.0801,43.4895],[142.105,43.4842],[142.1129,43.5041],[142.1408,43.5189],[142.1489,43.5349],[142.1307,43.545],[142.0941,43.5399],[142.1025,43.5546],[142.1229,43.5654],[142.1208,43.6099],[142.1091,43.6272],[142.1137,43.636],[142.1315,43.6412],[142.1651,43.6362],[142.1939,43.642],[142.2126,43.6329],[142.2362,43.641],[142.2385,43.6523],[142.2667,43.6606],[142.293,43.6321],[142.2828,43.603],[142.2877,43.5743],[142.3012,43.5519],[142.3218,43.5443],[142.3205,43.5317],[142.337,43.5061],[142.3478,43.5054],[142.3682,43.487],[142.3553,43.472],[142.3677,43.4253],[142.341,43.392],[142.3509,43.3783],[142.2901,43.3469],[142.2968,43.3293],[142.2814,43.3226],[142.2716,43.3023],[142.2889,43.2808],[142.2782,43.2527],[142.2787,43.2253],[142.2475,43.2228],[142.2433,43.2126],[142.2248,43.2082],[142.1928,43.2067],[142.1537,43.2286],[142.125,43.2199]]]}},{"type":"Feature","properties":{"id":"01217","name":"江別市","pref":"北海道"},"geometry":{"type":"Polygon","coordinates":[[[141.5052,43.0223],[141.4974,43.0578],[141.4715,43.0695],[141.4742,43.0959],[141.4606,43.1],[141.4573,43.0934],[141.4444,43.101],[141.4554,43.129],[141.4494,43.1626],[141.5763,43.1727],[141.5787,43.1576],[141.623,43.1612],[141.6381,43.1551],[141.6381,43.1457],[141.6688,43.1207],[141.5833,43.077],[141.5908,43.0755],[141.5903,43.0572],[141.5646,43.0365],[141.5687,43.0248],[141.5241,43.0161],[141.5052,43.0223]]]}},{"type":"Feature","properties":{"id":"01218","name":"赤平市","pref":"北海道"},"geometry":{"type":"Polygon","coordinates":[[[142.0956,43.4819],[142.0822,43.5108],[142.0871,43.5244],[142.0468,43.5353],[142.0227,43.5336],[142.006,43.5189],[141.9739,43.5382],[141.9766,43.5573],[141.9963,43.5859],[141.9942,43.5981],[142.0437,43.6244],[142.0597,43.6167],[142.0645,43.6267],[142.0799,43.6294],[142.0903,43.648],[142.1137,43.636],[142.109,43.6268],[142.1208,43.6099],[142.1229,43.5654],[142.1025,43.5546],[142.0943,43.5396],[142.1307,43.545],[142.1489,43.5349],[142.1408,43.5189],[142.1129,43.5041],[142.105,43.4842],[142.0956,43.4819]]]}},{"type":"Feature","properties":{"id":"01219","name":"紋別市","pref":"北海道"},"geometry":{"type":"MultiPolygon","coordinates":[[[[143.1774,44.0133],[143.1621,43.9915],[143.1256,44.0033],[143.1347,44.0211],[143.1266,44.033],[143.1353,44.0423],[143.1236,44.0583],[143.1522,44.0909],[143.1332,44.1344],[143.1417,44.1456],[143.1571,44.1481],[143.1696,44.1631],[143.1744,44.1859],[143.1955,44.1983],[143.1951,44.2244],[143.1712,44.2338],[143.1542,44.2301],[143.1307,44.2583],[143.1066,44.2666],[143.0953,44.2869],[143.1137,44.2913],[143.1204,44.3139],[143.1439,44.3163],[143.1576,44.3322],[143.192,44.3273],[143.2046,44.334],[143.208,44.3482],[143.2434,44.3511],[143.2471,44.3652],[143.2751,44.3837],[143.2765,44.4008],[143.3488,44.3705],[143.3641,44.3564],[143.3657,44.3514],[143.3612,44.3553],[143.3568,44.3521],[143.3643,44.338],[143.3806,44.3373],[143.3743,44.3309],[143.4088,44.3108],[143.559,44.2525],[143.51,44.2265],[143.469,44.1831],[143.4134,44.1507],[143.4166,44.1051],[143.376,44.1095],[143.3588,44.0797],[143.3344,44.0666],[143.329,44.0524],[143.3153,44.0516],[143.2993,44.0366],[143.3028,44.031],[143.2888,44.028],[143.2557,44.0414],[143.2229,44.0315],[143.2119,44.0172],[143.1774,44.0133]]],[[[143.3809,44.3367],[143.3809,44.3369],[143.3811,44.3368],[143.3809,44.3367]]],[[[143.3808,44.3376],[143.3815,44.3405],[143.3818,44.341],[143.3813,44.3379],[143.3808,44.3376]]],[[[143.3946,44.3428],[143.3948,44.3401],[143.3946,44.3401],[143.3946,44.3428]]],[[[143.3689,44.3447],[143.387,44.3431],[143.3689,44.3446],[143.3689,44.3447]]],[[[143.3667,44.3465],[143.3669,44.3465],[143.3688,44.3441],[143.3667,44.3465]]],[[[143.3658,44.3505],[143.3657,44.3505],[143.3656,44.3513],[143.3658,44.3505]]],[[[143.3688,44.3508],[143.3672,44.3509],[143.3658,44.3515],[143.3688,44.3508]]],[[[143.3657,44.3513],[143.3655,44.3513],[143.3655,44.3513],[143.3657,44.3513]]],[[[143.3604,44.3534],[143.3602,44.3535],[143.3604,44.3535],[143.3604,44.3534]]]]}},{"type":"Feature","properties":{"id":"01220","name":"士別市","pref":"北海道"},"geometry":{"type":"Polygon","coordinates":[[[142.4915,43.9768],[142.4734,43.9934],[142.4838,44.0601],[142.4588,44.0929],[142.4621,44.1039],[142.4432,44.1176],[142.4264,44.1154],[142.4084,44.1238],[142.4114,44.1476],[142.353,44.1401],[142.3421,44.1602],[142.3242,44.1662],[142.3212,44.1807],[142.3104,44.1864],[142.3111,44.1771],[142.2854,44.1589],[142.274,44.1214],[142.2809,44.0895],[142.2688,44.0847],[142.268,44.0755],[142.2818,44.0436],[142.2356,44.0205],[142.1767,44.0494],[142.1784,44.0887],[142.191,44.1068],[142.2031,44.11],[142.2041,44.123],[142.1793,44.1576],[142.1897,44.1674],[142.186,44.1851],[142.1721,44.1929],[142.1998,44.2085],[142.205,44.2376],[142.2133,44.2409],[142.2062,44.2554],[142.1849,44.2479],[142.1733,44.2542],[142.1925,44.2845],[142.209,44.2763],[142.2171,44.2805],[142.2129,44.2951],[142.2365,44.2969],[142.2523,44.2847],[142.2803,44.2814],[142.295,44.2622],[142.3083,44.2631],[142.3107,44.2732],[142.4345,44.2735],[142.4413,44.2561],[142.4722,44.2558],[142.4893,44.2221],[142.5087,44.2117],[142.5241,44.1839],[142.5357,44.1931],[142.5514,44.1906],[142.5642,44.178],[142.6091,44.176],[142.6283,44.165],[142.6859,44.1877],[142.6973,44.1692],[142.7004,44.1797],[142.7411,44.1922],[142.7499,44.1803],[142.7665,44.1803],[142.7809,44.1697],[142.7927,44.1577],[142.7902,44.1485],[142.802,44.1418],[142.8383,44.1568],[142.8417,44.1275],[142.8605,44.1087],[142.8568,44.0905],[142.8705,44.0849],[142.8604,44.0693],[142.8788,44.0517],[142.8665,44.0403],[142.8765,44.0328],[142.8742,44.0191],[142.8899,44.0207],[142.9026,43.9897],[142.8888,43.9764],[142.8819,43.9531],[142.8432,43.9416],[142.8302,43.9218],[142.8161,43.915],[142.7983,43.9162],[142.7379,43.9551],[142.7355,43.9741],[142.7219,43.9937],[142.6882,44.0131],[142.6893,44.0219],[142.6442,44.0103],[142.6113,44.0294],[142.5876,44.0233],[142.5824,44.0128],[142.5474,44.0073],[142.5362,43.994],[142.5202,43.9933],[142.4915,43.9768]]]}},{"type":"Feature","properties":{"id":"01221","name":"名寄市","pref":"北海道"},"geometry":{"type":"Polygon","coordinates":[[[142.5228,44.1845],[142.4893,44.2221],[142.4722,44.2558],[142.4413,44.2561],[142.4345,44.2735],[142.3107,44.2732],[142.2915,44.2913],[142.2784,44.3136],[142.3069,44.3281],[142.3039,44.345],[142.3231,44.3544],[142.3067,44.4396],[142.3375,44.458],[142.367,44.4543],[142.3758,44.4665],[142.4092,44.4831],[142.4251,44.4686],[142.4726,44.4739],[142.4909,44.4523],[142.5211,44.4434],[142.5482,44.4493],[142.5863,44.4453],[142.5841,44.4337],[142.5583,44.409],[142.5718,44.3677],[142.5828,44.3597],[142.5741,44.3328],[142.551,44.3227],[142.5295,44.2908],[142.5904,44.2856],[142.5895,44.2708],[142.6031,44.2591],[142.597,44.2511],[142.6085,44.246],[142.6288,44.2151],[142.625,44.2075],[142.6395,44.1969],[142.6171,44.1725],[142.584,44.1737],[142.539,44.1927],[142.5228,44.1845]]]}},{"type":"Feature","properties":{"id":"01222","name":"三笠市","pref":"北海道"},"geometry":{"type":"Polygon","coordinates":[[[141.8976,43.1937],[141.8255,43.2028],[141.8209,43.2322],[141.798,43.2286],[141.8049,43.2536],[141.8254,43.2484],[141.8368,43.2585],[141.8615,43.2595],[141.9076,43.2922],[141.9408,43.2876],[141.9538,43.2981],[141.9912,43.3066],[142.0104,43.3269],[142.0236,43.3588],[142.0501,43.3521],[142.0639,43.3358],[142.0463,43.3082],[142.0792,43.2873],[142.0762,43.2756],[142.0892,43.2694],[142.1107,43.2244],[142.1241,43.2197],[142.1615,43.2263],[142.152,43.2047],[142.1564,43.1965],[142.1288,43.1903],[142.117,43.1739],[142.096,43.1639],[142.0727,43.1646],[142.0499,43.1433],[142.0382,43.1462],[142.0279,43.1731],[142.0067,43.1721],[141.9581,43.1946],[141.9427,43.1916],[141.9182,43.207],[141.9077,43.2068],[141.8976,43.1937]]]}},{"type":"Feature","properties":{"id":"01223","name":"根室市","pref":"北海道"},"geometry":{"type":"MultiPolygon","coordinates":[[[[145.496,43.1584],[145.4962,43.1585],[145.4962,43.1584],[145.496,43.1584]]],[[[145.4955,43.1592],[145.4954,43.1592],[145.4955,43.1592],[145.4955,43.1592]]],[[[145.4993,43.1593],[145.4994,43.1594],[145.4994,43.1593],[145.4993,43.1593]]],[[[145.4997,43.1593],[145.4998,43.1594],[145.4998,43.1593],[145.4997,43.1593]]],[[[145.4952,43.1595],[145.4952,43.1594],[145.4951,43.1595],[145.4952,43.1595]]],[[[145.5029,43.1604],[145.5029,43.1605],[145.503,43.1605],[145.5029,43.1604]]],[[[145.5097,43.1611],[145.5096,43.1612],[145.5097,43.1612],[145.5097,43.1611]]],[[[145.5105,43.1616],[145.5105,43.1617],[145.5106,43.1616],[145.5105,43.1616]]],[[[145.5099,43.1617],[145.51,43.1616],[145.5098,43.1616],[145.5099,43.1617]]],[[[145.5104,43.1618],[145.5104,43.162],[145.5104,43.1619],[145.5104,43.1618]]],[[[145.5157,43.1636],[145.5155,43.1636],[145.5155,43.1637],[145.5157,43.1636]]],[[[145.5163,43.1637],[145.5163,43.1636],[145.5162,43.1636],[145.5163,43.1637]]],[[[145.5188,43.1644],[145.5188,43.1645],[145.5188,43.1645],[145.5188,43.1644]]],[[[145.4923,43.1647],[145.4922,43.1649],[145.4923,43.1648],[145.4923,43.1647]]],[[[145.4936,43.1648],[145.4936,43.1649],[145.4937,43.1648],[145.4936,43.1648]]],[[[145.4938,43.1652],[145.4936,43.1651],[145.4936,43.1652],[145.4938,43.1652]]],[[[145.4934,43.1652],[145.4934,43.1651],[145.4933,43.1652],[145.4934,43.1652]]],[[[145.492,43.1653],[145.4922,43.1652],[145.492,43.1652],[145.492,43.1653]]],[[[145.5213,43.1657],[145.5213,43.1656],[145.5212,43.1656],[145.5213,43.1657]]],[[[145.4933,43.1663],[145.4933,43.1662],[145.4932,43.1663],[145.4933,43.1663]]],[[[145.5226,43.1664],[145.5226,43.1664],[145.5227,43.1663],[145.5226,43.1664]]],[[[145.4933,43.1664],[145.4932,43.1664],[145.4932,43.1664],[145.4933,43.1664]]],[[[145.492,43.1664],[145.4923,43.1664],[145.492,43.1663],[145.492,43.1664]]],[[[145.5229,43.1666],[145.5229,43.1668],[145.523,43.1667],[145.5229,43.1666]]],[[[145.4935,43.1668],[145.4935,43.1669],[145.4936,43.1668],[145.4935,43.1668]]],[[[145.5234,43.1669],[145.5234,43.167],[145.5235,43.167],[145.5234,43.1669]]],[[[145.5238,43.1674],[145.5239,43.1673],[145.5238,43.1673],[145.5238,43.1674]]],[[[145.4948,43.1674],[145.4947,43.1673],[145.4946,43.1674],[145.4948,43.1674]]],[[[145.5239,43.1675],[145.5238,43.1676],[145.5239,43.1676],[145.5239,43.1675]]],[[[145.524,43.1675],[145.5241,43.1675],[145.5242,43.1675],[145.524,43.1675]]],[[[145.5248,43.168],[145.5247,43.168],[145.5248,43.168],[145.5248,43.168]]],[[[145.5271,43.1701],[145.5271,43.17],[145.527,43.17],[145.5271,43.1701]]],[[[145.5268,43.171],[145.5269,43.1708],[145.5269,43.1708],[145.5268,43.171]]],[[[145.3289,43.1721],[145.3289,43.172],[145.3288,43.172],[145.3289,43.1721]]],[[[145.3287,43.1721],[145.3283,43.1725],[145.329,43.1723],[145.3287,43.1721]]],[[[145.3313,43.1727],[145.3313,43.1725],[145.3312,43.1726],[145.3313,43.1727]]],[[[145.3318,43.1728],[145.3317,43.1727],[145.3316,43.1728],[145.3318,43.1728]]],[[[145.3312,43.1729],[145.3314,43.1729],[145.3312,43.1728],[145.3312,43.1729]]],[[[145.3321,43.1732],[145.3322,43.1734],[145.3324,43.1733],[145.3321,43.1732]]],[[[145.3381,43.1739],[145.3381,43.1737],[145.338,43.1738],[145.3381,43.1739]]],[[[145.3376,43.1739],[145.3377,43.1738],[145.3375,43.1738],[145.3376,43.1739]]],[[[145.3388,43.1743],[145.3389,43.1742],[145.3387,43.1742],[145.3388,43.1743]]],[[[145.5237,43.1745],[145.5238,43.1746],[145.5238,43.1745],[145.5237,43.1745]]],[[[145.523,43.1748],[145.5231,43.1752],[145.5233,43.175],[145.523,43.1748]]],[[[145.3398,43.1752],[145.3398,43.175],[145.3397,43.1751],[145.3398,43.1752]]],[[[145.3401,43.1752],[145.34,43.1752],[145.34,43.1753],[145.3401,43.1752]]],[[[145.5168,43.177],[145.5171,43.1768],[145.5168,43.1768],[145.5168,43.177]]],[[[145.5167,43.1774],[145.5168,43.1775],[145.5169,43.1774],[145.5167,43.1774]]],[[[145.3596,43.1781],[145.3595,43.1781],[145.3595,43.1782],[145.3596,43.1781]]],[[[145.3589,43.1783],[145.3588,43.1784],[145.3589,43.1784],[145.3589,43.1783]]],[[[145.3583,43.1787],[145.3582,43.1787],[145.3583,43.1787],[145.3583,43.1787]]],[[[145.3695,43.1819],[145.3696,43.182],[145.3696,43.182],[145.3695,43.1819]]],[[[145.3702,43.182],[145.3703,43.1821],[145.3703,43.182],[145.3702,43.182]]],[[[145.3804,43.1822],[145.3803,43.1821],[145.3803,43.1821],[145.3804,43.1822]]],[[[145.3801,43.1821],[145.3799,43.1823],[145.3801,43.1822],[145.3801,43.1821]]],[[[145.517,43.1836],[145.5172,43.1836],[145.5174,43.1827],[145.517,43.1836]]],[[[145.4,43.1842],[145.4001,43.1843],[145.4,43.1842],[145.4,43.1842]]],[[[145.3995,43.1844],[145.3994,43.1843],[145.3993,43.1844],[145.3995,43.1844]]],[[[145.3989,43.1844],[145.3989,43.1845],[145.399,43.1844],[145.3989,43.1844]]],[[[145.5198,43.1855],[145.5198,43.1853],[145.5197,43.1855],[145.5198,43.1855]]],[[[145.5304,43.1855],[145.5305,43.1854],[145.5304,43.1854],[145.5304,43.1855]]],[[[145.5296,43.1857],[145.5295,43.1855],[145.5295,43.1856],[145.5296,43.1857]]],[[[145.5197,43.1857],[145.5196,43.1857],[145.5196,43.1857],[145.5197,43.1857]]],[[[145.518,43.1859],[145.5183,43.186],[145.5183,43.1859],[145.518,43.1859]]],[[[145.5286,43.186],[145.5284,43.186],[145.5285,43.1861],[145.5286,43.186]]],[[[145.52,43.186],[145.5199,43.1861],[145.52,43.1862],[145.52,43.186]]],[[[145.5357,43.1876],[145.5356,43.1875],[145.5356,43.1876],[145.5357,43.1876]]],[[[145.536,43.1876],[145.536,43.1875],[145.5359,43.1875],[145.536,43.1876]]],[[[145.5341,43.1878],[145.534,43.1877],[145.534,43.1878],[145.5341,43.1878]]],[[[145.5354,43.1879],[145.5353,43.1879],[145.5354,43.1879],[145.5354,43.1879]]],[[[145.5352,43.1879],[145.5352,43.188],[145.5352,43.188],[145.5352,43.1879]]],[[[145.5322,43.188],[145.5321,43.188],[145.5321,43.1881],[145.5322,43.188]]],[[[145.5349,43.1883],[145.5348,43.1883],[145.5348,43.1884],[145.5349,43.1883]]],[[[145.5338,43.1896],[145.5337,43.1897],[145.5338,43.1897],[145.5338,43.1896]]],[[[145.5343,43.1901],[145.5342,43.1902],[145.5343,43.1902],[145.5343,43.1901]]],[[[145.5348,43.1912],[145.5348,43.1911],[145.5347,43.1911],[145.5348,43.1912]]],[[[145.5346,43.1915],[145.5346,43.1916],[145.5347,43.1915],[145.5346,43.1915]]],[[[145.5349,43.1931],[145.535,43.193],[145.5349,43.193],[145.5349,43.1931]]],[[[145.5356,43.1941],[145.5357,43.194],[145.5356,43.194],[145.5356,43.1941]]],[[[145.5355,43.194],[145.5354,43.194],[145.5355,43.1942],[145.5355,43.194]]],[[[145.5366,43.1944],[145.5367,43.1944],[145.5367,43.1943],[145.5366,43.1944]]],[[[145.5366,43.1946],[145.5365,43.1947],[145.5366,43.1947],[145.5366,43.1946]]],[[[145.5356,43.1948],[145.5356,43.1949],[145.5357,43.1949],[145.5356,43.1948]]],[[[145.5359,43.1951],[145.5359,43.1952],[145.536,43.1951],[145.5359,43.1951]]],[[[145.5355,43.1952],[145.5356,43.1953],[145.5357,43.1953],[145.5355,43.1952]]],[[[145.5356,43.1966],[145.5358,43.1967],[145.5359,43.1966],[145.5356,43.1966]]],[[[145.5345,43.1983],[145.5348,43.198],[145.5345,43.1981],[145.5345,43.1983]]],[[[145.5335,43.201],[145.5336,43.201],[145.5335,43.1994],[145.5335,43.201]]],[[[145.5455,43.2125],[145.5454,43.2124],[145.5453,43.2125],[145.5455,43.2125]]],[[[145.5538,43.2162],[145.5539,43.2162],[145.5538,43.2162],[145.5538,43.2162]]],[[[145.5543,43.2166],[145.5542,43.2167],[145.5543,43.2167],[145.5543,43.2166]]],[[[145.5565,43.2177],[145.5564,43.2177],[145.5564,43.2178],[145.5565,43.2177]]],[[[145.5565,43.2179],[145.5564,43.218],[145.5565,43.218],[145.5565,43.2179]]],[[[145.522,43.1662],[145.4959,43.1587],[145.4965,43.1639],[145.4931,43.1668],[145.4936,43.1666],[145.4947,43.1668],[145.4954,43.1674],[145.4964,43.167],[145.4988,43.1683],[145.5028,43.1686],[145.5037,43.1695],[145.4994,43.1789],[145.4652,43.1891],[145.4124,43.1871],[145.3711,43.1826],[145.3529,43.1778],[145.3448,43.1796],[145.3406,43.1782],[145.3372,43.1735],[145.3329,43.175],[145.3296,43.172],[145.3137,43.2028],[145.2839,43.2114],[145.2677,43.2273],[145.2255,43.206],[145.1956,43.2577],[145.213,43.2497],[145.2209,43.256],[145.2167,43.2699],[145.2231,43.2776],[145.2396,43.277],[145.2585,43.2917],[145.2532,43.3303],[145.3071,43.3267],[145.3709,43.2906],[145.3909,43.2945],[145.4922,43.2665],[145.5239,43.3001],[145.5223,43.307],[145.5276,43.3086],[145.5317,43.3129],[145.5316,43.3139],[145.5333,43.3114],[145.5373,43.311],[145.5524,43.3178],[145.5504,43.325],[145.5655,43.326],[145.5808,43.3425],[145.5815,43.3389],[145.5865,43.3405],[145.5797,43.3465],[145.5844,43.3467],[145.5878,43.3477],[145.6238,43.3634],[145.6384,43.3736],[145.6506,43.3915],[145.6665,43.3923],[145.6727,43.3867],[145.7214,43.3831],[145.7336,43.3939],[145.751,43.3898],[145.7449,43.3922],[145.7573,43.3995],[145.7649,43.391],[145.8175,43.3854],[145.8064,43.3773],[145.811,43.3677],[145.7894,43.361],[145.7534,43.3386],[145.7577,43.3372],[145.7567,43.3354],[145.7388,43.3391],[145.7307,43.3282],[145.7232,43.336],[145.7078,43.3352],[145.6806,43.3236],[145.6767,43.3115],[145.6595,43.321],[145.6298,43.3191],[145.6088,43.3098],[145.6078,43.3083],[145.6085,43.305],[145.607,43.3043],[145.6112,43.3001],[145.5974,43.2949],[145.6003,43.2899],[145.5997,43.2899],[145.5974,43.2876],[145.5964,43.2838],[145.5956,43.2838],[145.5903,43.2803],[145.5896,43.2789],[145.5904,43.2781],[145.5752,43.2786],[145.5845,43.2827],[145.5826,43.2865],[145.5679,43.283],[145.5726,43.2797],[145.5645,43.2765],[145.5484,43.2293],[145.5565,43.2188],[145.5295,43.2081],[145.5351,43.1938],[145.5294,43.186],[145.5092,43.1883],[145.5082,43.178],[145.5104,43.1782],[145.5111,43.1806],[145.5125,43.1829],[145.5122,43.1831],[145.5143,43.1838],[145.5106,43.178],[145.5239,43.1738],[145.522,43.1662]]],[[[145.5221,43.3073],[145.5223,43.3073],[145.522,43.3073],[145.5221,43.3073]]],[[[145.5227,43.3073],[145.5225,43.3074],[145.5227,43.3074],[145.5227,43.3073]]],[[[145.5254,43.3081],[145.5255,43.3082],[145.5256,43.3081],[145.5254,43.3081]]],[[[145.5286,43.3103],[145.5285,43.3103],[145.5286,43.3103],[145.5286,43.3103]]],[[[145.5288,43.3104],[145.5289,43.3104],[145.5288,43.3104],[145.5288,43.3104]]],[[[145.5285,43.3104],[145.5284,43.3105],[145.5285,43.3105],[145.5285,43.3104]]],[[[145.53,43.3118],[145.53,43.3117],[145.53,43.3118],[145.53,43.3118]]],[[[145.5303,43.3123],[145.5303,43.3122],[145.5303,43.3122],[145.5303,43.3123]]],[[[145.533,43.3126],[145.533,43.3125],[145.5329,43.3126],[145.533,43.3126]]],[[[145.5551,43.3258],[145.5551,43.326],[145.5552,43.3259],[145.5551,43.3258]]],[[[145.5976,43.2019],[145.5975,43.2023],[145.5977,43.2021],[145.5976,43.2019]]],[[[145.5987,43.2023],[145.5985,43.2026],[145.599,43.2026],[145.5987,43.2023]]],[[[145.5981,43.2029],[145.5983,43.2028],[145.5981,43.2028],[145.5981,43.2029]]],[[[145.5988,43.2029],[145.5984,43.2031],[145.5989,43.203],[145.5988,43.2029]]],[[[145.5982,43.203],[145.5977,43.203],[145.5983,43.2032],[145.5982,43.203]]],[[[145.5985,43.2034],[145.5986,43.2033],[145.5984,43.2033],[145.5985,43.2034]]],[[[145.5983,43.2049],[145.5983,43.2048],[145.5982,43.2049],[145.5983,43.2049]]],[[[145.5982,43.2051],[145.5986,43.205],[145.5986,43.2049],[145.5982,43.2051]]],[[[145.587,43.2071],[145.5873,43.2074],[145.5873,43.2071],[145.587,43.2071]]],[[[145.5842,43.2125],[145.584,43.2127],[145.5843,43.2128],[145.5842,43.2125]]],[[[145.5848,43.2127],[145.5847,43.213],[145.585,43.2129],[145.5848,43.2127]]],[[[145.5908,43.2058],[145.5873,43.2149],[145.5951,43.2213],[145.6095,43.2134],[145.5908,43.2058]]],[[[145.5874,43.2151],[145.5873,43.2155],[145.5876,43.2151],[145.5874,43.2151]]],[[[145.5898,43.2173],[145.5898,43.2171],[145.5896,43.2172],[145.5898,43.2173]]],[[[145.59,43.2174],[145.59,43.2175],[145.5901,43.2175],[145.59,43.2174]]],[[[145.5569,43.2184],[145.5567,43.2184],[145.5568,43.2184],[145.5569,43.2184]]],[[[145.5988,43.2206],[145.599,43.2205],[145.5987,43.2205],[145.5988,43.2206]]],[[[145.5985,43.221],[145.5988,43.2211],[145.5989,43.2211],[145.5985,43.221]]],[[[145.5991,43.2214],[145.5991,43.2215],[145.5992,43.2214],[145.5991,43.2214]]],[[[145.5978,43.2217],[145.5979,43.2217],[145.5979,43.2216],[145.5978,43.2217]]],[[[145.5991,43.2335],[145.599,43.2333],[145.5988,43.2334],[145.5991,43.2335]]],[[[145.5987,43.2335],[145.5987,43.2341],[145.599,43.2337],[145.5987,43.2335]]],[[[145.5608,43.2642],[145.561,43.2641],[145.561,43.2641],[145.5608,43.2642]]],[[[145.5613,43.2646],[145.5614,43.2645],[145.5613,43.2646],[145.5613,43.2646]]],[[[145.5616,43.2647],[145.5616,43.2646],[145.5615,43.2647],[145.5616,43.2647]]],[[[145.5615,43.2651],[145.5617,43.2652],[145.5617,43.265],[145.5615,43.2651]]],[[[145.5625,43.2662],[145.5623,43.2663],[145.5625,43.2662],[145.5625,43.2662]]],[[[145.5638,43.2677],[145.5638,43.2677],[145.5638,43.2677],[145.5638,43.2677]]],[[[145.5635,43.268],[145.5632,43.2681],[145.5635,43.268],[145.5635,43.268]]],[[[145.5636,43.2681],[145.5636,43.2681],[145.5636,43.2681],[145.5636,43.2681]]],[[[145.5637,43.2682],[145.5636,43.2682],[145.5636,43.2683],[145.5637,43.2682]]],[[[145.5781,43.2695],[145.5784,43.2694],[145.5727,43.2692],[145.5781,43.2695]]],[[[145.5635,43.2701],[145.5636,43.2701],[145.5635,43.2701],[145.5635,43.2701]]],[[[145.5637,43.2702],[145.5636,43.2702],[145.5637,43.2702],[145.5637,43.2702]]],[[[145.5657,43.2706],[145.5657,43.2706],[145.5656,43.2706],[145.5657,43.2706]]],[[[145.5656,43.271],[145.5656,43.2711],[145.5656,43.2711],[145.5656,43.271]]],[[[145.5662,43.2713],[145.5663,43.2713],[145.5663,43.2713],[145.5662,43.2713]]],[[[145.5661,43.2713],[145.5661,43.2713],[145.5661,43.2713],[145.5661,43.2713]]],[[[145.5654,43.2713],[145.5654,43.2713],[145.5654,43.2713],[145.5654,43.2713]]],[[[145.5658,43.2713],[145.5659,43.2714],[145.5659,43.2713],[145.5658,43.2713]]],[[[145.5659,43.2714],[145.566,43.2714],[145.566,43.2714],[145.5659,43.2714]]],[[[145.5661,43.2715],[145.5661,43.2715],[145.5661,43.2715],[145.5661,43.2715]]],[[[145.5662,43.2716],[145.5662,43.2716],[145.5662,43.2716],[145.5662,43.2716]]],[[[145.5671,43.2723],[145.567,43.2723],[145.567,43.2723],[145.5671,43.2723]]],[[[145.5835,43.2683],[145.5877,43.2766],[145.5838,43.2682],[145.5835,43.2683]]],[[[145.5661,43.2731],[145.5662,43.2731],[145.5662,43.2731],[145.5661,43.2731]]],[[[145.5656,43.2742],[145.5655,43.2742],[145.5656,43.2742],[145.5656,43.2742]]],[[[145.5655,43.2744],[145.5655,43.2744],[145.5655,43.2744],[145.5655,43.2744]]],[[[145.5845,43.2752],[145.5821,43.2753],[145.582,43.2753],[145.5845,43.2752]]],[[[145.5875,43.2768],[145.5876,43.2768],[145.5875,43.2768],[145.5875,43.2768]]],[[[145.5872,43.2768],[145.5873,43.277],[145.5874,43.277],[145.5872,43.2768]]],[[[145.5877,43.2769],[145.5876,43.2771],[145.5878,43.2772],[145.5877,43.2769]]],[[[145.588,43.2771],[145.588,43.2771],[145.588,43.277],[145.588,43.2771]]],[[[145.5881,43.2771],[145.5881,43.2771],[145.5881,43.2771],[145.5881,43.2771]]],[[[145.5879,43.2771],[145.5879,43.2771],[145.5879,43.2772],[145.5879,43.2771]]],[[[145.588,43.2772],[145.588,43.2772],[145.588,43.2772],[145.588,43.2772]]],[[[145.5884,43.2774],[145.5883,43.2774],[145.5884,43.2775],[145.5884,43.2774]]],[[[145.5882,43.2774],[145.5882,43.2775],[145.5883,43.2775],[145.5882,43.2774]]],[[[145.5877,43.2779],[145.5876,43.2779],[145.5876,43.2779],[145.5877,43.2779]]],[[[145.59,43.2789],[145.5899,43.279],[145.59,43.279],[145.59,43.2789]]],[[[145.5901,43.2793],[145.5898,43.2793],[145.5901,43.2793],[145.5901,43.2793]]],[[[145.5908,43.2794],[145.5903,43.2793],[145.5902,43.2793],[145.5908,43.2794]]],[[[145.5909,43.2795],[145.5908,43.2794],[145.5908,43.2795],[145.5909,43.2795]]],[[[145.5911,43.2805],[145.591,43.2805],[145.5911,43.2805],[145.5911,43.2805]]],[[[145.5927,43.2812],[145.5928,43.2813],[145.5929,43.2812],[145.5927,43.2812]]],[[[145.5932,43.2818],[145.5932,43.2818],[145.5932,43.2818],[145.5932,43.2818]]],[[[145.5933,43.2819],[145.5933,43.2819],[145.5933,43.2819],[145.5933,43.2819]]],[[[145.5934,43.282],[145.5934,43.282],[145.5934,43.282],[145.5934,43.282]]],[[[145.5722,43.2832],[145.5723,43.2831],[145.5711,43.2827],[145.5722,43.2832]]],[[[145.596,43.2837],[145.596,43.2837],[145.596,43.2837],[145.596,43.2837]]],[[[145.5967,43.2841],[145.5967,43.284],[145.5967,43.284],[145.5967,43.2841]]],[[[145.597,43.2841],[145.597,43.2842],[145.597,43.2842],[145.597,43.2841]]],[[[145.5969,43.2841],[145.5969,43.2842],[145.5969,43.2842],[145.5969,43.2841]]],[[[145.597,43.2843],[145.597,43.2842],[145.597,43.2842],[145.597,43.2843]]],[[[145.5969,43.2842],[145.5969,43.2843],[145.5969,43.2842],[145.5969,43.2842]]],[[[145.5969,43.2844],[145.5968,43.2844],[145.5969,43.2845],[145.5969,43.2844]]],[[[145.5975,43.2855],[145.5974,43.2854],[145.5975,43.2855],[145.5975,43.2855]]],[[[145.5979,43.2858],[145.598,43.2858],[145.5979,43.2858],[145.5979,43.2858]]],[[[145.598,43.2858],[145.5979,43.2859],[145.598,43.2859],[145.598,43.2858]]],[[[145.5987,43.2862],[145.5987,43.2861],[145.5986,43.2862],[145.5987,43.2862]]],[[[145.5988,43.2862],[145.5989,43.2862],[145.5989,43.2862],[145.5988,43.2862]]],[[[145.5985,43.2864],[145.5985,43.2863],[145.5984,43.2863],[145.5985,43.2864]]],[[[145.5985,43.2866],[145.5987,43.2867],[145.5985,43.2865],[145.5985,43.2866]]],[[[145.5977,43.2873],[145.598,43.2872],[145.598,43.2872],[145.5977,43.2873]]],[[[145.5985,43.2876],[145.5986,43.2875],[145.5985,43.2875],[145.5985,43.2876]]],[[[145.5984,43.2876],[145.5984,43.2876],[145.5984,43.2876],[145.5984,43.2876]]],[[[145.5982,43.2877],[145.5982,43.2876],[145.5982,43.2877],[145.5982,43.2877]]],[[[145.5996,43.2886],[145.5996,43.2886],[145.5996,43.2886],[145.5996,43.2886]]],[[[145.5996,43.2888],[145.5998,43.2889],[145.5998,43.2888],[145.5996,43.2888]]],[[[145.5995,43.2892],[145.5995,43.2891],[145.5994,43.2892],[145.5995,43.2892]]],[[[145.5585,43.3264],[145.5585,43.3263],[145.5584,43.3263],[145.5585,43.3264]]],[[[145.5588,43.3266],[145.5588,43.3265],[145.5587,43.3266],[145.5588,43.3266]]],[[[145.5676,43.3297],[145.5677,43.3297],[145.5677,43.3297],[145.5676,43.3297]]],[[[145.5834,43.3401],[145.5834,43.34],[145.5821,43.34],[145.5834,43.3401]]],[[[145.573,43.3406],[145.5731,43.3408],[145.5732,43.3407],[145.573,43.3406]]],[[[145.5732,43.3381],[145.5759,43.3431],[145.5778,43.3442],[145.5786,43.3455],[145.5787,43.3455],[145.5766,43.3411],[145.5732,43.3381]]],[[[145.5761,43.3487],[145.5743,43.3458],[145.576,43.3487],[145.5761,43.3487]]],[[[145.5855,43.3473],[145.5854,43.3473],[145.5854,43.3473],[145.5855,43.3473]]],[[[145.5856,43.3472],[145.5856,43.3473],[145.5857,43.3473],[145.5856,43.3472]]],[[[145.5788,43.3481],[145.5799,43.347],[145.5787,43.3481],[145.5788,43.3481]]],[[[145.5899,43.3495],[145.5899,43.3495],[145.5899,43.3495],[145.5899,43.3495]]],[[[145.5901,43.3498],[145.5901,43.3498],[145.5902,43.3498],[145.5901,43.3498]]],[[[145.5941,43.3528],[145.594,43.3527],[145.594,43.3528],[145.5941,43.3528]]],[[[145.5985,43.3553],[145.5985,43.3552],[145.5984,43.3553],[145.5985,43.3553]]],[[[145.5999,43.2035],[145.5996,43.2037],[145.6,43.2037],[145.5999,43.2035]]],[[[145.6052,43.2181],[145.6047,43.2179],[145.6047,43.2182],[145.6052,43.2181]]],[[[145.6136,43.2241],[145.6138,43.2238],[145.6135,43.224],[145.6136,43.2241]]],[[[145.6116,43.2248],[145.6118,43.2246],[145.6114,43.2247],[145.6116,43.2248]]],[[[145.6042,43.2255],[145.6043,43.2252],[145.6041,43.2254],[145.6042,43.2255]]],[[[145.6037,43.2258],[145.6038,43.2258],[145.6037,43.2258],[145.6037,43.2258]]],[[[145.6035,43.226],[145.6034,43.2261],[145.6036,43.226],[145.6035,43.226]]],[[[145.6029,43.2265],[145.603,43.2265],[145.603,43.2264],[145.6029,43.2265]]],[[[145.6136,43.226],[145.6014,43.2276],[145.601,43.2289],[145.6136,43.226]]],[[[145.6005,43.2276],[145.6007,43.2275],[145.6006,43.2274],[145.6005,43.2276]]],[[[145.6006,43.2284],[145.6005,43.2285],[145.6007,43.2285],[145.6006,43.2284]]],[[[145.6116,43.229],[145.6113,43.2291],[145.6115,43.2292],[145.6116,43.229]]],[[[145.6023,43.229],[145.6022,43.2291],[145.6023,43.229],[145.6023,43.229]]],[[[145.6009,43.2292],[145.6009,43.2292],[145.601,43.2292],[145.6009,43.2292]]],[[[145.6107,43.2295],[145.6109,43.2294],[145.6107,43.2294],[145.6107,43.2295]]],[[[145.608,43.2304],[145.6081,43.2306],[145.6081,43.2304],[145.608,43.2304]]],[[[145.6072,43.2307],[145.6078,43.2311],[145.608,43.2308],[145.6072,43.2307]]],[[[145.5998,43.2312],[145.5997,43.2313],[145.5999,43.2313],[145.5998,43.2312]]],[[[145.6085,43.2341],[145.6087,43.2341],[145.6086,43.234],[145.6085,43.2341]]],[[[145.6089,43.2345],[145.6086,43.2346],[145.6086,43.2347],[145.6089,43.2345]]],[[[145.5998,43.289],[145.5998,43.289],[145.5998,43.289],[145.5998,43.289]]],[[[145.6001,43.2891],[145.6001,43.2891],[145.6001,43.2891],[145.6001,43.2891]]],[[[145.6002,43.2892],[145.6002,43.2892],[145.6003,43.2892],[145.6002,43.2892]]],[[[145.5998,43.2894],[145.5998,43.2894],[145.5998,43.2894],[145.5998,43.2894]]],[[[145.6002,43.2894],[145.6002,43.2895],[145.6003,43.2894],[145.6002,43.2894]]],[[[145.6002,43.2897],[145.6003,43.2896],[145.6002,43.2897],[145.6002,43.2897]]],[[[145.6,43.2897],[145.6,43.2897],[145.5999,43.2897],[145.6,43.2897]]],[[[145.6003,43.2898],[145.6004,43.2898],[145.6005,43.2897],[145.6003,43.2898]]],[[[145.6013,43.2902],[145.6016,43.2899],[145.6013,43.2901],[145.6013,43.2902]]],[[[145.6016,43.2901],[145.6014,43.2902],[145.6014,43.2902],[145.6016,43.2901]]],[[[145.6015,43.2902],[145.6017,43.2903],[145.6017,43.2901],[145.6015,43.2902]]],[[[145.6035,43.2933],[145.6034,43.2933],[145.6035,43.2934],[145.6035,43.2933]]],[[[145.6037,43.2935],[145.6038,43.2936],[145.6038,43.2936],[145.6037,43.2935]]],[[[145.6045,43.2945],[145.6044,43.2943],[145.6044,43.2945],[145.6045,43.2945]]],[[[145.6044,43.2946],[145.6043,43.2946],[145.6044,43.2947],[145.6044,43.2946]]],[[[145.6048,43.2949],[145.6048,43.2949],[145.6049,43.2949],[145.6048,43.2949]]],[[[145.6047,43.295],[145.6046,43.295],[145.6047,43.2951],[145.6047,43.295]]],[[[145.605,43.2953],[145.605,43.2952],[145.605,43.2953],[145.605,43.2953]]],[[[145.6056,43.2955],[145.6054,43.2953],[145.6054,43.2954],[145.6056,43.2955]]],[[[145.605,43.2955],[145.6053,43.2955],[145.605,43.2955],[145.605,43.2955]]],[[[145.6062,43.2964],[145.6061,43.2965],[145.6062,43.2964],[145.6062,43.2964]]],[[[145.606,43.2965],[145.606,43.2965],[145.6061,43.2966],[145.606,43.2965]]],[[[145.608,43.2965],[145.6082,43.2966],[145.6083,43.2966],[145.608,43.2965]]],[[[145.6057,43.2967],[145.6056,43.2967],[145.6055,43.2968],[145.6057,43.2967]]],[[[145.6082,43.2968],[145.6082,43.2967],[145.6082,43.2967],[145.6082,43.2968]]],[[[145.6085,43.2968],[145.6085,43.2967],[145.6085,43.2967],[145.6085,43.2968]]],[[[145.6054,43.2969],[145.6055,43.2968],[145.6054,43.2968],[145.6054,43.2969]]],[[[145.6088,43.297],[145.6088,43.2969],[145.6088,43.2969],[145.6088,43.297]]],[[[145.6087,43.297],[145.6088,43.297],[145.6088,43.297],[145.6087,43.297]]],[[[145.6092,43.297],[145.6091,43.297],[145.6092,43.2971],[145.6092,43.297]]],[[[145.6088,43.297],[145.6088,43.2971],[145.6088,43.2971],[145.6088,43.297]]],[[[145.6091,43.2971],[145.6094,43.2973],[145.6091,43.2971],[145.6091,43.2971]]],[[[145.6093,43.298],[145.6097,43.2979],[145.6095,43.2978],[145.6093,43.298]]],[[[145.6097,43.2981],[145.6098,43.2982],[145.6099,43.2982],[145.6097,43.2981]]],[[[145.6096,43.2982],[145.6096,43.2983],[145.6096,43.2982],[145.6096,43.2982]]],[[[145.6113,43.2987],[145.6114,43.2989],[145.6115,43.2989],[145.6113,43.2987]]],[[[145.6113,43.299],[145.6111,43.2989],[145.6113,43.299],[145.6113,43.299]]],[[[145.6114,43.2991],[145.6115,43.2991],[145.6114,43.299],[145.6114,43.2991]]],[[[145.6111,43.299],[145.611,43.2992],[145.6115,43.2994],[145.6111,43.299]]],[[[145.6107,43.2997],[145.6107,43.2997],[145.6107,43.2997],[145.6107,43.2997]]],[[[145.611,43.2998],[145.6109,43.2998],[145.6109,43.2998],[145.611,43.2998]]],[[[145.6107,43.2998],[145.6108,43.2998],[145.6108,43.2998],[145.6107,43.2998]]],[[[145.6108,43.2999],[145.6108,43.2999],[145.6108,43.2999],[145.6108,43.2999]]],[[[145.6114,43.3001],[145.6114,43.3001],[145.6115,43.3001],[145.6114,43.3001]]],[[[145.613,43.3005],[145.613,43.3004],[145.6129,43.3004],[145.613,43.3005]]],[[[145.6136,43.3008],[145.6137,43.3007],[145.6135,43.3007],[145.6136,43.3008]]],[[[145.6107,43.3012],[145.6107,43.3012],[145.6106,43.3012],[145.6107,43.3012]]],[[[145.6108,43.3013],[145.6109,43.3013],[145.6109,43.3013],[145.6108,43.3013]]],[[[145.6128,43.3015],[145.6128,43.3014],[145.6128,43.3015],[145.6128,43.3015]]],[[[145.6117,43.3016],[145.6116,43.3017],[145.6118,43.3016],[145.6117,43.3016]]],[[[145.6115,43.3018],[145.6114,43.3017],[145.6114,43.3018],[145.6115,43.3018]]],[[[145.6118,43.3019],[145.6117,43.3018],[145.6117,43.3019],[145.6118,43.3019]]],[[[145.6131,43.3019],[145.6132,43.302],[145.6132,43.3019],[145.6131,43.3019]]],[[[145.6113,43.302],[145.6113,43.3019],[145.6113,43.302],[145.6113,43.302]]],[[[145.6114,43.302],[145.6115,43.302],[145.6114,43.302],[145.6114,43.302]]],[[[145.6129,43.3021],[145.6129,43.302],[145.6129,43.3021],[145.6129,43.3021]]],[[[145.6123,43.3023],[145.6123,43.3023],[145.6122,43.3023],[145.6123,43.3023]]],[[[145.6126,43.3024],[145.6127,43.3024],[145.6126,43.3024],[145.6126,43.3024]]],[[[145.6109,43.3024],[145.6109,43.3024],[145.6109,43.3024],[145.6109,43.3024]]],[[[145.6107,43.3025],[145.6107,43.3024],[145.6107,43.3025],[145.6107,43.3025]]],[[[145.6126,43.3025],[145.6127,43.3025],[145.6127,43.3025],[145.6126,43.3025]]],[[[145.6102,43.3025],[145.6102,43.3025],[145.6103,43.3025],[145.6102,43.3025]]],[[[145.6108,43.3025],[145.6108,43.3026],[145.6108,43.3026],[145.6108,43.3025]]],[[[145.6104,43.3026],[145.6105,43.3026],[145.6106,43.3026],[145.6104,43.3026]]],[[[145.6124,43.3028],[145.6124,43.3027],[145.6124,43.3028],[145.6124,43.3028]]],[[[145.6119,43.3028],[145.612,43.3027],[145.6119,43.3027],[145.6119,43.3028]]],[[[145.6116,43.3028],[145.6116,43.3028],[145.6116,43.3028],[145.6116,43.3028]]],[[[145.6115,43.3028],[145.6113,43.3028],[145.6113,43.3029],[145.6115,43.3028]]],[[[145.6099,43.3035],[145.61,43.3034],[145.6099,43.3034],[145.6099,43.3035]]],[[[145.61,43.3035],[145.6099,43.3035],[145.6099,43.3035],[145.61,43.3035]]],[[[145.611,43.3043],[145.6111,43.3042],[145.6109,43.3042],[145.611,43.3043]]],[[[145.6088,43.3058],[145.6089,43.3058],[145.6089,43.3058],[145.6088,43.3058]]],[[[145.6087,43.3059],[145.6086,43.306],[145.6086,43.306],[145.6087,43.3059]]],[[[145.609,43.3063],[145.609,43.306],[145.6086,43.3061],[145.609,43.3063]]],[[[145.6093,43.3063],[145.6093,43.3062],[145.6092,43.3063],[145.6093,43.3063]]],[[[145.6092,43.3068],[145.6091,43.3067],[145.6091,43.3068],[145.6092,43.3068]]],[[[145.6094,43.3067],[145.6094,43.3068],[145.6094,43.3067],[145.6094,43.3067]]],[[[145.6092,43.3068],[145.6092,43.3068],[145.6093,43.3068],[145.6092,43.3068]]],[[[145.6091,43.3073],[145.6091,43.3073],[145.6091,43.3073],[145.6091,43.3073]]],[[[145.6095,43.3074],[145.6095,43.3073],[145.6094,43.3074],[145.6095,43.3074]]],[[[145.6092,43.3075],[145.6092,43.3074],[145.6092,43.3075],[145.6092,43.3075]]],[[[145.608,43.3081],[145.608,43.3082],[145.6081,43.3082],[145.608,43.3081]]],[[[145.6082,43.3082],[145.6082,43.3082],[145.6082,43.3082],[145.6082,43.3082]]],[[[145.6024,43.3558],[145.6024,43.3558],[145.6024,43.3558],[145.6024,43.3558]]],[[[145.6191,43.2389],[145.6194,43.239],[145.6193,43.2389],[145.6191,43.2389]]],[[[145.6186,43.2391],[145.6188,43.2392],[145.6189,43.2392],[145.6186,43.2391]]],[[[145.6193,43.2394],[145.6191,43.2394],[145.6193,43.2395],[145.6193,43.2394]]],[[[145.6207,43.2398],[145.6208,43.2399],[145.6208,43.2398],[145.6207,43.2398]]],[[[145.6195,43.2405],[145.6195,43.2404],[145.6194,43.2404],[145.6195,43.2405]]],[[[145.6666,43.294],[145.6665,43.294],[145.6666,43.294],[145.6666,43.294]]],[[[145.6663,43.2943],[145.6663,43.2941],[145.6662,43.2942],[145.6663,43.2943]]],[[[145.667,43.2942],[145.667,43.2943],[145.667,43.2943],[145.667,43.2942]]],[[[145.6668,43.2945],[145.6668,43.2946],[145.6668,43.2946],[145.6668,43.2945]]],[[[145.6684,43.2951],[145.6683,43.295],[145.6683,43.2951],[145.6684,43.2951]]],[[[145.6668,43.2951],[145.6673,43.2955],[145.6672,43.2947],[145.6668,43.2951]]],[[[145.6682,43.2953],[145.668,43.2954],[145.6682,43.2954],[145.6682,43.2953]]],[[[145.6687,43.2958],[145.6686,43.2958],[145.6688,43.2958],[145.6687,43.2958]]],[[[145.6699,43.2959],[145.6698,43.2959],[145.6699,43.2959],[145.6699,43.2959]]],[[[145.67,43.2965],[145.6699,43.2965],[145.6699,43.2965],[145.67,43.2965]]],[[[145.6685,43.2966],[145.6684,43.297],[145.6687,43.2969],[145.6685,43.2966]]],[[[145.6713,43.2974],[145.6714,43.2973],[145.6713,43.2973],[145.6713,43.2974]]],[[[145.6723,43.2974],[145.6728,43.2976],[145.6728,43.2976],[145.6723,43.2974]]],[[[145.6729,43.298],[145.6728,43.2978],[145.6729,43.298],[145.6729,43.298]]],[[[145.6738,43.2981],[145.6737,43.2982],[145.6738,43.2982],[145.6738,43.2981]]],[[[145.6738,43.2982],[145.6738,43.2983],[145.6739,43.2983],[145.6738,43.2982]]],[[[145.6739,43.2985],[145.674,43.2984],[145.6739,43.2984],[145.6739,43.2985]]],[[[145.6713,43.2998],[145.6721,43.2977],[145.6683,43.2972],[145.6713,43.2998]]],[[[145.6744,43.2985],[145.6744,43.2986],[145.6744,43.2986],[145.6744,43.2985]]],[[[145.6748,43.2988],[145.6748,43.2987],[145.6747,43.2988],[145.6748,43.2988]]],[[[145.6737,43.2993],[145.6736,43.2993],[145.6737,43.2993],[145.6737,43.2993]]],[[[145.6759,43.2995],[145.6758,43.2996],[145.6759,43.2996],[145.6759,43.2995]]],[[[145.6755,43.2995],[145.6754,43.2996],[145.6755,43.2996],[145.6755,43.2995]]],[[[145.6742,43.2995],[145.6744,43.2995],[145.6742,43.2995],[145.6742,43.2995]]],[[[145.6731,43.2995],[145.6731,43.2996],[145.6732,43.2996],[145.6731,43.2995]]],[[[145.6736,43.3],[145.674,43.3002],[145.6742,43.3001],[145.6736,43.3]]],[[[145.614,43.301],[145.6139,43.3009],[145.6139,43.3009],[145.614,43.301]]],[[[145.6145,43.3012],[145.6143,43.3013],[145.6146,43.3014],[145.6145,43.3012]]],[[[145.6736,43.3016],[145.6735,43.3016],[145.6736,43.3017],[145.6736,43.3016]]],[[[145.6732,43.3018],[145.6731,43.3017],[145.673,43.3018],[145.6732,43.3018]]],[[[145.6193,43.3018],[145.6192,43.3018],[145.6194,43.3019],[145.6193,43.3018]]],[[[145.6152,43.3019],[145.615,43.3019],[145.6152,43.3019],[145.6152,43.3019]]],[[[145.6744,43.3019],[145.6744,43.302],[145.6745,43.3019],[145.6744,43.3019]]],[[[145.6198,43.3021],[145.6198,43.302],[145.6198,43.302],[145.6198,43.3021]]],[[[145.6155,43.3022],[145.6154,43.302],[145.6153,43.3021],[145.6155,43.3022]]],[[[145.6746,43.3022],[145.6746,43.3023],[145.6747,43.3022],[145.6746,43.3022]]],[[[145.6204,43.3021],[145.6206,43.3024],[145.6207,43.3024],[145.6204,43.3021]]],[[[145.6746,43.3023],[145.6747,43.3023],[145.6746,43.3023],[145.6746,43.3023]]],[[[145.6744,43.3025],[145.6744,43.3023],[145.6742,43.3023],[145.6744,43.3025]]],[[[145.6749,43.3025],[145.6749,43.3026],[145.6749,43.3026],[145.6749,43.3025]]],[[[145.6751,43.3026],[145.6751,43.3027],[145.6751,43.3026],[145.6751,43.3026]]],[[[145.6749,43.3028],[145.675,43.3028],[145.675,43.3027],[145.6749,43.3028]]],[[[145.6726,43.3038],[145.6753,43.304],[145.6721,43.3024],[145.6726,43.3038]]],[[[145.6196,43.3033],[145.6196,43.3032],[145.6195,43.3032],[145.6196,43.3033]]],[[[145.6206,43.3034],[145.6208,43.3034],[145.6206,43.3034],[145.6206,43.3034]]],[[[145.6194,43.3035],[145.6194,43.3034],[145.6193,43.3034],[145.6194,43.3035]]],[[[145.6201,43.3036],[145.6199,43.3036],[145.6201,43.3036],[145.6201,43.3036]]],[[[145.6753,43.3037],[145.6752,43.3038],[145.6753,43.3038],[145.6753,43.3037]]],[[[145.6197,43.3039],[145.6197,43.3038],[145.6196,43.3038],[145.6197,43.3039]]],[[[145.6761,43.3041],[145.6759,43.304],[145.6759,43.3041],[145.6761,43.3041]]],[[[145.6751,43.3042],[145.6751,43.3042],[145.6752,43.3042],[145.6751,43.3042]]],[[[145.6755,43.3047],[145.6754,43.3046],[145.6754,43.3047],[145.6755,43.3047]]],[[[145.6168,43.3047],[145.6166,43.3046],[145.6165,43.3046],[145.6168,43.3047]]],[[[145.6162,43.3048],[145.6163,43.3049],[145.6163,43.3049],[145.6162,43.3048]]],[[[145.6178,43.305],[145.618,43.3051],[145.6179,43.305],[145.6178,43.305]]],[[[145.6767,43.3052],[145.6766,43.3051],[145.6766,43.3053],[145.6767,43.3052]]],[[[145.6783,43.3053],[145.6782,43.3053],[145.6783,43.3053],[145.6783,43.3053]]],[[[145.6761,43.3053],[145.6761,43.3054],[145.6761,43.3054],[145.6761,43.3053]]],[[[145.6763,43.3053],[145.6763,43.3054],[145.6764,43.3054],[145.6763,43.3053]]],[[[145.6764,43.3055],[145.6763,43.3055],[145.6764,43.3056],[145.6764,43.3055]]],[[[145.6169,43.306],[145.6168,43.306],[145.6168,43.306],[145.6169,43.306]]],[[[145.6764,43.3111],[145.6764,43.311],[145.6763,43.3111],[145.6764,43.3111]]],[[[145.6766,43.3112],[145.6765,43.3113],[145.6766,43.3112],[145.6766,43.3112]]],[[[145.6767,43.3113],[145.6769,43.3114],[145.6768,43.3113],[145.6767,43.3113]]],[[[145.6773,43.3117],[145.6772,43.3117],[145.6773,43.3117],[145.6773,43.3117]]],[[[145.6778,43.3118],[145.6777,43.3117],[145.6777,43.3117],[145.6778,43.3118]]],[[[145.6185,43.3663],[145.6188,43.3661],[145.6186,43.3661],[145.6185,43.3663]]],[[[145.6248,43.3668],[145.6247,43.3668],[145.6248,43.3669],[145.6248,43.3668]]],[[[145.6262,43.368],[145.6261,43.368],[145.6262,43.368],[145.6262,43.368]]],[[[145.6252,43.3712],[145.6253,43.371],[145.6252,43.3711],[145.6252,43.3712]]],[[[145.626,43.3713],[145.6259,43.3714],[145.626,43.3714],[145.626,43.3713]]],[[[145.6345,43.3741],[145.6344,43.3741],[145.6344,43.3741],[145.6345,43.3741]]],[[[145.6402,43.3804],[145.6401,43.3804],[145.6402,43.3805],[145.6402,43.3804]]],[[[145.6429,43.3838],[145.6428,43.3837],[145.6427,43.3838],[145.6429,43.3838]]],[[[145.6451,43.3843],[145.6451,43.3844],[145.6452,43.3843],[145.6451,43.3843]]],[[[145.6431,43.3844],[145.643,43.3845],[145.6431,43.3845],[145.6431,43.3844]]],[[[145.6439,43.3844],[145.6439,43.3845],[145.6439,43.3844],[145.6439,43.3844]]],[[[145.6433,43.3845],[145.6434,43.3845],[145.6433,43.3845],[145.6433,43.3845]]],[[[145.6455,43.3864],[145.6456,43.3865],[145.6455,43.3864],[145.6455,43.3864]]],[[[145.6465,43.387],[145.6466,43.3871],[145.6466,43.387],[145.6465,43.387]]],[[[145.6717,43.3882],[145.6716,43.3883],[145.6717,43.3883],[145.6717,43.3882]]],[[[145.67,43.391],[145.67,43.3909],[145.67,43.391],[145.67,43.391]]],[[[145.6497,43.3914],[145.6498,43.3916],[145.6499,43.3915],[145.6497,43.3914]]],[[[145.6504,43.3919],[145.6506,43.3916],[145.6504,43.3917],[145.6504,43.3919]]],[[[145.6515,43.3917],[145.6515,43.3918],[145.6515,43.3917],[145.6515,43.3917]]],[[[145.6527,43.3921],[145.6527,43.3922],[145.6527,43.3922],[145.6527,43.3921]]],[[[145.6542,43.3922],[145.6541,43.3922],[145.6541,43.3922],[145.6542,43.3922]]],[[[145.6514,43.3921],[145.6514,43.3922],[145.6514,43.3921],[145.6514,43.3921]]],[[[145.6524,43.3922],[145.6525,43.3922],[145.6524,43.3921],[145.6524,43.3922]]],[[[145.6542,43.3923],[145.6541,43.3923],[145.6541,43.3923],[145.6542,43.3923]]],[[[145.6532,43.3923],[145.6532,43.3924],[145.6533,43.3924],[145.6532,43.3923]]],[[[145.6517,43.3924],[145.6516,43.3924],[145.6517,43.3925],[145.6517,43.3924]]],[[[145.6664,43.3926],[145.6663,43.3926],[145.6663,43.3927],[145.6664,43.3926]]],[[[145.652,43.3928],[145.6521,43.3929],[145.6521,43.3928],[145.652,43.3928]]],[[[145.6557,43.3932],[145.6556,43.3931],[145.6556,43.3932],[145.6557,43.3932]]],[[[145.6647,43.3936],[145.6648,43.3936],[145.6648,43.3936],[145.6647,43.3936]]],[[[145.6645,43.3936],[145.6645,43.3937],[145.6645,43.3937],[145.6645,43.3936]]],[[[145.6505,43.3938],[145.6505,43.3939],[145.6506,43.3939],[145.6505,43.3938]]],[[[145.6631,43.3942],[145.663,43.3941],[145.663,43.3941],[145.6631,43.3942]]],[[[145.6786,43.3052],[145.6786,43.3053],[145.6786,43.3053],[145.6786,43.3052]]],[[[145.6788,43.3055],[145.6789,43.3054],[145.6788,43.3054],[145.6788,43.3055]]],[[[145.679,43.3058],[145.6789,43.3061],[145.6791,43.306],[145.679,43.3058]]],[[[145.6794,43.3108],[145.6792,43.3108],[145.6793,43.3109],[145.6794,43.3108]]],[[[145.679,43.3109],[145.6789,43.3109],[145.6789,43.311],[145.679,43.3109]]],[[[145.6783,43.3113],[145.6783,43.3114],[145.6784,43.3113],[145.6783,43.3113]]],[[[145.6792,43.3116],[145.6792,43.3116],[145.6793,43.3116],[145.6792,43.3116]]],[[[145.6788,43.3117],[145.6787,43.3118],[145.6788,43.3118],[145.6788,43.3117]]],[[[145.6786,43.312],[145.6787,43.3119],[145.6786,43.3119],[145.6786,43.312]]],[[[145.6795,43.3123],[145.6795,43.3121],[145.6793,43.3122],[145.6795,43.3123]]],[[[145.6797,43.3122],[145.6797,43.3123],[145.6797,43.3122],[145.6797,43.3122]]],[[[145.681,43.3124],[145.6811,43.3124],[145.681,43.3123],[145.681,43.3124]]],[[[145.6801,43.3123],[145.6796,43.3126],[145.6802,43.3125],[145.6801,43.3123]]],[[[145.68,43.3127],[145.68,43.3126],[145.68,43.3126],[145.68,43.3127]]],[[[145.68,43.3128],[145.68,43.3128],[145.68,43.3129],[145.68,43.3128]]],[[[145.6801,43.3131],[145.68,43.3132],[145.6801,43.3133],[145.6801,43.3131]]],[[[145.6801,43.3135],[145.68,43.3135],[145.68,43.3135],[145.6801,43.3135]]],[[[145.6805,43.3139],[145.6803,43.3139],[145.6804,43.314],[145.6805,43.3139]]],[[[145.6808,43.3143],[145.6808,43.3141],[145.6807,43.3141],[145.6808,43.3143]]],[[[145.681,43.3148],[145.681,43.3147],[145.6809,43.3148],[145.681,43.3148]]],[[[145.6813,43.3147],[145.6813,43.3148],[145.6813,43.3148],[145.6813,43.3147]]],[[[145.6815,43.3149],[145.6814,43.3149],[145.6815,43.3149],[145.6815,43.3149]]],[[[145.6807,43.3154],[145.6805,43.3155],[145.6807,43.3155],[145.6807,43.3154]]],[[[145.6809,43.3156],[145.6808,43.3157],[145.6809,43.3156],[145.6809,43.3156]]],[[[145.6808,43.3156],[145.6807,43.3157],[145.6808,43.3157],[145.6808,43.3156]]],[[[145.6794,43.3166],[145.6792,43.3165],[145.6792,43.3166],[145.6794,43.3166]]],[[[145.6795,43.3167],[145.6795,43.3167],[145.6796,43.3167],[145.6795,43.3167]]],[[[145.6802,43.3169],[145.6802,43.3169],[145.6803,43.3169],[145.6802,43.3169]]],[[[145.6804,43.317],[145.6803,43.3171],[145.6804,43.3171],[145.6804,43.317]]],[[[145.6806,43.3172],[145.6806,43.3173],[145.6807,43.3173],[145.6806,43.3172]]],[[[145.7006,43.3255],[145.7002,43.325],[145.6999,43.3256],[145.7006,43.3255]]],[[[145.7482,43.3324],[145.7481,43.3326],[145.7482,43.3326],[145.7482,43.3324]]],[[[145.7482,43.3328],[145.748,43.3329],[145.7481,43.3329],[145.7482,43.3328]]],[[[145.7748,43.3331],[145.7735,43.3328],[145.7747,43.3335],[145.7748,43.3331]]],[[[145.7478,43.3337],[145.7482,43.3357],[145.7489,43.3331],[145.7478,43.3337]]],[[[145.7728,43.3357],[145.7723,43.3338],[145.7706,43.3344],[145.7728,43.3357]]],[[[145.7738,43.3356],[145.7756,43.3356],[145.7738,43.3353],[145.7738,43.3356]]],[[[145.78,43.3361],[145.78,43.3361],[145.78,43.3361],[145.78,43.3361]]],[[[145.7767,43.3377],[145.7777,43.3369],[145.7768,43.3366],[145.7767,43.3377]]],[[[145.7583,43.3388],[145.7622,43.3407],[145.7571,43.3378],[145.7583,43.3388]]],[[[145.7615,43.3399],[145.7639,43.3397],[145.7639,43.3396],[145.7615,43.3399]]],[[[145.7673,43.3435],[145.7672,43.3435],[145.7673,43.3436],[145.7673,43.3435]]],[[[145.7676,43.3437],[145.7675,43.3438],[145.7676,43.3438],[145.7676,43.3437]]],[[[145.7745,43.3457],[145.7745,43.3458],[145.7746,43.3458],[145.7745,43.3457]]],[[[145.7755,43.3464],[145.7754,43.3463],[145.7754,43.3463],[145.7755,43.3464]]],[[[145.7757,43.3464],[145.7758,43.3463],[145.7757,43.3463],[145.7757,43.3464]]],[[[145.776,43.3466],[145.7759,43.3466],[145.776,43.3466],[145.776,43.3466]]],[[[145.7754,43.3467],[145.7754,43.3468],[145.7755,43.3467],[145.7754,43.3467]]],[[[145.7759,43.3495],[145.7759,43.3495],[145.776,43.3495],[145.7759,43.3495]]],[[[145.7765,43.3497],[145.7766,43.3497],[145.7765,43.3497],[145.7765,43.3497]]],[[[145.7769,43.3501],[145.7771,43.35],[145.7768,43.3499],[145.7769,43.3501]]],[[[145.778,43.3509],[145.7779,43.3509],[145.778,43.3509],[145.778,43.3509]]],[[[145.7794,43.3517],[145.7791,43.3516],[145.7793,43.3518],[145.7794,43.3517]]],[[[145.7797,43.3522],[145.7797,43.352],[145.7796,43.352],[145.7797,43.3522]]],[[[145.781,43.3527],[145.7812,43.3528],[145.7812,43.3527],[145.781,43.3527]]],[[[145.7808,43.3527],[145.7808,43.3528],[145.7808,43.3528],[145.7808,43.3527]]],[[[145.781,43.353],[145.7808,43.353],[145.7808,43.353],[145.781,43.353]]],[[[145.7819,43.3529],[145.7819,43.3531],[145.782,43.3531],[145.7819,43.3529]]],[[[145.7826,43.3533],[145.7825,43.3531],[145.7825,43.3532],[145.7826,43.3533]]],[[[145.7822,43.3534],[145.7822,43.3533],[145.7822,43.3533],[145.7822,43.3534]]],[[[145.7832,43.3535],[145.7836,43.3539],[145.7837,43.3538],[145.7832,43.3535]]],[[[145.785,43.3541],[145.785,43.354],[145.785,43.354],[145.785,43.3541]]],[[[145.7839,43.3541],[145.7839,43.3542],[145.784,43.3542],[145.7839,43.3541]]],[[[145.7837,43.3543],[145.7836,43.3542],[145.7836,43.3542],[145.7837,43.3543]]],[[[145.7867,43.3554],[145.7868,43.3555],[145.7868,43.3554],[145.7867,43.3554]]],[[[145.7909,43.3558],[145.7909,43.3557],[145.7908,43.3557],[145.7909,43.3558]]],[[[145.7891,43.3559],[145.789,43.3559],[145.789,43.3559],[145.7891,43.3559]]],[[[145.7911,43.3562],[145.7908,43.3559],[145.7907,43.3559],[145.7911,43.3562]]],[[[145.7896,43.3562],[145.7896,43.3561],[145.7895,43.3562],[145.7896,43.3562]]],[[[145.8064,43.362],[145.8078,43.3621],[145.8078,43.3619],[145.8064,43.362]]],[[[145.8058,43.3648],[145.8058,43.3648],[145.8058,43.3648],[145.8058,43.3648]]],[[[145.809,43.3664],[145.8089,43.3662],[145.8089,43.3663],[145.809,43.3664]]],[[[145.8092,43.3666],[145.8091,43.3665],[145.8092,43.3666],[145.8092,43.3666]]],[[[145.8113,43.3677],[145.8112,43.3676],[145.8112,43.3677],[145.8113,43.3677]]],[[[145.8114,43.3679],[145.8114,43.3678],[145.8113,43.3678],[145.8114,43.3679]]],[[[145.8112,43.368],[145.8112,43.3679],[145.8111,43.3678],[145.8112,43.368]]],[[[145.8118,43.3681],[145.8118,43.368],[145.8118,43.368],[145.8118,43.3681]]],[[[145.8117,43.3681],[145.8116,43.3681],[145.8117,43.3681],[145.8117,43.3681]]],[[[145.8075,43.3775],[145.8074,43.3775],[145.8074,43.3776],[145.8075,43.3775]]],[[[145.8074,43.3777],[145.8074,43.3778],[145.8075,43.3778],[145.8074,43.3777]]],[[[145.8077,43.3779],[145.8078,43.378],[145.8078,43.3779],[145.8077,43.3779]]],[[[145.81,43.379],[145.81,43.3789],[145.8099,43.3789],[145.81,43.379]]],[[[145.7196,43.3841],[145.7192,43.384],[145.7193,43.3843],[145.7196,43.3841]]],[[[145.7003,43.3847],[145.7003,43.385],[145.7004,43.3849],[145.7003,43.3847]]],[[[145.7009,43.3852],[145.7011,43.3851],[145.7009,43.3851],[145.7009,43.3852]]],[[[145.7065,43.3853],[145.7066,43.3854],[145.7066,43.3853],[145.7065,43.3853]]],[[[145.7069,43.3853],[145.7069,43.3854],[145.707,43.3853],[145.7069,43.3853]]],[[[145.7064,43.3855],[145.7065,43.3854],[145.7064,43.3854],[145.7064,43.3855]]],[[[145.6874,43.3861],[145.6874,43.3862],[145.6874,43.3862],[145.6874,43.3861]]],[[[145.6908,43.3861],[145.6908,43.3863],[145.691,43.3862],[145.6908,43.3861]]],[[[145.6803,43.3889],[145.6803,43.3888],[145.6802,43.3888],[145.6803,43.3889]]],[[[145.68,43.389],[145.6801,43.3888],[145.6799,43.3889],[145.68,43.389]]],[[[145.6804,43.3889],[145.6804,43.389],[145.6805,43.389],[145.6804,43.3889]]],[[[145.7836,43.3891],[145.7836,43.389],[145.783,43.3891],[145.7836,43.3891]]],[[[145.78,43.3922],[145.7798,43.3925],[145.7802,43.3924],[145.78,43.3922]]],[[[145.7803,43.3927],[145.7815,43.3927],[145.7803,43.3926],[145.7803,43.3927]]],[[[145.7818,43.3927],[145.7818,43.3926],[145.7817,43.3926],[145.7818,43.3927]]],[[[145.7721,43.3932],[145.7722,43.3931],[145.772,43.3931],[145.7721,43.3932]]],[[[145.7813,43.3931],[145.781,43.3931],[145.7814,43.3932],[145.7813,43.3931]]],[[[145.7833,43.3935],[145.7835,43.3939],[145.784,43.3938],[145.7833,43.3935]]],[[[145.7836,43.394],[145.7838,43.3941],[145.7838,43.3941],[145.7836,43.394]]],[[[145.7833,43.3941],[145.7833,43.3942],[145.7834,43.3942],[145.7833,43.3941]]],[[[145.7509,43.3974],[145.7512,43.3975],[145.7513,43.3975],[145.7509,43.3974]]],[[[145.7633,43.3982],[145.7634,43.3982],[145.7632,43.3982],[145.7633,43.3982]]],[[[145.8124,43.3686],[145.8123,43.3685],[145.8123,43.3686],[145.8124,43.3686]]],[[[145.8119,43.3687],[145.8118,43.3686],[145.8118,43.3687],[145.8119,43.3687]]],[[[145.8122,43.3686],[145.812,43.3689],[145.8122,43.3688],[145.8122,43.3686]]],[[[145.8147,43.369],[145.8148,43.369],[145.8148,43.3689],[145.8147,43.369]]],[[[145.8132,43.3692],[145.8133,43.3692],[145.8132,43.3692],[145.8132,43.3692]]],[[[145.8902,43.3815],[145.89,43.3811],[145.8901,43.3815],[145.8902,43.3815]]],[[[145.8908,43.3814],[145.891,43.3812],[145.8909,43.3812],[145.8908,43.3814]]],[[[145.8919,43.3816],[145.8914,43.3813],[145.8915,43.3817],[145.8919,43.3816]]],[[[145.8154,43.3816],[145.8155,43.3815],[145.8154,43.3815],[145.8154,43.3816]]],[[[145.8149,43.3817],[145.8146,43.3817],[145.8146,43.3818],[145.8149,43.3817]]],[[[145.8159,43.3818],[145.816,43.3818],[145.8159,43.3817],[145.8159,43.3818]]],[[[145.8905,43.3818],[145.8906,43.382],[145.8908,43.3819],[145.8905,43.3818]]],[[[145.8163,43.3822],[145.8164,43.3823],[145.8164,43.3823],[145.8163,43.3822]]],[[[145.8923,43.3818],[145.8907,43.386],[145.8942,43.3846],[145.8923,43.3818]]],[[[145.8948,43.3839],[145.8944,43.3841],[145.8946,43.3844],[145.8948,43.3839]]],[[[145.8703,43.3846],[145.8701,43.3851],[145.8705,43.3849],[145.8703,43.3846]]],[[[145.8944,43.3849],[145.8942,43.3848],[145.8941,43.385],[145.8944,43.3849]]],[[[145.8173,43.385],[145.8173,43.3849],[145.8172,43.3849],[145.8173,43.385]]],[[[145.8175,43.3853],[145.8175,43.3852],[145.8174,43.3852],[145.8175,43.3853]]],[[[145.892,43.3858],[145.892,43.3859],[145.892,43.3859],[145.892,43.3858]]],[[[145.8898,43.3872],[145.8898,43.3871],[145.8897,43.3871],[145.8898,43.3872]]],[[[145.8768,43.3887],[145.8767,43.3889],[145.8769,43.3889],[145.8768,43.3887]]],[[[145.8757,43.3889],[145.8757,43.389],[145.8758,43.389],[145.8757,43.3889]]],[[[145.8768,43.389],[145.8767,43.3891],[145.8767,43.3891],[145.8768,43.389]]],[[[145.8774,43.389],[145.8773,43.3891],[145.8774,43.3891],[145.8774,43.389]]],[[[145.8774,43.3894],[145.8775,43.3895],[145.8776,43.3894],[145.8774,43.3894]]],[[[145.8779,43.3896],[145.8778,43.3895],[145.8779,43.3897],[145.8779,43.3896]]],[[[145.8752,43.3895],[145.8755,43.3897],[145.8752,43.3894],[145.8752,43.3895]]],[[[145.877,43.3896],[145.8774,43.3897],[145.8775,43.3896],[145.877,43.3896]]],[[[145.8763,43.3896],[145.8767,43.3899],[145.8769,43.3897],[145.8763,43.3896]]],[[[145.876,43.3897],[145.8757,43.3903],[145.8761,43.3899],[145.876,43.3897]]],[[[145.8765,43.3905],[145.8763,43.3906],[145.8764,43.3907],[145.8765,43.3905]]],[[[145.8583,43.3961],[145.8583,43.396],[145.8583,43.396],[145.8583,43.3961]]],[[[145.8574,43.3965],[145.8576,43.3965],[145.8574,43.3965],[145.8574,43.3965]]],[[[145.9087,43.4146],[145.9089,43.4147],[145.9089,43.4145],[145.9087,43.4146]]],[[[145.9091,43.4151],[145.9091,43.4152],[145.9092,43.4152],[145.9091,43.4151]]],[[[145.9089,43.4155],[145.9089,43.4153],[145.9088,43.4153],[145.9089,43.4155]]],[[[145.9084,43.416],[145.9082,43.4157],[145.9081,43.4159],[145.9084,43.416]]],[[[145.8993,43.4164],[145.899,43.4163],[145.8992,43.4164],[145.8993,43.4164]]],[[[145.9002,43.4164],[145.8996,43.4162],[145.8995,43.4164],[145.9002,43.4164]]],[[[145.9007,43.4166],[145.9008,43.4168],[145.9008,43.4165],[145.9007,43.4166]]],[[[145.9049,43.4167],[145.905,43.4167],[145.905,43.4166],[145.9049,43.4167]]],[[[145.9053,43.4171],[145.9053,43.4165],[145.9052,43.4165],[145.9053,43.4171]]],[[[145.9057,43.4168],[145.9057,43.4169],[145.9057,43.4169],[145.9057,43.4168]]],[[[145.9383,43.4169],[145.9384,43.4169],[145.9384,43.4168],[145.9383,43.4169]]],[[[145.9048,43.4169],[145.9049,43.4171],[145.9049,43.4169],[145.9048,43.4169]]],[[[145.906,43.4179],[145.9061,43.4179],[145.906,43.4179],[145.906,43.4179]]],[[[145.9073,43.4183],[145.9074,43.4183],[145.9073,43.4183],[145.9073,43.4183]]],[[[145.8925,43.4208],[145.893,43.4213],[145.8934,43.4211],[145.8925,43.4208]]],[[[145.8935,43.4213],[145.8936,43.4213],[145.8937,43.4212],[145.8935,43.4213]]],[[[145.9296,43.4213],[145.9297,43.4212],[145.9296,43.4213],[145.9296,43.4213]]],[[[145.9318,43.4213],[145.9319,43.4213],[145.9318,43.4213],[145.9318,43.4213]]],[[[145.933,43.4223],[145.9332,43.4221],[145.9331,43.422],[145.933,43.4223]]],[[[145.9338,43.4223],[145.934,43.4224],[145.9338,43.4222],[145.9338,43.4223]]],[[[145.9345,43.4225],[145.9347,43.4228],[145.9346,43.4225],[145.9345,43.4225]]],[[[145.9361,43.4227],[145.9361,43.4227],[145.9362,43.4227],[145.9361,43.4227]]],[[[145.9356,43.4228],[145.9355,43.4229],[145.9357,43.4228],[145.9356,43.4228]]],[[[145.8926,43.4233],[145.8926,43.423],[145.8925,43.4231],[145.8926,43.4233]]],[[[145.887,43.4251],[145.8869,43.4249],[145.8868,43.4249],[145.887,43.4251]]],[[[145.8874,43.4255],[145.8872,43.4255],[145.8872,43.4256],[145.8874,43.4255]]],[[[145.8871,43.4254],[145.8884,43.425],[145.887,43.4252],[145.8871,43.4254]]],[[[145.9405,43.4366],[145.9405,43.4365],[145.9405,43.4365],[145.9405,43.4366]]],[[[145.9403,43.4374],[145.9402,43.4374],[145.9403,43.4374],[145.9403,43.4374]]],[[[145.8989,43.4168],[145.9022,43.4257],[145.891,43.4286],[145.8996,43.4346],[145.8968,43.4463],[145.8629,43.4565],[145.8788,43.456],[145.8874,43.4587],[145.8893,43.4621],[145.8943,43.4502],[145.9171,43.4466],[145.9351,43.4573],[145.95,43.4543],[145.9342,43.4404],[145.9554,43.4249],[145.9123,43.4262],[145.8989,43.4168]]],[[[145.8845,43.4471],[145.8844,43.4471],[145.8844,43.4471],[145.8845,43.4471]]],[[[145.8847,43.4474],[145.8847,43.4474],[145.8848,43.4474],[145.8847,43.4474]]],[[[145.884,43.4478],[145.8842,43.4477],[145.8839,43.4478],[145.884,43.4478]]],[[[145.8726,43.4486],[145.8724,43.4486],[145.8725,43.4487],[145.8726,43.4486]]],[[[145.8727,43.4488],[145.8725,43.4488],[145.8727,43.4489],[145.8727,43.4488]]],[[[145.8726,43.4491],[145.8726,43.4489],[145.8725,43.449],[145.8726,43.4491]]],[[[145.9094,43.4521],[145.9092,43.4519],[145.9091,43.4521],[145.9094,43.4521]]],[[[145.8641,43.4522],[145.864,43.452],[145.864,43.452],[145.8641,43.4522]]],[[[145.8644,43.4526],[145.8644,43.4525],[145.8644,43.4525],[145.8644,43.4526]]],[[[145.9111,43.4526],[145.911,43.4529],[145.9113,43.4529],[145.9111,43.4526]]],[[[145.9118,43.4539],[145.9119,43.4539],[145.9118,43.4539],[145.9118,43.4539]]],[[[145.8624,43.454],[145.8625,43.4541],[145.8626,43.454],[145.8624,43.454]]],[[[145.8623,43.454],[145.8622,43.4541],[145.8623,43.454],[145.8623,43.454]]],[[[145.8939,43.4546],[145.8939,43.4547],[145.894,43.4547],[145.8939,43.4546]]],[[[145.8624,43.4546],[145.8624,43.4548],[145.8625,43.4548],[145.8624,43.4546]]],[[[145.8621,43.455],[145.8627,43.4557],[145.8624,43.4552],[145.8621,43.455]]],[[[145.9314,43.456],[145.9315,43.4559],[145.9314,43.4559],[145.9314,43.456]]],[[[145.8628,43.456],[145.8628,43.4562],[145.8629,43.4562],[145.8628,43.456]]],[[[145.8626,43.4566],[145.8627,43.4567],[145.8626,43.4566],[145.8626,43.4566]]],[[[145.933,43.4567],[145.9329,43.4568],[145.9331,43.4567],[145.933,43.4567]]],[[[145.8629,43.4568],[145.8628,43.4568],[145.8629,43.4568],[145.8629,43.4568]]],[[[145.8631,43.4569],[145.8631,43.4568],[145.863,43.4568],[145.8631,43.4569]]],[[[145.9338,43.4569],[145.9339,43.4569],[145.9338,43.4569],[145.9338,43.4569]]],[[[145.9387,43.4572],[145.9388,43.4572],[145.9387,43.4572],[145.9387,43.4572]]],[[[145.9362,43.4572],[145.9363,43.4572],[145.9363,43.4572],[145.9362,43.4572]]],[[[145.8687,43.4572],[145.8686,43.4573],[145.8688,43.4573],[145.8687,43.4572]]],[[[145.9383,43.4573],[145.9383,43.4574],[145.9385,43.4574],[145.9383,43.4573]]],[[[145.9392,43.4573],[145.9394,43.4574],[145.9394,43.4574],[145.9392,43.4573]]],[[[145.9408,43.4573],[145.9412,43.4576],[145.9412,43.4575],[145.9408,43.4573]]],[[[145.9417,43.4573],[145.9416,43.4577],[145.942,43.4577],[145.9417,43.4573]]],[[[145.9355,43.4575],[145.9354,43.4576],[145.9355,43.4576],[145.9355,43.4575]]],[[[145.8826,43.4578],[145.8826,43.4579],[145.883,43.4579],[145.8826,43.4578]]],[[[145.8815,43.458],[145.8815,43.4581],[145.8815,43.4581],[145.8815,43.458]]],[[[145.8923,43.4613],[145.8922,43.461],[145.8922,43.4612],[145.8923,43.4613]]],[[[145.8919,43.4613],[145.8919,43.4611],[145.8917,43.4612],[145.8919,43.4613]]],[[[145.8917,43.4616],[145.8919,43.4615],[145.8918,43.4614],[145.8917,43.4616]]],[[[145.8869,43.462],[145.8868,43.4621],[145.887,43.462],[145.8869,43.462]]],[[[145.8891,43.4625],[145.8893,43.4621],[145.8891,43.4625],[145.8891,43.4625]]],[[[145.8902,43.4626],[145.8903,43.4625],[145.8901,43.4625],[145.8902,43.4626]]],[[[145.9379,43.4663],[145.938,43.4664],[145.938,43.4663],[145.9379,43.4663]]],[[[146.0131,43.3397],[146.0138,43.3392],[146.013,43.3394],[146.0131,43.3397]]],[[[146.0142,43.3411],[146.0138,43.3406],[146.0136,43.3411],[146.0142,43.3411]]],[[[146.0023,43.3605],[146.0026,43.3604],[146.0023,43.3605],[146.0023,43.3605]]],[[[146.0042,43.3605],[146.0041,43.3606],[146.0042,43.3605],[146.0042,43.3605]]],[[[146.0023,43.3609],[146.0022,43.361],[146.0023,43.361],[146.0023,43.3609]]],[[[146.001,43.3619],[146.0011,43.3619],[146.001,43.3619],[146.001,43.3619]]],[[[145.998,43.3621],[145.9981,43.3619],[145.998,43.3619],[145.998,43.3621]]],[[[146.0086,43.3622],[146.0085,43.3623],[146.0086,43.3622],[146.0086,43.3622]]],[[[145.9988,43.3623],[145.9989,43.3623],[145.9987,43.3623],[145.9988,43.3623]]],[[[146.0016,43.3625],[146.0017,43.3624],[146.0016,43.3624],[146.0016,43.3625]]],[[[145.9978,43.3625],[145.9978,43.3625],[145.9977,43.3625],[145.9978,43.3625]]],[[[146.0091,43.3635],[146.0089,43.3635],[146.009,43.3636],[146.0091,43.3635]]],[[[146.0096,43.3638],[146.0097,43.3638],[146.0096,43.3638],[146.0096,43.3638]]],[[[146.0084,43.3638],[146.0084,43.3639],[146.0085,43.3638],[146.0084,43.3638]]],[[[146.0086,43.3643],[146.0087,43.3642],[146.0085,43.3642],[146.0086,43.3643]]],[[[146.0088,43.3642],[146.0091,43.3643],[146.0092,43.3643],[146.0088,43.3642]]],[[[146.0106,43.3642],[146.01,43.3643],[146.01,43.3645],[146.0106,43.3642]]],[[[146.0093,43.3643],[146.0093,43.3643],[146.0092,43.3643],[146.0093,43.3643]]],[[[146.0108,43.3647],[146.0108,43.3646],[146.0107,43.3646],[146.0108,43.3647]]],[[[145.9976,43.365],[145.9977,43.3649],[145.9976,43.3649],[145.9976,43.365]]],[[[145.9888,43.365],[145.9892,43.365],[145.9892,43.3648],[145.9888,43.365]]],[[[145.9907,43.3652],[145.9906,43.3654],[145.9907,43.3653],[145.9907,43.3652]]],[[[145.9897,43.3655],[145.9898,43.3655],[145.9897,43.3655],[145.9897,43.3655]]],[[[145.9901,43.3662],[145.99,43.366],[145.9899,43.3661],[145.9901,43.3662]]],[[[145.996,43.3663],[145.9961,43.3663],[145.9959,43.3662],[145.996,43.3663]]],[[[146.0119,43.3666],[146.0124,43.3671],[146.0129,43.3669],[146.0119,43.3666]]],[[[146.0131,43.3671],[146.0128,43.3671],[146.0129,43.3672],[146.0131,43.3671]]],[[[145.9929,43.3672],[145.9928,43.3671],[145.9928,43.3671],[145.9929,43.3672]]],[[[146.0125,43.3671],[146.0126,43.3672],[146.0126,43.3672],[146.0125,43.3671]]],[[[145.9933,43.3674],[145.9934,43.3673],[145.9932,43.3673],[145.9933,43.3674]]],[[[146.0122,43.3674],[146.0126,43.3675],[146.0127,43.3674],[146.0122,43.3674]]],[[[146.0131,43.3677],[146.013,43.3676],[146.0129,43.3678],[146.0131,43.3677]]],[[[146.0133,43.368],[146.013,43.3678],[146.0129,43.368],[146.0133,43.368]]],[[[146.0135,43.368],[146.0134,43.3681],[146.0135,43.3681],[146.0135,43.368]]],[[[146.0126,43.3685],[146.0134,43.3685],[146.0134,43.3683],[146.0126,43.3685]]],[[[146.0124,43.3685],[146.0124,43.3686],[146.0124,43.3685],[146.0124,43.3685]]],[[[146.0138,43.369],[146.0139,43.3691],[146.0139,43.369],[146.0138,43.369]]],[[[146.0134,43.3694],[146.0134,43.3692],[146.0132,43.3693],[146.0134,43.3694]]],[[[146.0008,43.3636],[145.9989,43.3652],[145.9949,43.3681],[145.9862,43.3693],[145.9927,43.3752],[145.9987,43.3719],[146.0019,43.3739],[146.0015,43.3733],[146.0019,43.3718],[146.0048,43.371],[146.0224,43.3778],[146.0201,43.3766],[146.0214,43.3748],[146.0185,43.3759],[146.0136,43.372],[146.0079,43.3641],[146.0074,43.3608],[146.0008,43.3636]]],[[[146.0142,43.3696],[146.0137,43.3697],[146.0141,43.3699],[146.0142,43.3696]]],[[[146.0135,43.3701],[146.0135,43.3702],[146.0136,43.37],[146.0135,43.3701]]],[[[146.0141,43.3703],[146.0142,43.3703],[146.0142,43.3703],[146.0141,43.3703]]],[[[146.0135,43.3706],[146.0135,43.3705],[146.0134,43.3706],[146.0135,43.3706]]],[[[145.987,43.3707],[145.9871,43.3706],[145.9869,43.3706],[145.987,43.3707]]],[[[145.9879,43.3714],[145.9878,43.3715],[145.9879,43.3716],[145.9879,43.3714]]],[[[146.0041,43.3717],[146.0042,43.3716],[146.0041,43.3716],[146.0041,43.3717]]],[[[146.0039,43.372],[146.0039,43.3716],[146.0037,43.3716],[146.0039,43.372]]],[[[145.9882,43.3719],[145.9879,43.3719],[145.9878,43.3718],[145.988,43.372],[145.9882,43.3719]]],[[[146.002,43.3722],[146.0023,43.3724],[146.0021,43.3721],[146.002,43.3722]]],[[[146.0146,43.3724],[146.0145,43.3725],[146.0146,43.3724],[146.0146,43.3724]]],[[[146.0021,43.3725],[146.0019,43.3724],[146.0018,43.3726],[146.0021,43.3725]]],[[[146.0162,43.3729],[146.0161,43.3727],[146.0162,43.3729],[146.0162,43.3729]]],[[[145.9977,43.373],[145.9977,43.3728],[145.9976,43.3728],[145.9977,43.373]]],[[[145.9897,43.3733],[145.9898,43.3733],[145.9896,43.3732],[145.9897,43.3733]]],[[[146.0179,43.3733],[146.018,43.3733],[146.0178,43.3733],[146.0179,43.3733]]],[[[145.9902,43.3736],[145.9903,43.3735],[145.9902,43.3735],[145.9902,43.3736]]],[[[146.0161,43.3735],[146.0161,43.3736],[146.0162,43.3736],[146.0161,43.3735]]],[[[146.0187,43.3736],[146.0188,43.3736],[146.0188,43.3735],[146.0187,43.3736]]],[[[146.0175,43.3737],[146.0175,43.3736],[146.0174,43.3737],[146.0175,43.3737]]],[[[146.0011,43.3746],[146.0012,43.3745],[146.0011,43.3745],[146.0011,43.3746]]],[[[146.002,43.3747],[146.0014,43.3744],[146.0013,43.3746],[146.002,43.3747]]],[[[146.0125,43.3747],[146.0125,43.3748],[146.0125,43.3747],[146.0125,43.3747]]],[[[146.0174,43.3748],[146.0175,43.375],[146.0176,43.3749],[146.0174,43.3748]]],[[[146.0201,43.3748],[146.0197,43.3749],[146.02,43.375],[146.0201,43.3748]]],[[[146.0015,43.3751],[146.0017,43.3748],[146.0014,43.3748],[146.0015,43.3751]]],[[[146.0118,43.3751],[146.0118,43.3748],[146.0116,43.375],[146.0118,43.3751]]],[[[146.0194,43.3749],[146.0195,43.375],[146.0196,43.3749],[146.0194,43.3749]]],[[[145.9909,43.3752],[145.9911,43.375],[145.9909,43.375],[145.9909,43.3752]]],[[[145.9945,43.3751],[145.9944,43.3751],[145.9944,43.3752],[145.9945,43.3751]]],[[[146.0193,43.3753],[146.0193,43.3752],[146.0192,43.3751],[146.0193,43.3753]]],[[[145.9935,43.3754],[145.9934,43.3755],[145.9935,43.3755],[145.9935,43.3754]]],[[[145.9933,43.3758],[145.9934,43.3759],[145.9934,43.3758],[145.9933,43.3758]]],[[[145.9946,43.376],[145.9945,43.376],[145.9946,43.376],[145.9946,43.376]]],[[[145.995,43.3761],[145.995,43.376],[145.9949,43.3761],[145.995,43.3761]]],[[[146.0207,43.3761],[146.0207,43.3762],[146.0208,43.3762],[146.0207,43.3761]]],[[[146.0206,43.3766],[146.0206,43.3767],[146.0207,43.3767],[146.0206,43.3766]]],[[[145.9932,43.3768],[145.9935,43.377],[145.9936,43.3769],[145.9932,43.3768]]],[[[145.9937,43.377],[145.9944,43.3772],[145.9943,43.3768],[145.9937,43.377]]],[[[146.0179,43.3781],[146.0178,43.378],[146.0178,43.3781],[146.0179,43.3781]]],[[[146.0174,43.3787],[146.0174,43.3786],[146.0174,43.3787],[146.0174,43.3787]]],[[[146.017,43.3788],[146.0169,43.3788],[146.0168,43.3788],[146.017,43.3788]]],[[[146.0166,43.3792],[146.0166,43.3793],[146.0167,43.3793],[146.0166,43.3792]]],[[[146.0145,43.3796],[146.0148,43.3796],[146.0145,43.3794],[146.0145,43.3796]]],[[[146.0153,43.3799],[146.0153,43.3798],[146.0152,43.3797],[146.0153,43.3799]]],[[[146.0206,43.3821],[146.0206,43.382],[146.0206,43.3819],[146.0206,43.3821]]],[[[146.0209,43.3825],[146.0208,43.3819],[146.0203,43.3825],[146.0209,43.3825]]],[[[145.9429,43.4176],[145.943,43.4174],[145.9428,43.4175],[145.9429,43.4176]]],[[[145.9563,43.4254],[145.9562,43.4255],[145.9563,43.4254],[145.9563,43.4254]]],[[[145.9571,43.426],[145.9571,43.426],[145.9572,43.426],[145.9571,43.426]]],[[[145.9545,43.426],[145.9548,43.4262],[145.9549,43.4261],[145.9545,43.426]]],[[[145.9557,43.4264],[145.9558,43.4265],[145.9558,43.4264],[145.9557,43.4264]]],[[[145.9476,43.4342],[145.9476,43.4343],[145.9476,43.4342],[145.9476,43.4342]]],[[[145.9468,43.4346],[145.9471,43.4343],[145.9465,43.4344],[145.9468,43.4346]]],[[[145.9465,43.4508],[145.9464,43.4509],[145.9465,43.4509],[145.9465,43.4508]]],[[[145.9546,43.4517],[145.955,43.4518],[145.955,43.4517],[145.9546,43.4517]]],[[[145.9517,43.4548],[145.9519,43.4547],[145.9517,43.4548],[145.9517,43.4548]]],[[[145.9513,43.455],[145.9512,43.4554],[145.9515,43.4552],[145.9513,43.455]]],[[[145.9518,43.4553],[145.9518,43.4553],[145.9519,43.4553],[145.9518,43.4553]]],[[[145.9511,43.4554],[145.951,43.4555],[145.9511,43.4555],[145.9511,43.4554]]],[[[145.9441,43.4573],[145.9441,43.4572],[145.944,43.4572],[145.9441,43.4573]]],[[[145.9448,43.4574],[145.9447,43.4573],[145.9447,43.4574],[145.9448,43.4574]]],[[[145.9456,43.4576],[145.946,43.4579],[145.9464,43.4577],[145.9456,43.4576]]],[[[145.9468,43.4578],[145.9466,43.4578],[145.9466,43.4579],[145.9468,43.4578]]],[[[145.947,43.4579],[145.9477,43.4582],[145.9479,43.458],[145.9473,43.4578],[145.947,43.4579]]],[[[146.0217,43.3744],[146.0218,43.3745],[146.0218,43.3744],[146.0217,43.3744]]],[[[146.022,43.3758],[146.0222,43.3756],[146.022,43.3756],[146.022,43.3758]]],[[[146.0213,43.376],[146.0211,43.3759],[146.0211,43.376],[146.0213,43.376]]],[[[146.0214,43.3766],[146.0214,43.3765],[146.0213,43.3766],[146.0214,43.3766]]],[[[146.0236,43.3767],[146.0232,43.3765],[146.0232,43.3767],[146.0236,43.3767]]],[[[146.0226,43.3769],[146.0227,43.3767],[146.0225,43.3768],[146.0226,43.3769]]],[[[146.0218,43.3787],[146.0219,43.3787],[146.0218,43.3786],[146.0218,43.3787]]],[[[146.0223,43.3788],[146.0224,43.3787],[146.0222,43.3787],[146.0223,43.3788]]],[[[146.0222,43.3795],[146.0227,43.3791],[146.0219,43.3794],[146.0222,43.3795]]],[[[146.0224,43.3799],[146.0233,43.3811],[146.023,43.3798],[146.0224,43.3799]]],[[[146.0217,43.3808],[146.0223,43.3805],[146.0215,43.3806],[146.0217,43.3808]]],[[[146.0207,43.3811],[146.0209,43.3811],[146.0209,43.3811],[146.0207,43.3811]]],[[[146.0225,43.3813],[146.0223,43.3813],[146.0224,43.3814],[146.0225,43.3813]]],[[[146.0214,43.3814],[146.0214,43.3813],[146.0214,43.3814],[146.0214,43.3814]]],[[[146.0226,43.3821],[146.0223,43.3816],[146.0222,43.382],[146.0226,43.3821]]],[[[146.0213,43.3827],[146.022,43.3825],[146.0213,43.3821],[146.0213,43.3827]]],[[[146.0381,43.3973],[146.0382,43.3974],[146.0383,43.3974],[146.0381,43.3973]]],[[[146.0369,43.3982],[146.037,43.3981],[146.0369,43.3981],[146.0369,43.3982]]],[[[146.0344,43.3982],[146.0345,43.3983],[146.0345,43.3982],[146.0344,43.3982]]],[[[146.0373,43.3983],[146.0372,43.3984],[146.0374,43.3984],[146.0373,43.3983]]],[[[146.0346,43.3982],[146.0346,43.3986],[146.0349,43.3982],[146.0346,43.3982]]],[[[146.0366,43.3986],[146.0368,43.3989],[146.0368,43.3986],[146.0366,43.3986]]],[[[146.0454,43.3995],[146.0452,43.3995],[146.0454,43.3996],[146.0454,43.3995]]],[[[146.0383,43.3997],[146.0384,43.3998],[146.0384,43.3997],[146.0383,43.3997]]],[[[146.0452,43.3999],[146.0453,43.3998],[146.0452,43.3999],[146.0452,43.3999]]],[[[146.0428,43.3999],[146.0431,43.4004],[146.0434,43.4],[146.0428,43.3999]]],[[[146.0396,43.4004],[146.0398,43.4005],[146.0398,43.4003],[146.0396,43.4004]]],[[[146.0451,43.4006],[146.0451,43.4007],[146.0452,43.4006],[146.0451,43.4006]]],[[[146.0397,43.4008],[146.0399,43.4006],[146.0396,43.4006],[146.0397,43.4008]]],[[[146.0437,43.4015],[146.0441,43.4013],[146.0437,43.4015],[146.0437,43.4015]]],[[[146.0402,43.4018],[146.0403,43.4013],[146.0399,43.4016],[146.0402,43.4018]]],[[[146.046,43.4019],[146.0459,43.402],[146.046,43.4019],[146.046,43.4019]]],[[[146.0411,43.4017],[146.0407,43.402],[146.0411,43.4021],[146.0411,43.4017]]],[[[146.0371,43.4028],[146.0371,43.4028],[146.0372,43.4028],[146.0371,43.4028]]],[[[146.0368,43.4028],[146.0369,43.4029],[146.0369,43.4028],[146.0368,43.4028]]],[[[146.0366,43.403],[146.0366,43.4029],[146.0365,43.4029],[146.0366,43.403]]],[[[146.0362,43.4029],[146.0362,43.4031],[146.0364,43.4031],[146.0362,43.4029]]],[[[146.0465,43.4031],[146.0466,43.4031],[146.0466,43.403],[146.0465,43.4031]]],[[[146.0475,43.4034],[146.0477,43.4034],[146.0476,43.4033],[146.0475,43.4034]]],[[[146.0471,43.4034],[146.047,43.4035],[146.0472,43.4035],[146.0471,43.4034]]],[[[146.0472,43.4037],[146.0473,43.4036],[146.0471,43.4037],[146.0472,43.4037]]],[[[146.0485,43.4035],[146.0483,43.4039],[146.0487,43.4039],[146.0485,43.4035]]],[[[146.036,43.4039],[146.036,43.4039],[146.036,43.4039],[146.036,43.4039]]],[[[146.0362,43.4039],[146.0363,43.404],[146.0363,43.4039],[146.0362,43.4039]]],[[[146.0356,43.4041],[146.0357,43.404],[146.0356,43.404],[146.0356,43.4041]]],[[[146.0359,43.4041],[146.0359,43.4042],[146.0359,43.4042],[146.0359,43.4041]]],[[[146.049,43.4041],[146.0493,43.4041],[146.049,43.4041],[146.049,43.4041]]],[[[146.0358,43.4043],[146.0359,43.4042],[146.0358,43.4042],[146.0358,43.4043]]],[[[146.0256,43.4054],[146.0254,43.4055],[146.0256,43.4055],[146.0256,43.4054]]],[[[146.025,43.4054],[146.0252,43.4056],[146.0252,43.4054],[146.025,43.4054]]],[[[146.0344,43.4057],[146.0345,43.4055],[146.0344,43.4056],[146.0344,43.4057]]],[[[146.0231,43.4062],[146.0229,43.4062],[146.0229,43.4063],[146.0231,43.4062]]],[[[146.0522,43.4066],[146.0522,43.4065],[146.0521,43.4065],[146.0522,43.4066]]],[[[146.0301,43.4069],[146.0302,43.4068],[146.0301,43.4068],[146.0301,43.4069]]],[[[146.0257,43.4071],[146.0258,43.4071],[146.0257,43.407],[146.0257,43.4071]]],[[[146.0305,43.4074],[146.0302,43.4074],[146.0305,43.4075],[146.0305,43.4074]]],[[[146.0235,43.4076],[146.0234,43.4074],[146.0234,43.4075],[146.0235,43.4076]]],[[[146.0271,43.4075],[146.0272,43.4075],[146.0272,43.4075],[146.0271,43.4075]]],[[[146.0226,43.4078],[146.0226,43.4076],[146.0225,43.4076],[146.0226,43.4078]]],[[[146.0258,43.4078],[146.0257,43.4078],[146.0258,43.4079],[146.0258,43.4078]]],[[[146.0238,43.4078],[146.0237,43.4079],[146.0239,43.4079],[146.0238,43.4078]]],[[[146.0231,43.4079],[146.023,43.4078],[146.023,43.4079],[146.0231,43.4079]]],[[[146.0255,43.4079],[146.0254,43.4079],[146.0254,43.408],[146.0255,43.4079]]],[[[146.0234,43.4083],[146.023,43.408],[146.023,43.4082],[146.0234,43.4083]]],[[[146.0245,43.4082],[146.0246,43.4083],[146.0245,43.4081],[146.0245,43.4082]]],[[[146.0266,43.4082],[146.0268,43.4083],[146.0268,43.4083],[146.0266,43.4082]]],[[[146.0272,43.4084],[146.0274,43.4083],[146.0272,43.4083],[146.0272,43.4084]]],[[[146.0223,43.4085],[146.0225,43.4084],[146.0223,43.4084],[146.0223,43.4085]]],[[[146.022,43.4088],[146.0222,43.4088],[146.0221,43.4087],[146.022,43.4088]]],[[[146.0236,43.4089],[146.0235,43.4088],[146.0235,43.4088],[146.0236,43.4089]]],[[[146.0523,43.4091],[146.0524,43.4089],[146.0523,43.409],[146.0523,43.4091]]],[[[146.0542,43.409],[146.0543,43.4091],[146.0543,43.4089],[146.0542,43.409]]],[[[146.0548,43.4096],[146.0548,43.4093],[146.0547,43.4095],[146.0548,43.4096]]],[[[146.0245,43.4095],[146.0246,43.4094],[146.0245,43.4094],[146.0245,43.4095]]],[[[146.0554,43.4095],[146.0558,43.4095],[146.0556,43.4093],[146.0554,43.4095]]],[[[146.0537,43.4097],[146.0538,43.4098],[146.0538,43.4098],[146.0537,43.4097]]],[[[146.0208,43.4131],[146.021,43.4131],[146.0208,43.4131],[146.0208,43.4131]]],[[[146.0563,43.4136],[146.0564,43.4139],[146.0564,43.4138],[146.0563,43.4136]]],[[[146.0565,43.4139],[146.0565,43.414],[146.0565,43.414],[146.0565,43.4139]]],[[[146.0583,43.414],[146.0584,43.4141],[146.0584,43.414],[146.0583,43.414]]],[[[146.057,43.414],[146.0571,43.4141],[146.057,43.414],[146.057,43.414]]],[[[146.0607,43.4142],[146.0606,43.4143],[146.0607,43.4143],[146.0607,43.4142]]],[[[146.0607,43.4146],[146.0609,43.4145],[146.0607,43.4146],[146.0607,43.4146]]],[[[146.0604,43.4148],[146.0606,43.415],[146.0607,43.4149],[146.0604,43.4148]]],[[[146.06,43.4152],[146.0601,43.4151],[146.06,43.4151],[146.06,43.4152]]],[[[146.0658,43.4156],[146.0657,43.4156],[146.0658,43.4156],[146.0658,43.4156]]],[[[146.066,43.4159],[146.0659,43.4159],[146.0659,43.416],[146.066,43.4159]]],[[[146.0636,43.4161],[146.0635,43.4164],[146.0637,43.4162],[146.0636,43.4161]]],[[[146.0618,43.4165],[146.0619,43.4164],[146.0618,43.4164],[146.0618,43.4165]]],[[[146.0658,43.4169],[146.066,43.4166],[146.0656,43.4167],[146.0658,43.4169]]],[[[146.0268,43.4169],[146.0268,43.417],[146.0269,43.4169],[146.0268,43.4169]]],[[[146.0388,43.4244],[146.0389,43.4242],[146.0387,43.4243],[146.0388,43.4244]]],[[[146.0589,43.4253],[146.0587,43.4252],[146.0589,43.4253],[146.0589,43.4253]]],[[[146.0381,43.4256],[146.038,43.4255],[146.038,43.4255],[146.0381,43.4256]]],[[[146.0615,43.4266],[146.0611,43.4265],[146.0611,43.4265],[146.0615,43.4266]]],[[[146.0615,43.4277],[146.0615,43.4278],[146.0615,43.4278],[146.0615,43.4277]]],[[[146.0465,43.4289],[146.0464,43.429],[146.0465,43.4289],[146.0465,43.4289]]],[[[146.0594,43.4296],[146.0594,43.4295],[146.0594,43.4295],[146.0594,43.4296]]],[[[146.0462,43.4314],[146.0464,43.4314],[146.0465,43.4312],[146.0462,43.4314]]],[[[146.048,43.4316],[146.048,43.4316],[146.048,43.4317],[146.048,43.4316]]],[[[146.0474,43.4319],[146.0473,43.4318],[146.0473,43.4319],[146.0474,43.4319]]],[[[146.0649,43.4372],[146.0649,43.4373],[146.0651,43.4373],[146.0649,43.4372]]],[[[146.0585,43.5216],[146.0584,43.5215],[146.0584,43.5216],[146.0585,43.5216]]],[[[146.0609,43.5247],[146.0611,43.5246],[146.0609,43.5246],[146.0609,43.5247]]],[[[146.0821,43.4118],[146.0828,43.4128],[146.083,43.4123],[146.0821,43.4118]]],[[[146.0821,43.4129],[146.0821,43.4127],[146.0819,43.4128],[146.0821,43.4129]]],[[[146.085,43.4125],[146.0841,43.4129],[146.085,43.4135],[146.085,43.4125]]],[[[146.0839,43.4128],[146.0835,43.4132],[146.0841,43.413],[146.0839,43.4128]]],[[[146.0866,43.4138],[146.0867,43.4139],[146.0867,43.4138],[146.0866,43.4138]]],[[[146.0731,43.4147],[146.073,43.4147],[146.0731,43.4148],[146.0731,43.4147]]],[[[146.0717,43.415],[146.0716,43.4146],[146.0716,43.4148],[146.0717,43.415]]],[[[146.0726,43.4148],[146.0726,43.415],[146.0727,43.4149],[146.0726,43.4148]]],[[[146.0781,43.4152],[146.0783,43.4148],[146.0778,43.4148],[146.0781,43.4152]]],[[[146.0723,43.415],[146.0722,43.415],[146.0723,43.415],[146.0723,43.415]]],[[[146.0755,43.4149],[146.0763,43.4154],[146.0763,43.4148],[146.0755,43.4149]]],[[[146.0777,43.4151],[146.0775,43.4152],[146.0778,43.4152],[146.0777,43.4151]]],[[[146.0664,43.4149],[146.0663,43.4159],[146.0667,43.4156],[146.0664,43.4149]]],[[[146.0765,43.4154],[146.0766,43.4153],[146.0766,43.4153],[146.0765,43.4154]]],[[[146.0769,43.4154],[146.077,43.4156],[146.077,43.4155],[146.0769,43.4154]]],[[[146.0778,43.4155],[146.0776,43.4156],[146.0777,43.4156],[146.0778,43.4155]]],[[[146.0871,43.4157],[146.0862,43.4158],[146.0862,43.416],[146.0871,43.4157]]],[[[146.0749,43.416],[146.0748,43.416],[146.0749,43.416],[146.0749,43.416]]],[[[146.0663,43.4161],[146.0662,43.4161],[146.0662,43.4161],[146.0663,43.4161]]],[[[146.0982,43.416],[146.098,43.4162],[146.0983,43.4162],[146.0982,43.416]]],[[[146.069,43.416],[146.0688,43.4164],[146.069,43.4164],[146.069,43.416]]],[[[146.0722,43.4167],[146.0722,43.4169],[146.0722,43.4168],[146.0722,43.4167]]],[[[146.0904,43.4173],[146.0904,43.4172],[146.0904,43.4173],[146.0904,43.4173]]],[[[146.0905,43.4175],[146.09,43.4177],[146.0905,43.4177],[146.0905,43.4175]]],[[[146.0703,43.4177],[146.0703,43.4178],[146.0704,43.4177],[146.0703,43.4177]]],[[[146.0956,43.4179],[146.0957,43.4177],[146.0955,43.4178],[146.0956,43.4179]]],[[[146.0684,43.4179],[146.0687,43.4178],[146.0684,43.4178],[146.0684,43.4179]]],[[[146.0732,43.418],[146.0733,43.4182],[146.0734,43.4181],[146.0732,43.418]]],[[[146.0745,43.418],[146.0745,43.4183],[146.0748,43.4182],[146.0745,43.418]]],[[[146.0737,43.4182],[146.0735,43.4181],[146.0736,43.4182],[146.0737,43.4182]]],[[[146.072,43.4184],[146.0719,43.4184],[146.072,43.4185],[146.072,43.4184]]],[[[146.0734,43.4185],[146.0734,43.4184],[146.0733,43.4185],[146.0734,43.4185]]],[[[146.0727,43.4185],[146.0728,43.4185],[146.0728,43.4185],[146.0727,43.4185]]],[[[146.0922,43.4182],[146.0925,43.4189],[146.093,43.4187],[146.0922,43.4182]]],[[[146.0956,43.4196],[146.0939,43.419],[146.093,43.4189],[146.0956,43.4196]]],[[[146.0977,43.4193],[146.0978,43.4192],[146.0977,43.4192],[146.0977,43.4193]]],[[[146.098,43.4186],[146.096,43.4201],[146.0977,43.4205],[146.0976,43.4193],[146.098,43.4186]]],[[[146.0979,43.4197],[146.0978,43.4198],[146.0979,43.4198],[146.0979,43.4197]]],[[[146.0895,43.4218],[146.089,43.4217],[146.0891,43.4219],[146.0895,43.4218]]],[[[146.0605,43.4163],[146.0543,43.4132],[146.0501,43.4047],[146.0489,43.4053],[146.0424,43.4019],[146.0346,43.4071],[146.029,43.4088],[146.0246,43.4086],[146.0277,43.4153],[146.0271,43.4194],[146.038,43.4187],[146.0392,43.4243],[146.0465,43.4277],[146.0473,43.4316],[146.0579,43.4222],[146.0634,43.4245],[146.0637,43.4337],[146.0664,43.4322],[146.069,43.4323],[146.0713,43.4331],[146.0717,43.4328],[146.0681,43.4292],[146.0711,43.4234],[146.0846,43.4244],[146.0886,43.4331],[146.0828,43.4396],[146.0925,43.4429],[146.0982,43.4481],[146.1023,43.4389],[146.1093,43.4378],[146.1062,43.4358],[146.1065,43.4329],[146.1083,43.4312],[146.1076,43.4306],[146.1061,43.4322],[146.0995,43.4325],[146.0935,43.4308],[146.0898,43.4257],[146.0919,43.4228],[146.0872,43.4215],[146.0853,43.4199],[146.0836,43.4133],[146.0757,43.4185],[146.0724,43.4188],[146.0697,43.4176],[146.0686,43.4185],[146.0605,43.4163]]],[[[146.0911,43.4268],[146.0912,43.427],[146.0912,43.427],[146.0911,43.4268]]],[[[146.0915,43.4271],[146.0914,43.4271],[146.0914,43.4272],[146.0915,43.4271]]],[[[146.0917,43.4273],[146.0916,43.4274],[146.0918,43.4274],[146.0917,43.4273]]],[[[146.0917,43.4277],[146.0917,43.4276],[146.0916,43.4276],[146.0917,43.4277]]],[[[146.0926,43.4283],[146.0928,43.4283],[146.0928,43.4283],[146.0926,43.4283]]],[[[146.093,43.4285],[146.0929,43.4283],[146.0927,43.4284],[146.093,43.4285]]],[[[146.1057,43.429],[146.1051,43.4285],[146.1048,43.4292],[146.1057,43.429]]],[[[146.0985,43.4293],[146.0983,43.4287],[146.0978,43.4288],[146.0985,43.4293]]],[[[146.0942,43.4292],[146.0941,43.429],[146.0941,43.4291],[146.0942,43.4292]]],[[[146.1013,43.4292],[146.1012,43.4291],[146.1012,43.4292],[146.1013,43.4292]]],[[[146.0932,43.4293],[146.0933,43.4293],[146.0932,43.4293],[146.0932,43.4293]]],[[[146.0942,43.4294],[146.094,43.4293],[146.0939,43.4294],[146.0942,43.4294]]],[[[146.0937,43.4295],[146.0938,43.4294],[146.0937,43.4294],[146.0937,43.4295]]],[[[146.108,43.4297],[146.1082,43.4296],[146.1081,43.4296],[146.108,43.4297]]],[[[146.0826,43.4299],[146.0824,43.4299],[146.0827,43.43],[146.0826,43.4299]]],[[[146.0939,43.43],[146.094,43.4302],[146.0941,43.4301],[146.0939,43.43]]],[[[146.1017,43.4305],[146.1014,43.4308],[146.1016,43.4308],[146.1017,43.4305]]],[[[146.1084,43.4306],[146.1081,43.4308],[146.1084,43.4308],[146.1084,43.4306]]],[[[146.112,43.4306],[146.1119,43.431],[146.1122,43.4308],[146.112,43.4306]]],[[[146.1017,43.431],[146.1017,43.4309],[146.1015,43.4309],[146.1017,43.431]]],[[[146.1069,43.431],[146.1069,43.431],[146.1069,43.431],[146.1069,43.431]]],[[[146.103,43.4311],[146.103,43.431],[146.1028,43.431],[146.103,43.4311]]],[[[146.1035,43.4311],[146.1034,43.4311],[146.1035,43.4311],[146.1035,43.4311]]],[[[146.1085,43.4311],[146.1085,43.4312],[146.1085,43.4311],[146.1085,43.4311]]],[[[146.1094,43.4313],[146.1096,43.4311],[146.1094,43.431],[146.1094,43.4313]]],[[[146.1037,43.4312],[146.1038,43.4312],[146.1037,43.4312],[146.1037,43.4312]]],[[[146.1082,43.4315],[146.1084,43.4316],[146.1085,43.4315],[146.1082,43.4315]]],[[[146.0714,43.4319],[146.0714,43.4318],[146.0714,43.4318],[146.0714,43.4319]]],[[[146.0827,43.4319],[146.0829,43.4319],[146.0827,43.4319],[146.0827,43.4319]]],[[[146.1002,43.432],[146.1003,43.432],[146.1002,43.4319],[146.1002,43.432]]],[[[146.069,43.4325],[146.0691,43.4324],[146.069,43.4325],[146.069,43.4325]]],[[[146.107,43.434],[146.1067,43.434],[146.1066,43.434],[146.107,43.434]]],[[[146.1077,43.4351],[146.1079,43.4349],[146.1076,43.435],[146.1077,43.4351]]],[[[146.1077,43.4364],[146.1077,43.4363],[146.1076,43.4363],[146.1077,43.4364]]],[[[146.1106,43.4365],[146.1106,43.4366],[146.1107,43.4365],[146.1106,43.4365]]],[[[146.1099,43.4367],[146.1093,43.4366],[146.1099,43.4368],[146.1099,43.4367]]],[[[146.1093,43.4386],[146.1097,43.4387],[146.1099,43.4386],[146.1093,43.4386]]],[[[146.11,43.4387],[146.1099,43.4387],[146.1099,43.4388],[146.11,43.4387]]],[[[146.1082,43.4391],[146.109,43.4388],[146.108,43.4388],[146.1082,43.4391]]],[[[146.1099,43.439],[146.1097,43.4389],[146.1097,43.4389],[146.1099,43.439]]],[[[146.1055,43.4391],[146.1054,43.4392],[146.1055,43.4391],[146.1055,43.4391]]],[[[146.1095,43.4395],[146.1094,43.4394],[146.1093,43.4395],[146.1095,43.4395]]],[[[146.106,43.4396],[146.1061,43.4394],[146.1059,43.4394],[146.106,43.4396]]],[[[146.0821,43.4412],[146.0821,43.4411],[146.082,43.4411],[146.0821,43.4412]]],[[[146.1024,43.4426],[146.1022,43.4428],[146.1025,43.4427],[146.1024,43.4426]]],[[[146.1015,43.4433],[146.1015,43.4434],[146.1016,43.4434],[146.1015,43.4433]]],[[[146.0928,43.4453],[146.093,43.4452],[146.0929,43.4451],[146.0928,43.4453]]],[[[146.1018,43.4458],[146.1021,43.4459],[146.1021,43.4458],[146.1018,43.4458]]],[[[146.0919,43.4463],[146.092,43.4464],[146.092,43.4463],[146.0919,43.4463]]],[[[146.1013,43.4467],[146.1013,43.4468],[146.1014,43.4467],[146.1013,43.4467]]],[[[146.1025,43.4468],[146.1023,43.4468],[146.1026,43.4469],[146.1025,43.4468]]],[[[146.1025,43.4474],[146.1025,43.4474],[146.1025,43.4474],[146.1025,43.4474]]],[[[146.1003,43.4477],[146.1002,43.4477],[146.1002,43.4477],[146.1003,43.4477]]],[[[146.1004,43.4477],[146.1006,43.4478],[146.1006,43.4478],[146.1004,43.4477]]],[[[146.1003,43.448],[146.1003,43.4479],[146.1002,43.448],[146.1003,43.448]]],[[[146.0962,43.4481],[146.0962,43.4481],[146.0963,43.4481],[146.0962,43.4481]]],[[[146.0998,43.4485],[146.0997,43.4484],[146.0997,43.4485],[146.0998,43.4485]]],[[[146.0966,43.4488],[146.0965,43.4487],[146.0965,43.4488],[146.0966,43.4488]]],[[[146.1005,43.4491],[146.1004,43.4491],[146.1005,43.4491],[146.1005,43.4491]]],[[[146.0988,43.4494],[146.0988,43.4495],[146.0989,43.4495],[146.0988,43.4494]]],[[[146.1145,43.4577],[146.1146,43.4575],[146.1145,43.4576],[146.1145,43.4577]]],[[[146.1158,43.4581],[146.1157,43.4582],[146.1159,43.4582],[146.1158,43.4581]]],[[[146.119,43.4603],[146.1191,43.4602],[146.119,43.4602],[146.119,43.4603]]],[[[146.1132,43.4734],[146.1131,43.4731],[146.1129,43.4731],[146.1132,43.4734]]],[[[146.1422,43.4058],[146.1418,43.406],[146.1422,43.4062],[146.1422,43.4058]]],[[[146.1509,43.4065],[146.1504,43.4066],[146.1506,43.4069],[146.1509,43.4065]]],[[[146.157,43.4067],[146.1571,43.4068],[146.1571,43.4067],[146.157,43.4067]]],[[[146.1572,43.4071],[146.1574,43.4069],[146.157,43.407],[146.1572,43.4071]]],[[[146.1519,43.4072],[146.1521,43.4073],[146.152,43.4071],[146.1519,43.4072]]],[[[146.1487,43.4072],[146.1488,43.4075],[146.149,43.4075],[146.1487,43.4072]]],[[[146.1547,43.4075],[146.155,43.4075],[146.1548,43.4074],[146.1547,43.4075]]],[[[146.1582,43.4073],[146.1575,43.4081],[146.1584,43.4078],[146.1582,43.4073]]],[[[146.155,43.4078],[146.155,43.4077],[146.1548,43.4077],[146.155,43.4078]]],[[[146.154,43.4078],[146.1538,43.408],[146.154,43.4078],[146.154,43.4078]]],[[[146.1468,43.4079],[146.1465,43.4084],[146.1469,43.4083],[146.1468,43.4079]]],[[[146.1571,43.4084],[146.1571,43.4083],[146.157,43.4083],[146.1571,43.4084]]],[[[146.1597,43.4085],[146.1593,43.4083],[146.1592,43.4085],[146.1597,43.4085]]],[[[146.1557,43.4085],[146.1558,43.4085],[146.1558,43.4085],[146.1557,43.4085]]],[[[146.1552,43.4085],[146.1553,43.4086],[146.1552,43.4085],[146.1552,43.4085]]],[[[146.1582,43.4086],[146.1582,43.4086],[146.1583,43.4086],[146.1582,43.4086]]],[[[146.1587,43.4088],[146.1591,43.4087],[146.1591,43.4086],[146.1587,43.4088]]],[[[146.1556,43.4089],[146.155,43.4089],[146.1555,43.4092],[146.1556,43.4089]]],[[[146.1479,43.409],[146.1482,43.4089],[146.1479,43.4089],[146.1479,43.409]]],[[[146.1514,43.4087],[146.1535,43.4116],[146.1588,43.4091],[146.1568,43.4087],[146.157,43.408],[146.1563,43.4075],[146.1561,43.4093],[146.1514,43.4087]]],[[[146.16,43.4098],[146.1594,43.4091],[146.1593,43.4099],[146.16,43.4098]]],[[[146.1582,43.4098],[146.1583,43.4098],[146.1583,43.4097],[146.1582,43.4098]]],[[[146.1603,43.4098],[146.1603,43.4099],[146.1604,43.4098],[146.1603,43.4098]]],[[[146.1507,43.41],[146.1509,43.4099],[146.1509,43.4099],[146.1507,43.41]]],[[[146.1506,43.4103],[146.1506,43.4104],[146.1507,43.4104],[146.1506,43.4103]]],[[[146.1507,43.4111],[146.1505,43.411],[146.1505,43.411],[146.1507,43.4111]]],[[[146.1548,43.4115],[146.1548,43.4115],[146.1548,43.4115],[146.1548,43.4115]]],[[[146.151,43.4116],[146.1509,43.4116],[146.1509,43.4117],[146.151,43.4116]]],[[[146.1545,43.412],[146.1545,43.4118],[146.1544,43.4119],[146.1545,43.412]]],[[[146.1544,43.4124],[146.1544,43.4121],[146.1543,43.4122],[146.1544,43.4124]]],[[[146.1564,43.4136],[146.1565,43.4136],[146.1563,43.4136],[146.1564,43.4136]]],[[[146.1645,43.4139],[146.1646,43.4135],[146.1643,43.4138],[146.1645,43.4139]]],[[[146.1655,43.4141],[146.165,43.4133],[146.1652,43.4143],[146.1655,43.4141]]],[[[146.1551,43.414],[146.1554,43.4141],[146.1551,43.4139],[146.1551,43.414]]],[[[146.1652,43.415],[146.165,43.4146],[146.1649,43.4146],[146.1652,43.415]]],[[[146.1637,43.4147],[146.1636,43.4151],[146.1639,43.4149],[146.1637,43.4147]]],[[[146.1566,43.4164],[146.1566,43.4165],[146.1566,43.4164],[146.1566,43.4164]]],[[[146.1569,43.4165],[146.157,43.4166],[146.157,43.4166],[146.1569,43.4165]]],[[[146.1562,43.4166],[146.1562,43.4165],[146.1562,43.4166],[146.1562,43.4166]]],[[[146.1567,43.4167],[146.1566,43.4168],[146.1567,43.4168],[146.1567,43.4167]]],[[[146.1553,43.4165],[146.1557,43.4169],[146.1557,43.4167],[146.1553,43.4165]]],[[[146.1638,43.4167],[146.1638,43.4169],[146.1639,43.4169],[146.1638,43.4167]]],[[[146.157,43.4167],[146.1571,43.417],[146.1573,43.4168],[146.157,43.4167]]],[[[146.1535,43.4168],[146.1538,43.417],[146.154,43.4168],[146.1535,43.4168]]],[[[146.1567,43.4169],[146.1568,43.417],[146.1568,43.4169],[146.1567,43.4169]]],[[[146.1631,43.4161],[146.1627,43.4115],[146.1599,43.4138],[146.156,43.4146],[146.154,43.4142],[146.1674,43.4237],[146.1631,43.4161]]],[[[146.1643,43.4177],[146.1641,43.4175],[146.1641,43.4177],[146.1643,43.4177]]],[[[146.1644,43.418],[146.1643,43.4181],[146.1644,43.418],[146.1644,43.418]]],[[[146.1614,43.4206],[146.1616,43.4207],[146.1616,43.4207],[146.1614,43.4206]]],[[[146.1618,43.4207],[146.1618,43.4209],[146.162,43.4207],[146.1618,43.4207]]],[[[146.1616,43.4214],[146.1614,43.4219],[146.1617,43.4215],[146.1616,43.4214]]],[[[146.1631,43.4221],[146.163,43.4221],[146.1631,43.4221],[146.1631,43.4221]]],[[[146.1206,43.4604],[146.1206,43.4603],[146.1205,43.4603],[146.1206,43.4604]]],[[[146.1233,43.4604],[146.1233,43.4603],[146.1233,43.4604],[146.1233,43.4604]]],[[[146.121,43.4604],[146.1211,43.4605],[146.1211,43.4604],[146.121,43.4604]]],[[[146.1206,43.4605],[146.1205,43.4605],[146.1206,43.4605],[146.1206,43.4605]]],[[[146.1215,43.4605],[146.1214,43.4606],[146.1215,43.4606],[146.1215,43.4605]]],[[[146.1207,43.4606],[146.1205,43.4606],[146.1205,43.4606],[146.1207,43.4606]]],[[[146.123,43.4605],[146.1229,43.4607],[146.1231,43.4607],[146.123,43.4605]]],[[[146.1209,43.4607],[146.121,43.4607],[146.1209,43.4607],[146.1209,43.4607]]],[[[146.1194,43.4609],[146.1193,43.4609],[146.1194,43.461],[146.1194,43.4609]]],[[[146.1235,43.4611],[146.1235,43.4612],[146.1236,43.4611],[146.1235,43.4611]]],[[[146.1244,43.4615],[146.1243,43.4613],[146.1242,43.4612],[146.1244,43.4615]]],[[[146.1246,43.4615],[146.1248,43.4613],[146.1244,43.4613],[146.1246,43.4615]]],[[[146.1254,43.4615],[146.1255,43.4616],[146.1255,43.4615],[146.1254,43.4615]]],[[[146.1253,43.4617],[146.1255,43.4618],[146.1255,43.4618],[146.1253,43.4617]]],[[[146.1244,43.4619],[146.1243,43.4619],[146.1244,43.462],[146.1244,43.4619]]],[[[146.1301,43.4634],[146.13,43.4636],[146.1302,43.4636],[146.1301,43.4634]]],[[[146.134,43.4643],[146.1341,43.4644],[146.1341,43.4643],[146.134,43.4643]]],[[[146.133,43.4646],[146.133,43.4647],[146.1332,43.4646],[146.133,43.4646]]],[[[146.143,43.4662],[146.1426,43.4659],[146.1429,43.4663],[146.143,43.4662]]],[[[146.1431,43.4662],[146.1431,43.4661],[146.1431,43.4661],[146.1431,43.4662]]],[[[146.1432,43.4665],[146.1443,43.4664],[146.1432,43.4662],[146.1432,43.4665]]],[[[146.1449,43.4668],[146.1446,43.4666],[146.1446,43.4666],[146.1449,43.4668]]],[[[146.1454,43.4668],[146.1454,43.4669],[146.1455,43.4669],[146.1454,43.4668]]],[[[146.1453,43.4671],[146.1452,43.467],[146.1452,43.4671],[146.1453,43.4671]]],[[[146.1457,43.467],[146.1458,43.4672],[146.1459,43.4671],[146.1457,43.467]]],[[[146.1458,43.4674],[146.1459,43.4675],[146.1459,43.4674],[146.1458,43.4674]]],[[[146.1461,43.4676],[146.146,43.4675],[146.146,43.4675],[146.1461,43.4676]]],[[[146.1467,43.4676],[146.1467,43.4677],[146.1468,43.4676],[146.1467,43.4676]]],[[[146.1481,43.4684],[146.1482,43.4683],[146.1482,43.4683],[146.1481,43.4684]]],[[[146.1484,43.4685],[146.1485,43.4686],[146.1485,43.4685],[146.1484,43.4685]]],[[[146.1494,43.4689],[146.1494,43.4688],[146.1493,43.4689],[146.1494,43.4689]]],[[[146.1523,43.47],[146.1522,43.4702],[146.1526,43.4702],[146.1523,43.47]]],[[[146.1529,43.4703],[146.1527,43.4704],[146.1529,43.4704],[146.1529,43.4703]]],[[[146.1535,43.471],[146.1541,43.4706],[146.1531,43.4705],[146.1535,43.471]]],[[[146.1541,43.4711],[146.1542,43.4711],[146.1541,43.471],[146.1541,43.4711]]],[[[146.1564,43.4719],[146.156,43.472],[146.1565,43.4719],[146.1564,43.4719]]],[[[146.1563,43.4721],[146.1567,43.4723],[146.1567,43.4721],[146.1563,43.4721]]],[[[146.1559,43.4724],[146.1561,43.4725],[146.1561,43.4724],[146.1559,43.4724]]],[[[146.1616,43.4725],[146.1611,43.4725],[146.1611,43.4728],[146.1616,43.4725]]],[[[146.1562,43.4725],[146.1561,43.4726],[146.1563,43.4726],[146.1562,43.4725]]],[[[146.1617,43.4725],[146.1624,43.4728],[146.1625,43.4727],[146.1617,43.4725]]],[[[146.1626,43.4729],[146.1626,43.473],[146.1626,43.4729],[146.1626,43.4729]]],[[[146.1629,43.4728],[146.163,43.4733],[146.1633,43.4728],[146.1629,43.4728]]],[[[146.163,43.4736],[146.1629,43.4735],[146.1629,43.4735],[146.163,43.4736]]],[[[146.1587,43.4736],[146.1589,43.4736],[146.1587,43.4736],[146.1587,43.4736]]],[[[146.1646,43.4747],[146.1638,43.4753],[146.1648,43.4749],[146.1646,43.4747]]],[[[146.1176,43.4721],[146.0731,43.5212],[146.0585,43.5221],[146.1349,43.549],[146.1629,43.5344],[146.2044,43.5334],[146.1783,43.5039],[146.1965,43.4948],[146.1946,43.4943],[146.1941,43.4926],[146.1889,43.4905],[146.1933,43.4878],[146.1873,43.4871],[146.1865,43.486],[146.1877,43.4835],[146.181,43.4822],[146.18,43.4796],[146.1633,43.4785],[146.1634,43.4743],[146.1473,43.4721],[146.1196,43.4615],[146.1171,43.4583],[146.1176,43.4721]]],[[[146.142,43.5472],[146.1419,43.5471],[146.1419,43.5472],[146.142,43.5472]]],[[[146.13,43.5478],[146.13,43.5478],[146.13,43.5478],[146.13,43.5478]]],[[[146.1407,43.549],[146.1407,43.549],[146.1408,43.549],[146.1407,43.549]]],[[[146.1406,43.5492],[146.1406,43.5491],[146.1406,43.5491],[146.1406,43.5492]]],[[[146.1405,43.5492],[146.1404,43.5491],[146.1404,43.5492],[146.1405,43.5492]]],[[[146.1662,43.4146],[146.1656,43.4144],[146.1656,43.4146],[146.1662,43.4146]]],[[[146.166,43.4174],[146.1661,43.4173],[146.166,43.4173],[146.166,43.4174]]],[[[146.1665,43.4176],[146.1666,43.4176],[146.1665,43.4176],[146.1665,43.4176]]],[[[146.1671,43.4177],[146.1671,43.4177],[146.1671,43.4177],[146.1671,43.4177]]],[[[146.1678,43.4192],[146.1674,43.419],[146.1673,43.4192],[146.1678,43.4192]]],[[[146.1673,43.42],[146.1674,43.4199],[146.1672,43.4199],[146.1673,43.42]]],[[[146.1671,43.4206],[146.1672,43.4206],[146.1671,43.4205],[146.1671,43.4206]]],[[[146.1671,43.421],[146.1672,43.421],[146.1672,43.4209],[146.1671,43.421]]],[[[146.1674,43.4211],[146.1675,43.4211],[146.1674,43.4211],[146.1674,43.4211]]],[[[146.1676,43.4218],[146.1677,43.4214],[146.1674,43.4216],[146.1676,43.4218]]],[[[146.167,43.4216],[146.167,43.4217],[146.167,43.4216],[146.167,43.4216]]],[[[146.1677,43.422],[146.1677,43.4219],[146.1675,43.4219],[146.1677,43.422]]],[[[146.1696,43.4228],[146.1692,43.4231],[146.1696,43.4231],[146.1696,43.4228]]],[[[146.1679,43.4239],[146.1678,43.4238],[146.1678,43.4239],[146.1679,43.4239]]],[[[146.1706,43.4244],[146.1706,43.4236],[146.1698,43.4235],[146.1706,43.4244]]],[[[146.1707,43.4248],[146.1708,43.4247],[146.1706,43.4246],[146.1707,43.4248]]],[[[146.1749,43.4246],[146.1744,43.4251],[146.1751,43.425],[146.1749,43.4246]]],[[[146.1752,43.425],[146.1752,43.425],[146.1752,43.425],[146.1752,43.425]]],[[[146.1705,43.4249],[146.1706,43.4251],[146.1706,43.4249],[146.1705,43.4249]]],[[[146.1749,43.4253],[146.1747,43.4254],[146.1749,43.4254],[146.1749,43.4253]]],[[[146.174,43.4255],[146.1739,43.4255],[146.1739,43.4255],[146.174,43.4255]]],[[[146.1746,43.4254],[146.1744,43.4257],[146.1747,43.4256],[146.1746,43.4254]]],[[[146.175,43.4257],[146.1749,43.4258],[146.175,43.4258],[146.175,43.4257]]],[[[146.1735,43.426],[146.1737,43.4263],[146.1737,43.4262],[146.1735,43.426]]],[[[146.1738,43.4262],[146.1739,43.4262],[146.1738,43.4262],[146.1738,43.4262]]],[[[146.1727,43.4261],[146.1727,43.4263],[146.1728,43.4262],[146.1727,43.4261]]],[[[146.1765,43.4265],[146.1766,43.4265],[146.1765,43.4265],[146.1765,43.4265]]],[[[146.1748,43.4259],[146.1745,43.427],[146.1763,43.4275],[146.1766,43.4269],[146.1748,43.4259]]],[[[146.1733,43.4271],[146.1733,43.427],[146.1733,43.427],[146.1733,43.4271]]],[[[146.1731,43.4271],[146.1732,43.4272],[146.1732,43.4271],[146.1731,43.4271]]],[[[146.1734,43.4274],[146.1733,43.4273],[146.1733,43.4274],[146.1734,43.4274]]],[[[146.1759,43.4275],[146.176,43.4275],[146.1759,43.4274],[146.1759,43.4275]]],[[[146.1742,43.4277],[146.1741,43.4278],[146.1743,43.4277],[146.1742,43.4277]]],[[[146.1754,43.4277],[146.1753,43.4278],[146.1754,43.4279],[146.1754,43.4277]]],[[[146.1772,43.428],[146.1774,43.4277],[146.1772,43.4278],[146.1772,43.428]]],[[[146.1768,43.4281],[146.177,43.4276],[146.1763,43.4278],[146.1768,43.4281]]],[[[146.1751,43.4278],[146.1752,43.4279],[146.1752,43.4278],[146.1751,43.4278]]],[[[146.1779,43.4279],[146.1777,43.4285],[146.1781,43.4284],[146.1779,43.4279]]],[[[146.1784,43.4282],[146.1784,43.4283],[146.1784,43.4282],[146.1784,43.4282]]],[[[146.1768,43.4286],[146.1767,43.4286],[146.1768,43.4286],[146.1768,43.4286]]],[[[146.176,43.4286],[146.176,43.4286],[146.1761,43.4286],[146.176,43.4286]]],[[[146.1765,43.4286],[146.1765,43.4287],[146.1766,43.4286],[146.1765,43.4286]]],[[[146.1798,43.4286],[146.1804,43.4296],[146.1811,43.4292],[146.1798,43.4286]]],[[[146.1784,43.4297],[146.1771,43.4284],[146.1764,43.429],[146.1784,43.4297]]],[[[146.1762,43.4293],[146.1763,43.4294],[146.1763,43.4294],[146.1762,43.4293]]],[[[146.1765,43.4296],[146.1766,43.4295],[146.1764,43.4295],[146.1765,43.4296]]],[[[146.1769,43.4295],[146.1769,43.4297],[146.177,43.4296],[146.1769,43.4295]]],[[[146.1787,43.4297],[146.1788,43.4298],[146.1788,43.4296],[146.1787,43.4297]]],[[[146.1775,43.43],[146.1774,43.4299],[146.1774,43.43],[146.1775,43.43]]],[[[146.1775,43.4301],[146.1776,43.43],[146.1774,43.4301],[146.1775,43.4301]]],[[[146.1802,43.4303],[146.1804,43.4302],[146.1803,43.4302],[146.1802,43.4303]]],[[[146.1781,43.4303],[146.1779,43.4302],[146.1779,43.4303],[146.1781,43.4303]]],[[[146.1788,43.4304],[146.1789,43.4304],[146.1787,43.4303],[146.1788,43.4304]]],[[[146.1783,43.4303],[146.1784,43.4304],[146.1784,43.4304],[146.1783,43.4303]]],[[[146.1778,43.4304],[146.1778,43.4304],[146.1778,43.4304],[146.1778,43.4304]]],[[[146.1808,43.4311],[146.1807,43.4313],[146.181,43.4312],[146.1808,43.4311]]],[[[146.182,43.4319],[146.182,43.432],[146.1821,43.432],[146.182,43.4319]]],[[[146.1751,43.4789],[146.1753,43.4787],[146.1751,43.4787],[146.1751,43.4789]]],[[[146.1818,43.4808],[146.1818,43.4809],[146.1819,43.4809],[146.1818,43.4808]]],[[[146.1809,43.4811],[146.1815,43.4812],[146.1808,43.4809],[146.1809,43.4811]]],[[[146.1863,43.4828],[146.1863,43.4828],[146.1864,43.4827],[146.1863,43.4828]]],[[[146.1886,43.4846],[146.1888,43.4844],[146.1885,43.4845],[146.1886,43.4846]]],[[[146.1879,43.4848],[146.1878,43.4847],[146.1877,43.4848],[146.1879,43.4848]]],[[[146.1875,43.4855],[146.188,43.4851],[146.1874,43.4852],[146.1875,43.4855]]],[[[146.1883,43.4855],[146.1886,43.4853],[146.1883,43.4854],[146.1883,43.4855]]],[[[146.1878,43.4856],[146.1878,43.4855],[146.1877,43.4855],[146.1878,43.4856]]],[[[146.1948,43.4899],[146.1945,43.4899],[146.1946,43.49],[146.1948,43.4899]]],[[[146.1988,43.4899],[146.1989,43.4901],[146.199,43.49],[146.1988,43.4899]]],[[[146.1985,43.49],[146.1982,43.4903],[146.1984,43.4903],[146.1985,43.49]]],[[[146.1968,43.4902],[146.1967,43.4904],[146.1969,43.4902],[146.1968,43.4902]]],[[[146.199,43.4906],[146.1997,43.4903],[146.1987,43.4903],[146.199,43.4906]]],[[[146.2026,43.4928],[146.2026,43.493],[146.2027,43.493],[146.2026,43.4928]]],[[[146.1949,43.4932],[146.1947,43.4932],[146.1947,43.4932],[146.1949,43.4932]]],[[[146.1949,43.4943],[146.195,43.4942],[146.1949,43.4942],[146.1949,43.4943]]],[[[146.1795,43.5049],[146.1794,43.5047],[146.1793,43.5048],[146.1795,43.5049]]],[[[146.3047,43.6177],[146.3048,43.6177],[146.3048,43.6177],[146.3047,43.6177]]],[[[146.3051,43.6184],[146.3052,43.6185],[146.3052,43.6184],[146.3051,43.6184]]],[[[146.3051,43.6186],[146.305,43.6186],[146.305,43.6186],[146.3051,43.6186]]],[[[146.3026,43.6189],[146.3025,43.619],[146.3026,43.619],[146.3026,43.6189]]],[[[146.3026,43.6199],[146.3027,43.6199],[146.3027,43.6199],[146.3026,43.6199]]],[[[146.3028,43.6199],[146.3029,43.6199],[146.3029,43.6199],[146.3028,43.6199]]],[[[146.3072,43.6201],[146.3072,43.6202],[146.3072,43.6202],[146.3072,43.6201]]],[[[146.3013,43.6211],[146.3013,43.621],[146.3013,43.6211],[146.3013,43.6211]]],[[[146.3056,43.6213],[146.3057,43.6213],[146.3055,43.6213],[146.3056,43.6213]]],[[[146.2974,43.6215],[146.2973,43.6214],[146.2973,43.6215],[146.2974,43.6215]]],[[[146.3006,43.6224],[146.3006,43.6224],[146.3005,43.6224],[146.3006,43.6224]]],[[[146.2816,43.6237],[146.2815,43.6237],[146.2815,43.6237],[146.2816,43.6237]]],[[[146.2868,43.6246],[146.2867,43.6246],[146.2867,43.6246],[146.2868,43.6246]]],[[[146.2703,43.6262],[146.2701,43.6259],[146.27,43.6262],[146.2703,43.6262]]],[[[146.27,43.6264],[146.2701,43.6264],[146.27,43.6263],[146.27,43.6264]]],[[[146.2697,43.627],[146.2697,43.6269],[146.2696,43.6269],[146.2697,43.627]]],[[[146.2695,43.627],[146.2696,43.6271],[146.2696,43.6271],[146.2695,43.627]]],[[[146.2693,43.6272],[146.2694,43.6273],[146.2694,43.6272],[146.2693,43.6272]]],[[[146.2738,43.6288],[146.274,43.6288],[146.274,43.6288],[146.2738,43.6288]]],[[[146.2836,43.6308],[146.2835,43.6306],[146.2835,43.6309],[146.2836,43.6308]]],[[[146.3009,43.6345],[146.3009,43.6346],[146.3009,43.6345],[146.3009,43.6345]]],[[[146.3022,43.6355],[146.3023,43.6355],[146.3023,43.6355],[146.3022,43.6355]]],[[[146.3066,43.6381],[146.3066,43.638],[146.3065,43.638],[146.3066,43.6381]]],[[[146.307,43.6469],[146.307,43.6468],[146.3069,43.6469],[146.307,43.6469]]],[[[146.3076,43.647],[146.3076,43.6469],[146.3075,43.6469],[146.3076,43.647]]],[[[146.3069,43.6474],[146.3068,43.6474],[146.3069,43.6474],[146.3069,43.6474]]],[[[146.3071,43.6476],[146.3072,43.6474],[146.307,43.6475],[146.3071,43.6476]]],[[[146.3074,43.6477],[146.3074,43.6478],[146.3075,43.6478],[146.3074,43.6477]]],[[[146.3077,43.6481],[146.3075,43.6481],[146.3078,43.6481],[146.3077,43.6481]]],[[[146.4014,43.5654],[146.4016,43.5634],[146.4004,43.5647],[146.4014,43.5654]]],[[[146.4006,43.5654],[146.4005,43.5651],[146.4003,43.5653],[146.4006,43.5654]]],[[[146.4017,43.5654],[146.4019,43.5654],[146.4019,43.5654],[146.4017,43.5654]]],[[[146.4036,43.5649],[146.4035,43.5665],[146.4045,43.5654],[146.4036,43.5649]]],[[[146.3999,43.5661],[146.4003,43.5657],[146.3997,43.5659],[146.3999,43.5661]]],[[[146.4023,43.5666],[146.4006,43.5694],[146.4029,43.5696],[146.4023,43.5666]]],[[[146.4075,43.5675],[146.4033,43.5678],[146.4079,43.57],[146.4075,43.5675]]],[[[146.4021,43.57],[146.4021,43.5698],[146.402,43.5699],[146.4021,43.57]]],[[[146.4024,43.57],[146.4024,43.5702],[146.4025,43.5701],[146.4024,43.57]]],[[[146.4029,43.5701],[146.4028,43.5702],[146.4029,43.5702],[146.4029,43.5701]]],[[[146.4024,43.5705],[146.4023,43.5704],[146.4023,43.5705],[146.4024,43.5705]]],[[[146.4052,43.5708],[146.405,43.5703],[146.4043,43.5707],[146.4052,43.5708]]],[[[146.402,43.5707],[146.402,43.5705],[146.402,43.5705],[146.402,43.5707]]],[[[146.4397,43.57],[146.4392,43.5713],[146.4404,43.5703],[146.4397,43.57]]],[[[146.4039,43.5709],[146.4041,43.5706],[146.4038,43.5708],[146.4039,43.5709]]],[[[146.4044,43.5711],[146.4043,43.571],[146.4043,43.5711],[146.4044,43.5711]]],[[[146.4096,43.5714],[146.41,43.5718],[146.4101,43.5716],[146.4096,43.5714]]],[[[146.4356,43.5739],[146.4346,43.5726],[146.4342,43.5738],[146.4356,43.5739]]],[[[146.4313,43.5757],[146.4292,43.575],[146.4293,43.5766],[146.4313,43.5757]]],[[[146.431,43.5767],[146.4312,43.5767],[146.431,43.5766],[146.431,43.5767]]],[[[146.4307,43.5769],[146.4308,43.5767],[146.4306,43.5767],[146.4307,43.5769]]],[[[146.4308,43.5777],[146.4313,43.577],[146.4306,43.5771],[146.4308,43.5777]]],[[[146.4301,43.5786],[146.43,43.5779],[146.4294,43.5782],[146.4301,43.5786]]],[[[146.43,43.5998],[146.4303,43.6004],[146.4305,43.6001],[146.43,43.5998]]],[[[146.4312,43.5998],[146.4324,43.6007],[146.4333,43.5998],[146.4312,43.5998]]],[[[146.4308,43.6006],[146.4313,43.6004],[146.4307,43.6004],[146.4308,43.6006]]],[[[146.4314,43.6007],[146.4314,43.6008],[146.4314,43.6007],[146.4314,43.6007]]],[[[146.4309,43.6007],[146.4309,43.6008],[146.431,43.6008],[146.4309,43.6007]]],[[[146.4318,43.6009],[146.4319,43.6009],[146.4319,43.6009],[146.4318,43.6009]]],[[[146.4317,43.6011],[146.4315,43.601],[146.4316,43.601],[146.4317,43.6011]]],[[[146.4322,43.601],[146.4322,43.6011],[146.4323,43.601],[146.4322,43.601]]],[[[146.4318,43.6011],[146.4318,43.601],[146.4317,43.6011],[146.4318,43.6011]]],[[[146.4303,43.6013],[146.4314,43.6011],[146.4303,43.6011],[146.4303,43.6013]]],[[[146.4301,43.6012],[146.4301,43.6013],[146.4302,43.6013],[146.4301,43.6012]]],[[[146.4304,43.6014],[146.4303,43.6015],[146.4305,43.6015],[146.4304,43.6014]]],[[[146.4299,43.6017],[146.4297,43.6021],[146.4302,43.6019],[146.4299,43.6017]]],[[[146.3085,43.616],[146.3086,43.616],[146.3085,43.616],[146.3085,43.616]]],[[[146.3674,43.6169],[146.3676,43.617],[146.3676,43.6169],[146.3674,43.6169]]],[[[146.3086,43.6183],[146.3087,43.6183],[146.3086,43.6183],[146.3086,43.6183]]],[[[146.3312,43.619],[146.3313,43.6189],[146.3312,43.6189],[146.3312,43.619]]],[[[146.3313,43.6192],[146.3308,43.6195],[146.3307,43.6196],[146.3313,43.6192]]],[[[146.3307,43.6199],[146.3307,43.62],[146.3308,43.6199],[146.3307,43.6199]]],[[[146.3307,43.6201],[146.3306,43.6201],[146.3307,43.6201],[146.3307,43.6201]]],[[[146.3082,43.6202],[146.3082,43.6203],[146.3083,43.6203],[146.3082,43.6202]]],[[[146.33,43.6205],[146.33,43.6205],[146.3301,43.6205],[146.33,43.6205]]],[[[146.3111,43.6205],[146.3109,43.6204],[146.3108,43.6205],[146.3111,43.6205]]],[[[146.3112,43.6206],[146.3112,43.6207],[146.3112,43.6207],[146.3112,43.6206]]],[[[146.3296,43.6207],[146.3297,43.6207],[146.3296,43.6206],[146.3296,43.6207]]],[[[146.3077,43.6207],[146.3076,43.6208],[146.3077,43.6208],[146.3077,43.6207]]],[[[146.3111,43.6208],[146.3113,43.6209],[146.3113,43.6208],[146.3111,43.6208]]],[[[146.3079,43.6208],[146.3079,43.6209],[146.3079,43.6208],[146.3079,43.6208]]],[[[146.3078,43.621],[146.3076,43.6211],[146.3078,43.621],[146.3078,43.621]]],[[[146.357,43.6231],[146.3569,43.6231],[146.3569,43.6232],[146.357,43.6231]]],[[[146.3554,43.6243],[146.3554,43.6242],[146.3553,43.6243],[146.3554,43.6243]]],[[[146.355,43.6243],[146.3551,43.6245],[146.3552,43.6244],[146.355,43.6243]]],[[[146.3552,43.6246],[146.3553,43.6246],[146.3553,43.6245],[146.3552,43.6246]]],[[[146.3511,43.6301],[146.351,43.63],[146.3509,43.63],[146.3511,43.6301]]],[[[146.353,43.6308],[146.3529,43.6307],[146.3529,43.6308],[146.353,43.6308]]],[[[146.3538,43.6332],[146.3539,43.6331],[146.3538,43.6331],[146.3538,43.6332]]],[[[146.2706,43.6261],[146.2975,43.6304],[146.3104,43.6397],[146.3121,43.6515],[146.3287,43.6387],[146.3512,43.64],[146.3496,43.6286],[146.3573,43.6183],[146.2706,43.6261]]],[[[146.3547,43.6349],[146.3543,43.6349],[146.3546,43.6351],[146.3547,43.6349]]],[[[146.3565,43.635],[146.3567,43.6351],[146.3566,43.635],[146.3565,43.635]]],[[[146.3541,43.635],[146.3542,43.6351],[146.3541,43.6349],[146.3541,43.635]]],[[[146.3543,43.6351],[146.3544,43.6351],[146.3543,43.635],[146.3543,43.6351]]],[[[146.3543,43.6352],[146.3543,43.6353],[146.3544,43.6352],[146.3543,43.6352]]],[[[146.3546,43.6353],[146.3544,43.6353],[146.3547,43.6353],[146.3546,43.6353]]],[[[146.3546,43.6356],[146.3546,43.6356],[146.3546,43.6356],[146.3546,43.6356]]],[[[146.3521,43.639],[146.3523,43.6386],[146.3519,43.6387],[146.3521,43.639]]],[[[146.3519,43.6392],[146.3519,43.6393],[146.3519,43.6393],[146.3519,43.6392]]],[[[146.3387,43.6398],[146.3386,43.6403],[146.3389,43.6401],[146.3387,43.6398]]],[[[146.3383,43.6404],[146.3382,43.6403],[146.3382,43.6404],[146.3383,43.6404]]],[[[146.3269,43.641],[146.3269,43.6411],[146.3269,43.6411],[146.3269,43.641]]],[[[146.3098,43.6433],[146.3098,43.6432],[146.3097,43.6432],[146.3098,43.6433]]],[[[146.3293,43.6445],[146.3293,43.6441],[146.3291,43.6443],[146.3293,43.6445]]],[[[146.3079,43.6444],[146.308,43.6444],[146.308,43.6444],[146.3079,43.6444]]],[[[146.3082,43.6452],[146.3082,43.6453],[146.3082,43.6453],[146.3082,43.6452]]],[[[146.3079,43.6454],[146.3079,43.6454],[146.3079,43.6454],[146.3079,43.6454]]],[[[146.3277,43.6455],[146.3276,43.6455],[146.3277,43.6456],[146.3277,43.6455]]],[[[146.3081,43.6457],[146.3082,43.6456],[146.3081,43.6456],[146.3081,43.6457]]],[[[146.3283,43.6458],[146.3284,43.6456],[146.3283,43.6456],[146.3283,43.6458]]],[[[146.3254,43.6458],[146.3253,43.6459],[146.3255,43.6459],[146.3254,43.6458]]],[[[146.3082,43.6467],[146.3083,43.6467],[146.3083,43.6466],[146.3082,43.6467]]],[[[146.3241,43.6465],[146.3241,43.6469],[146.3242,43.6466],[146.3241,43.6465]]],[[[146.3077,43.6467],[146.3078,43.6468],[146.3079,43.6467],[146.3077,43.6467]]],[[[146.3256,43.6473],[146.3258,43.6472],[146.3256,43.6472],[146.3256,43.6473]]],[[[146.3213,43.6477],[146.32,43.648],[146.3216,43.6485],[146.3213,43.6477]]],[[[146.3216,43.6479],[146.3217,43.6481],[146.3219,43.648],[146.3216,43.6479]]],[[[146.319,43.6488],[146.319,43.6489],[146.3191,43.6488],[146.319,43.6488]]],[[[146.3184,43.649],[146.3184,43.6489],[146.3184,43.649],[146.3184,43.649]]],[[[146.308,43.6491],[146.308,43.6492],[146.3081,43.6491],[146.308,43.6491]]],[[[146.3192,43.6495],[146.3193,43.6495],[146.3191,43.6495],[146.3192,43.6495]]],[[[146.3198,43.6497],[146.3197,43.6497],[146.3198,43.6497],[146.3198,43.6497]]],[[[146.3195,43.6498],[146.3194,43.6498],[146.3195,43.6498],[146.3195,43.6498]]],[[[146.3195,43.6501],[146.3193,43.6501],[146.3195,43.6501],[146.3195,43.6501]]],[[[146.3193,43.6503],[146.319,43.6503],[146.3192,43.6503],[146.3193,43.6503]]],[[[146.3197,43.6504],[146.3196,43.6502],[146.3195,43.6502],[146.3197,43.6504]]],[[[146.3194,43.6505],[146.3194,43.6504],[146.3194,43.6504],[146.3194,43.6505]]],[[[146.3108,43.6505],[146.3107,43.6506],[146.3108,43.6506],[146.3108,43.6505]]],[[[146.3112,43.6519],[146.3117,43.6523],[146.3118,43.6519],[146.3112,43.6519]]]]}},{"type":"Feature","properties":{"id":"01224","name":"千歳市","pref":"北海道"},"geometry":{"type":"Polygon","coordinates":[[[141.374,42.6933],[141.3591,42.6812],[141.3114,42.6842],[141.2843,42.7053],[141.2702,42.7038],[141.2588,42.7138],[141.2435,42.6978],[141.2145,42.7017],[141.1915,42.6858],[141.1733,42.7511],[141.1991,42.7844],[141.2312,42.7916],[141.2191,42.8074],[141.2322,42.8208],[141.2714,42.8097],[141.2715,42.8018],[141.2928,42.8143],[141.3256,42.813],[141.3765,42.7957],[141.3779,42.8094],[141.3922,42.8161],[141.4437,42.8126],[141.4439,42.8214],[141.4672,42.8188],[141.4957,42.8291],[141.5809,42.831],[141.5768,42.8424],[141.5943,42.8571],[141.6038,42.8563],[141.6515,42.9261],[141.6605,42.9138],[141.6522,42.9075],[141.6514,42.8916],[141.6642,42.885],[141.6819,42.9109],[141.7003,42.8955],[141.7098,42.915],[141.7407,42.9233],[141.7556,42.9378],[141.7558,42.9532],[141.791,42.929],[141.8524,42.933],[141.8699,42.9225],[141.8064,42.8927],[141.7909,42.8761],[141.7897,42.8404],[141.7644,42.8327],[141.7765,42.8155],[141.7543,42.7984],[141.7569,42.792],[141.7066,42.7704],[141.6489,42.7766],[141.6047,42.7723],[141.5674,42.7427],[141.4069,42.7648],[141.4134,42.7231],[141.3868,42.6921],[141.374,42.6933]]]}},{"type":"Feature","properties":{"id":"01225","name":"滝川市","pref":"北海道"},"geometry":{"type":"Polygon","coordinates":[[[141.878,43.5676],[141.8852,43.6032],[141.8808,43.621],[141.8931,43.6314],[141.9152,43.6303],[141.907,43.6447],[141.9214,43.6534],[141.9121,43.6618],[141.9304,43.6686],[141.9738,43.6677],[142.0236,43.6349],[142.0638,43.631],[142.0861,43.6397],[142.0597,43.6167],[142.0437,43.6244],[141.9942,43.5981],[141.9963,43.5859],[141.9801,43.5577],[141.9494,43.5615],[141.9102,43.546],[141.9024,43.5325],[141.8896,43.5394],[141.8921,43.55],[141.878,43.5676]]]}},{"type":"Feature","properties":{"id":"01226","name":"砂川市","pref":"北海道"},"geometry":{"type":"Polygon","coordinates":[[[141.8712,43.4607],[141.8701,43.4812],[141.8939,43.4949],[141.8996,43.5086],[141.8813,43.5073],[141.8746,43.5156],[141.9044,43.5177],[141.8904,43.5403],[141.9031,43.5325],[141.9102,43.546],[141.9494,43.5615],[141.9781,43.5584],[141.9741,43.536],[141.9986,43.5162],[141.9698,43.493],[141.9686,43.4828],[141.9454,43.482],[141.9458,43.4763],[141.9752,43.4691],[141.9453,43.4493],[141.8712,43.4607]]]}},{"type":"Feature","properties":{"id":"01227","name":"歌志内市","pref":"北海道"},"geometry":{"type":"Polygon","coordinates":[[[142.0822,43.5108],[142.0932,43.4903],[142.0767,43.488],[142.0627,43.4673],[142.0715,43.4363],[142.0371,43.4509],[142.018,43.4805],[141.9692,43.4844],[141.9698,43.493],[141.9985,43.516],[141.9945,43.5215],[142.0067,43.5191],[142.0227,43.5336],[142.0474,43.5353],[142.0871,43.5244],[142.0822,43.5108]]]}},{"type":"Feature","properties":{"id":"01228","name":"深川市","pref":"北海道"},"geometry":{"type":"Polygon","coordinates":[[[142.0079,43.6399],[142.0039,43.6488],[141.9619,43.6691],[141.9947,43.6883],[141.9743,43.711],[141.9826,43.7216],[141.9668,43.7489],[142.001,43.75],[142.0126,43.819],[142.0327,43.8207],[142.0392,43.832],[142.0713,43.8437],[142.0857,43.8669],[142.0618,43.8999],[142.0277,43.9215],[142.0214,43.9417],[142.0327,43.9984],[142.0477,44.0134],[142.0599,44.0118],[142.0537,44.0188],[142.0617,44.0315],[142.0585,44.0434],[142.0737,44.0495],[142.0962,44.0436],[142.0879,44.0268],[142.1127,43.9772],[142.1053,43.9653],[142.1222,43.9326],[142.162,43.8924],[142.1592,43.8751],[142.2112,43.8668],[142.2204,43.8561],[142.2086,43.8379],[142.2401,43.7992],[142.222,43.7881],[142.2266,43.776],[142.1972,43.755],[142.1995,43.7343],[142.1706,43.7257],[142.1841,43.7124],[142.1779,43.7112],[142.1751,43.6814],[142.1978,43.6423],[142.2385,43.6523],[142.2384,43.6445],[142.2058,43.6325],[142.1939,43.642],[142.1137,43.636],[142.0903,43.648],[142.0638,43.631],[142.0079,43.6399]]]}},{"type":"Feature","properties":{"id":"01229","name":"富良野市","pref":"北海道"},"geometry":{"type":"Polygon","coordinates":[[[142.3606,43.1664],[142.3513,43.1567],[142.3237,43.1659],[142.3201,43.2067],[142.2956,43.2268],[142.2968,43.2372],[142.2801,43.2352],[142.2782,43.2527],[142.2889,43.2809],[142.2716,43.302],[142.2814,43.3226],[142.2968,43.3293],[142.2927,43.351],[142.3509,43.3783],[142.3409,43.3887],[142.3476,43.4005],[142.3454,43.3893],[142.3538,43.3796],[142.3784,43.3754],[142.4256,43.3515],[142.4404,43.3683],[142.4539,43.3619],[142.5152,43.3667],[142.5282,43.3613],[142.5617,43.3722],[142.5609,43.3825],[142.5885,43.3913],[142.6084,43.3816],[142.67,43.4001],[142.6688,43.3825],[142.651,43.3642],[142.6522,43.3564],[142.6295,43.3422],[142.6776,43.2958],[142.6691,43.2886],[142.6775,43.2731],[142.6626,43.2585],[142.6727,43.2477],[142.6387,43.2192],[142.607,43.213],[142.59,43.1962],[142.5655,43.1891],[142.526,43.1964],[142.5005,43.1778],[142.4775,43.1735],[142.4498,43.1775],[142.434,43.2039],[142.3949,43.2089],[142.3901,43.1874],[142.3729,43.1811],[142.3755,43.1662],[142.3606,43.1664]]]}},{"type":"Feature","properties":{"id":"01230","name":"登別市","pref":"北海道"},"geometry":{"type":"Polygon","coordinates":[[[141.0166,42.4083],[141.0158,42.4305],[140.9808,42.4444],[140.988,42.4656],[140.9716,42.4739],[140.9706,42.505],[141.0233,42.5114],[141.0537,42.5291],[141.0691,42.5295],[141.0651,42.5448],[141.0786,42.5545],[141.0992,42.5546],[141.1215,42.5415],[141.1234,42.5227],[141.151,42.525],[141.1706,42.5148],[141.1614,42.508],[141.1617,42.497],[141.1875,42.4494],[141.1556,42.4403],[141.0976,42.4001],[141.0544,42.3521],[141.0442,42.3564],[141.0284,42.4013],[141.0166,42.4083]]]}},{"type":"Feature","properties":{"id":"01231","name":"恵庭市","pref":"北海道"},"geometry":{"type":"Polygon","coordinates":[[[141.3747,42.7971],[141.3359,42.8117],[141.2959,42.8145],[141.2715,42.8018],[141.2715,42.8097],[141.243,42.8156],[141.2356,42.8274],[141.2564,42.8483],[141.2538,42.865],[141.2865,42.8736],[141.2974,42.8854],[141.3113,42.8857],[141.3206,42.8726],[141.3347,42.8702],[141.3577,42.8763],[141.3702,42.8913],[141.4164,42.8884],[141.4289,42.898],[141.4719,42.8972],[141.4987,42.9169],[141.5281,42.9165],[141.5586,42.9286],[141.5818,42.948],[141.5958,42.9847],[141.6063,42.9876],[141.6245,42.9813],[141.6207,42.9747],[141.6322,42.9704],[141.6372,42.9503],[141.6524,42.9422],[141.6515,42.9261],[141.6038,42.8563],[141.5943,42.8571],[141.5768,42.8424],[141.5809,42.831],[141.4957,42.8291],[141.4672,42.8188],[141.4439,42.8214],[141.4437,42.8126],[141.3922,42.8161],[141.3779,42.8094],[141.3747,42.7971]]]}},{"type":"Feature","properties":{"id":"01233","name":"伊達市","pref":"北海道"},"geometry":{"type":"MultiPolygon","coordinates":[[[[140.7774,42.4988],[140.778,42.4987],[140.7777,42.4985],[140.7774,42.4988]]],[[[140.7696,42.506],[140.77,42.5059],[140.7698,42.5058],[140.7696,42.506]]],[[[140.7765,42.5099],[140.7766,42.5101],[140.7767,42.51],[140.7765,42.5099]]],[[[140.7768,42.5158],[140.7768,42.5158],[140.7768,42.5158],[140.7768,42.5158]]],[[[140.7771,42.5157],[140.777,42.5159],[140.7771,42.5159],[140.7771,42.5157]]],[[[140.7751,42.5162],[140.7752,42.5159],[140.7749,42.516],[140.7751,42.5162]]],[[[140.7746,42.517],[140.7746,42.517],[140.7746,42.517],[140.7746,42.517]]],[[[140.7746,42.5171],[140.7746,42.5171],[140.7747,42.5171],[140.7746,42.5171]]],[[[140.777,42.517],[140.7761,42.5185],[140.7765,42.5184],[140.777,42.517]]],[[[140.777,42.5181],[140.7767,42.518],[140.777,42.5182],[140.777,42.5181]]],[[[140.7748,42.5191],[140.776,42.5186],[140.7759,42.5185],[140.7748,42.5191]]],[[[140.7738,42.5191],[140.7738,42.5191],[140.7738,42.5191],[140.7738,42.5191]]],[[[140.774,42.5192],[140.7739,42.5192],[140.7739,42.5192],[140.774,42.5192]]],[[[140.7735,42.5195],[140.7736,42.5196],[140.7736,42.5195],[140.7735,42.5195]]],[[[140.9082,42.3805],[140.9012,42.4161],[140.874,42.458],[140.8342,42.4734],[140.8004,42.4992],[140.78,42.4992],[140.7827,42.5046],[140.7785,42.5142],[140.7862,42.5131],[140.7866,42.5135],[140.7857,42.5148],[140.7862,42.5179],[140.7731,42.5204],[140.8196,42.5439],[140.8775,42.5315],[140.9224,42.5448],[140.9577,42.5366],[140.9697,42.5196],[140.9716,42.4739],[140.9879,42.4657],[140.9803,42.4469],[140.9904,42.4373],[140.9791,42.4201],[140.9848,42.4138],[140.9486,42.3873],[140.9082,42.3805]]],[[[140.7817,42.5052],[140.782,42.5052],[140.7816,42.505],[140.7817,42.5052]]],[[[140.7812,42.5055],[140.7814,42.5055],[140.7813,42.5054],[140.7812,42.5055]]],[[[140.7812,42.5058],[140.7813,42.5056],[140.7811,42.5058],[140.7812,42.5058]]],[[[140.7861,42.5133],[140.7861,42.5138],[140.7864,42.5134],[140.7861,42.5133]]],[[[140.7783,42.5136],[140.7783,42.5137],[140.7784,42.5136],[140.7783,42.5136]]],[[[140.7784,42.5139],[140.7784,42.5139],[140.7784,42.5139],[140.7784,42.5139]]],[[[140.7784,42.5139],[140.7785,42.5139],[140.7785,42.5139],[140.7784,42.5139]]],[[[140.7784,42.5141],[140.7784,42.5141],[140.7785,42.5141],[140.7784,42.5141]]],[[[140.7802,42.5142],[140.7802,42.5141],[140.7802,42.5141],[140.7802,42.5142]]],[[[140.7784,42.5141],[140.7785,42.5142],[140.7785,42.5141],[140.7784,42.5141]]],[[[140.7785,42.5171],[140.7773,42.5178],[140.7787,42.5176],[140.7785,42.5171]]],[[[141.0826,42.5798],[141.0676,42.5937],[141.0272,42.5922],[141.0246,42.6112],[140.9607,42.6446],[140.9719,42.6617],[140.9675,42.6709],[140.9894,42.6836],[141.0113,42.7176],[141.0399,42.7157],[141.0427,42.733],[141.0788,42.7481],[141.0896,42.7848],[141.0793,42.8047],[141.0644,42.8115],[141.0713,42.8274],[141.1331,42.8039],[141.1406,42.7889],[141.1609,42.7807],[141.1991,42.7844],[141.1723,42.7443],[141.1886,42.7109],[141.1915,42.6858],[141.1622,42.6649],[141.1555,42.6427],[141.1428,42.6351],[141.1476,42.6229],[141.1138,42.6124],[141.0826,42.5798]]]]}},{"type":"Feature","properties":{"id":"01234","name":"北広島市","pref":"北海道"},"geometry":{"type":"Polygon","coordinates":[[[141.4969,42.9147],[141.4719,42.8972],[141.4136,42.8955],[141.4211,42.9141],[141.4598,42.9433],[141.4823,43.0109],[141.4892,43.0136],[141.4861,43.0227],[141.5241,43.0161],[141.5672,43.0249],[141.5804,43.0171],[141.5801,43.0055],[141.5976,42.9802],[141.5818,42.948],[141.5319,42.9178],[141.4969,42.9147]]]}},{"type":"Feature","properties":{"id":"01235","name":"石狩市","pref":"北海道"},"geometry":{"type":"MultiPolygon","coordinates":[[[[141.2563,43.1972],[141.2871,43.2236],[141.2889,43.2288],[141.2894,43.2287],[141.2875,43.2235],[141.2724,43.2068],[141.2624,43.2002],[141.2563,43.1972]]],[[[141.2922,43.2226],[141.2996,43.2215],[141.3006,43.2219],[141.2996,43.2213],[141.2922,43.2226]]],[[[141.3313,43.7055],[141.3313,43.7056],[141.3313,43.7055],[141.3313,43.7055]]],[[[141.3306,43.7061],[141.3305,43.7062],[141.3307,43.7061],[141.3306,43.7061]]],[[[141.3311,43.7062],[141.3311,43.7063],[141.3312,43.7062],[141.3311,43.7062]]],[[[141.3303,43.7068],[141.3303,43.7067],[141.3303,43.7068],[141.3303,43.7068]]],[[[141.3304,43.7073],[141.3306,43.7074],[141.3306,43.7074],[141.3304,43.7073]]],[[[141.3309,43.7074],[141.331,43.7073],[141.3309,43.7074],[141.3309,43.7074]]],[[[141.3313,43.7075],[141.3312,43.7075],[141.3314,43.7075],[141.3313,43.7075]]],[[[141.3301,43.7076],[141.3301,43.7075],[141.33,43.7075],[141.3301,43.7076]]],[[[141.3304,43.7076],[141.3303,43.7076],[141.3303,43.7077],[141.3304,43.7076]]],[[[141.3301,43.7082],[141.33,43.7084],[141.3302,43.7083],[141.3301,43.7082]]],[[[141.3304,43.7104],[141.3305,43.7105],[141.3305,43.7104],[141.3304,43.7104]]],[[[141.3307,43.7118],[141.3308,43.7119],[141.3308,43.7118],[141.3307,43.7118]]],[[[141.3307,43.7126],[141.3307,43.7126],[141.3307,43.7126],[141.3307,43.7126]]],[[[141.3302,43.713],[141.33,43.7129],[141.33,43.713],[141.3302,43.713]]],[[[141.3298,43.713],[141.3297,43.713],[141.3298,43.7131],[141.3298,43.713]]],[[[141.3299,43.7135],[141.3298,43.7135],[141.3299,43.7135],[141.3299,43.7135]]],[[[141.3289,43.714],[141.329,43.7139],[141.3289,43.7139],[141.3289,43.714]]],[[[141.3282,43.7182],[141.3283,43.7184],[141.3284,43.7184],[141.3282,43.7182]]],[[[141.328,43.7184],[141.328,43.7185],[141.3281,43.7185],[141.328,43.7184]]],[[[141.3286,43.7188],[141.3285,43.7185],[141.3284,43.7186],[141.3286,43.7188]]],[[[141.3292,43.719],[141.3292,43.7189],[141.3292,43.719],[141.3292,43.719]]],[[[141.3289,43.719],[141.3289,43.7191],[141.329,43.7191],[141.3289,43.719]]],[[[141.3299,43.7256],[141.33,43.7258],[141.33,43.7256],[141.3299,43.7256]]],[[[141.3304,43.7264],[141.3304,43.7262],[141.3302,43.7263],[141.3304,43.7264]]],[[[141.3306,43.7266],[141.3308,43.7265],[141.3306,43.7265],[141.3306,43.7266]]],[[[141.3306,43.729],[141.3307,43.7288],[141.3304,43.729],[141.3306,43.729]]],[[[141.3288,43.7299],[141.3288,43.7299],[141.3287,43.7299],[141.3288,43.7299]]],[[[141.3292,43.73],[141.3292,43.7299],[141.3291,43.7299],[141.3292,43.73]]],[[[141.328,43.7406],[141.328,43.7409],[141.3284,43.7407],[141.328,43.7406]]],[[[141.3585,43.5173],[141.3586,43.5174],[141.3586,43.5173],[141.3585,43.5173]]],[[[141.3581,43.5194],[141.3581,43.5194],[141.3581,43.5194],[141.3581,43.5194]]],[[[141.3583,43.5197],[141.3585,43.5197],[141.3584,43.5197],[141.3583,43.5197]]],[[[141.3584,43.5202],[141.3583,43.5202],[141.3583,43.5203],[141.3584,43.5202]]],[[[141.3587,43.5204],[141.3586,43.5203],[141.3585,43.5204],[141.3587,43.5204]]],[[[141.3585,43.5207],[141.3587,43.5206],[141.3585,43.5206],[141.3585,43.5207]]],[[[141.3589,43.5219],[141.3591,43.5218],[141.359,43.5218],[141.3589,43.5219]]],[[[141.3592,43.524],[141.3591,43.5241],[141.3593,43.5241],[141.3592,43.524]]],[[[141.3589,43.5259],[141.3588,43.526],[141.3589,43.5259],[141.3589,43.5259]]],[[[141.3483,43.6641],[141.3483,43.6642],[141.3483,43.6642],[141.3483,43.6641]]],[[[141.3479,43.6644],[141.3477,43.6642],[141.3478,43.6644],[141.3479,43.6644]]],[[[141.3483,43.6644],[141.3481,43.6646],[141.3485,43.6645],[141.3483,43.6644]]],[[[141.3484,43.6647],[141.3485,43.6648],[141.3485,43.6647],[141.3484,43.6647]]],[[[141.3416,43.6785],[141.3415,43.6784],[141.3415,43.6785],[141.3416,43.6785]]],[[[141.342,43.6786],[141.3419,43.6786],[141.342,43.6786],[141.342,43.6786]]],[[[141.3417,43.6787],[141.3416,43.6789],[141.3418,43.6787],[141.3417,43.6787]]],[[[141.3419,43.6789],[141.3417,43.6789],[141.3417,43.6789],[141.3419,43.6789]]],[[[141.3385,43.6941],[141.3385,43.694],[141.3384,43.694],[141.3385,43.6941]]],[[[141.3369,43.6952],[141.3372,43.6951],[141.3372,43.695],[141.3369,43.6952]]],[[[141.3358,43.6984],[141.3356,43.6985],[141.3357,43.6985],[141.3358,43.6984]]],[[[141.3353,43.6989],[141.3353,43.6991],[141.3354,43.699],[141.3353,43.6989]]],[[[141.3346,43.6999],[141.3347,43.6998],[141.3345,43.6997],[141.3346,43.6999]]],[[[141.335,43.6998],[141.3349,43.6999],[141.335,43.6999],[141.335,43.6998]]],[[[141.3352,43.6999],[141.3352,43.6999],[141.3351,43.6999],[141.3352,43.6999]]],[[[141.3336,43.7045],[141.3334,43.7045],[141.3336,43.7046],[141.3336,43.7045]]],[[[141.3321,43.7053],[141.3321,43.7052],[141.332,43.7053],[141.3321,43.7053]]],[[[141.3325,43.7054],[141.3326,43.7052],[141.3325,43.7053],[141.3325,43.7054]]],[[[141.3317,43.7054],[141.3317,43.7053],[141.3317,43.7052],[141.3317,43.7054]]],[[[141.3335,43.7309],[141.3334,43.7309],[141.3335,43.7309],[141.3335,43.7309]]],[[[141.3339,43.7313],[141.3341,43.7311],[141.3338,43.7312],[141.3339,43.7313]]],[[[141.3346,43.7313],[141.3347,43.7314],[141.3348,43.7314],[141.3346,43.7313]]],[[[141.3633,43.5105],[141.3633,43.5105],[141.3633,43.5105],[141.3633,43.5105]]],[[[141.3633,43.5108],[141.3633,43.5107],[141.3632,43.5107],[141.3633,43.5108]]],[[[141.3631,43.511],[141.3631,43.511],[141.3631,43.511],[141.3631,43.511]]],[[[141.362,43.5111],[141.3621,43.5111],[141.362,43.5111],[141.362,43.5111]]],[[[141.3615,43.5122],[141.3614,43.512],[141.3613,43.5121],[141.3615,43.5122]]],[[[141.3612,43.5125],[141.3613,43.5125],[141.3612,43.5125],[141.3612,43.5125]]],[[[141.3614,43.5127],[141.3616,43.5127],[141.3614,43.5127],[141.3614,43.5127]]],[[[141.3616,43.5132],[141.3607,43.5134],[141.3619,43.5134],[141.3616,43.5132]]],[[[141.3609,43.5141],[141.3609,43.5142],[141.361,43.5142],[141.3609,43.5141]]],[[[141.3607,43.5147],[141.3607,43.5148],[141.3607,43.5147],[141.3607,43.5147]]],[[[141.36,43.5162],[141.36,43.5161],[141.3599,43.5162],[141.36,43.5162]]],[[[141.3594,43.5172],[141.3594,43.5173],[141.3595,43.5173],[141.3594,43.5172]]],[[[141.3596,43.5222],[141.3596,43.5221],[141.3596,43.5221],[141.3596,43.5222]]],[[[141.3601,43.5294],[141.3603,43.5293],[141.3601,43.5294],[141.3601,43.5294]]],[[[141.3601,43.5295],[141.3602,43.5296],[141.3603,43.5295],[141.3601,43.5295]]],[[[141.3606,43.5298],[141.3606,43.5297],[141.3606,43.5297],[141.3606,43.5298]]],[[[141.3604,43.5298],[141.3605,43.5298],[141.3605,43.5298],[141.3604,43.5298]]],[[[141.3604,43.5307],[141.3606,43.5307],[141.3604,43.5307],[141.3604,43.5307]]],[[[141.3611,43.5314],[141.3611,43.5314],[141.3612,43.5314],[141.3611,43.5314]]],[[[141.3604,43.532],[141.3603,43.532],[141.3605,43.5321],[141.3604,43.532]]],[[[141.3608,43.533],[141.3607,43.5329],[141.3608,43.533],[141.3608,43.533]]],[[[141.361,43.5334],[141.361,43.5333],[141.3609,43.5334],[141.361,43.5334]]],[[[141.3601,43.5344],[141.3602,43.5343],[141.3601,43.5344],[141.3601,43.5344]]],[[[141.3599,43.5351],[141.36,43.5351],[141.3599,43.5351],[141.3599,43.5351]]],[[[141.3601,43.5351],[141.3602,43.5352],[141.3602,43.5351],[141.3601,43.5351]]],[[[141.3601,43.5354],[141.3601,43.5354],[141.3602,43.5355],[141.3601,43.5354]]],[[[141.361,43.5378],[141.3611,43.5379],[141.3612,43.5378],[141.361,43.5378]]],[[[141.3607,43.5391],[141.3607,43.5392],[141.3607,43.5392],[141.3607,43.5391]]],[[[141.3629,43.5401],[141.3629,43.5402],[141.3629,43.5402],[141.3629,43.5401]]],[[[141.3624,43.5411],[141.3625,43.5411],[141.3624,43.5411],[141.3624,43.5411]]],[[[141.3637,43.5413],[141.3638,43.5413],[141.3637,43.5412],[141.3637,43.5413]]],[[[141.4288,43.4025],[141.4287,43.4018],[141.4287,43.4025],[141.4288,43.4025]]],[[[141.2475,43.1589],[141.2925,43.1826],[141.2896,43.2085],[141.3079,43.2126],[141.2988,43.2146],[141.3005,43.2199],[141.3039,43.2193],[141.309,43.2144],[141.3096,43.2148],[141.3048,43.2205],[141.3007,43.2211],[141.3007,43.2213],[141.3154,43.2206],[141.3303,43.2313],[141.4244,43.33],[141.4319,43.3899],[141.4275,43.4215],[141.3922,43.4769],[141.3744,43.4915],[141.3719,43.5019],[141.3687,43.507],[141.3652,43.5086],[141.3651,43.5094],[141.3634,43.511],[141.362,43.5115],[141.3628,43.5119],[141.3602,43.5167],[141.3597,43.5174],[141.358,43.518],[141.3599,43.5222],[141.3589,43.5276],[141.362,43.5311],[141.3622,43.5382],[141.3607,43.539],[141.3634,43.5398],[141.3727,43.5563],[141.3761,43.5577],[141.383,43.5753],[141.3829,43.604],[141.3648,43.6183],[141.3511,43.6433],[141.3495,43.6675],[141.3382,43.6852],[141.3389,43.6936],[141.3338,43.7046],[141.3319,43.7064],[141.3307,43.7065],[141.3317,43.707],[141.331,43.7126],[141.329,43.7148],[141.3282,43.7149],[141.3377,43.7374],[141.3714,43.7276],[141.405,43.7378],[141.4173,43.7112],[141.4662,43.702],[141.5056,43.6785],[141.5266,43.6475],[141.5802,43.6127],[141.5979,43.5897],[141.5828,43.5656],[141.5558,43.5624],[141.5066,43.5736],[141.4998,43.5685],[141.5258,43.5365],[141.521,43.5211],[141.5583,43.4912],[141.5598,43.4209],[141.5403,43.3905],[141.5361,43.3424],[141.5251,43.3123],[141.5013,43.2994],[141.4768,43.2589],[141.4737,43.263],[141.451,43.2436],[141.4342,43.2507],[141.4133,43.2366],[141.4202,43.2337],[141.4225,43.1996],[141.4066,43.1985],[141.3877,43.1734],[141.358,43.1758],[141.3327,43.1487],[141.2828,43.1336],[141.2475,43.1589]]],[[[141.3996,43.4612],[141.3998,43.4612],[141.3996,43.4611],[141.3996,43.4612]]],[[[141.3926,43.4717],[141.3928,43.4718],[141.3928,43.4718],[141.3926,43.4717]]],[[[141.3888,43.4751],[141.3879,43.4758],[141.3889,43.4752],[141.3888,43.4751]]],[[[141.3713,43.4955],[141.3712,43.4955],[141.3713,43.4955],[141.3713,43.4955]]],[[[141.3714,43.496],[141.3714,43.4959],[141.3714,43.4959],[141.3714,43.496]]],[[[141.3715,43.4979],[141.3713,43.4978],[141.3714,43.4979],[141.3715,43.4979]]],[[[141.371,43.4984],[141.3709,43.4985],[141.371,43.4985],[141.371,43.4984]]],[[[141.3709,43.4987],[141.3708,43.4987],[141.3709,43.4987],[141.3709,43.4987]]],[[[141.3707,43.4989],[141.371,43.4992],[141.3706,43.4987],[141.3707,43.4989]]],[[[141.3708,43.5027],[141.3706,43.5026],[141.3706,43.5028],[141.3708,43.5027]]],[[[141.3704,43.5029],[141.3702,43.503],[141.3703,43.503],[141.3704,43.5029]]],[[[141.3694,43.5031],[141.3694,43.5029],[141.3693,43.5029],[141.3694,43.5031]]],[[[141.3692,43.503],[141.3691,43.5031],[141.3693,43.5031],[141.3692,43.503]]],[[[141.3702,43.5037],[141.3701,43.5037],[141.3701,43.5037],[141.3702,43.5037]]],[[[141.3691,43.5044],[141.369,43.5043],[141.369,43.5044],[141.3691,43.5044]]],[[[141.3688,43.5046],[141.3687,43.5045],[141.3686,43.5046],[141.3688,43.5046]]],[[[141.3691,43.5052],[141.369,43.5051],[141.369,43.5051],[141.3691,43.5052]]],[[[141.3684,43.506],[141.3685,43.506],[141.3684,43.506],[141.3684,43.506]]],[[[141.3679,43.5069],[141.368,43.5069],[141.3679,43.5068],[141.3679,43.5069]]],[[[141.3646,43.5083],[141.3648,43.5083],[141.3648,43.5083],[141.3646,43.5083]]],[[[141.3646,43.5087],[141.3642,43.5088],[141.365,43.5088],[141.3646,43.5087]]],[[[141.3649,43.5093],[141.3649,43.5094],[141.3649,43.5093],[141.3649,43.5093]]],[[[141.3648,43.5095],[141.3648,43.5094],[141.3648,43.5095],[141.3648,43.5095]]],[[[141.3641,43.51],[141.364,43.5099],[141.364,43.5099],[141.3641,43.51]]],[[[141.3639,43.5102],[141.3638,43.5101],[141.3638,43.5102],[141.3639,43.5102]]],[[[141.3655,43.5456],[141.3655,43.5455],[141.3655,43.5456],[141.3655,43.5456]]],[[[141.3656,43.546],[141.3656,43.5459],[141.3655,43.5459],[141.3656,43.546]]]]}},{"type":"Feature","properties":{"id":"01236","name":"北斗市","pref":"北海道"},"geometry":{"type":"MultiPolygon","coordinates":[[[[140.6066,41.7594],[140.6073,41.7566],[140.6055,41.7566],[140.6062,41.7593],[140.6066,41.7594]]],[[[140.6081,41.7586],[140.608,41.7586],[140.6075,41.7594],[140.6081,41.7586]]],[[[140.6067,41.7595],[140.6066,41.7595],[140.6069,41.7598],[140.6067,41.7595]]],[[[140.6998,41.798],[140.6992,41.8019],[140.6988,41.8057],[140.6998,41.798]]],[[[140.6967,41.8067],[140.6985,41.8055],[140.6966,41.8067],[140.6967,41.8067]]],[[[140.6266,41.8091],[140.6268,41.8093],[140.6268,41.8092],[140.6266,41.8091]]],[[[140.5503,41.7451],[140.5069,41.7714],[140.4646,41.7891],[140.4439,41.7879],[140.4305,41.808],[140.4275,41.831],[140.4603,41.8446],[140.4471,41.8614],[140.4608,41.8638],[140.4736,41.9008],[140.4531,41.9167],[140.4533,41.9323],[140.443,41.9363],[140.4707,41.9533],[140.4641,41.982],[140.4709,41.9935],[140.5101,41.9851],[140.5164,41.9994],[140.5467,41.9954],[140.5447,41.9768],[140.5646,41.9794],[140.5799,41.9609],[140.5962,41.9628],[140.6024,41.9533],[140.6103,41.9545],[140.6156,41.9271],[140.6669,41.9118],[140.6656,41.8975],[140.6817,41.8855],[140.6652,41.8869],[140.6675,41.8734],[140.6924,41.8706],[140.6817,41.8559],[140.6863,41.8474],[140.7023,41.8556],[140.6951,41.8421],[140.7196,41.8169],[140.7096,41.8085],[140.6667,41.8225],[140.6305,41.8123],[140.6267,41.8094],[140.6227,41.8051],[140.6184,41.7972],[140.6206,41.7875],[140.6041,41.762],[140.6014,41.7421],[140.5574,41.7234],[140.5459,41.7352],[140.5503,41.7451]]]]}},{"type":"Feature","properties":{"id":"01303","name":"当別町","pref":"北海道"},"geometry":{"type":"Polygon","coordinates":[[[141.5763,43.1727],[141.4368,43.1615],[141.4321,43.1702],[141.3983,43.1732],[141.4094,43.185],[141.4066,43.1985],[141.4225,43.1996],[141.4202,43.2337],[141.4133,43.2366],[141.4342,43.2507],[141.451,43.2436],[141.4737,43.263],[141.4768,43.2589],[141.5013,43.2994],[141.525,43.3121],[141.5361,43.3424],[141.5403,43.3905],[141.5598,43.4209],[141.5583,43.4912],[141.521,43.5211],[141.5258,43.5365],[141.4998,43.5685],[141.5348,43.5718],[141.5714,43.5635],[141.5863,43.5678],[141.5955,43.5843],[141.6144,43.5803],[141.6277,43.5548],[141.6235,43.5419],[141.6512,43.5141],[141.6627,43.5145],[141.6725,43.4985],[141.7166,43.4868],[141.7277,43.4712],[141.7129,43.4539],[141.7014,43.4567],[141.6762,43.4359],[141.6635,43.4342],[141.6521,43.4142],[141.6199,43.3912],[141.5978,43.3849],[141.5956,43.3603],[141.5811,43.3527],[141.6045,43.3311],[141.6012,43.3168],[141.6112,43.2898],[141.6268,43.2896],[141.6041,43.277],[141.6053,43.2667],[141.5917,43.2656],[141.5666,43.2384],[141.5763,43.1727]]]}},{"type":"Feature","properties":{"id":"01304","name":"新篠津村","pref":"北海道"},"geometry":{"type":"Polygon","coordinates":[[[141.5787,43.1576],[141.5666,43.2384],[141.5917,43.2656],[141.6053,43.2667],[141.6054,43.278],[141.6543,43.2861],[141.6576,43.2749],[141.6461,43.2696],[141.6648,43.2567],[141.659,43.2461],[141.673,43.2281],[141.654,43.2208],[141.6597,43.213],[141.6467,43.2072],[141.6489,43.1895],[141.6336,43.1902],[141.6104,43.1686],[141.623,43.1612],[141.5787,43.1576]]]}},{"type":"Feature","properties":{"id":"01331","name":"松前町","pref":"北海道"},"geometry":{"type":"MultiPolygon","coordinates":[[[[139.7993,41.3518],[139.7995,41.3517],[139.7992,41.3517],[139.7993,41.3518]]],[[[139.7995,41.3522],[139.7994,41.352],[139.7993,41.3521],[139.7995,41.3522]]],[[[139.7998,41.3526],[139.7998,41.3523],[139.7997,41.3523],[139.7998,41.3526]]],[[[139.7979,41.3526],[139.7979,41.3524],[139.7977,41.3525],[139.7979,41.3526]]],[[[139.8076,41.3535],[139.8073,41.3536],[139.8074,41.3537],[139.8076,41.3535]]],[[[139.8086,41.3538],[139.8088,41.3536],[139.8086,41.3536],[139.8086,41.3538]]],[[[139.8089,41.3538],[139.8089,41.3539],[139.809,41.354],[139.8089,41.3538]]],[[[139.8088,41.3541],[139.8088,41.354],[139.8087,41.354],[139.8088,41.3541]]],[[[139.8069,41.3542],[139.8069,41.354],[139.8068,41.3541],[139.8069,41.3542]]],[[[139.8029,41.3541],[139.8027,41.354],[139.8027,41.3541],[139.8029,41.3541]]],[[[139.8071,41.3541],[139.8072,41.3541],[139.8071,41.3541],[139.8071,41.3541]]],[[[139.8097,41.3545],[139.8095,41.3544],[139.8095,41.3544],[139.8097,41.3545]]],[[[139.8029,41.3545],[139.803,41.3544],[139.8029,41.3544],[139.8029,41.3545]]],[[[139.8094,41.3545],[139.8094,41.3546],[139.8094,41.3546],[139.8094,41.3545]]],[[[139.8032,41.3547],[139.8033,41.3545],[139.8031,41.3546],[139.8032,41.3547]]],[[[139.8096,41.3547],[139.8095,41.3547],[139.8096,41.3548],[139.8096,41.3547]]],[[[139.8116,41.3561],[139.8114,41.3561],[139.8116,41.3562],[139.8116,41.3561]]],[[[139.8125,41.3563],[139.8124,41.3562],[139.8123,41.3563],[139.8125,41.3563]]],[[[139.7997,41.3567],[139.7998,41.3568],[139.7998,41.3566],[139.7997,41.3567]]],[[[139.7997,41.3571],[139.7999,41.3573],[139.7999,41.3572],[139.7997,41.3571]]],[[[139.7991,41.3578],[139.7993,41.3579],[139.7992,41.3578],[139.7991,41.3578]]],[[[139.7941,41.3579],[139.794,41.3579],[139.7941,41.358],[139.7941,41.3579]]],[[[139.7965,41.3579],[139.7964,41.3581],[139.7965,41.3581],[139.7965,41.3579]]],[[[139.7968,41.3581],[139.7969,41.3581],[139.7967,41.358],[139.7968,41.3581]]],[[[139.7912,41.3587],[139.7913,41.359],[139.7915,41.3588],[139.7912,41.3587]]],[[[139.7937,41.3589],[139.7936,41.3589],[139.7937,41.3589],[139.7937,41.3589]]],[[[139.7989,41.3584],[139.8031,41.3657],[139.8105,41.3629],[139.8161,41.3646],[139.8169,41.3642],[139.8083,41.3538],[139.807,41.3545],[139.8058,41.3541],[139.8034,41.3552],[139.799,41.3521],[139.8002,41.3567],[139.8,41.3576],[139.7989,41.3584]]],[[[139.7934,41.3591],[139.7936,41.3592],[139.7936,41.3591],[139.7934,41.3591]]],[[[139.8164,41.3597],[139.8163,41.3596],[139.8163,41.3597],[139.8164,41.3597]]],[[[139.7943,41.3601],[139.7943,41.3603],[139.7944,41.3602],[139.7943,41.3601]]],[[[139.7849,41.3602],[139.7848,41.3604],[139.785,41.3603],[139.7849,41.3602]]],[[[139.7875,41.3605],[139.7876,41.3608],[139.7877,41.3607],[139.7875,41.3605]]],[[[139.7967,41.3616],[139.7967,41.3617],[139.7969,41.3617],[139.7967,41.3616]]],[[[139.7868,41.3618],[139.7846,41.3618],[139.7861,41.363],[139.7868,41.3618]]],[[[139.7987,41.363],[139.7986,41.3631],[139.7987,41.3631],[139.7987,41.363]]],[[[139.7989,41.3632],[139.7988,41.3631],[139.7988,41.3632],[139.7989,41.3632]]],[[[139.7989,41.3633],[139.799,41.3633],[139.799,41.3633],[139.7989,41.3633]]],[[[139.8125,41.3641],[139.8127,41.3639],[139.8125,41.3639],[139.8125,41.3641]]],[[[139.7996,41.364],[139.7997,41.3642],[139.7997,41.3641],[139.7996,41.364]]],[[[139.8004,41.3647],[139.8005,41.3646],[139.8004,41.3646],[139.8004,41.3647]]],[[[139.8001,41.3647],[139.8003,41.3647],[139.8001,41.3646],[139.8001,41.3647]]],[[[139.8006,41.3649],[139.8007,41.3648],[139.8006,41.3648],[139.8006,41.3649]]],[[[139.801,41.3649],[139.8011,41.3648],[139.801,41.3648],[139.801,41.3649]]],[[[139.8012,41.365],[139.8011,41.3652],[139.8013,41.3651],[139.8012,41.365]]],[[[139.8016,41.3652],[139.8015,41.3651],[139.8015,41.3652],[139.8016,41.3652]]],[[[139.8072,41.3654],[139.8071,41.3653],[139.8071,41.3654],[139.8072,41.3654]]],[[[139.8067,41.3654],[139.8066,41.3655],[139.8067,41.3654],[139.8067,41.3654]]],[[[139.8069,41.3655],[139.8069,41.3654],[139.8068,41.3655],[139.8069,41.3655]]],[[[139.8065,41.3655],[139.8064,41.3654],[139.8063,41.3655],[139.8065,41.3655]]],[[[139.8067,41.3656],[139.8067,41.3657],[139.8068,41.3656],[139.8067,41.3656]]],[[[139.8065,41.3656],[139.8064,41.3657],[139.8065,41.3657],[139.8065,41.3656]]],[[[139.803,41.3658],[139.803,41.3659],[139.8031,41.3659],[139.803,41.3658]]],[[[139.8048,41.3659],[139.8047,41.366],[139.8049,41.3659],[139.8048,41.3659]]],[[[139.3407,41.4948],[139.3408,41.495],[139.341,41.4948],[139.3407,41.4948]]],[[[139.3425,41.4961],[139.3426,41.4959],[139.3425,41.496],[139.3425,41.4961]]],[[[139.3428,41.4962],[139.3429,41.4961],[139.3427,41.4961],[139.3428,41.4962]]],[[[139.3393,41.4961],[139.3394,41.4963],[139.3395,41.4962],[139.3393,41.4961]]],[[[139.3385,41.4971],[139.3387,41.4973],[139.3388,41.4972],[139.3385,41.4971]]],[[[139.339,41.4976],[139.3391,41.4974],[139.339,41.4975],[139.339,41.4976]]],[[[139.3644,41.4998],[139.3645,41.5],[139.3646,41.4998],[139.3644,41.4998]]],[[[139.3722,41.5012],[139.3719,41.5011],[139.372,41.5012],[139.3722,41.5012]]],[[[139.3844,41.5085],[139.3845,41.5085],[139.3838,41.5086],[139.3844,41.5085]]],[[[139.3825,41.507],[139.3397,41.4955],[139.337,41.5228],[139.3759,41.5225],[139.3825,41.507]]],[[[139.3341,41.5149],[139.334,41.5147],[139.334,41.5147],[139.3341,41.5149]]],[[[139.334,41.5158],[139.3343,41.5158],[139.3341,41.5156],[139.334,41.5158]]],[[[139.3342,41.5177],[139.334,41.5176],[139.3341,41.5177],[139.3342,41.5177]]],[[[139.3346,41.5186],[139.3344,41.5185],[139.3344,41.5186],[139.3346,41.5186]]],[[[139.3347,41.519],[139.3347,41.5191],[139.3347,41.519],[139.3347,41.519]]],[[[139.3354,41.521],[139.3356,41.5208],[139.3354,41.5209],[139.3354,41.521]]],[[[139.3776,41.521],[139.3774,41.521],[139.3775,41.521],[139.3776,41.521]]],[[[139.3361,41.5221],[139.336,41.5223],[139.3362,41.5223],[139.3361,41.5221]]],[[[139.3579,41.523],[139.3579,41.5231],[139.358,41.5231],[139.3579,41.523]]],[[[139.3373,41.5232],[139.3372,41.523],[139.3371,41.5232],[139.3373,41.5232]]],[[[139.3583,41.5231],[139.3583,41.5233],[139.3584,41.5232],[139.3583,41.5231]]],[[[139.3376,41.5233],[139.3374,41.5235],[139.3378,41.5235],[139.3376,41.5233]]],[[[139.3386,41.5238],[139.3386,41.524],[139.3387,41.5239],[139.3386,41.5238]]],[[[139.3488,41.5246],[139.3486,41.5247],[139.3489,41.5248],[139.3488,41.5246]]],[[[139.3401,41.5249],[139.3399,41.5249],[139.34,41.5249],[139.3401,41.5249]]],[[[139.9798,41.5736],[139.9796,41.5737],[139.9798,41.5737],[139.9798,41.5736]]],[[[139.9803,41.5757],[139.9808,41.5758],[139.9808,41.5757],[139.9803,41.5757]]],[[[139.9802,41.5804],[139.9802,41.5805],[139.9803,41.5805],[139.9802,41.5804]]],[[[139.98,41.5807],[139.9804,41.581],[139.9805,41.5808],[139.98,41.5807]]],[[[139.9806,41.5811],[139.9805,41.5812],[139.9806,41.5811],[139.9806,41.5811]]],[[[139.9802,41.5847],[139.9806,41.5844],[139.9801,41.5846],[139.9802,41.5847]]],[[[139.9805,41.5852],[139.9804,41.5851],[139.9804,41.5852],[139.9805,41.5852]]],[[[139.9804,41.5852],[139.9805,41.5853],[139.9805,41.5853],[139.9804,41.5852]]],[[[139.9805,41.5987],[139.9806,41.5989],[139.9806,41.5989],[139.9805,41.5987]]],[[[139.9799,41.6017],[139.98,41.6016],[139.9799,41.6017],[139.9799,41.6017]]],[[[139.9795,41.6022],[139.9796,41.6019],[139.9793,41.602],[139.9795,41.6022]]],[[[139.9798,41.6024],[139.9801,41.602],[139.98,41.6019],[139.9798,41.6024]]],[[[139.9804,41.6024],[139.9803,41.6026],[139.9804,41.6024],[139.9804,41.6024]]],[[[139.9802,41.6028],[139.9801,41.6027],[139.9801,41.6028],[139.9802,41.6028]]],[[[139.9825,41.5593],[139.9824,41.5594],[139.9825,41.5593],[139.9825,41.5593]]],[[[139.9822,41.5597],[139.9822,41.5598],[139.9823,41.5597],[139.9822,41.5597]]],[[[139.9823,41.5599],[139.9825,41.5599],[139.9824,41.5599],[139.9823,41.5599]]],[[[139.9823,41.5605],[139.9824,41.5603],[139.9821,41.5604],[139.9823,41.5605]]],[[[139.9826,41.5608],[139.9826,41.5606],[139.9825,41.5607],[139.9826,41.5608]]],[[[139.9827,41.5619],[139.9825,41.562],[139.9827,41.562],[139.9827,41.5619]]],[[[139.9828,41.5621],[139.9826,41.5623],[139.9828,41.5622],[139.9828,41.5621]]],[[[139.9821,41.5624],[139.982,41.5622],[139.982,41.5623],[139.9821,41.5624]]],[[[139.9819,41.5623],[139.9819,41.5624],[139.982,41.5624],[139.9819,41.5623]]],[[[139.9815,41.5628],[139.9814,41.5628],[139.9816,41.5628],[139.9815,41.5628]]],[[[139.9818,41.563],[139.9816,41.563],[139.9815,41.563],[139.9818,41.563]]],[[[139.9826,41.5631],[139.9827,41.5629],[139.9824,41.563],[139.9826,41.5631]]],[[[139.9818,41.568],[139.9816,41.5679],[139.9815,41.568],[139.9818,41.568]]],[[[139.9822,41.5687],[139.9825,41.5685],[139.9822,41.5686],[139.9822,41.5687]]],[[[139.9825,41.5691],[139.9825,41.5692],[139.9826,41.5692],[139.9825,41.5691]]],[[[139.9823,41.5699],[139.9824,41.5703],[139.9826,41.5701],[139.9823,41.5699]]],[[[139.9828,41.5703],[139.9827,41.5705],[139.9829,41.5704],[139.9828,41.5703]]],[[[139.9824,41.5722],[139.9822,41.5723],[139.9824,41.5723],[139.9824,41.5722]]],[[[139.9826,41.5728],[139.9825,41.5729],[139.9827,41.5729],[139.9826,41.5728]]],[[[139.9811,41.5731],[139.9813,41.5735],[139.9813,41.573],[139.9811,41.5731]]],[[[139.9816,41.5736],[139.9814,41.5737],[139.9816,41.5737],[139.9816,41.5736]]],[[[139.982,41.574],[139.9819,41.5744],[139.9827,41.574],[139.982,41.574]]],[[[139.9821,41.5762],[139.982,41.5763],[139.9822,41.5763],[139.9821,41.5762]]],[[[139.9819,41.5765],[139.9821,41.5767],[139.9823,41.5765],[139.9819,41.5765]]],[[[139.9827,41.5778],[139.9823,41.5783],[139.9829,41.5783],[139.9827,41.5778]]],[[[139.9813,41.578],[139.9812,41.5781],[139.9813,41.5781],[139.9813,41.578]]],[[[139.9823,41.5804],[139.9828,41.5801],[139.9826,41.5798],[139.9823,41.5804]]],[[[139.9821,41.5807],[139.9822,41.5809],[139.9822,41.5807],[139.9821,41.5807]]],[[[139.9819,41.581],[139.9817,41.5808],[139.9818,41.581],[139.9819,41.581]]],[[[139.9809,41.5811],[139.9809,41.5812],[139.981,41.5811],[139.9809,41.5811]]],[[[139.982,41.5815],[139.9814,41.5813],[139.9817,41.5817],[139.982,41.5815]]],[[[139.9805,41.5814],[139.9808,41.5814],[139.9806,41.5813],[139.9805,41.5814]]],[[[139.9827,41.5829],[139.9826,41.5831],[139.9827,41.5831],[139.9827,41.5829]]],[[[139.9815,41.5834],[139.9818,41.5833],[139.9814,41.5832],[139.9815,41.5834]]],[[[139.9821,41.5834],[139.982,41.5835],[139.9821,41.5834],[139.9821,41.5834]]],[[[139.9815,41.5835],[139.9814,41.5835],[139.9814,41.5835],[139.9815,41.5835]]],[[[139.9816,41.5837],[139.9818,41.5835],[139.9815,41.5835],[139.9816,41.5837]]],[[[139.9821,41.5837],[139.9821,41.5836],[139.982,41.5837],[139.9821,41.5837]]],[[[139.9813,41.5836],[139.9806,41.5837],[139.9817,41.5842],[139.9813,41.5836]]],[[[139.9813,41.5843],[139.9814,41.5842],[139.9813,41.5842],[139.9813,41.5843]]],[[[139.9816,41.5846],[139.9814,41.5844],[139.9814,41.5846],[139.9816,41.5846]]],[[[139.9812,41.5847],[139.9812,41.5846],[139.9811,41.5846],[139.9812,41.5847]]],[[[139.9806,41.5849],[139.9809,41.5847],[139.9805,41.5847],[139.9806,41.5849]]],[[[139.9808,41.5852],[139.981,41.5853],[139.981,41.5851],[139.9808,41.5852]]],[[[139.9818,41.5852],[139.9816,41.5853],[139.9818,41.5853],[139.9818,41.5852]]],[[[139.9807,41.5854],[139.9806,41.5853],[139.9806,41.5854],[139.9807,41.5854]]],[[[139.9811,41.5854],[139.9809,41.5854],[139.981,41.5855],[139.9811,41.5854]]],[[[139.9813,41.5854],[139.9813,41.5855],[139.9814,41.5854],[139.9813,41.5854]]],[[[139.9827,41.5856],[139.9827,41.5857],[139.9828,41.5856],[139.9827,41.5856]]],[[[139.9824,41.5865],[139.9824,41.5867],[139.9824,41.5866],[139.9824,41.5865]]],[[[139.9815,41.587],[139.9819,41.5868],[139.9816,41.5869],[139.9815,41.587]]],[[[139.9825,41.5871],[139.9824,41.5869],[139.9823,41.587],[139.9825,41.5871]]],[[[139.9825,41.5877],[139.9826,41.5876],[139.9825,41.5877],[139.9825,41.5877]]],[[[139.982,41.5881],[139.9821,41.588],[139.982,41.588],[139.982,41.5881]]],[[[139.9818,41.5881],[139.9816,41.588],[139.9816,41.5881],[139.9818,41.5881]]],[[[139.9825,41.5921],[139.9825,41.5919],[139.9823,41.592],[139.9825,41.5921]]],[[[139.9826,41.5927],[139.9827,41.5927],[139.9827,41.5926],[139.9826,41.5927]]],[[[139.9812,41.5927],[139.9812,41.5928],[139.9813,41.5927],[139.9812,41.5927]]],[[[139.982,41.5931],[139.9821,41.5933],[139.9821,41.5931],[139.982,41.5931]]],[[[139.9807,41.5935],[139.9812,41.5933],[139.9808,41.5932],[139.9807,41.5935]]],[[[139.9813,41.5938],[139.9814,41.5936],[139.9813,41.5937],[139.9813,41.5938]]],[[[139.9808,41.5938],[139.9809,41.5937],[139.9808,41.5937],[139.9808,41.5938]]],[[[139.9815,41.5938],[139.9816,41.5938],[139.9816,41.5937],[139.9815,41.5938]]],[[[139.9813,41.5939],[139.9812,41.594],[139.9813,41.594],[139.9813,41.5939]]],[[[139.9817,41.5944],[139.9816,41.5945],[139.9817,41.5945],[139.9817,41.5944]]],[[[139.9811,41.5945],[139.9812,41.5944],[139.981,41.5945],[139.9811,41.5945]]],[[[139.982,41.5977],[139.9821,41.5977],[139.982,41.5977],[139.982,41.5977]]],[[[139.9807,41.5981],[139.9806,41.5978],[139.9806,41.5982],[139.9807,41.5981]]],[[[139.9813,41.5984],[139.9811,41.5984],[139.9813,41.5985],[139.9813,41.5984]]],[[[139.9814,41.5993],[139.9815,41.5992],[139.9814,41.5991],[139.9814,41.5993]]],[[[139.9807,41.5999],[139.9808,41.5999],[139.9807,41.5999],[139.9807,41.5999]]],[[[139.9811,41.5999],[139.9812,41.6],[139.9812,41.5999],[139.9811,41.5999]]],[[[139.9812,41.6002],[139.9812,41.6001],[139.9811,41.6001],[139.9812,41.6002]]],[[[139.9811,41.6008],[139.981,41.6007],[139.981,41.6008],[139.9811,41.6008]]],[[[139.9808,41.6054],[139.9807,41.6055],[139.9808,41.6055],[139.9808,41.6054]]],[[[139.9815,41.6056],[139.9813,41.6056],[139.9814,41.6057],[139.9815,41.6056]]],[[[139.9819,41.6059],[139.982,41.606],[139.9821,41.6059],[139.9819,41.6059]]],[[[139.9819,41.6062],[139.982,41.6062],[139.9819,41.6061],[139.9819,41.6062]]],[[[139.9813,41.6068],[139.9812,41.6069],[139.9813,41.6069],[139.9813,41.6068]]],[[[139.9813,41.6075],[139.9815,41.6074],[139.9813,41.6074],[139.9813,41.6075]]],[[[139.9816,41.6077],[139.9817,41.6078],[139.9817,41.6078],[139.9816,41.6077]]],[[[139.9817,41.608],[139.9817,41.6081],[139.9818,41.6081],[139.9817,41.608]]],[[[139.9808,41.6084],[139.9809,41.6082],[139.9807,41.6083],[139.9808,41.6084]]],[[[139.9823,41.6085],[139.9822,41.6086],[139.9823,41.6086],[139.9823,41.6085]]],[[[139.9809,41.6089],[139.9809,41.6091],[139.9809,41.609],[139.9809,41.6089]]],[[[139.9824,41.6096],[139.9824,41.6094],[139.9823,41.6095],[139.9824,41.6096]]],[[[139.9821,41.6096],[139.9821,41.6097],[139.9821,41.6097],[139.9821,41.6096]]],[[[139.9824,41.6098],[139.9824,41.6097],[139.9823,41.6098],[139.9824,41.6098]]],[[[139.982,41.611],[139.9819,41.6111],[139.9821,41.6111],[139.982,41.611]]],[[[139.9824,41.6113],[139.9823,41.6112],[139.9822,41.6113],[139.9824,41.6113]]],[[[139.9818,41.6113],[139.9819,41.6114],[139.9819,41.6113],[139.9818,41.6113]]],[[[139.9818,41.6118],[139.9821,41.6115],[139.9818,41.6115],[139.9818,41.6118]]],[[[139.9853,41.5488],[139.9854,41.5486],[139.9852,41.5487],[139.9853,41.5488]]],[[[139.9854,41.5502],[139.9852,41.5503],[139.9854,41.5503],[139.9854,41.5502]]],[[[139.9849,41.5523],[139.9848,41.5521],[139.9847,41.5522],[139.9849,41.5523]]],[[[139.9848,41.5525],[139.9847,41.5526],[139.9848,41.5526],[139.9848,41.5525]]],[[[139.9849,41.5532],[139.9848,41.5531],[139.9848,41.5532],[139.9849,41.5532]]],[[[139.9848,41.5533],[139.9848,41.5534],[139.9849,41.5534],[139.9848,41.5533]]],[[[139.9851,41.5538],[139.9851,41.5535],[139.985,41.5537],[139.9851,41.5538]]],[[[139.9845,41.5544],[139.9845,41.5548],[139.9848,41.5547],[139.9845,41.5544]]],[[[139.9853,41.5546],[139.9851,41.5545],[139.9852,41.5547],[139.9853,41.5546]]],[[[139.9851,41.5549],[139.9849,41.5548],[139.9849,41.5549],[139.9851,41.5549]]],[[[139.9845,41.5551],[139.9848,41.5555],[139.9845,41.555],[139.9845,41.5551]]],[[[139.9851,41.5557],[139.9848,41.5548],[139.9848,41.5549],[139.9851,41.5557]]],[[[139.9849,41.5557],[139.9847,41.5558],[139.9848,41.5559],[139.9849,41.5557]]],[[[139.9845,41.5561],[139.9848,41.5563],[139.9845,41.556],[139.9845,41.5561]]],[[[139.9849,41.5586],[139.9845,41.5565],[139.9839,41.556],[139.9849,41.5586]]],[[[139.9852,41.5589],[139.9851,41.559],[139.9852,41.559],[139.9852,41.5589]]],[[[139.9831,41.5589],[139.9836,41.5592],[139.9833,41.5588],[139.9831,41.5589]]],[[[139.985,41.5594],[139.9849,41.5595],[139.985,41.5595],[139.985,41.5594]]],[[[139.9842,41.5594],[139.9846,41.5596],[139.9843,41.5592],[139.9842,41.5594]]],[[[139.9836,41.5595],[139.9839,41.5594],[139.9838,41.5593],[139.9836,41.5595]]],[[[139.9843,41.5597],[139.9842,41.5596],[139.9842,41.5597],[139.9843,41.5597]]],[[[139.9851,41.56],[139.9851,41.5601],[139.9853,41.5601],[139.9851,41.56]]],[[[139.9835,41.5608],[139.9828,41.5598],[139.9831,41.561],[139.9835,41.5608]]],[[[139.985,41.5603],[139.9849,41.5605],[139.985,41.5604],[139.985,41.5603]]],[[[139.9834,41.5613],[139.9832,41.5621],[139.9834,41.562],[139.9834,41.5613]]],[[[139.983,41.5618],[139.9828,41.5619],[139.983,41.5619],[139.983,41.5618]]],[[[139.983,41.562],[139.9829,41.5621],[139.9831,41.5621],[139.983,41.562]]],[[[139.9837,41.562],[139.9836,41.5622],[139.9837,41.5621],[139.9837,41.562]]],[[[139.9839,41.5623],[139.9838,41.5622],[139.9838,41.5623],[139.9839,41.5623]]],[[[139.9841,41.5623],[139.9842,41.5624],[139.9842,41.5624],[139.9841,41.5623]]],[[[139.9841,41.5629],[139.9838,41.5628],[139.984,41.563],[139.9841,41.5629]]],[[[139.9845,41.5633],[139.985,41.5632],[139.9841,41.5625],[139.9845,41.5633]]],[[[139.985,41.567],[139.9851,41.5668],[139.9849,41.5669],[139.985,41.567]]],[[[139.9844,41.5674],[139.9843,41.5673],[139.9842,41.5674],[139.9844,41.5674]]],[[[139.9849,41.5675],[139.9847,41.5673],[139.9847,41.5674],[139.9849,41.5675]]],[[[139.9851,41.5677],[139.985,41.5677],[139.9851,41.5677],[139.9851,41.5677]]],[[[139.9852,41.5679],[139.9851,41.568],[139.9852,41.568],[139.9852,41.5679]]],[[[139.9833,41.5679],[139.9823,41.5681],[139.9834,41.5682],[139.9833,41.5679]]],[[[139.9837,41.5681],[139.9836,41.5682],[139.9837,41.5682],[139.9837,41.5681]]],[[[139.9841,41.5682],[139.984,41.5681],[139.9839,41.5682],[139.9841,41.5682]]],[[[139.9838,41.5686],[139.9836,41.5685],[139.9836,41.5686],[139.9838,41.5686]]],[[[139.983,41.5687],[139.9829,41.5685],[139.9828,41.5687],[139.983,41.5687]]],[[[139.9841,41.5686],[139.9839,41.5685],[139.9839,41.5686],[139.9841,41.5686]]],[[[139.983,41.569],[139.9836,41.5693],[139.9839,41.5692],[139.983,41.569]]],[[[139.9833,41.5693],[139.9833,41.5694],[139.9835,41.5694],[139.9833,41.5693]]],[[[139.9831,41.5706],[139.983,41.5707],[139.9832,41.5707],[139.9831,41.5706]]],[[[139.9831,41.571],[139.9832,41.5716],[139.9834,41.5715],[139.9831,41.571]]],[[[139.9839,41.5716],[139.9834,41.5713],[139.9839,41.5719],[139.9839,41.5716]]],[[[139.9844,41.572],[139.9845,41.5723],[139.9847,41.5722],[139.9844,41.572]]],[[[139.9842,41.5723],[139.9837,41.5723],[139.9841,41.5727],[139.9842,41.5723]]],[[[139.9846,41.5725],[139.9845,41.5732],[139.9849,41.573],[139.9846,41.5725]]],[[[139.9829,41.5728],[139.9831,41.5732],[139.9832,41.5731],[139.9829,41.5728]]],[[[139.9838,41.5731],[139.9838,41.5732],[139.9839,41.5732],[139.9838,41.5731]]],[[[139.9848,41.5734],[139.9847,41.5735],[139.9848,41.5735],[139.9848,41.5734]]],[[[139.9845,41.5737],[139.9846,41.5735],[139.9844,41.5735],[139.9845,41.5737]]],[[[139.9829,41.5746],[139.983,41.5747],[139.983,41.5746],[139.9829,41.5746]]],[[[139.9834,41.5753],[139.9832,41.5753],[139.9833,41.5754],[139.9834,41.5753]]],[[[139.9832,41.5755],[139.983,41.5761],[139.9836,41.5763],[139.9832,41.5755]]],[[[139.9837,41.5759],[139.9837,41.5761],[139.9838,41.576],[139.9837,41.5759]]],[[[139.9839,41.5767],[139.9838,41.5767],[139.9839,41.5768],[139.9839,41.5767]]],[[[139.9832,41.5768],[139.9824,41.5769],[139.9831,41.577],[139.9832,41.5768]]],[[[139.9833,41.5772],[139.9833,41.5771],[139.9832,41.5771],[139.9833,41.5772]]],[[[139.9832,41.5776],[139.9834,41.5773],[139.9832,41.5772],[139.9832,41.5776]]],[[[139.9828,41.5784],[139.9831,41.5788],[139.9831,41.5783],[139.9828,41.5784]]],[[[139.9829,41.5789],[139.9833,41.5792],[139.9833,41.579],[139.9829,41.5789]]],[[[139.9835,41.5791],[139.9835,41.5792],[139.9836,41.5792],[139.9835,41.5791]]],[[[139.9834,41.5797],[139.9833,41.5794],[139.9832,41.5797],[139.9834,41.5797]]],[[[139.983,41.5798],[139.9828,41.5799],[139.983,41.5799],[139.983,41.5798]]],[[[139.9834,41.5799],[139.9834,41.5801],[139.9835,41.58],[139.9834,41.5799]]],[[[139.9831,41.58],[139.983,41.5801],[139.9831,41.58],[139.9831,41.58]]],[[[139.9832,41.581],[139.9832,41.5811],[139.9833,41.5811],[139.9832,41.581]]],[[[139.9837,41.5825],[139.9839,41.5823],[139.9835,41.5824],[139.9837,41.5825]]],[[[139.9832,41.5827],[139.9834,41.5828],[139.9834,41.5826],[139.9832,41.5827]]],[[[139.9832,41.5832],[139.983,41.5831],[139.983,41.5832],[139.9832,41.5832]]],[[[139.983,41.5876],[139.983,41.5874],[139.9828,41.5875],[139.983,41.5876]]],[[[139.9827,41.5879],[139.9829,41.5879],[139.9827,41.5878],[139.9827,41.5879]]],[[[139.9835,41.5885],[139.9836,41.5886],[139.9836,41.5885],[139.9835,41.5885]]],[[[139.9833,41.5906],[139.9832,41.5908],[139.9834,41.5907],[139.9833,41.5906]]],[[[139.9831,41.5916],[139.983,41.5918],[139.9831,41.5917],[139.9831,41.5916]]],[[[139.9832,41.6102],[139.9831,41.6103],[139.9831,41.6103],[139.9832,41.6102]]],[[[139.984,41.6118],[139.984,41.6119],[139.9841,41.6119],[139.984,41.6118]]],[[[139.9843,41.6121],[139.9841,41.6121],[139.9842,41.6122],[139.9843,41.6121]]],[[[139.9839,41.6122],[139.984,41.6121],[139.9839,41.6121],[139.9839,41.6122]]],[[[139.9835,41.6122],[139.9836,41.6122],[139.9836,41.6121],[139.9835,41.6122]]],[[[139.9844,41.6124],[139.9845,41.6124],[139.9845,41.6123],[139.9844,41.6124]]],[[[139.9846,41.6126],[139.9844,41.6126],[139.9845,41.6127],[139.9846,41.6126]]],[[[139.9847,41.6138],[139.9848,41.6137],[139.9847,41.6137],[139.9847,41.6138]]],[[[139.9848,41.6142],[139.9846,41.6142],[139.9846,41.6143],[139.9848,41.6142]]],[[[139.9842,41.6143],[139.9842,41.6142],[139.9841,41.6142],[139.9842,41.6143]]],[[[139.9839,41.6144],[139.984,41.6145],[139.984,41.6144],[139.9839,41.6144]]],[[[139.9843,41.6148],[139.9842,41.6146],[139.9842,41.6148],[139.9843,41.6148]]],[[[139.9853,41.6155],[139.9852,41.6156],[139.9854,41.6155],[139.9853,41.6155]]],[[[139.9902,41.5385],[139.9901,41.5387],[139.9903,41.5386],[139.9902,41.5385]]],[[[139.9915,41.5396],[139.9913,41.5395],[139.9914,41.5396],[139.9915,41.5396]]],[[[139.9915,41.54],[139.9915,41.5401],[139.9916,41.54],[139.9915,41.54]]],[[[139.9917,41.5402],[139.9916,41.5402],[139.9917,41.5403],[139.9917,41.5402]]],[[[139.9898,41.5413],[139.9896,41.5414],[139.9898,41.5414],[139.9898,41.5413]]],[[[139.99,41.5415],[139.9899,41.5416],[139.99,41.5416],[139.99,41.5415]]],[[[139.9902,41.5416],[139.9903,41.5417],[139.9903,41.5417],[139.9902,41.5416]]],[[[139.9915,41.5418],[139.9915,41.5419],[139.9915,41.5418],[139.9915,41.5418]]],[[[139.9903,41.5418],[139.9904,41.5419],[139.9904,41.5418],[139.9903,41.5418]]],[[[139.991,41.5419],[139.9909,41.5419],[139.991,41.542],[139.991,41.5419]]],[[[139.9905,41.5421],[139.9907,41.5419],[139.9906,41.5418],[139.9905,41.5421]]],[[[139.9902,41.5421],[139.9903,41.5421],[139.9902,41.542],[139.9902,41.5421]]],[[[139.9896,41.542],[139.9895,41.5421],[139.9897,41.5421],[139.9896,41.542]]],[[[139.9901,41.5422],[139.99,41.5423],[139.9901,41.5423],[139.9901,41.5422]]],[[[139.9904,41.5423],[139.9903,41.5423],[139.9904,41.5423],[139.9904,41.5423]]],[[[139.989,41.5422],[139.9889,41.5424],[139.9891,41.5423],[139.989,41.5422]]],[[[139.9902,41.5427],[139.9903,41.5425],[139.9902,41.5426],[139.9902,41.5427]]],[[[139.9901,41.5429],[139.99,41.5428],[139.9899,41.5429],[139.9901,41.5429]]],[[[139.9891,41.5429],[139.9889,41.5429],[139.9891,41.5429],[139.9891,41.5429]]],[[[139.9889,41.543],[139.9888,41.5431],[139.9889,41.5431],[139.9889,41.543]]],[[[139.9884,41.5432],[139.9884,41.5433],[139.9885,41.5432],[139.9884,41.5432]]],[[[139.9893,41.543],[139.9896,41.5435],[139.9899,41.5433],[139.9893,41.543]]],[[[139.9887,41.5431],[139.9891,41.5434],[139.9891,41.5433],[139.9887,41.5431]]],[[[139.9894,41.5437],[139.9893,41.5436],[139.9893,41.5437],[139.9894,41.5437]]],[[[139.9892,41.544],[139.9891,41.5439],[139.9891,41.544],[139.9892,41.544]]],[[[139.9891,41.5442],[139.989,41.5443],[139.9892,41.5442],[139.9891,41.5442]]],[[[139.9889,41.5444],[139.9887,41.5445],[139.9889,41.5445],[139.9889,41.5444]]],[[[139.9885,41.5445],[139.9884,41.5445],[139.9885,41.5445],[139.9885,41.5445]]],[[[139.9871,41.5445],[139.987,41.5446],[139.9871,41.5446],[139.9871,41.5445]]],[[[139.9869,41.5447],[139.9868,41.5447],[139.9869,41.5448],[139.9869,41.5447]]],[[[139.9862,41.5456],[139.9877,41.5447],[139.9862,41.5455],[139.9862,41.5456]]],[[[139.9905,41.5456],[139.9907,41.5455],[139.9905,41.5455],[139.9905,41.5456]]],[[[139.9905,41.5457],[139.9902,41.5456],[139.9902,41.5457],[139.9905,41.5457]]],[[[139.9904,41.5461],[139.9903,41.5459],[139.9902,41.546],[139.9904,41.5461]]],[[[139.9907,41.5463],[139.9906,41.5464],[139.9907,41.5464],[139.9907,41.5463]]],[[[139.9902,41.5465],[139.9902,41.5463],[139.99,41.5464],[139.9902,41.5465]]],[[[139.99,41.5466],[139.9899,41.5464],[139.9899,41.5465],[139.99,41.5466]]],[[[139.9889,41.5467],[139.9887,41.5467],[139.9889,41.5468],[139.9889,41.5467]]],[[[139.9896,41.5468],[139.9895,41.5467],[139.9895,41.5469],[139.9896,41.5468]]],[[[139.9889,41.5472],[139.989,41.547],[139.9888,41.5471],[139.9889,41.5472]]],[[[139.9881,41.5473],[139.9881,41.5474],[139.9882,41.5474],[139.9881,41.5473]]],[[[139.9888,41.5473],[139.9888,41.5474],[139.9888,41.5474],[139.9888,41.5473]]],[[[139.9884,41.5475],[139.9883,41.5475],[139.9884,41.5476],[139.9884,41.5475]]],[[[139.9887,41.5476],[139.9885,41.5476],[139.9886,41.5477],[139.9887,41.5476]]],[[[139.986,41.549],[139.9861,41.5492],[139.9861,41.5491],[139.986,41.549]]],[[[139.9864,41.5493],[139.9863,41.5494],[139.9864,41.5494],[139.9864,41.5493]]],[[[139.9862,41.5497],[139.986,41.5498],[139.9862,41.5498],[139.9862,41.5497]]],[[[139.9854,41.5498],[139.9853,41.5499],[139.9854,41.5499],[139.9854,41.5498]]],[[[139.9858,41.5498],[139.9857,41.5499],[139.9858,41.5499],[139.9858,41.5498]]],[[[139.9858,41.5503],[139.9857,41.5504],[139.9858,41.5504],[139.9858,41.5503]]],[[[139.9861,41.5525],[139.9855,41.5511],[139.9858,41.5528],[139.9861,41.5525]]],[[[139.9859,41.5531],[139.9857,41.553],[139.9857,41.5531],[139.9859,41.5531]]],[[[139.9858,41.5533],[139.9857,41.5531],[139.9856,41.5532],[139.9858,41.5533]]],[[[139.9859,41.5533],[139.986,41.5537],[139.9862,41.5537],[139.9859,41.5533]]],[[[139.9868,41.5539],[139.9861,41.5531],[139.9866,41.5541],[139.9868,41.5539]]],[[[139.9857,41.5537],[139.9857,41.5535],[139.9856,41.5535],[139.9857,41.5537]]],[[[139.9855,41.5538],[139.9854,41.5538],[139.9855,41.5538],[139.9855,41.5538]]],[[[139.9857,41.5539],[139.9858,41.554],[139.9858,41.5539],[139.9857,41.5539]]],[[[139.9855,41.554],[139.9855,41.554],[139.9856,41.554],[139.9855,41.554]]],[[[139.9856,41.5593],[139.9855,41.559],[139.9855,41.5593],[139.9856,41.5593]]],[[[139.9854,41.5597],[139.9853,41.5598],[139.9855,41.5598],[139.9854,41.5597]]],[[[139.986,41.5657],[139.9862,41.5656],[139.986,41.5656],[139.986,41.5657]]],[[[139.9852,41.5668],[139.9855,41.5668],[139.9852,41.5667],[139.9852,41.5668]]],[[[139.9855,41.5671],[139.9853,41.5671],[139.9855,41.5672],[139.9855,41.5671]]],[[[139.9854,41.6142],[139.9854,41.6143],[139.9855,41.6143],[139.9854,41.6142]]],[[[139.9861,41.6146],[139.9862,41.6147],[139.9863,41.6147],[139.9861,41.6146]]],[[[139.9862,41.6149],[139.9863,41.6149],[139.9863,41.6149],[139.9862,41.6149]]],[[[139.9861,41.6152],[139.9862,41.6153],[139.9862,41.6152],[139.9861,41.6152]]],[[[139.9864,41.6154],[139.9865,41.6153],[139.9864,41.6154],[139.9864,41.6154]]],[[[139.987,41.6158],[139.9871,41.6157],[139.9869,41.6157],[139.987,41.6158]]],[[[139.9875,41.6166],[139.9875,41.6167],[139.9877,41.6167],[139.9875,41.6166]]],[[[139.9872,41.6169],[139.9874,41.6168],[139.9872,41.6169],[139.9872,41.6169]]],[[[139.9876,41.6169],[139.9876,41.617],[139.9878,41.6169],[139.9876,41.6169]]],[[[139.9876,41.617],[139.9875,41.6172],[139.9876,41.6171],[139.9876,41.617]]],[[[139.9887,41.6177],[139.9886,41.6178],[139.9887,41.6178],[139.9887,41.6177]]],[[[139.9883,41.6178],[139.9883,41.6179],[139.9883,41.6178],[139.9883,41.6178]]],[[[139.9886,41.6183],[139.9888,41.6184],[139.9888,41.6183],[139.9886,41.6183]]],[[[139.9884,41.6185],[139.9884,41.6186],[139.9885,41.6186],[139.9884,41.6185]]],[[[139.989,41.6194],[139.9889,41.6194],[139.989,41.6195],[139.989,41.6194]]],[[[139.9891,41.6196],[139.989,41.6197],[139.9891,41.6197],[139.9891,41.6196]]],[[[139.9887,41.6197],[139.9888,41.6198],[139.9888,41.6197],[139.9887,41.6197]]],[[[139.9884,41.6209],[139.9884,41.621],[139.9885,41.6209],[139.9884,41.6209]]],[[[139.989,41.621],[139.9888,41.6211],[139.9889,41.6212],[139.989,41.621]]],[[[139.989,41.6217],[139.9887,41.6216],[139.9888,41.6218],[139.989,41.6217]]],[[[139.99,41.6218],[139.9899,41.622],[139.99,41.6219],[139.99,41.6218]]],[[[139.9903,41.6222],[139.9901,41.6223],[139.9902,41.6223],[139.9903,41.6222]]],[[[139.9915,41.6251],[139.9913,41.6252],[139.9915,41.6252],[139.9915,41.6251]]],[[[139.9913,41.6258],[139.9912,41.6259],[139.9913,41.6259],[139.9913,41.6258]]],[[[139.9916,41.6262],[139.9916,41.6263],[139.9917,41.6263],[139.9916,41.6262]]],[[[139.9918,41.6266],[139.9915,41.6265],[139.9914,41.6266],[139.9918,41.6266]]],[[[139.9913,41.6276],[139.9911,41.6275],[139.9913,41.6276],[139.9913,41.6276]]],[[[139.9915,41.6294],[139.9915,41.6295],[139.9916,41.6295],[139.9915,41.6294]]],[[[140.0065,41.5004],[140.0066,41.5006],[140.0068,41.5005],[140.0065,41.5004]]],[[[140.0069,41.512],[140.0071,41.5121],[140.0071,41.512],[140.0069,41.512]]],[[[140.0061,41.5125],[140.0059,41.5127],[140.0061,41.5126],[140.0061,41.5125]]],[[[140.007,41.5125],[140.0068,41.513],[140.0071,41.5128],[140.007,41.5125]]],[[[140.0058,41.5127],[140.0057,41.5131],[140.006,41.5128],[140.0058,41.5127]]],[[[140.0062,41.5132],[140.0061,41.5129],[140.0059,41.5133],[140.0062,41.5132]]],[[[140.0054,41.5135],[140.0054,41.5133],[140.0053,41.5135],[140.0054,41.5135]]],[[[140.0057,41.5135],[140.0058,41.5136],[140.0058,41.5135],[140.0057,41.5135]]],[[[140.005,41.5136],[140.0051,41.5136],[140.0051,41.5136],[140.005,41.5136]]],[[[140.0071,41.5142],[140.0071,41.5143],[140.0072,41.5142],[140.0071,41.5142]]],[[[140.0073,41.5153],[140.007,41.5156],[140.0075,41.5155],[140.0073,41.5153]]],[[[140.0067,41.5154],[140.0066,41.5156],[140.0069,41.5155],[140.0067,41.5154]]],[[[140.0072,41.5157],[140.0071,41.5157],[140.0071,41.5158],[140.0072,41.5157]]],[[[140.0069,41.5174],[140.0071,41.5172],[140.0069,41.5171],[140.0069,41.5174]]],[[[140.0053,41.5173],[140.0053,41.5174],[140.0054,41.5174],[140.0053,41.5173]]],[[[140.0055,41.5174],[140.0055,41.5175],[140.0056,41.5174],[140.0055,41.5174]]],[[[140.0051,41.5177],[140.0051,41.5176],[140.005,41.5177],[140.0051,41.5177]]],[[[140.0048,41.5176],[140.0047,41.5177],[140.0048,41.5177],[140.0048,41.5176]]],[[[140.006,41.5177],[140.0059,41.5177],[140.0059,41.5177],[140.006,41.5177]]],[[[140.0038,41.5189],[140.0036,41.5188],[140.0036,41.5189],[140.0038,41.5189]]],[[[140.0045,41.5198],[140.0048,41.5197],[140.0046,41.5196],[140.0045,41.5198]]],[[[140.0033,41.5203],[140.0033,41.5202],[140.0032,41.5202],[140.0033,41.5203]]],[[[140.0046,41.5207],[140.0046,41.5209],[140.0047,41.5208],[140.0046,41.5207]]],[[[140.0041,41.5212],[140.0038,41.5208],[140.0038,41.5209],[140.0041,41.5212]]],[[[140.0045,41.5211],[140.0048,41.521],[140.0045,41.521],[140.0045,41.5211]]],[[[140.0038,41.5214],[140.0039,41.5215],[140.0039,41.5214],[140.0038,41.5214]]],[[[140.0042,41.5214],[140.0046,41.5215],[140.0045,41.5213],[140.0042,41.5214]]],[[[140.0017,41.5223],[140.0018,41.5221],[140.0016,41.5221],[140.0017,41.5223]]],[[[140.0,41.5225],[139.9999,41.5226],[140.0,41.5226],[140.0,41.5225]]],[[[140.0006,41.5228],[140.0007,41.5229],[140.0007,41.5228],[140.0006,41.5228]]],[[[140.0007,41.5232],[140.0009,41.5231],[140.0008,41.5229],[140.0007,41.5232]]],[[[139.9984,41.5238],[139.9983,41.5236],[139.9982,41.5237],[139.9984,41.5238]]],[[[139.9977,41.5251],[139.9976,41.525],[139.9976,41.5251],[139.9977,41.5251]]],[[[139.9978,41.5253],[139.9977,41.5252],[139.9977,41.5253],[139.9978,41.5253]]],[[[140.0011,41.5252],[140.001,41.5253],[140.0012,41.5254],[140.0011,41.5252]]],[[[140.0018,41.5254],[140.0018,41.5255],[140.0019,41.5255],[140.0018,41.5254]]],[[[140.0014,41.5255],[140.0015,41.5256],[140.0015,41.5255],[140.0014,41.5255]]],[[[140.0015,41.5257],[140.0016,41.5258],[140.0016,41.5257],[140.0015,41.5257]]],[[[140.0009,41.5257],[140.001,41.5258],[140.0011,41.5258],[140.0009,41.5257]]],[[[140.0012,41.5267],[140.0012,41.5269],[140.0012,41.5268],[140.0012,41.5267]]],[[[140.0013,41.527],[140.0014,41.527],[140.0014,41.5269],[140.0013,41.527]]],[[[140.0011,41.5281],[140.0012,41.528],[140.0011,41.5281],[140.0011,41.5281]]],[[[140.0012,41.5283],[140.0011,41.5282],[140.0011,41.5283],[140.0012,41.5283]]],[[[140.0012,41.529],[140.0012,41.529],[140.0013,41.529],[140.0012,41.529]]],[[[140.001,41.529],[140.001,41.529],[140.0009,41.529],[140.001,41.529]]],[[[139.9938,41.5328],[139.9937,41.5327],[139.9937,41.5328],[139.9938,41.5328]]],[[[139.9994,41.5329],[139.9995,41.5329],[139.9995,41.5329],[139.9994,41.5329]]],[[[139.9996,41.5333],[139.9996,41.5332],[139.9995,41.5333],[139.9996,41.5333]]],[[[139.9999,41.5335],[139.9998,41.5334],[139.9998,41.5334],[139.9999,41.5335]]],[[[139.9966,41.5336],[139.9967,41.5335],[139.9966,41.5334],[139.9966,41.5336]]],[[[139.9938,41.5341],[139.9936,41.534],[139.9937,41.5341],[139.9938,41.5341]]],[[[139.9933,41.5341],[139.9932,41.534],[139.9931,41.534],[139.9933,41.5341]]],[[[139.9954,41.534],[139.9948,41.5345],[139.9955,41.5343],[139.9954,41.534]]],[[[139.9976,41.5343],[139.9975,41.5344],[139.9977,41.5344],[139.9976,41.5343]]],[[[139.9963,41.5344],[139.9964,41.5345],[139.9964,41.5345],[139.9963,41.5344]]],[[[139.9959,41.5345],[139.9959,41.5346],[139.996,41.5345],[139.9959,41.5345]]],[[[139.9955,41.5345],[139.9954,41.5347],[139.9956,41.5346],[139.9955,41.5345]]],[[[139.9958,41.5347],[139.996,41.5346],[139.9958,41.5347],[139.9958,41.5347]]],[[[139.9965,41.5349],[139.9964,41.535],[139.9965,41.5349],[139.9965,41.5349]]],[[[139.996,41.535],[139.9959,41.535],[139.9961,41.535],[139.996,41.535]]],[[[139.9972,41.5351],[139.9973,41.535],[139.9972,41.535],[139.9972,41.5351]]],[[[139.9984,41.5351],[139.9986,41.5351],[139.9986,41.535],[139.9984,41.5351]]],[[[139.9976,41.5352],[139.9978,41.5353],[139.9978,41.5352],[139.9976,41.5352]]],[[[139.9978,41.5355],[139.9978,41.5354],[139.9977,41.5355],[139.9978,41.5355]]],[[[139.9974,41.5356],[139.9973,41.5354],[139.9973,41.5355],[139.9974,41.5356]]],[[[139.9978,41.5357],[139.9977,41.5356],[139.9977,41.5356],[139.9978,41.5357]]],[[[139.9975,41.5356],[139.9975,41.5358],[139.9977,41.5357],[139.9975,41.5356]]],[[[139.9978,41.5359],[139.9977,41.5359],[139.9977,41.5359],[139.9978,41.5359]]],[[[139.9979,41.5359],[139.9979,41.536],[139.9979,41.536],[139.9979,41.5359]]],[[[139.9916,41.5398],[139.9918,41.5399],[139.9918,41.5398],[139.9916,41.5398]]],[[[139.9961,41.5406],[139.9962,41.5406],[139.9962,41.5405],[139.9961,41.5406]]],[[[139.9926,41.5406],[139.9924,41.5407],[139.9925,41.5407],[139.9926,41.5406]]],[[[139.9923,41.541],[139.9925,41.5408],[139.9922,41.5409],[139.9923,41.541]]],[[[139.9934,41.5409],[139.9932,41.541],[139.9933,41.541],[139.9934,41.5409]]],[[[139.9919,41.5409],[139.9919,41.541],[139.992,41.5409],[139.9919,41.5409]]],[[[139.9945,41.541],[139.9946,41.5412],[139.9947,41.5411],[139.9945,41.541]]],[[[139.992,41.5412],[139.9918,41.5412],[139.9919,41.5412],[139.992,41.5412]]],[[[139.9946,41.5412],[139.9947,41.5413],[139.9948,41.5413],[139.9946,41.5412]]],[[[139.9924,41.5414],[139.9923,41.5413],[139.9923,41.5414],[139.9924,41.5414]]],[[[139.9919,41.5413],[139.9919,41.5414],[139.992,41.5413],[139.9919,41.5413]]],[[[139.9918,41.5415],[139.9918,41.5416],[139.9919,41.5416],[139.9918,41.5415]]],[[[139.9918,41.5417],[139.9918,41.5419],[139.9919,41.5418],[139.9918,41.5417]]],[[[139.9917,41.6268],[139.9918,41.6268],[139.9919,41.6268],[139.9917,41.6268]]],[[[139.9922,41.6277],[139.9922,41.6278],[139.9922,41.6278],[139.9922,41.6277]]],[[[139.9923,41.6279],[139.9924,41.628],[139.9924,41.6279],[139.9923,41.6279]]],[[[139.9926,41.6282],[139.9924,41.6281],[139.9923,41.6281],[139.9926,41.6282]]],[[[139.9922,41.6283],[139.9923,41.6284],[139.9923,41.6283],[139.9922,41.6283]]],[[[139.9925,41.6286],[139.9923,41.6286],[139.9925,41.6287],[139.9925,41.6286]]],[[[139.9923,41.6288],[139.9924,41.6289],[139.9924,41.6287],[139.9923,41.6288]]],[[[139.9928,41.6294],[139.9929,41.6294],[139.9929,41.6294],[139.9928,41.6294]]],[[[139.9926,41.6294],[139.9926,41.6296],[139.9926,41.6295],[139.9926,41.6294]]],[[[139.9928,41.6295],[139.9929,41.6296],[139.9929,41.6296],[139.9928,41.6295]]],[[[140.0145,41.483],[140.0144,41.4829],[140.0144,41.483],[140.0145,41.483]]],[[[140.0145,41.4863],[140.0143,41.4861],[140.0141,41.4862],[140.0145,41.4863]]],[[[140.0146,41.4865],[140.0146,41.4866],[140.0147,41.4866],[140.0146,41.4865]]],[[[140.0148,41.4867],[140.0149,41.4868],[140.0149,41.4868],[140.0148,41.4867]]],[[[140.0145,41.4877],[140.0145,41.4879],[140.0146,41.4878],[140.0145,41.4877]]],[[[140.0125,41.488],[140.0125,41.4878],[140.0123,41.4879],[140.0125,41.488]]],[[[140.0148,41.488],[140.0149,41.4881],[140.0149,41.4881],[140.0148,41.488]]],[[[140.0128,41.4882],[140.0126,41.4883],[140.0128,41.4883],[140.0128,41.4882]]],[[[140.0131,41.4882],[140.0132,41.4883],[140.0132,41.4883],[140.0131,41.4882]]],[[[140.0113,41.4891],[140.0112,41.4892],[140.0113,41.4892],[140.0113,41.4891]]],[[[140.0101,41.4892],[140.0099,41.4892],[140.01,41.4893],[140.0101,41.4892]]],[[[140.0104,41.4893],[140.0104,41.4892],[140.0103,41.4892],[140.0104,41.4893]]],[[[140.011,41.4893],[140.0114,41.4895],[140.0115,41.4893],[140.011,41.4893]]],[[[140.0129,41.4893],[140.0123,41.4897],[140.0132,41.4899],[140.0129,41.4893]]],[[[140.0151,41.4903],[140.0145,41.4889],[140.0136,41.4896],[140.0151,41.4903]]],[[[140.0136,41.4903],[140.0129,41.49],[140.0129,41.4901],[140.0136,41.4903]]],[[[140.0128,41.4902],[140.0123,41.4903],[140.0128,41.4906],[140.0128,41.4902]]],[[[140.0151,41.491],[140.0152,41.4909],[140.0151,41.4909],[140.0151,41.491]]],[[[140.0141,41.4909],[140.0139,41.4912],[140.0143,41.4911],[140.0141,41.4909]]],[[[140.0132,41.4914],[140.0133,41.4916],[140.0134,41.4915],[140.0132,41.4914]]],[[[140.0121,41.4918],[140.0126,41.4921],[140.0126,41.4919],[140.0121,41.4918]]],[[[140.0119,41.4923],[140.0119,41.4922],[140.0118,41.4922],[140.0119,41.4923]]],[[[140.0132,41.4929],[140.0127,41.4924],[140.0125,41.4927],[140.0132,41.4929]]],[[[140.0127,41.4932],[140.0125,41.493],[140.0124,41.493],[140.0127,41.4932]]],[[[140.0144,41.4959],[140.0145,41.496],[140.0146,41.4959],[140.0144,41.4959]]],[[[140.0098,41.496],[140.0097,41.4961],[140.0098,41.496],[140.0098,41.496]]],[[[140.0104,41.4962],[140.0103,41.496],[140.0103,41.4961],[140.0104,41.4962]]],[[[140.015,41.4961],[140.0149,41.4962],[140.015,41.4962],[140.015,41.4961]]],[[[140.0147,41.4964],[140.0147,41.4963],[140.0147,41.4963],[140.0147,41.4964]]],[[[140.0141,41.4965],[140.0141,41.4964],[140.014,41.4964],[140.0141,41.4965]]],[[[140.0128,41.5004],[140.0128,41.5003],[140.0127,41.5003],[140.0128,41.5004]]],[[[140.0114,41.5002],[140.0118,41.5005],[140.0118,41.5003],[140.0114,41.5002]]],[[[140.0123,41.5005],[140.0124,41.5004],[140.0123,41.5004],[140.0123,41.5005]]],[[[140.0141,41.5005],[140.0142,41.5006],[140.0142,41.5005],[140.0141,41.5005]]],[[[140.0118,41.5007],[140.0118,41.5006],[140.0118,41.5007],[140.0118,41.5007]]],[[[140.0122,41.5008],[140.0123,41.5007],[140.0122,41.5007],[140.0122,41.5008]]],[[[140.0137,41.5008],[140.0136,41.5009],[140.0137,41.5009],[140.0137,41.5008]]],[[[140.0116,41.5009],[140.0116,41.501],[140.0117,41.5009],[140.0116,41.5009]]],[[[140.0108,41.501],[140.0107,41.5009],[140.0107,41.501],[140.0108,41.501]]],[[[140.0111,41.5012],[140.0111,41.5011],[140.011,41.5011],[140.0111,41.5012]]],[[[140.0118,41.5024],[140.012,41.5025],[140.012,41.5024],[140.0118,41.5024]]],[[[140.0127,41.5026],[140.0126,41.5027],[140.0127,41.5027],[140.0127,41.5026]]],[[[140.0123,41.5027],[140.0124,41.5028],[140.0124,41.5027],[140.0123,41.5027]]],[[[140.0126,41.5031],[140.0127,41.503],[140.0126,41.503],[140.0126,41.5031]]],[[[140.01,41.5035],[140.0101,41.5035],[140.01,41.5035],[140.01,41.5035]]],[[[140.0118,41.5035],[140.0118,41.5036],[140.0119,41.5036],[140.0118,41.5035]]],[[[140.0125,41.5036],[140.0126,41.5036],[140.0124,41.5036],[140.0125,41.5036]]],[[[140.0112,41.504],[140.0112,41.5039],[140.0112,41.5039],[140.0112,41.504]]],[[[140.0104,41.504],[140.0105,41.5039],[140.0104,41.5039],[140.0104,41.504]]],[[[140.0116,41.5043],[140.0112,41.5046],[140.0116,41.5046],[140.0116,41.5043]]],[[[140.0109,41.505],[140.011,41.5049],[140.0108,41.5049],[140.0109,41.505]]],[[[140.0113,41.505],[140.0113,41.5049],[140.0112,41.505],[140.0113,41.505]]],[[[140.0116,41.505],[140.0115,41.5054],[140.0117,41.505],[140.0116,41.505]]],[[[140.0108,41.5052],[140.0109,41.5052],[140.0108,41.5052],[140.0108,41.5052]]],[[[140.0112,41.5053],[140.0111,41.5052],[140.0111,41.5053],[140.0112,41.5053]]],[[[140.0092,41.506],[140.009,41.5061],[140.0092,41.5061],[140.0092,41.506]]],[[[140.0079,41.5063],[140.008,41.5064],[140.0081,41.5063],[140.0079,41.5063]]],[[[140.0109,41.5064],[140.011,41.5063],[140.0109,41.5064],[140.0109,41.5064]]],[[[140.0124,41.5065],[140.0122,41.5064],[140.0122,41.5065],[140.0124,41.5065]]],[[[140.0093,41.5065],[140.0091,41.5064],[140.0091,41.5066],[140.0093,41.5065]]],[[[140.0078,41.5067],[140.0077,41.5066],[140.0076,41.5066],[140.0078,41.5067]]],[[[140.0112,41.5067],[140.0111,41.5066],[140.011,41.5067],[140.0112,41.5067]]],[[[140.0121,41.5066],[140.012,41.5068],[140.0122,41.5067],[140.0121,41.5066]]],[[[140.0111,41.5068],[140.0112,41.5068],[140.0111,41.5068],[140.0111,41.5068]]],[[[140.0123,41.5069],[140.0122,41.5068],[140.0122,41.5069],[140.0123,41.5069]]],[[[140.0125,41.5069],[140.0124,41.5069],[140.0125,41.5069],[140.0125,41.5069]]],[[[140.0111,41.5069],[140.0109,41.5071],[140.0112,41.507],[140.0111,41.5069]]],[[[140.011,41.5075],[140.011,41.5073],[140.0109,41.5074],[140.011,41.5075]]],[[[140.0125,41.5077],[140.0126,41.5077],[140.0126,41.5077],[140.0125,41.5077]]],[[[140.0082,41.5083],[140.0082,41.5081],[140.0081,41.5082],[140.0082,41.5083]]],[[[140.0108,41.5084],[140.0107,41.5083],[140.0107,41.5084],[140.0108,41.5084]]],[[[140.0093,41.5089],[140.0095,41.5088],[140.0091,41.5088],[140.0093,41.5089]]],[[[140.0116,41.509],[140.0115,41.5092],[140.0116,41.5091],[140.0116,41.509]]],[[[140.0093,41.5091],[140.0088,41.5093],[140.0094,41.5092],[140.0093,41.5091]]],[[[140.0084,41.5092],[140.0087,41.5094],[140.0087,41.5093],[140.0084,41.5092]]],[[[140.0077,41.5094],[140.0078,41.5094],[140.0077,41.5094],[140.0077,41.5094]]],[[[140.0079,41.51],[140.0076,41.5099],[140.0077,41.51],[140.0079,41.51]]],[[[140.0074,41.5099],[140.0073,41.5101],[140.0075,41.51],[140.0074,41.5099]]],[[[140.0082,41.5113],[140.008,41.5113],[140.0082,41.5113],[140.0082,41.5113]]],[[[140.008,41.5116],[140.008,41.5115],[140.0079,41.5115],[140.008,41.5116]]],[[[140.0078,41.5116],[140.0075,41.5118],[140.0079,41.5116],[140.0078,41.5116]]],[[[140.0076,41.5121],[140.0075,41.5119],[140.0074,41.5122],[140.0076,41.5121]]],[[[140.0073,41.5128],[140.0076,41.5126],[140.0073,41.5125],[140.0073,41.5128]]],[[[140.0078,41.5128],[140.0078,41.5131],[140.0079,41.5129],[140.0078,41.5128]]],[[[140.0079,41.5134],[140.0081,41.5135],[140.008,41.5134],[140.0079,41.5134]]],[[[140.0074,41.5139],[140.0074,41.514],[140.0075,41.514],[140.0074,41.5139]]],[[[140.0079,41.514],[140.0078,41.5141],[140.0079,41.514],[140.0079,41.514]]],[[[140.0073,41.5142],[140.0074,41.5141],[140.0073,41.5141],[140.0073,41.5142]]],[[[140.0078,41.5144],[140.0078,41.5143],[140.0077,41.5144],[140.0078,41.5144]]],[[[140.0078,41.5145],[140.0078,41.5145],[140.0077,41.5145],[140.0078,41.5145]]],[[[140.0072,41.5159],[140.0072,41.5158],[140.0072,41.5159],[140.0072,41.5159]]],[[[140.0074,41.517],[140.0072,41.5169],[140.0072,41.517],[140.0074,41.517]]],[[[140.0267,41.4604],[140.0268,41.4603],[140.0267,41.4603],[140.0267,41.4604]]],[[[140.0273,41.4605],[140.0274,41.4604],[140.0273,41.4604],[140.0273,41.4605]]],[[[140.0256,41.4606],[140.0257,41.4606],[140.0257,41.4606],[140.0256,41.4606]]],[[[140.027,41.4606],[140.0271,41.4607],[140.0271,41.4606],[140.027,41.4606]]],[[[140.0255,41.461],[140.0256,41.461],[140.0256,41.4609],[140.0255,41.461]]],[[[140.0267,41.4609],[140.0268,41.461],[140.0268,41.461],[140.0267,41.4609]]],[[[140.0272,41.4609],[140.0273,41.461],[140.0273,41.461],[140.0272,41.4609]]],[[[140.0271,41.4611],[140.0271,41.4612],[140.0271,41.4611],[140.0271,41.4611]]],[[[140.0261,41.4612],[140.0262,41.4613],[140.0262,41.4613],[140.0261,41.4612]]],[[[140.0253,41.4613],[140.0253,41.4614],[140.0254,41.4613],[140.0253,41.4613]]],[[[140.0268,41.4614],[140.0267,41.4615],[140.0268,41.4614],[140.0268,41.4614]]],[[[140.0258,41.4615],[140.0256,41.4615],[140.0256,41.4616],[140.0258,41.4615]]],[[[140.0264,41.4616],[140.0264,41.4617],[140.0265,41.4616],[140.0264,41.4616]]],[[[140.0254,41.4617],[140.0254,41.4618],[140.0254,41.4617],[140.0254,41.4617]]],[[[140.0256,41.4623],[140.0255,41.4623],[140.0256,41.4623],[140.0256,41.4623]]],[[[140.025,41.4625],[140.0251,41.4625],[140.0251,41.4624],[140.025,41.4625]]],[[[140.0256,41.4627],[140.0255,41.4627],[140.0255,41.4628],[140.0256,41.4627]]],[[[140.025,41.463],[140.025,41.4629],[140.0249,41.4629],[140.025,41.463]]],[[[140.0253,41.463],[140.0252,41.4629],[140.0252,41.4629],[140.0253,41.463]]],[[[140.0246,41.463],[140.0247,41.463],[140.0247,41.4629],[140.0246,41.463]]],[[[140.025,41.4634],[140.0251,41.4633],[140.025,41.4633],[140.025,41.4634]]],[[[140.0261,41.4636],[140.026,41.4636],[140.0261,41.4636],[140.0261,41.4636]]],[[[140.0257,41.4636],[140.0258,41.4636],[140.0257,41.4636],[140.0257,41.4636]]],[[[140.0263,41.4639],[140.0263,41.4638],[140.0262,41.4638],[140.0263,41.4639]]],[[[140.0261,41.4641],[140.0262,41.4642],[140.0262,41.4641],[140.0261,41.4641]]],[[[140.0266,41.4643],[140.0267,41.4643],[140.0266,41.4643],[140.0266,41.4643]]],[[[140.0268,41.4648],[140.0269,41.4649],[140.0269,41.4649],[140.0268,41.4648]]],[[[140.027,41.4651],[140.0271,41.465],[140.027,41.465],[140.027,41.4651]]],[[[140.0263,41.4652],[140.0263,41.4653],[140.0264,41.4653],[140.0263,41.4652]]],[[[140.0269,41.4654],[140.027,41.4653],[140.027,41.4653],[140.0269,41.4654]]],[[[140.0263,41.4655],[140.0262,41.4655],[140.0263,41.4655],[140.0263,41.4655]]],[[[140.0267,41.4655],[140.0268,41.4656],[140.0268,41.4656],[140.0267,41.4655]]],[[[140.0273,41.466],[140.0274,41.466],[140.0274,41.466],[140.0273,41.466]]],[[[140.0275,41.4663],[140.0276,41.4663],[140.0275,41.4663],[140.0275,41.4663]]],[[[140.0276,41.4675],[140.0277,41.4676],[140.0277,41.4676],[140.0276,41.4675]]],[[[140.0276,41.4678],[140.0276,41.4679],[140.0277,41.4679],[140.0276,41.4678]]],[[[140.0271,41.471],[140.0272,41.471],[140.0271,41.471],[140.0271,41.471]]],[[[140.0268,41.4713],[140.0269,41.4714],[140.0269,41.4714],[140.0268,41.4713]]],[[[140.0278,41.4716],[140.0277,41.4716],[140.0278,41.4717],[140.0278,41.4716]]],[[[140.0269,41.4718],[140.027,41.4719],[140.027,41.4718],[140.0269,41.4718]]],[[[140.0276,41.4721],[140.0276,41.472],[140.0275,41.472],[140.0276,41.4721]]],[[[140.0277,41.4731],[140.0277,41.4732],[140.0277,41.4731],[140.0277,41.4731]]],[[[140.0266,41.4741],[140.0267,41.4741],[140.0266,41.4741],[140.0266,41.4741]]],[[[140.0255,41.4744],[140.0255,41.4743],[140.0255,41.4743],[140.0255,41.4744]]],[[[140.0258,41.4743],[140.0259,41.4743],[140.0259,41.4743],[140.0258,41.4743]]],[[[140.0253,41.4748],[140.0253,41.4747],[140.0252,41.4748],[140.0253,41.4748]]],[[[140.0255,41.4748],[140.0257,41.4748],[140.0256,41.4747],[140.0255,41.4748]]],[[[140.025,41.4748],[140.025,41.4748],[140.0249,41.4748],[140.025,41.4748]]],[[[140.0243,41.4754],[140.0242,41.4756],[140.0244,41.4755],[140.0243,41.4754]]],[[[140.025,41.4755],[140.025,41.4756],[140.0251,41.4755],[140.025,41.4755]]],[[[140.0243,41.4756],[140.0237,41.476],[140.0245,41.4758],[140.0243,41.4756]]],[[[140.0246,41.4762],[140.0247,41.4762],[140.0246,41.4761],[140.0246,41.4762]]],[[[140.0241,41.4763],[140.0237,41.4763],[140.0238,41.4766],[140.0241,41.4763]]],[[[140.0232,41.4767],[140.0234,41.4765],[140.0231,41.4765],[140.0232,41.4767]]],[[[140.0246,41.4767],[140.0246,41.4766],[140.0246,41.4766],[140.0246,41.4767]]],[[[140.0238,41.4768],[140.0239,41.4768],[140.0238,41.4768],[140.0238,41.4768]]],[[[140.0242,41.477],[140.0242,41.477],[140.0242,41.477],[140.0242,41.477]]],[[[140.0243,41.4774],[140.0243,41.4773],[140.0242,41.4774],[140.0243,41.4774]]],[[[140.0241,41.4778],[140.0241,41.4777],[140.0241,41.4777],[140.0241,41.4778]]],[[[140.0235,41.4782],[140.0236,41.4782],[140.0236,41.4782],[140.0235,41.4782]]],[[[140.0243,41.4785],[140.0244,41.4784],[140.0243,41.4784],[140.0243,41.4785]]],[[[140.0209,41.4797],[140.0208,41.4794],[140.0207,41.4797],[140.0209,41.4797]]],[[[140.0207,41.4799],[140.0208,41.4799],[140.0208,41.4799],[140.0207,41.4799]]],[[[140.0221,41.48],[140.0224,41.4802],[140.0224,41.48],[140.0221,41.48]]],[[[140.0228,41.4804],[140.0226,41.4802],[140.0227,41.4804],[140.0228,41.4804]]],[[[140.0219,41.4803],[140.0216,41.4804],[140.0219,41.4805],[140.0219,41.4803]]],[[[140.0215,41.4805],[140.0215,41.4806],[140.0215,41.4805],[140.0215,41.4805]]],[[[140.0213,41.4807],[140.0211,41.4807],[140.0211,41.4808],[140.0213,41.4807]]],[[[140.0209,41.481],[140.0211,41.481],[140.0211,41.481],[140.0209,41.481]]],[[[140.0201,41.4818],[140.0202,41.4819],[140.0202,41.4818],[140.0201,41.4818]]],[[[140.018,41.4828],[140.0195,41.4812],[140.0179,41.4828],[140.018,41.4828]]],[[[140.0196,41.482],[140.0196,41.4821],[140.0197,41.482],[140.0196,41.482]]],[[[140.0195,41.4824],[140.0195,41.4825],[140.0196,41.4824],[140.0195,41.4824]]],[[[140.0152,41.4829],[140.0153,41.483],[140.0153,41.4829],[140.0152,41.4829]]],[[[140.0209,41.4837],[140.0208,41.4837],[140.0208,41.4837],[140.0209,41.4837]]],[[[140.0204,41.484],[140.0206,41.4839],[140.0203,41.4839],[140.0204,41.484]]],[[[140.0161,41.4856],[140.0154,41.4858],[140.0162,41.4857],[140.0161,41.4856]]],[[[140.0159,41.4868],[140.016,41.4869],[140.016,41.4868],[140.0159,41.4868]]],[[[140.0167,41.4874],[140.0166,41.4873],[140.0166,41.4874],[140.0167,41.4874]]],[[[140.0161,41.4878],[140.0163,41.4878],[140.0163,41.4878],[140.0161,41.4878]]],[[[140.0159,41.4884],[140.0159,41.4885],[140.016,41.4885],[140.0159,41.4884]]],[[[140.0156,41.4887],[140.0156,41.4888],[140.0157,41.4887],[140.0156,41.4887]]],[[[140.0158,41.4888],[140.0158,41.4888],[140.0159,41.4888],[140.0158,41.4888]]],[[[140.0153,41.4938],[140.0155,41.4938],[140.0153,41.4938],[140.0153,41.4938]]],[[[140.0155,41.4942],[140.0154,41.4943],[140.0155,41.4943],[140.0155,41.4942]]],[[[140.0151,41.4946],[140.0152,41.4946],[140.0151,41.4946],[140.0151,41.4946]]],[[[140.0152,41.4952],[140.0153,41.4951],[140.0152,41.4951],[140.0152,41.4952]]],[[[140.0155,41.4952],[140.0155,41.4951],[140.0154,41.4951],[140.0155,41.4952]]],[[[140.0157,41.4952],[140.0158,41.4953],[140.0158,41.4952],[140.0157,41.4952]]],[[[140.0152,41.4961],[140.0153,41.496],[140.0152,41.496],[140.0152,41.4961]]],[[[140.0151,41.4965],[140.0152,41.4965],[140.0152,41.4965],[140.0151,41.4965]]],[[[140.0152,41.4966],[140.0153,41.4967],[140.0153,41.4967],[140.0152,41.4966]]],[[[140.0543,41.4318],[140.0542,41.4319],[140.0543,41.4318],[140.0543,41.4318]]],[[[140.0544,41.4319],[140.0543,41.432],[140.0545,41.432],[140.0544,41.4319]]],[[[140.0543,41.4322],[140.0542,41.4321],[140.0542,41.4322],[140.0543,41.4322]]],[[[140.0559,41.4378],[140.056,41.4378],[140.0559,41.4378],[140.0559,41.4378]]],[[[140.0544,41.4392],[140.0543,41.4391],[140.0543,41.4392],[140.0544,41.4392]]],[[[140.055,41.4392],[140.055,41.4393],[140.0551,41.4393],[140.055,41.4392]]],[[[140.0539,41.4393],[140.054,41.4394],[140.054,41.4393],[140.0539,41.4393]]],[[[140.0555,41.4393],[140.0556,41.4394],[140.0556,41.4393],[140.0555,41.4393]]],[[[140.0536,41.4397],[140.0537,41.4397],[140.0537,41.4396],[140.0536,41.4397]]],[[[140.0532,41.4398],[140.0531,41.4399],[140.0531,41.4399],[140.0532,41.4398]]],[[[140.0536,41.4399],[140.0536,41.44],[140.0537,41.4399],[140.0536,41.4399]]],[[[140.0524,41.4401],[140.0525,41.44],[140.0524,41.44],[140.0524,41.4401]]],[[[140.0528,41.4403],[140.0528,41.4404],[140.0528,41.4404],[140.0528,41.4403]]],[[[140.0532,41.4404],[140.0531,41.4405],[140.0532,41.4405],[140.0532,41.4404]]],[[[140.0529,41.4407],[140.0528,41.4407],[140.0528,41.4407],[140.0529,41.4407]]],[[[140.0533,41.4409],[140.0533,41.441],[140.0533,41.4409],[140.0533,41.4409]]],[[[140.0523,41.441],[140.0524,41.441],[140.0524,41.441],[140.0523,41.441]]],[[[140.052,41.4412],[140.0521,41.4412],[140.052,41.4412],[140.052,41.4412]]],[[[140.0507,41.4419],[140.0509,41.4419],[140.0509,41.4419],[140.0507,41.4419]]],[[[140.0522,41.442],[140.0521,41.4421],[140.0522,41.4421],[140.0522,41.442]]],[[[140.0521,41.4424],[140.052,41.4423],[140.0519,41.4424],[140.0521,41.4424]]],[[[140.0334,41.4427],[140.0332,41.4428],[140.0334,41.4427],[140.0334,41.4427]]],[[[140.0511,41.4428],[140.051,41.4429],[140.0511,41.4429],[140.0511,41.4428]]],[[[140.0504,41.443],[140.0503,41.4429],[140.0503,41.4429],[140.0504,41.443]]],[[[140.0505,41.4432],[140.0504,41.4433],[140.0505,41.4432],[140.0505,41.4432]]],[[[140.0375,41.4433],[140.0374,41.4432],[140.0374,41.4433],[140.0375,41.4433]]],[[[140.0389,41.4436],[140.039,41.4435],[140.0389,41.4435],[140.0389,41.4436]]],[[[140.0372,41.4436],[140.0372,41.4435],[140.0371,41.4436],[140.0372,41.4436]]],[[[140.0329,41.4434],[140.0333,41.4438],[140.0335,41.4437],[140.0329,41.4434]]],[[[140.0497,41.4436],[140.0498,41.4436],[140.0498,41.4436],[140.0497,41.4436]]],[[[140.0378,41.4436],[140.0377,41.4437],[140.0378,41.4437],[140.0378,41.4436]]],[[[140.0488,41.444],[140.0488,41.4441],[140.0489,41.444],[140.0488,41.444]]],[[[140.0408,41.4444],[140.0407,41.4442],[140.0406,41.4443],[140.0408,41.4444]]],[[[140.0486,41.445],[140.0485,41.445],[140.0485,41.445],[140.0486,41.445]]],[[[140.0458,41.4455],[140.0457,41.4455],[140.0458,41.4455],[140.0458,41.4455]]],[[[140.0376,41.4457],[140.0375,41.4457],[140.0375,41.4458],[140.0376,41.4457]]],[[[140.0386,41.4458],[140.0385,41.4457],[140.0385,41.4458],[140.0386,41.4458]]],[[[140.0475,41.4458],[140.0477,41.4458],[140.0476,41.4457],[140.0475,41.4458]]],[[[140.0458,41.4458],[140.0458,41.4459],[140.0458,41.4459],[140.0458,41.4458]]],[[[140.0451,41.4459],[140.045,41.4463],[140.0453,41.446],[140.0451,41.4459]]],[[[140.0378,41.4463],[140.0379,41.4464],[140.038,41.4463],[140.0378,41.4463]]],[[[140.0373,41.4464],[140.0373,41.4464],[140.0373,41.4464],[140.0373,41.4464]]],[[[140.0442,41.4466],[140.0442,41.4463],[140.0441,41.4464],[140.0442,41.4466]]],[[[140.0386,41.4468],[140.0389,41.4471],[140.0391,41.4469],[140.0386,41.4468]]],[[[140.0393,41.447],[140.0392,41.447],[140.0393,41.4471],[140.0393,41.447]]],[[[140.0367,41.4472],[140.0368,41.4472],[140.0368,41.4472],[140.0367,41.4472]]],[[[140.0387,41.4479],[140.0388,41.448],[140.0388,41.4479],[140.0387,41.4479]]],[[[140.0392,41.4482],[140.0393,41.4482],[140.0392,41.4482],[140.0392,41.4482]]],[[[140.0397,41.4488],[140.0398,41.4487],[140.0397,41.4487],[140.0397,41.4488]]],[[[140.0394,41.4492],[140.0399,41.449],[140.0394,41.4491],[140.0394,41.4492]]],[[[140.0385,41.4493],[140.0391,41.4491],[140.0385,41.4491],[140.0385,41.4493]]],[[[140.0383,41.4496],[140.0382,41.4495],[140.0382,41.4496],[140.0383,41.4496]]],[[[140.039,41.45],[140.0391,41.4501],[140.0391,41.45],[140.039,41.45]]],[[[140.0359,41.4509],[140.0359,41.451],[140.0359,41.4509],[140.0359,41.4509]]],[[[140.0356,41.4513],[140.0356,41.4514],[140.0357,41.4514],[140.0356,41.4513]]],[[[140.0346,41.4533],[140.0347,41.4534],[140.0347,41.4533],[140.0346,41.4533]]],[[[140.0344,41.4534],[140.0343,41.4534],[140.0344,41.4535],[140.0344,41.4534]]],[[[140.0352,41.4543],[140.0351,41.4543],[140.0351,41.4543],[140.0352,41.4543]]],[[[140.0351,41.4544],[140.0351,41.4545],[140.0351,41.4544],[140.0351,41.4544]]],[[[140.0345,41.4547],[140.0349,41.4546],[140.0345,41.4545],[140.0345,41.4547]]],[[[140.0332,41.4558],[140.0332,41.4557],[140.0331,41.4558],[140.0332,41.4558]]],[[[140.0335,41.4558],[140.0336,41.4559],[140.0336,41.4558],[140.0335,41.4558]]],[[[140.0329,41.456],[140.033,41.4559],[140.0329,41.456],[140.0329,41.456]]],[[[140.0337,41.456],[140.0338,41.4561],[140.0338,41.456],[140.0337,41.456]]],[[[140.0327,41.4563],[140.0329,41.4562],[140.0327,41.4562],[140.0327,41.4563]]],[[[140.0324,41.4564],[140.0325,41.4564],[140.0326,41.4563],[140.0324,41.4564]]],[[[140.032,41.4565],[140.032,41.4564],[140.032,41.4564],[140.032,41.4565]]],[[[140.0294,41.4564],[140.0294,41.4567],[140.0297,41.4565],[140.0294,41.4564]]],[[[140.0312,41.4567],[140.0313,41.4567],[140.0313,41.4567],[140.0312,41.4567]]],[[[140.0307,41.4569],[140.0307,41.457],[140.0307,41.457],[140.0307,41.4569]]],[[[140.0297,41.4571],[140.0298,41.457],[140.0297,41.457],[140.0297,41.4571]]],[[[140.03,41.4574],[140.03,41.4573],[140.0299,41.4573],[140.03,41.4574]]],[[[140.0292,41.4578],[140.0291,41.4578],[140.0291,41.4578],[140.0292,41.4578]]],[[[140.03,41.4584],[140.0299,41.4585],[140.03,41.4585],[140.03,41.4584]]],[[[140.0298,41.4588],[140.0298,41.4587],[140.0298,41.4588],[140.0298,41.4588]]],[[[140.031,41.4589],[140.0309,41.4588],[140.0309,41.4589],[140.031,41.4589]]],[[[140.0297,41.4591],[140.0297,41.4591],[140.0297,41.4591],[140.0297,41.4591]]],[[[140.0296,41.4594],[140.0297,41.4595],[140.0297,41.4594],[140.0296,41.4594]]],[[[140.0295,41.4596],[140.0296,41.4596],[140.0296,41.4596],[140.0295,41.4596]]],[[[140.028,41.4596],[140.0281,41.4597],[140.0281,41.4596],[140.028,41.4596]]],[[[140.029,41.4597],[140.0291,41.4598],[140.0291,41.4597],[140.029,41.4597]]],[[[140.0284,41.4604],[140.0285,41.4604],[140.0284,41.4604],[140.0284,41.4604]]],[[[140.0287,41.4604],[140.0287,41.4604],[140.0287,41.4604],[140.0287,41.4604]]],[[[140.0279,41.4667],[140.0278,41.4667],[140.0278,41.4667],[140.0279,41.4667]]],[[[140.0288,41.4669],[140.0289,41.4669],[140.0288,41.4669],[140.0288,41.4669]]],[[[140.0283,41.467],[140.0284,41.467],[140.0283,41.467],[140.0283,41.467]]],[[[140.0289,41.4672],[140.0289,41.4671],[140.0288,41.4672],[140.0289,41.4672]]],[[[140.0285,41.4672],[140.0285,41.4673],[140.0286,41.4672],[140.0285,41.4672]]],[[[140.0292,41.4675],[140.0292,41.4675],[140.0291,41.4675],[140.0292,41.4675]]],[[[140.0294,41.4678],[140.0295,41.4678],[140.0295,41.4677],[140.0294,41.4678]]],[[[140.0286,41.4719],[140.0288,41.4719],[140.0286,41.4718],[140.0286,41.4719]]],[[[140.0285,41.472],[140.0285,41.4722],[140.0286,41.4721],[140.0285,41.472]]],[[[140.0786,41.4212],[140.0786,41.4211],[140.0785,41.4212],[140.0786,41.4212]]],[[[140.0795,41.4212],[140.0795,41.4213],[140.0796,41.4213],[140.0795,41.4212]]],[[[140.0798,41.4215],[140.0797,41.4215],[140.0797,41.4215],[140.0798,41.4215]]],[[[140.0792,41.4218],[140.0792,41.4217],[140.0792,41.4218],[140.0792,41.4218]]],[[[140.0794,41.4219],[140.0794,41.4218],[140.0793,41.4219],[140.0794,41.4219]]],[[[140.0798,41.4222],[140.0799,41.4222],[140.0799,41.4221],[140.0798,41.4222]]],[[[140.078,41.4223],[140.0781,41.4223],[140.0781,41.4222],[140.078,41.4223]]],[[[140.0761,41.4224],[140.0762,41.4223],[140.0761,41.4223],[140.0761,41.4224]]],[[[140.0788,41.4224],[140.0787,41.4224],[140.0788,41.4225],[140.0788,41.4224]]],[[[140.0742,41.4225],[140.0742,41.4226],[140.0742,41.4226],[140.0742,41.4225]]],[[[140.0773,41.4226],[140.0773,41.4225],[140.0773,41.4226],[140.0773,41.4226]]],[[[140.0781,41.4226],[140.078,41.4226],[140.0781,41.4226],[140.0781,41.4226]]],[[[140.0787,41.4227],[140.0788,41.4227],[140.0787,41.4226],[140.0787,41.4227]]],[[[140.0784,41.4227],[140.0785,41.4227],[140.0784,41.4227],[140.0784,41.4227]]],[[[140.0777,41.4228],[140.0778,41.4228],[140.0777,41.4228],[140.0777,41.4228]]],[[[140.0782,41.4229],[140.0782,41.4228],[140.0781,41.4228],[140.0782,41.4229]]],[[[140.0753,41.4229],[140.0753,41.423],[140.0754,41.423],[140.0753,41.4229]]],[[[140.0767,41.423],[140.0768,41.4231],[140.0768,41.423],[140.0767,41.423]]],[[[140.0736,41.4231],[140.0737,41.4232],[140.0736,41.4231],[140.0736,41.4231]]],[[[140.0753,41.4231],[140.0752,41.4232],[140.0753,41.4232],[140.0753,41.4231]]],[[[140.0745,41.4233],[140.0744,41.4233],[140.0745,41.4233],[140.0745,41.4233]]],[[[140.0742,41.4234],[140.0742,41.4234],[140.0742,41.4234],[140.0742,41.4234]]],[[[140.0767,41.4235],[140.0766,41.4234],[140.0766,41.4235],[140.0767,41.4235]]],[[[140.0751,41.4235],[140.0752,41.4235],[140.0751,41.4235],[140.0751,41.4235]]],[[[140.076,41.4235],[140.0761,41.4235],[140.0761,41.4235],[140.076,41.4235]]],[[[140.0743,41.4235],[140.0744,41.4236],[140.0743,41.4235],[140.0743,41.4235]]],[[[140.0753,41.4237],[140.0752,41.4236],[140.0752,41.4237],[140.0753,41.4237]]],[[[140.0737,41.4239],[140.0736,41.424],[140.0738,41.4239],[140.0737,41.4239]]],[[[140.074,41.4245],[140.074,41.4246],[140.074,41.4245],[140.074,41.4245]]],[[[140.0747,41.4246],[140.0746,41.4246],[140.0747,41.4246],[140.0747,41.4246]]],[[[140.0725,41.4251],[140.0725,41.425],[140.0724,41.425],[140.0725,41.4251]]],[[[140.0739,41.4254],[140.0739,41.4253],[140.0739,41.4253],[140.0739,41.4254]]],[[[140.0728,41.4254],[140.0727,41.4255],[140.0728,41.4255],[140.0728,41.4254]]],[[[140.0732,41.4254],[140.0731,41.4255],[140.0732,41.4255],[140.0732,41.4254]]],[[[140.0741,41.4255],[140.0742,41.4255],[140.0742,41.4254],[140.0741,41.4255]]],[[[140.0722,41.4256],[140.0723,41.4256],[140.0722,41.4255],[140.0722,41.4256]]],[[[140.0713,41.4257],[140.0712,41.4257],[140.0713,41.4257],[140.0713,41.4257]]],[[[140.0736,41.4259],[140.0736,41.4258],[140.0735,41.4258],[140.0736,41.4259]]],[[[140.073,41.426],[140.0729,41.426],[140.073,41.426],[140.073,41.426]]],[[[140.0722,41.4263],[140.0722,41.4262],[140.0722,41.4262],[140.0722,41.4263]]],[[[140.0729,41.4262],[140.0728,41.4263],[140.0729,41.4263],[140.0729,41.4262]]],[[[140.0732,41.4264],[140.0732,41.4263],[140.0732,41.4263],[140.0732,41.4264]]],[[[140.073,41.4263],[140.073,41.4264],[140.073,41.4263],[140.073,41.4263]]],[[[140.072,41.4277],[140.0721,41.4277],[140.072,41.4276],[140.072,41.4277]]],[[[140.0724,41.4277],[140.0725,41.4277],[140.0724,41.4277],[140.0724,41.4277]]],[[[140.0719,41.4279],[140.0722,41.428],[140.0722,41.4278],[140.0719,41.4279]]],[[[140.0708,41.4298],[140.0709,41.4297],[140.0708,41.4297],[140.0708,41.4298]]],[[[140.0701,41.4298],[140.0702,41.4298],[140.0701,41.4298],[140.0701,41.4298]]],[[[140.0705,41.4302],[140.0706,41.4301],[140.0705,41.4301],[140.0705,41.4302]]],[[[140.0689,41.4307],[140.069,41.4307],[140.069,41.4307],[140.0689,41.4307]]],[[[140.0683,41.4309],[140.0684,41.4308],[140.0683,41.4308],[140.0683,41.4309]]],[[[140.0696,41.4311],[140.0695,41.431],[140.0695,41.4311],[140.0696,41.4311]]],[[[140.0686,41.4311],[140.0684,41.4311],[140.0685,41.4311],[140.0686,41.4311]]],[[[140.0682,41.4313],[140.0681,41.4314],[140.0682,41.4314],[140.0682,41.4313]]],[[[140.0687,41.4313],[140.0688,41.4314],[140.0688,41.4314],[140.0687,41.4313]]],[[[140.0681,41.4318],[140.0682,41.4318],[140.0682,41.4317],[140.0681,41.4318]]],[[[140.0676,41.432],[140.0677,41.4319],[140.0676,41.4319],[140.0676,41.432]]],[[[140.0672,41.4325],[140.0669,41.4325],[140.0669,41.4326],[140.0672,41.4325]]],[[[140.0642,41.4324],[140.0641,41.4327],[140.0643,41.4326],[140.0642,41.4324]]],[[[140.0655,41.4334],[140.0656,41.4334],[140.0656,41.4333],[140.0655,41.4334]]],[[[140.065,41.4336],[140.0651,41.4337],[140.0652,41.4336],[140.065,41.4336]]],[[[140.065,41.434],[140.065,41.4341],[140.065,41.434],[140.065,41.434]]],[[[140.0586,41.4342],[140.0585,41.4343],[140.0586,41.4343],[140.0586,41.4342]]],[[[140.0586,41.4346],[140.0586,41.4348],[140.0587,41.4347],[140.0586,41.4346]]],[[[140.0637,41.4354],[140.0638,41.4354],[140.0638,41.4354],[140.0637,41.4354]]],[[[140.0631,41.4354],[140.0633,41.4355],[140.0632,41.4354],[140.0631,41.4354]]],[[[140.0596,41.4354],[140.0595,41.4356],[140.0597,41.4356],[140.0596,41.4354]]],[[[140.0623,41.4359],[140.0623,41.436],[140.0624,41.4359],[140.0623,41.4359]]],[[[140.0618,41.4361],[140.0618,41.4362],[140.0618,41.4361],[140.0618,41.4361]]],[[[140.0622,41.4361],[140.0621,41.4362],[140.0622,41.4362],[140.0622,41.4361]]],[[[140.0593,41.4364],[140.0591,41.4364],[140.0593,41.4364],[140.0593,41.4364]]],[[[140.0606,41.4364],[140.0605,41.4365],[140.0605,41.4365],[140.0606,41.4364]]],[[[140.0613,41.4364],[140.0613,41.4365],[140.0613,41.4364],[140.0613,41.4364]]],[[[140.0597,41.4366],[140.0598,41.4366],[140.0598,41.4365],[140.0597,41.4366]]],[[[140.0599,41.4367],[140.06,41.4366],[140.0599,41.4367],[140.0599,41.4367]]],[[[140.0593,41.4369],[140.0592,41.437],[140.0593,41.4369],[140.0593,41.4369]]],[[[140.0603,41.437],[140.0604,41.437],[140.0604,41.437],[140.0603,41.437]]],[[[140.0605,41.4372],[140.0606,41.4373],[140.0606,41.4372],[140.0605,41.4372]]],[[[140.0596,41.4374],[140.0596,41.4375],[140.0597,41.4375],[140.0596,41.4374]]],[[[140.0599,41.4377],[140.0599,41.4378],[140.0599,41.4377],[140.0599,41.4377]]],[[[140.0587,41.4378],[140.0586,41.4377],[140.0586,41.4378],[140.0587,41.4378]]],[[[140.0581,41.4378],[140.0581,41.4379],[140.0582,41.4378],[140.0581,41.4378]]],[[[140.0579,41.4379],[140.0579,41.438],[140.0579,41.4379],[140.0579,41.4379]]],[[[140.0593,41.4379],[140.0592,41.438],[140.0593,41.438],[140.0593,41.4379]]],[[[140.0564,41.4379],[140.0564,41.438],[140.0565,41.438],[140.0564,41.4379]]],[[[140.0589,41.438],[140.0588,41.438],[140.0589,41.438],[140.0589,41.438]]],[[[140.0568,41.438],[140.0568,41.4381],[140.0568,41.438],[140.0568,41.438]]],[[[140.0596,41.438],[140.0596,41.4381],[140.0597,41.438],[140.0596,41.438]]],[[[140.0571,41.438],[140.0571,41.4381],[140.0572,41.438],[140.0571,41.438]]],[[[140.0576,41.4381],[140.0576,41.4382],[140.0576,41.4381],[140.0576,41.4381]]],[[[140.0588,41.4383],[140.0587,41.4383],[140.0588,41.4383],[140.0588,41.4383]]],[[[140.0574,41.4383],[140.0574,41.4384],[140.0574,41.4383],[140.0574,41.4383]]],[[[140.1998,41.3965],[140.1999,41.3967],[140.1999,41.3966],[140.1998,41.3965]]],[[[140.1982,41.3967],[140.1981,41.3966],[140.1981,41.3967],[140.1982,41.3967]]],[[[140.1969,41.3967],[140.1972,41.3969],[140.197,41.3966],[140.1969,41.3967]]],[[[140.1994,41.3968],[140.1991,41.3972],[140.1997,41.397],[140.1994,41.3968]]],[[[140.1981,41.3971],[140.1979,41.397],[140.1979,41.3971],[140.1981,41.3971]]],[[[140.1929,41.3971],[140.1929,41.3972],[140.193,41.3972],[140.1929,41.3971]]],[[[140.1936,41.3972],[140.1935,41.3972],[140.1935,41.3972],[140.1936,41.3972]]],[[[140.1998,41.3974],[140.1999,41.3974],[140.1999,41.3973],[140.1998,41.3974]]],[[[140.1985,41.3975],[140.1984,41.3976],[140.1985,41.3975],[140.1985,41.3975]]],[[[140.194,41.3976],[140.1941,41.3976],[140.1941,41.3975],[140.194,41.3976]]],[[[140.1997,41.3976],[140.1997,41.3976],[140.1996,41.3976],[140.1997,41.3976]]],[[[140.1936,41.3976],[140.1936,41.3977],[140.1937,41.3976],[140.1936,41.3976]]],[[[140.1968,41.3977],[140.1967,41.3978],[140.1968,41.3978],[140.1968,41.3977]]],[[[140.1914,41.3978],[140.1915,41.3978],[140.1915,41.3977],[140.1914,41.3978]]],[[[140.1938,41.3981],[140.1938,41.3981],[140.1938,41.3981],[140.1938,41.3981]]],[[[140.1935,41.3982],[140.1936,41.3982],[140.1935,41.3982],[140.1935,41.3982]]],[[[140.1924,41.3983],[140.1925,41.3983],[140.1925,41.3983],[140.1924,41.3983]]],[[[140.2005,41.3986],[140.2005,41.3985],[140.2005,41.3985],[140.2005,41.3986]]],[[[140.2011,41.3987],[140.2011,41.3988],[140.2011,41.3987],[140.2011,41.3987]]],[[[140.2009,41.3992],[140.2009,41.3992],[140.2009,41.3992],[140.2009,41.3992]]],[[[140.1869,41.3997],[140.1869,41.3995],[140.1867,41.3995],[140.1869,41.3997]]],[[[140.2017,41.3997],[140.2017,41.3996],[140.2016,41.3997],[140.2017,41.3997]]],[[[140.2011,41.3997],[140.2011,41.3997],[140.2012,41.3997],[140.2011,41.3997]]],[[[140.191,41.3997],[140.1911,41.3997],[140.191,41.3997],[140.191,41.3997]]],[[[140.19,41.3998],[140.1901,41.3998],[140.1901,41.3997],[140.19,41.3998]]],[[[140.1829,41.4001],[140.1833,41.4004],[140.1835,41.4001],[140.1829,41.4001]]],[[[140.1902,41.4002],[140.1903,41.4003],[140.1903,41.4002],[140.1902,41.4002]]],[[[140.1871,41.4002],[140.1871,41.4003],[140.1872,41.4002],[140.1871,41.4002]]],[[[140.2017,41.4003],[140.2015,41.4004],[140.2017,41.4005],[140.2017,41.4003]]],[[[140.1867,41.4008],[140.1867,41.4008],[140.1868,41.4008],[140.1867,41.4008]]],[[[140.1833,41.4009],[140.1834,41.4009],[140.1833,41.4008],[140.1833,41.4009]]],[[[140.2035,41.4017],[140.2035,41.4018],[140.2035,41.4018],[140.2035,41.4017]]],[[[140.1824,41.4023],[140.1824,41.4022],[140.1824,41.4022],[140.1824,41.4023]]],[[[140.1823,41.4025],[140.1824,41.4025],[140.1824,41.4025],[140.1823,41.4025]]],[[[140.203,41.4028],[140.2033,41.4028],[140.2031,41.4026],[140.203,41.4028]]],[[[140.1808,41.4029],[140.1809,41.4029],[140.1808,41.4028],[140.1808,41.4029]]],[[[140.1798,41.4035],[140.1799,41.4035],[140.1799,41.4035],[140.1798,41.4035]]],[[[140.1803,41.4037],[140.1804,41.4037],[140.1803,41.4036],[140.1803,41.4037]]],[[[140.1797,41.4045],[140.1796,41.4045],[140.1796,41.4045],[140.1797,41.4045]]],[[[140.1793,41.4051],[140.1793,41.405],[140.1793,41.405],[140.1793,41.4051]]],[[[140.1788,41.4051],[140.1789,41.4051],[140.1789,41.4051],[140.1788,41.4051]]],[[[140.1788,41.4054],[140.1789,41.4054],[140.1789,41.4054],[140.1788,41.4054]]],[[[140.1787,41.4057],[140.1788,41.4058],[140.1788,41.4057],[140.1787,41.4057]]],[[[140.1787,41.4059],[140.1786,41.406],[140.1787,41.406],[140.1787,41.4059]]],[[[140.1771,41.4066],[140.177,41.4067],[140.1771,41.4066],[140.1771,41.4066]]],[[[140.1774,41.4068],[140.1775,41.4068],[140.1775,41.4067],[140.1774,41.4068]]],[[[140.1749,41.4088],[140.1749,41.4087],[140.1749,41.4088],[140.1749,41.4088]]],[[[140.1748,41.4089],[140.1749,41.4089],[140.1748,41.4089],[140.1748,41.4089]]],[[[140.1733,41.4101],[140.1733,41.4101],[140.1734,41.4101],[140.1733,41.4101]]],[[[140.0875,41.4153],[140.0876,41.4154],[140.0876,41.4153],[140.0875,41.4153]]],[[[140.0874,41.4158],[140.0875,41.4158],[140.0874,41.4157],[140.0874,41.4158]]],[[[140.0886,41.416],[140.0885,41.4161],[140.0886,41.4161],[140.0886,41.416]]],[[[140.0878,41.4161],[140.0878,41.4162],[140.0879,41.4161],[140.0878,41.4161]]],[[[140.0871,41.4167],[140.0872,41.4168],[140.0872,41.4167],[140.0871,41.4167]]],[[[140.0867,41.4169],[140.0868,41.4169],[140.0867,41.4169],[140.0867,41.4169]]],[[[140.0871,41.4172],[140.0872,41.4173],[140.0872,41.4173],[140.0871,41.4172]]],[[[140.0902,41.4175],[140.0903,41.4174],[140.0902,41.4174],[140.0902,41.4175]]],[[[140.0872,41.4177],[140.087,41.4177],[140.0872,41.4177],[140.0872,41.4177]]],[[[140.1622,41.4181],[140.1623,41.4182],[140.1623,41.4181],[140.1622,41.4181]]],[[[140.1605,41.4194],[140.1603,41.4194],[140.1605,41.4194],[140.1605,41.4194]]],[[[140.1607,41.4196],[140.1607,41.4194],[140.1606,41.4194],[140.1607,41.4196]]],[[[140.1612,41.4195],[140.1613,41.4195],[140.1612,41.4194],[140.1612,41.4195]]],[[[140.0828,41.4216],[140.0829,41.4216],[140.0829,41.4215],[140.0828,41.4216]]],[[[140.0931,41.4215],[140.0928,41.4221],[140.0931,41.4215],[140.0931,41.4215]]],[[[140.0802,41.4219],[140.0804,41.422],[140.0803,41.4219],[140.0802,41.4219]]],[[[140.0807,41.4222],[140.0808,41.4223],[140.0808,41.4222],[140.0807,41.4222]]],[[[140.0804,41.4223],[140.0804,41.4224],[140.0804,41.4224],[140.0804,41.4223]]],[[[140.083,41.4225],[140.0831,41.4226],[140.0831,41.4225],[140.083,41.4225]]],[[[140.0815,41.4225],[140.0815,41.4226],[140.0816,41.4226],[140.0815,41.4225]]],[[[140.0953,41.4234],[140.0954,41.4233],[140.0953,41.4233],[140.0953,41.4234]]],[[[140.1518,41.424],[140.1517,41.4239],[140.1517,41.424],[140.1518,41.424]]],[[[140.152,41.4241],[140.1519,41.4242],[140.152,41.4241],[140.152,41.4241]]],[[[140.0982,41.4242],[140.0984,41.4241],[140.0982,41.4241],[140.0982,41.4242]]],[[[140.1486,41.4244],[140.1486,41.4245],[140.1487,41.4244],[140.1486,41.4244]]],[[[140.1053,41.4248],[140.1053,41.4249],[140.1054,41.4248],[140.1053,41.4248]]],[[[140.1044,41.4251],[140.1042,41.4251],[140.1042,41.4251],[140.1044,41.4251]]],[[[140.1014,41.4257],[140.1015,41.4258],[140.1015,41.4257],[140.1014,41.4257]]],[[[140.1017,41.4258],[140.1017,41.4258],[140.1017,41.4258],[140.1017,41.4258]]],[[[140.1015,41.4259],[140.1015,41.4259],[140.1015,41.4259],[140.1015,41.4259]]],[[[140.1166,41.426],[140.1168,41.426],[140.1166,41.426],[140.1166,41.426]]],[[[140.1399,41.4261],[140.1398,41.4262],[140.1399,41.4262],[140.1399,41.4261]]],[[[140.1394,41.4263],[140.1394,41.4262],[140.1394,41.4262],[140.1394,41.4263]]],[[[140.1401,41.4263],[140.14,41.4263],[140.14,41.4263],[140.1401,41.4263]]],[[[140.1188,41.4265],[140.119,41.4266],[140.119,41.4265],[140.1188,41.4265]]],[[[140.1168,41.4266],[140.1168,41.4266],[140.1168,41.4266],[140.1168,41.4266]]],[[[140.1173,41.4273],[140.1174,41.4273],[140.1174,41.4273],[140.1173,41.4273]]],[[[140.1189,41.4276],[140.1191,41.4277],[140.1192,41.4277],[140.1189,41.4276]]],[[[139.9935,41.6302],[140.035,41.6275],[140.0682,41.5899],[140.0996,41.5924],[140.1163,41.5758],[140.1503,41.5843],[140.1642,41.578],[140.1759,41.5616],[140.172,41.5458],[140.1818,41.5395],[140.1687,41.5252],[140.1679,41.5088],[140.1837,41.4884],[140.1802,41.4742],[140.2003,41.4595],[140.1938,41.4337],[140.2068,41.4305],[140.2084,41.4142],[140.1998,41.3982],[140.1454,41.4283],[140.12,41.4303],[140.093,41.4247],[140.0887,41.4181],[140.0841,41.4233],[140.075,41.4243],[140.0726,41.4286],[140.0704,41.4308],[140.0655,41.4337],[140.0647,41.435],[140.06,41.438],[140.0546,41.4401],[140.0526,41.4425],[140.0476,41.446],[140.0405,41.4473],[140.0422,41.4445],[140.0407,41.4454],[140.0387,41.444],[140.0404,41.45],[140.0272,41.4626],[140.0297,41.4679],[140.0289,41.4729],[140.0255,41.4784],[140.0238,41.4791],[140.0252,41.4804],[140.0218,41.4822],[140.0236,41.48],[140.0226,41.4806],[140.0222,41.4804],[140.0212,41.4815],[140.0222,41.4846],[140.019,41.484],[140.0154,41.4914],[140.0143,41.4913],[140.0135,41.4919],[140.0151,41.4915],[140.0168,41.4994],[139.9986,41.5386],[139.9953,41.5416],[139.9907,41.5427],[139.9914,41.5465],[139.9859,41.5511],[139.9874,41.5524],[139.987,41.5545],[139.9854,41.5544],[139.9861,41.5595],[139.9846,41.5611],[139.9868,41.5655],[139.9837,41.5709],[139.9848,41.5718],[139.9852,41.5732],[139.9848,41.5768],[139.984,41.5831],[139.9821,41.5846],[139.9832,41.5854],[139.9846,41.5893],[139.9843,41.6042],[139.9819,41.6079],[139.9831,41.6081],[139.989,41.6178],[139.9935,41.6302]]]]}},{"type":"Feature","properties":{"id":"01332","name":"福島町","pref":"北海道"},"geometry":{"type":"MultiPolygon","coordinates":[[[[140.2064,41.4039],[140.2065,41.4038],[140.2064,41.4038],[140.2064,41.4039]]],[[[140.2053,41.4042],[140.2053,41.4043],[140.2053,41.4043],[140.2053,41.4042]]],[[[140.2066,41.4044],[140.2065,41.4043],[140.2065,41.4044],[140.2066,41.4044]]],[[[140.208,41.4054],[140.208,41.4053],[140.2079,41.4054],[140.208,41.4054]]],[[[140.2093,41.4055],[140.2094,41.4053],[140.2092,41.4053],[140.2093,41.4055]]],[[[140.208,41.4057],[140.2081,41.4057],[140.208,41.4056],[140.208,41.4057]]],[[[140.2069,41.4059],[140.2069,41.4059],[140.2069,41.4059],[140.2069,41.4059]]],[[[140.2087,41.4061],[140.2087,41.4062],[140.2087,41.4062],[140.2087,41.4061]]],[[[140.2085,41.4063],[140.2084,41.4062],[140.2084,41.4063],[140.2085,41.4063]]],[[[140.2085,41.4065],[140.2084,41.4065],[140.2084,41.4065],[140.2085,41.4065]]],[[[140.2094,41.4068],[140.2093,41.4067],[140.2093,41.4067],[140.2094,41.4068]]],[[[140.2106,41.4067],[140.2105,41.4067],[140.2105,41.4067],[140.2106,41.4067]]],[[[140.2118,41.4077],[140.2117,41.4076],[140.2117,41.4077],[140.2118,41.4077]]],[[[140.2122,41.408],[140.2122,41.408],[140.2122,41.408],[140.2122,41.408]]],[[[140.2156,41.4081],[140.2156,41.4081],[140.2156,41.4081],[140.2156,41.4081]]],[[[140.2132,41.408],[140.213,41.4083],[140.2133,41.4083],[140.2132,41.408]]],[[[140.2143,41.4083],[140.2144,41.4083],[140.2143,41.4082],[140.2143,41.4083]]],[[[140.2136,41.4084],[140.2134,41.4085],[140.2137,41.4085],[140.2136,41.4084]]],[[[140.2143,41.4085],[140.2143,41.4084],[140.2143,41.4085],[140.2143,41.4085]]],[[[140.2132,41.4085],[140.2131,41.4085],[140.2132,41.4086],[140.2132,41.4085]]],[[[140.2153,41.4088],[140.2154,41.4087],[140.2153,41.4087],[140.2153,41.4088]]],[[[140.2146,41.4092],[140.2144,41.4092],[140.2145,41.4093],[140.2146,41.4092]]],[[[140.2158,41.4093],[140.2158,41.4092],[140.2158,41.4092],[140.2158,41.4093]]],[[[140.2159,41.4096],[140.2156,41.4096],[140.216,41.4097],[140.2159,41.4096]]],[[[140.2168,41.412],[140.2168,41.4119],[140.2167,41.412],[140.2168,41.412]]],[[[140.2172,41.4124],[140.2173,41.4124],[140.2172,41.4124],[140.2172,41.4124]]],[[[140.2175,41.4126],[140.2176,41.4126],[140.2176,41.4126],[140.2175,41.4126]]],[[[140.217,41.4126],[140.2171,41.4126],[140.2171,41.4126],[140.217,41.4126]]],[[[140.2178,41.4129],[140.2179,41.4129],[140.2178,41.4129],[140.2178,41.4129]]],[[[140.2172,41.4132],[140.2173,41.4132],[140.2173,41.4131],[140.2172,41.4132]]],[[[140.217,41.4132],[140.217,41.4132],[140.217,41.4132],[140.217,41.4132]]],[[[140.2175,41.4135],[140.2175,41.4135],[140.2174,41.4135],[140.2175,41.4135]]],[[[140.2184,41.4145],[140.2184,41.4145],[140.2183,41.4145],[140.2184,41.4145]]],[[[140.2184,41.415],[140.2185,41.4149],[140.2184,41.4149],[140.2184,41.415]]],[[[140.2189,41.4181],[140.2188,41.4181],[140.2188,41.4181],[140.2189,41.4181]]],[[[140.22,41.4199],[140.2203,41.4197],[140.2201,41.4197],[140.22,41.4199]]],[[[140.2494,41.4617],[140.2494,41.4616],[140.2476,41.4615],[140.2494,41.4617]]],[[[140.2606,41.4731],[140.2626,41.4764],[140.2608,41.4733],[140.2606,41.4731]]],[[[140.2613,41.4764],[140.2613,41.4763],[140.2612,41.4764],[140.2613,41.4764]]],[[[140.3015,41.4911],[140.3014,41.4911],[140.3014,41.4912],[140.3015,41.4911]]],[[[140.3042,41.4912],[140.3041,41.4911],[140.3041,41.4912],[140.3042,41.4912]]],[[[140.302,41.4911],[140.3021,41.4914],[140.3022,41.4913],[140.302,41.4911]]],[[[140.3039,41.4913],[140.3038,41.4913],[140.3039,41.4913],[140.3039,41.4913]]],[[[140.3024,41.4916],[140.3024,41.4914],[140.3023,41.4915],[140.3024,41.4916]]],[[[140.3052,41.4917],[140.3053,41.492],[140.3054,41.4917],[140.3052,41.4917]]],[[[140.3042,41.4919],[140.3044,41.492],[140.3044,41.4918],[140.3042,41.4919]]],[[[140.3058,41.4927],[140.3059,41.4926],[140.3058,41.4926],[140.3058,41.4927]]],[[[140.2167,41.4134],[140.2019,41.4077],[140.2084,41.4142],[140.2068,41.4306],[140.1938,41.4337],[140.1981,41.4395],[140.1922,41.4454],[140.2003,41.4595],[140.1802,41.4742],[140.1837,41.4884],[140.1679,41.5089],[140.1687,41.5252],[140.1818,41.5395],[140.172,41.5458],[140.1759,41.5616],[140.1645,41.5775],[140.1942,41.6],[140.2009,41.6268],[140.2174,41.619],[140.2107,41.6108],[140.2165,41.5977],[140.2511,41.5771],[140.2705,41.5744],[140.2956,41.5941],[140.3072,41.5903],[140.3251,41.5519],[140.3199,41.5278],[140.3596,41.5281],[140.3637,41.5401],[140.3847,41.5448],[140.409,41.5247],[140.4084,41.5167],[140.4053,41.5195],[140.3984,41.5195],[140.3623,41.5154],[140.2585,41.4807],[140.2561,41.4658],[140.2459,41.4618],[140.2413,41.4453],[140.223,41.4297],[140.2167,41.4134]]],[[[140.306,41.4928],[140.3059,41.4927],[140.3059,41.4927],[140.306,41.4928]]],[[[140.3107,41.4942],[140.3108,41.4942],[140.3107,41.4941],[140.3107,41.4942]]],[[[140.3145,41.4951],[140.3145,41.4952],[140.3146,41.4952],[140.3145,41.4951]]],[[[140.3157,41.4957],[140.3156,41.4958],[140.3157,41.4958],[140.3157,41.4957]]],[[[140.3161,41.4965],[140.3161,41.4964],[140.316,41.4964],[140.3161,41.4965]]],[[[140.3149,41.4967],[140.3149,41.4966],[140.3149,41.4967],[140.3149,41.4967]]],[[[140.3147,41.4967],[140.3147,41.4968],[140.3148,41.4968],[140.3147,41.4967]]],[[[140.3145,41.4967],[140.3145,41.4968],[140.3145,41.4967],[140.3145,41.4967]]],[[[140.3192,41.4984],[140.3193,41.4983],[140.3192,41.4983],[140.3192,41.4984]]],[[[140.3199,41.4986],[140.32,41.4984],[140.3199,41.4985],[140.3199,41.4986]]],[[[140.3259,41.5004],[140.3259,41.5003],[140.3258,41.5003],[140.3259,41.5004]]],[[[140.325,41.5006],[140.3249,41.5004],[140.3248,41.5005],[140.325,41.5006]]],[[[140.3254,41.5007],[140.3255,41.5006],[140.3254,41.5006],[140.3254,41.5007]]],[[[140.3256,41.5012],[140.3257,41.5011],[140.3256,41.5011],[140.3256,41.5012]]],[[[140.3275,41.5013],[140.3275,41.5012],[140.3274,41.5012],[140.3275,41.5013]]],[[[140.3269,41.5015],[140.3268,41.5014],[140.3268,41.5014],[140.3269,41.5015]]],[[[140.327,41.5016],[140.327,41.5014],[140.327,41.5015],[140.327,41.5016]]],[[[140.33,41.5029],[140.3298,41.503],[140.33,41.503],[140.33,41.5029]]],[[[140.3294,41.5029],[140.3293,41.5031],[140.3294,41.5031],[140.3294,41.5029]]],[[[140.3299,41.5031],[140.3298,41.5031],[140.3298,41.5032],[140.3299,41.5031]]],[[[140.3307,41.5041],[140.3305,41.5041],[140.3306,41.5041],[140.3307,41.5041]]],[[[140.3308,41.5042],[140.3309,41.504],[140.3308,41.504],[140.3308,41.5042]]],[[[140.3317,41.5043],[140.3318,41.5043],[140.3317,41.5042],[140.3317,41.5043]]],[[[140.332,41.5044],[140.332,41.5043],[140.3319,41.5043],[140.332,41.5044]]],[[[140.3323,41.5044],[140.3322,41.5043],[140.3322,41.5044],[140.3323,41.5044]]],[[[140.3328,41.5045],[140.3329,41.5046],[140.333,41.5045],[140.3328,41.5045]]],[[[140.341,41.5044],[140.3402,41.5048],[140.3411,41.5045],[140.341,41.5044]]],[[[140.3328,41.5046],[140.3329,41.5048],[140.3329,41.5047],[140.3328,41.5046]]],[[[140.3475,41.5053],[140.3474,41.5054],[140.3475,41.5054],[140.3475,41.5053]]],[[[140.3352,41.5061],[140.3353,41.506],[140.3352,41.506],[140.3352,41.5061]]],[[[140.3495,41.5061],[140.3494,41.5061],[140.3495,41.5062],[140.3495,41.5061]]],[[[140.3534,41.5118],[140.3533,41.512],[140.3535,41.512],[140.3534,41.5118]]],[[[140.3596,41.5137],[140.3597,41.5133],[140.3595,41.5132],[140.3596,41.5137]]],[[[140.3696,41.5147],[140.3697,41.5145],[140.3695,41.5146],[140.3696,41.5147]]],[[[140.3727,41.5148],[140.3729,41.5148],[140.3729,41.5147],[140.3727,41.5148]]],[[[140.3837,41.5149],[140.3834,41.515],[140.3838,41.515],[140.3837,41.5149]]],[[[140.3651,41.515],[140.3649,41.515],[140.365,41.515],[140.3651,41.515]]],[[[140.3789,41.5151],[140.3787,41.5152],[140.3789,41.5152],[140.3789,41.5151]]],[[[140.3651,41.5153],[140.3651,41.5152],[140.365,41.5153],[140.3651,41.5153]]],[[[140.3727,41.5152],[140.3725,41.5153],[140.3727,41.5153],[140.3727,41.5152]]],[[[140.3739,41.5158],[140.3731,41.5151],[140.3729,41.5156],[140.3739,41.5158]]],[[[140.387,41.5156],[140.3869,41.5157],[140.387,41.5157],[140.387,41.5156]]],[[[140.3864,41.5156],[140.3865,41.5157],[140.3865,41.5156],[140.3864,41.5156]]],[[[140.3729,41.5159],[140.373,41.5158],[140.3729,41.5159],[140.3729,41.5159]]],[[[140.4048,41.5188],[140.4047,41.5191],[140.4049,41.5189],[140.4048,41.5188]]],[[[140.4053,41.519],[140.4054,41.5193],[140.4055,41.5192],[140.4053,41.519]]]]}},{"type":"Feature","properties":{"id":"01333","name":"知内町","pref":"北海道"},"geometry":{"type":"MultiPolygon","coordinates":[[[[140.4099,41.5206],[140.4101,41.5206],[140.4099,41.5205],[140.4099,41.5206]]],[[[140.4099,41.5208],[140.41,41.5208],[140.4099,41.5208],[140.4099,41.5208]]],[[[140.4146,41.5216],[140.4144,41.5218],[140.4146,41.5216],[140.4146,41.5216]]],[[[140.4114,41.5218],[140.4115,41.5217],[140.4114,41.5217],[140.4114,41.5218]]],[[[140.4133,41.5219],[140.4129,41.522],[140.4129,41.5221],[140.4133,41.5219]]],[[[140.4134,41.5223],[140.4132,41.5222],[140.4132,41.5223],[140.4134,41.5223]]],[[[140.4138,41.5223],[140.4136,41.5226],[140.4139,41.5224],[140.4138,41.5223]]],[[[140.4146,41.5234],[140.4145,41.5231],[140.4143,41.5232],[140.4146,41.5234]]],[[[140.4152,41.5239],[140.4151,41.5238],[140.4151,41.5239],[140.4152,41.5239]]],[[[140.4159,41.5246],[140.4159,41.5245],[140.4159,41.5246],[140.4159,41.5246]]],[[[140.416,41.5247],[140.4161,41.5247],[140.416,41.5247],[140.416,41.5247]]],[[[140.4175,41.5249],[140.4176,41.5248],[140.4174,41.5249],[140.4175,41.5249]]],[[[140.4172,41.5249],[140.4172,41.5248],[140.4171,41.5249],[140.4172,41.5249]]],[[[140.4174,41.5251],[140.4174,41.5249],[140.4173,41.525],[140.4174,41.5251]]],[[[140.4169,41.525],[140.4169,41.5251],[140.417,41.525],[140.4169,41.525]]],[[[140.418,41.5258],[140.4179,41.526],[140.418,41.5259],[140.418,41.5258]]],[[[140.4181,41.5263],[140.418,41.5262],[140.418,41.5263],[140.4181,41.5263]]],[[[140.4345,41.6592],[140.431,41.5627],[140.4397,41.5534],[140.4367,41.5525],[140.437,41.5481],[140.4293,41.538],[140.4295,41.535],[140.4244,41.5348],[140.4204,41.5321],[140.4094,41.5209],[140.4089,41.5168],[140.409,41.5247],[140.3974,41.5279],[140.3851,41.5448],[140.3637,41.5401],[140.3596,41.5281],[140.3201,41.5277],[140.3251,41.5519],[140.3072,41.5903],[140.2956,41.5941],[140.2897,41.5839],[140.2637,41.5738],[140.2228,41.5926],[140.2107,41.6108],[140.2174,41.6287],[140.2821,41.6627],[140.3311,41.6519],[140.3883,41.669],[140.4076,41.658],[140.4034,41.6551],[140.4345,41.6592]]],[[[140.4196,41.5257],[140.4194,41.5259],[140.4195,41.5259],[140.4196,41.5257]]],[[[140.4206,41.5259],[140.4207,41.5258],[140.4206,41.5258],[140.4206,41.5259]]],[[[140.4204,41.526],[140.4203,41.5262],[140.4204,41.5262],[140.4204,41.526]]],[[[140.4181,41.5261],[140.4183,41.5262],[140.4184,41.5261],[140.4181,41.5261]]],[[[140.4195,41.5264],[140.4196,41.5263],[140.4195,41.5263],[140.4195,41.5264]]],[[[140.4201,41.5265],[140.4199,41.5264],[140.4201,41.5266],[140.4201,41.5265]]],[[[140.4195,41.5265],[140.4191,41.5262],[140.4195,41.5266],[140.4195,41.5265]]],[[[140.4182,41.5266],[140.4184,41.5265],[140.4183,41.5265],[140.4182,41.5266]]],[[[140.4194,41.5268],[140.4195,41.5267],[140.4194,41.5268],[140.4194,41.5268]]],[[[140.4193,41.5269],[140.4194,41.5269],[140.4194,41.5269],[140.4193,41.5269]]],[[[140.4189,41.5272],[140.4187,41.5272],[140.4188,41.5273],[140.4189,41.5272]]],[[[140.4193,41.5274],[140.4192,41.5272],[140.419,41.5274],[140.4193,41.5274]]],[[[140.4203,41.5276],[140.4202,41.5274],[140.4201,41.5277],[140.4203,41.5276]]],[[[140.4204,41.5287],[140.4206,41.5286],[140.4205,41.5286],[140.4204,41.5287]]],[[[140.4208,41.5296],[140.4207,41.5298],[140.4209,41.5298],[140.4208,41.5296]]],[[[140.4281,41.5343],[140.4282,41.5344],[140.4281,41.5343],[140.4281,41.5343]]],[[[140.4276,41.5345],[140.4274,41.5343],[140.4274,41.5345],[140.4276,41.5345]]],[[[140.427,41.5348],[140.4272,41.5347],[140.427,41.5347],[140.427,41.5348]]],[[[140.4326,41.5344],[140.4327,41.5343],[140.4325,41.5343],[140.4326,41.5344]]],[[[140.4327,41.5346],[140.4321,41.5344],[140.4319,41.5345],[140.4327,41.5346]]],[[[140.4321,41.535],[140.4315,41.5346],[140.4313,41.5347],[140.4321,41.535]]],[[[140.4292,41.5349],[140.4294,41.5349],[140.4294,41.5349],[140.4292,41.5349]]],[[[140.4307,41.5354],[140.4307,41.5353],[140.4307,41.5353],[140.4307,41.5354]]],[[[140.4295,41.5359],[140.4298,41.5357],[140.4297,41.5357],[140.4295,41.5359]]],[[[140.4303,41.536],[140.43,41.536],[140.4303,41.5361],[140.4303,41.536]]],[[[140.4302,41.5365],[140.4302,41.5364],[140.4301,41.5365],[140.4302,41.5365]]],[[[140.4324,41.5399],[140.4326,41.5399],[140.4324,41.5398],[140.4324,41.5399]]],[[[140.4332,41.5402],[140.4326,41.5402],[140.4326,41.5403],[140.4332,41.5402]]],[[[140.4334,41.5403],[140.4336,41.5403],[140.4334,41.5402],[140.4334,41.5403]]],[[[140.4397,41.554],[140.4399,41.5541],[140.4399,41.554],[140.4397,41.554]]],[[[140.4373,41.556],[140.4374,41.5559],[140.4373,41.556],[140.4373,41.556]]],[[[140.4376,41.5567],[140.4378,41.5567],[140.4376,41.5567],[140.4376,41.5567]]],[[[140.4373,41.5572],[140.4371,41.5569],[140.437,41.557],[140.4373,41.5572]]],[[[140.4372,41.5583],[140.4371,41.5581],[140.4371,41.5583],[140.4372,41.5583]]],[[[140.4371,41.5589],[140.4373,41.559],[140.4373,41.559],[140.4371,41.5589]]]]}},{"type":"Feature","properties":{"id":"01334","name":"木古内町","pref":"北海道"},"geometry":{"type":"MultiPolygon","coordinates":[[[[140.5366,41.7064],[140.5359,41.7063],[140.5359,41.7064],[140.5366,41.7064]]],[[[140.3883,41.669],[140.3309,41.6519],[140.281,41.6662],[140.3028,41.6883],[140.3044,41.7164],[140.3423,41.7239],[140.3507,41.7411],[140.3413,41.751],[140.3518,41.762],[140.3531,41.7855],[140.3789,41.7992],[140.3782,41.8056],[140.4228,41.813],[140.4439,41.7879],[140.4646,41.7891],[140.5504,41.7449],[140.5459,41.7352],[140.5557,41.7228],[140.5369,41.7069],[140.5325,41.7078],[140.5248,41.7001],[140.4571,41.6955],[140.4246,41.6537],[140.4033,41.6551],[140.4076,41.658],[140.3883,41.669]]]]}},{"type":"Feature","properties":{"id":"01337","name":"七飯町","pref":"北海道"},"geometry":{"type":"Polygon","coordinates":[[[140.5775,41.9669],[140.5867,41.9927],[140.6077,42.004],[140.6323,41.9942],[140.6512,42.0033],[140.6726,41.999],[140.699,42.0053],[140.6773,42.063],[140.729,42.0424],[140.7334,42.0248],[140.7435,42.0271],[140.7345,42.0214],[140.7416,42.0154],[140.7334,42.008],[140.7671,42.0022],[140.7841,41.9868],[140.7834,41.9111],[140.7673,41.8776],[140.7434,41.8683],[140.7328,41.8534],[140.7,41.8461],[140.7023,41.8556],[140.6863,41.8474],[140.6817,41.8561],[140.6924,41.8706],[140.6675,41.8734],[140.6652,41.8869],[140.6817,41.8855],[140.6656,41.8975],[140.6668,41.9119],[140.6173,41.926],[140.611,41.9539],[140.5775,41.9669]]]}},{"type":"Feature","properties":{"id":"01343","name":"鹿部町","pref":"北海道"},"geometry":{"type":"Polygon","coordinates":[[[140.7984,41.927],[140.7821,41.9338],[140.7875,41.9731],[140.7826,41.9889],[140.7671,42.0022],[140.7334,42.008],[140.7416,42.0154],[140.7345,42.0214],[140.7435,42.0271],[140.7334,42.0248],[140.729,42.0424],[140.6773,42.0634],[140.7355,42.0772],[140.7672,42.0973],[140.7756,42.0841],[140.8025,42.0769],[140.8037,42.0565],[140.8214,42.0342],[140.8645,42.0095],[140.8423,41.9938],[140.8425,41.9627],[140.7984,41.927]]]}},{"type":"Feature","properties":{"id":"01345","name":"森町","pref":"北海道"},"geometry":{"type":"MultiPolygon","coordinates":[[[[140.6157,42.0057],[140.5898,41.9961],[140.5752,41.9749],[140.5815,41.9607],[140.5646,41.9794],[140.5447,41.9768],[140.5467,41.9954],[140.5164,41.9994],[140.5101,41.9851],[140.4715,41.993],[140.4536,42.0122],[140.4293,42.0232],[140.4374,42.0509],[140.4235,42.073],[140.4291,42.0856],[140.4125,42.1155],[140.3934,42.1232],[140.3981,42.1337],[140.422,42.1596],[140.457,42.1767],[140.5153,42.1287],[140.55,42.1132],[140.585,42.1082],[140.6448,42.1273],[140.6885,42.126],[140.7062,42.138],[140.733,42.1242],[140.7611,42.1157],[140.7672,42.0973],[140.7356,42.0772],[140.6773,42.0634],[140.699,42.0053],[140.6726,41.999],[140.6512,42.0033],[140.6323,41.9942],[140.6157,42.0057]]],[[[140.5859,42.1103],[140.5857,42.1102],[140.5857,42.1102],[140.5859,42.1103]]],[[[140.5835,42.112],[140.5868,42.1113],[140.5834,42.1119],[140.5835,42.112]]],[[[140.5357,42.122],[140.5356,42.1217],[140.5355,42.1221],[140.5357,42.122]]],[[[140.7342,42.126],[140.7348,42.1265],[140.7348,42.1265],[140.7342,42.126]]],[[[140.4886,42.1536],[140.4882,42.1536],[140.4885,42.1538],[140.4886,42.1536]]],[[[140.4869,42.1551],[140.4868,42.1548],[140.4867,42.155],[140.4869,42.1551]]]]}},{"type":"Feature","properties":{"id":"01346","name":"八雲町","pref":"北海道"},"geometry":{"type":"MultiPolygon","coordinates":[[[[139.9326,42.1285],[139.9323,42.1283],[139.9323,42.1285],[139.9326,42.1285]]],[[[139.9334,42.1288],[139.9334,42.1285],[139.9332,42.1286],[139.9334,42.1288]]],[[[139.9363,42.1289],[139.9369,42.1289],[139.9363,42.1287],[139.9363,42.1289]]],[[[139.9335,42.1295],[139.9338,42.1294],[139.9337,42.1293],[139.9335,42.1295]]],[[[139.9341,42.1296],[139.9345,42.1298],[139.9345,42.1297],[139.9341,42.1296]]],[[[139.9367,42.1301],[139.9369,42.13],[139.9368,42.1299],[139.9367,42.1301]]],[[[139.9336,42.1304],[139.9342,42.1304],[139.9334,42.1302],[139.9336,42.1304]]],[[[139.9378,42.1304],[139.9379,42.1306],[139.938,42.1305],[139.9378,42.1304]]],[[[139.9258,42.1312],[139.9265,42.1313],[139.926,42.1308],[139.9258,42.1312]]],[[[139.9339,42.1314],[139.9343,42.1315],[139.9342,42.1314],[139.9339,42.1314]]],[[[139.9214,42.1326],[139.9214,42.1324],[139.9213,42.1326],[139.9214,42.1326]]],[[[139.9213,42.1344],[139.9212,42.1342],[139.9211,42.1344],[139.9213,42.1344]]],[[[139.9216,42.1347],[139.9214,42.1345],[139.9215,42.1348],[139.9216,42.1347]]],[[[139.9211,42.1349],[139.9213,42.135],[139.9212,42.1347],[139.9211,42.1349]]],[[[139.9662,42.1281],[139.966,42.1286],[139.9664,42.1283],[139.9662,42.1281]]],[[[139.9585,42.1286],[139.9584,42.1283],[139.9581,42.1283],[139.9585,42.1286]]],[[[139.9498,42.1288],[139.9501,42.1283],[139.95,42.1283],[139.9498,42.1288]]],[[[139.9573,42.1285],[139.9578,42.1288],[139.9577,42.1285],[139.9573,42.1285]]],[[[139.9603,42.1289],[139.9601,42.1287],[139.9601,42.129],[139.9603,42.1289]]],[[[139.9664,42.1286],[139.9658,42.1293],[139.9666,42.1289],[139.9664,42.1286]]],[[[139.9682,42.129],[139.9684,42.1292],[139.9685,42.129],[139.9682,42.129]]],[[[139.968,42.1293],[139.9682,42.1295],[139.9682,42.1293],[139.968,42.1293]]],[[[139.9617,42.1296],[139.9619,42.1293],[139.9616,42.1296],[139.9617,42.1296]]],[[[139.9417,42.1299],[139.9417,42.1296],[139.9414,42.1295],[139.9417,42.1299]]],[[[139.9404,42.13],[139.9406,42.1299],[139.9405,42.1299],[139.9404,42.13]]],[[[139.9392,42.1303],[139.9393,42.13],[139.9391,42.1302],[139.9392,42.1303]]],[[[139.9388,42.1307],[139.9389,42.1308],[139.939,42.1306],[139.9388,42.1307]]],[[[139.9382,42.1308],[139.9385,42.1307],[139.9383,42.1306],[139.9382,42.1308]]],[[[140.0688,42.0613],[140.069,42.0613],[140.0689,42.0612],[140.0688,42.0613]]],[[[140.0676,42.0636],[140.0674,42.0636],[140.0674,42.0636],[140.0676,42.0636]]],[[[140.0665,42.0649],[140.0667,42.0649],[140.0664,42.0648],[140.0665,42.0649]]],[[[140.0607,42.0687],[140.0606,42.0686],[140.0605,42.0687],[140.0607,42.0687]]],[[[140.0612,42.0688],[140.0611,42.069],[140.0613,42.0689],[140.0612,42.0688]]],[[[140.062,42.069],[140.0619,42.0689],[140.0619,42.069],[140.062,42.069]]],[[[140.0592,42.0725],[140.0599,42.0718],[140.0598,42.0718],[140.0592,42.0725]]],[[[140.0601,42.0736],[140.0599,42.0736],[140.06,42.0737],[140.0601,42.0736]]],[[[139.9744,42.1264],[139.9739,42.1265],[139.9742,42.1267],[139.9744,42.1264]]],[[[139.973,42.1268],[139.9733,42.1265],[139.9729,42.1266],[139.973,42.1268]]],[[[139.9724,42.1274],[139.9721,42.1272],[139.9724,42.1274],[139.9724,42.1274]]],[[[139.972,42.1282],[139.9723,42.128],[139.9719,42.1279],[139.972,42.1282]]],[[[140.0546,42.0842],[140.011,42.1207],[139.9878,42.1289],[139.9207,42.1331],[139.9295,42.1398],[139.9277,42.1533],[139.9393,42.1689],[139.9338,42.1834],[139.9645,42.2049],[139.9924,42.1977],[140.0037,42.2031],[140.0097,42.2188],[140.0382,42.223],[140.0264,42.2481],[140.0301,42.2568],[140.0195,42.258],[140.0146,42.2724],[140.0269,42.2824],[140.0581,42.2793],[140.0856,42.3007],[140.0834,42.3117],[140.0988,42.3147],[140.0854,42.3346],[140.1245,42.343],[140.133,42.3577],[140.1472,42.3564],[140.1597,42.3722],[140.223,42.3944],[140.2306,42.3949],[140.2219,42.3884],[140.2353,42.3787],[140.2715,42.3869],[140.299,42.3737],[140.2841,42.3475],[140.2751,42.2949],[140.2836,42.258],[140.2956,42.244],[140.3482,42.2248],[140.3941,42.2214],[140.4095,42.2017],[140.457,42.1767],[140.422,42.1596],[140.3936,42.1252],[140.4125,42.1155],[140.4291,42.0856],[140.4235,42.073],[140.4374,42.0509],[140.4293,42.0232],[140.3914,42.0283],[140.3755,42.0444],[140.3493,42.0354],[140.3391,42.0447],[140.3212,42.0418],[140.3118,42.0529],[140.28,42.0482],[140.2207,42.0781],[140.2287,42.0851],[140.2216,42.0942],[140.1986,42.0873],[140.1912,42.0672],[140.1546,42.0642],[140.1494,42.0741],[140.1038,42.073],[140.0706,42.0601],[140.0546,42.0842]]],[[[140.2907,42.2519],[140.2913,42.2532],[140.2914,42.2532],[140.2907,42.2519]]]]}},{"type":"Feature","properties":{"id":"01347","name":"長万部町","pref":"北海道"},"geometry":{"type":"MultiPolygon","coordinates":[[[[140.3309,42.4376],[140.3309,42.4377],[140.3335,42.4387],[140.3309,42.4376]]],[[[140.3715,42.5019],[140.372,42.5016],[140.3715,42.5019],[140.3715,42.5019]]],[[[140.3723,42.5021],[140.3718,42.5023],[140.3724,42.5021],[140.3723,42.5021]]],[[[140.3131,42.4144],[140.2942,42.3749],[140.2776,42.386],[140.2369,42.3786],[140.2235,42.3855],[140.2391,42.408],[140.2282,42.4127],[140.2309,42.4307],[140.2125,42.4485],[140.2159,42.4645],[140.2089,42.4708],[140.2312,42.4927],[140.2661,42.5486],[140.248,42.5558],[140.2453,42.5689],[140.232,42.5658],[140.2281,42.5732],[140.2122,42.572],[140.1929,42.5826],[140.1878,42.6021],[140.1937,42.608],[140.2134,42.6103],[140.2376,42.5976],[140.2778,42.604],[140.2913,42.6233],[140.3129,42.632],[140.3583,42.6152],[140.3855,42.5908],[140.4076,42.5876],[140.4302,42.6105],[140.4642,42.6074],[140.4893,42.5905],[140.5311,42.5934],[140.5448,42.603],[140.5371,42.5874],[140.5335,42.5889],[140.5165,42.5894],[140.5113,42.5869],[140.5093,42.5837],[140.4976,42.5865],[140.4915,42.5838],[140.4759,42.5891],[140.4701,42.5867],[140.4222,42.5526],[140.3954,42.5271],[140.4021,42.5282],[140.3968,42.5263],[140.3945,42.527],[140.3913,42.522],[140.3868,42.5198],[140.3744,42.5062],[140.3643,42.4935],[140.3131,42.4144]]],[[[140.3754,42.5065],[140.376,42.5063],[140.3759,42.5063],[140.3754,42.5065]]],[[[140.3764,42.5068],[140.3759,42.5071],[140.3764,42.5068],[140.3764,42.5068]]],[[[140.4966,42.5853],[140.4966,42.5855],[140.4967,42.5853],[140.4966,42.5853]]],[[[140.4971,42.5856],[140.4972,42.5858],[140.4973,42.5857],[140.4971,42.5856]]],[[[140.5125,42.5869],[140.5124,42.5872],[140.5126,42.5871],[140.5125,42.5869]]],[[[140.5131,42.587],[140.5128,42.5872],[140.5131,42.5871],[140.5131,42.587]]],[[[140.5129,42.5874],[140.5131,42.5873],[140.5129,42.5873],[140.5129,42.5874]]],[[[140.5303,42.5871],[140.5302,42.5873],[140.5305,42.5872],[140.5303,42.5871]]],[[[140.5249,42.5884],[140.5252,42.5882],[140.5248,42.5883],[140.5249,42.5884]]],[[[140.5248,42.5885],[140.525,42.5887],[140.5251,42.5886],[140.5248,42.5885]]],[[[140.5185,42.5886],[140.5185,42.5888],[140.5186,42.5887],[140.5185,42.5886]]],[[[140.5197,42.5888],[140.5197,42.589],[140.5198,42.5889],[140.5197,42.5888]]],[[[140.5237,42.5889],[140.5234,42.5889],[140.5237,42.589],[140.5237,42.5889]]],[[[140.5183,42.5891],[140.5181,42.5889],[140.518,42.589],[140.5183,42.5891]]],[[[140.5213,42.5891],[140.5217,42.5889],[140.5212,42.589],[140.5213,42.5891]]],[[[140.5203,42.589],[140.5204,42.5892],[140.5205,42.589],[140.5203,42.589]]],[[[140.5191,42.589],[140.5191,42.5892],[140.5192,42.5891],[140.5191,42.589]]]]}},{"type":"Feature","properties":{"id":"01361","name":"江差町","pref":"北海道"},"geometry":{"type":"MultiPolygon","coordinates":[[[[140.1168,41.8648],[140.1168,41.8647],[140.1155,41.8645],[140.1168,41.8648]]],[[[140.1133,41.8654],[140.1133,41.8655],[140.1133,41.8654],[140.1133,41.8654]]],[[[140.1133,41.8655],[140.1134,41.8655],[140.1133,41.8655],[140.1133,41.8655]]],[[[140.1133,41.8656],[140.1133,41.8656],[140.1133,41.8656],[140.1133,41.8656]]],[[[140.1134,41.8656],[140.1134,41.8656],[140.1133,41.8656],[140.1134,41.8656]]],[[[140.1139,41.8663],[140.1139,41.8662],[140.1139,41.8663],[140.1139,41.8663]]],[[[140.1137,41.8663],[140.1137,41.8663],[140.1137,41.8662],[140.1137,41.8663]]],[[[140.1138,41.8663],[140.1138,41.8663],[140.1138,41.8663],[140.1138,41.8663]]],[[[140.1138,41.8663],[140.1138,41.8663],[140.1138,41.8663],[140.1138,41.8663]]],[[[140.1137,41.8664],[140.1137,41.8663],[140.1137,41.8663],[140.1137,41.8664]]],[[[140.113,41.8665],[140.1129,41.8666],[140.113,41.8666],[140.113,41.8665]]],[[[140.1135,41.8672],[140.1134,41.8672],[140.1135,41.8672],[140.1135,41.8672]]],[[[140.1158,41.868],[140.1158,41.8679],[140.1157,41.8679],[140.1158,41.868]]],[[[140.1121,41.8697],[140.1117,41.8697],[140.1121,41.8698],[140.1121,41.8697]]],[[[140.112,41.8699],[140.112,41.8698],[140.1119,41.8699],[140.112,41.8699]]],[[[140.1213,41.8741],[140.1219,41.8756],[140.1206,41.8723],[140.1213,41.8741]]],[[[140.1241,41.8737],[140.1264,41.8739],[140.1273,41.8743],[140.1241,41.8737]]],[[[140.1275,41.8947],[140.1271,41.8947],[140.1276,41.8947],[140.1275,41.8947]]],[[[140.1324,41.9062],[140.1323,41.9061],[140.1322,41.9062],[140.1324,41.9062]]],[[[140.1248,41.8595],[140.1162,41.8665],[140.1138,41.8665],[140.1135,41.8661],[140.1132,41.8655],[140.1129,41.8642],[140.1123,41.8635],[140.1099,41.8633],[140.1135,41.867],[140.1136,41.8706],[140.121,41.8719],[140.1153,41.8685],[140.1162,41.8672],[140.1206,41.8667],[140.1313,41.8722],[140.1388,41.8932],[140.1326,41.9526],[140.1407,41.9598],[140.1863,41.9563],[140.2606,41.977],[140.2421,41.96],[140.2461,41.9554],[140.2363,41.9407],[140.2231,41.9392],[140.2157,41.9267],[140.1515,41.9238],[140.1515,41.9075],[140.2307,41.8883],[140.2219,41.8708],[140.2089,41.8661],[140.2073,41.846],[140.2237,41.8344],[140.219,41.816],[140.2007,41.8097],[140.1345,41.8153],[140.123,41.8253],[140.1248,41.8595]]],[[[140.1369,41.8949],[140.137,41.895],[140.137,41.895],[140.1369,41.8949]]],[[[140.1378,41.8951],[140.1377,41.8952],[140.1379,41.8952],[140.1378,41.8951]]],[[[140.1346,41.8989],[140.1346,41.899],[140.1347,41.899],[140.1346,41.8989]]],[[[140.1346,41.8991],[140.1345,41.8993],[140.1347,41.8992],[140.1346,41.8991]]],[[[140.1338,41.9003],[140.1338,41.9004],[140.1339,41.9003],[140.1338,41.9003]]],[[[140.1352,41.9015],[140.1352,41.9014],[140.1352,41.9015],[140.1352,41.9015]]],[[[140.1352,41.9032],[140.1352,41.9032],[140.1354,41.9031],[140.1352,41.9032]]],[[[140.1359,41.9031],[140.1356,41.9034],[140.1361,41.9033],[140.1359,41.9031]]],[[[140.1357,41.9036],[140.1357,41.9037],[140.1358,41.9036],[140.1357,41.9036]]],[[[140.1353,41.9037],[140.135,41.9036],[140.135,41.9038],[140.1353,41.9037]]],[[[140.1339,41.9054],[140.1336,41.9056],[140.1339,41.9056],[140.1339,41.9054]]],[[[140.1324,41.9058],[140.1323,41.9057],[140.1323,41.9059],[140.1324,41.9058]]],[[[140.1333,41.906],[140.1332,41.9061],[140.1334,41.9061],[140.1333,41.906]]],[[[140.137,41.9089],[140.137,41.9089],[140.137,41.9088],[140.137,41.9089]]],[[[140.1333,41.9091],[140.1334,41.9093],[140.1334,41.9093],[140.1333,41.9091]]],[[[140.1331,41.9093],[140.1329,41.9094],[140.1331,41.9094],[140.1331,41.9093]]],[[[140.1335,41.9094],[140.1331,41.9099],[140.1336,41.9096],[140.1335,41.9094]]]]}},{"type":"Feature","properties":{"id":"01362","name":"上ノ国町","pref":"北海道"},"geometry":{"type":"MultiPolygon","coordinates":[[[[139.9921,41.6309],[139.992,41.6308],[139.992,41.6309],[139.9921,41.6309]]],[[[139.9919,41.631],[139.9917,41.6311],[139.9919,41.631],[139.9919,41.631]]],[[[139.9921,41.6312],[139.992,41.6311],[139.9919,41.6312],[139.9921,41.6312]]],[[[139.9917,41.6312],[139.9915,41.6312],[139.9917,41.6313],[139.9917,41.6312]]],[[[139.9915,41.6314],[139.9914,41.6313],[139.9914,41.6314],[139.9915,41.6314]]],[[[139.9929,41.632],[139.9929,41.6318],[139.9928,41.6319],[139.9929,41.632]]],[[[139.9925,41.6322],[139.9923,41.6321],[139.9924,41.6322],[139.9925,41.6322]]],[[[139.9925,41.6333],[139.9927,41.6333],[139.9928,41.6332],[139.9925,41.6333]]],[[[139.9922,41.6334],[139.9922,41.6333],[139.9921,41.6333],[139.9922,41.6334]]],[[[139.9933,41.6341],[139.9932,41.634],[139.9932,41.6341],[139.9933,41.6341]]],[[[139.9915,41.6341],[139.9915,41.634],[139.9914,41.6341],[139.9915,41.6341]]],[[[139.9932,41.6344],[139.9931,41.6343],[139.9931,41.6344],[139.9932,41.6344]]],[[[139.9923,41.635],[139.9926,41.635],[139.9925,41.6349],[139.9923,41.635]]],[[[139.9913,41.636],[139.9912,41.6358],[139.9911,41.6359],[139.9913,41.636]]],[[[139.9918,41.6361],[139.9917,41.6362],[139.9918,41.6361],[139.9918,41.6361]]],[[[139.9911,41.6363],[139.9911,41.6362],[139.991,41.6362],[139.9911,41.6363]]],[[[139.9911,41.6365],[139.9909,41.6365],[139.9909,41.6366],[139.9911,41.6365]]],[[[139.9922,41.6366],[139.992,41.6366],[139.992,41.6366],[139.9922,41.6366]]],[[[139.9923,41.6369],[139.9925,41.6369],[139.9922,41.6368],[139.9923,41.6369]]],[[[139.992,41.6369],[139.9921,41.6368],[139.9919,41.6369],[139.992,41.6369]]],[[[139.9928,41.637],[139.9926,41.6369],[139.9926,41.637],[139.9928,41.637]]],[[[139.991,41.637],[139.9909,41.6369],[139.9909,41.637],[139.991,41.637]]],[[[139.9923,41.6371],[139.9924,41.637],[139.9923,41.637],[139.9923,41.6371]]],[[[139.9919,41.6371],[139.9921,41.6371],[139.9919,41.637],[139.9919,41.6371]]],[[[139.9931,41.6378],[139.9934,41.6377],[139.9932,41.6376],[139.9931,41.6378]]],[[[139.993,41.6379],[139.9929,41.6379],[139.993,41.638],[139.993,41.6379]]],[[[139.9933,41.6382],[139.9933,41.6381],[139.9932,41.638],[139.9933,41.6382]]],[[[139.9944,41.6384],[139.9945,41.6383],[139.9943,41.6384],[139.9944,41.6384]]],[[[139.9945,41.6398],[139.9943,41.6398],[139.9945,41.6399],[139.9945,41.6398]]],[[[139.9965,41.64],[139.9966,41.6401],[139.9966,41.64],[139.9965,41.64]]],[[[139.9975,41.6411],[139.9974,41.6412],[139.9975,41.6412],[139.9975,41.6411]]],[[[139.9978,41.643],[139.9978,41.6429],[139.9977,41.643],[139.9978,41.643]]],[[[139.9978,41.6462],[139.9977,41.6461],[139.9978,41.6462],[139.9978,41.6462]]],[[[139.9968,41.6466],[139.9967,41.6468],[139.997,41.6469],[139.9968,41.6466]]],[[[139.9956,41.6469],[139.9959,41.647],[139.9956,41.6469],[139.9956,41.6469]]],[[[139.9957,41.6473],[139.9959,41.6474],[139.9958,41.6472],[139.9957,41.6473]]],[[[139.9961,41.6475],[139.996,41.6473],[139.996,41.6475],[139.9961,41.6475]]],[[[139.9963,41.6476],[139.9964,41.6474],[139.9963,41.6474],[139.9963,41.6476]]],[[[139.9968,41.6486],[139.9967,41.6485],[139.9967,41.6486],[139.9968,41.6486]]],[[[139.9965,41.6487],[139.9966,41.6485],[139.9965,41.6485],[139.9965,41.6487]]],[[[139.9968,41.6488],[139.9967,41.6487],[139.9967,41.6487],[139.9968,41.6488]]],[[[139.9974,41.65],[139.9973,41.6499],[139.9973,41.65],[139.9974,41.65]]],[[[139.9971,41.6501],[139.9968,41.6501],[139.9968,41.6503],[139.9971,41.6501]]],[[[139.9971,41.6503],[139.9971,41.6504],[139.9972,41.6503],[139.9971,41.6503]]],[[[139.9968,41.6504],[139.9968,41.6505],[139.9969,41.6504],[139.9968,41.6504]]],[[[139.9977,41.651],[139.9976,41.651],[139.9977,41.6511],[139.9977,41.651]]],[[[139.9977,41.6512],[139.9977,41.6512],[139.9978,41.6512],[139.9977,41.6512]]],[[[139.9977,41.6513],[139.9978,41.6513],[139.9978,41.6513],[139.9977,41.6513]]],[[[139.9978,41.6432],[139.9978,41.6431],[139.9977,41.6432],[139.9978,41.6432]]],[[[139.9977,41.6435],[139.9979,41.6434],[139.9977,41.6434],[139.9977,41.6435]]],[[[139.9981,41.6438],[139.9979,41.6438],[139.998,41.6439],[139.9981,41.6438]]],[[[139.998,41.6448],[139.9978,41.6447],[139.9979,41.6448],[139.998,41.6448]]],[[[139.9984,41.6509],[139.9983,41.6509],[139.9984,41.6509],[139.9984,41.6509]]],[[[139.9985,41.6511],[139.9983,41.6511],[139.9984,41.6512],[139.9985,41.6511]]],[[[140.0009,41.6511],[140.0008,41.6512],[140.0009,41.6512],[140.0009,41.6511]]],[[[140.0006,41.6513],[140.0005,41.6514],[140.0006,41.6514],[140.0006,41.6513]]],[[[140.0011,41.6538],[140.0011,41.6536],[140.001,41.6537],[140.0011,41.6538]]],[[[140.0001,41.6541],[139.9999,41.6542],[140.0,41.6542],[140.0001,41.6541]]],[[[139.9986,41.6545],[139.9985,41.6546],[139.9986,41.6546],[139.9986,41.6545]]],[[[140.0007,41.6548],[140.0008,41.6547],[140.0007,41.6548],[140.0007,41.6548]]],[[[140.0003,41.6548],[140.0002,41.6548],[140.0002,41.6548],[140.0003,41.6548]]],[[[140.0009,41.6553],[140.001,41.6554],[140.0011,41.6553],[140.0009,41.6553]]],[[[139.9998,41.6574],[139.9999,41.6573],[139.9998,41.6573],[139.9998,41.6574]]],[[[139.9994,41.6576],[139.9994,41.6577],[139.9995,41.6576],[139.9994,41.6576]]],[[[139.9995,41.6578],[139.9997,41.6578],[139.9997,41.6578],[139.9995,41.6578]]],[[[139.9989,41.6582],[139.999,41.658],[139.9988,41.6581],[139.9989,41.6582]]],[[[139.9996,41.6583],[139.9997,41.6582],[139.9996,41.6582],[139.9996,41.6583]]],[[[139.9996,41.6585],[139.9995,41.6586],[139.9995,41.6586],[139.9996,41.6585]]],[[[140.0008,41.6588],[140.001,41.6587],[140.0008,41.6587],[140.0008,41.6588]]],[[[139.9998,41.6589],[139.9997,41.6589],[139.9998,41.659],[139.9998,41.6589]]],[[[140.0007,41.6606],[140.0005,41.6606],[140.0006,41.6607],[140.0007,41.6606]]],[[[140.0024,41.6612],[140.0023,41.6612],[140.0024,41.6613],[140.0024,41.6612]]],[[[140.0032,41.6614],[140.0032,41.6615],[140.0033,41.6615],[140.0032,41.6614]]],[[[140.0032,41.6624],[140.0031,41.6622],[140.0031,41.6623],[140.0032,41.6624]]],[[[140.0026,41.6629],[140.0028,41.6629],[140.0026,41.6628],[140.0026,41.6629]]],[[[140.0031,41.6696],[140.0031,41.6696],[140.003,41.6696],[140.0031,41.6696]]],[[[140.0022,41.6702],[140.0022,41.6701],[140.0021,41.6702],[140.0022,41.6702]]],[[[140.0013,41.6705],[140.0014,41.6704],[140.0013,41.6705],[140.0013,41.6705]]],[[[140.0028,41.6706],[140.0027,41.6705],[140.0027,41.6706],[140.0028,41.6706]]],[[[140.0012,41.6707],[140.0012,41.6706],[140.0012,41.6707],[140.0012,41.6707]]],[[[140.001,41.6708],[140.0011,41.6709],[140.0011,41.6708],[140.001,41.6708]]],[[[140.0015,41.6709],[140.0016,41.6708],[140.0015,41.6708],[140.0015,41.6709]]],[[[140.0025,41.6711],[140.0025,41.6711],[140.0024,41.6711],[140.0025,41.6711]]],[[[140.0027,41.6713],[140.0028,41.6713],[140.0027,41.6712],[140.0027,41.6713]]],[[[140.0022,41.6714],[140.0022,41.6713],[140.0021,41.6713],[140.0022,41.6714]]],[[[140.0019,41.6726],[140.002,41.6726],[140.002,41.6726],[140.0019,41.6726]]],[[[140.0013,41.6728],[140.0011,41.6727],[140.0011,41.6727],[140.0013,41.6728]]],[[[140.0016,41.6728],[140.0016,41.6727],[140.0016,41.6728],[140.0016,41.6728]]],[[[140.0022,41.6727],[140.0022,41.6728],[140.0023,41.6728],[140.0022,41.6727]]],[[[140.0014,41.673],[140.0013,41.673],[140.0013,41.673],[140.0014,41.673]]],[[[140.0028,41.6752],[140.0031,41.6755],[140.0032,41.6754],[140.0028,41.6752]]],[[[140.002,41.6759],[140.0021,41.6759],[140.002,41.6759],[140.002,41.6759]]],[[[140.0031,41.676],[140.0032,41.6761],[140.0032,41.676],[140.0031,41.676]]],[[[140.0032,41.6765],[140.0033,41.6764],[140.0032,41.6764],[140.0032,41.6765]]],[[[140.0018,41.6764],[140.0017,41.6765],[140.0018,41.6765],[140.0018,41.6764]]],[[[140.0019,41.6768],[140.002,41.6768],[140.0019,41.6768],[140.0019,41.6768]]],[[[140.0034,41.6632],[140.0035,41.6632],[140.0033,41.6631],[140.0034,41.6632]]],[[[140.0036,41.6634],[140.0036,41.6635],[140.0036,41.6634],[140.0036,41.6634]]],[[[140.0036,41.6641],[140.0035,41.664],[140.0035,41.6641],[140.0036,41.6641]]],[[[140.0038,41.6655],[140.0038,41.6654],[140.0037,41.6655],[140.0038,41.6655]]],[[[140.0032,41.6662],[140.0032,41.6661],[140.0032,41.6662],[140.0032,41.6662]]],[[[140.0036,41.6675],[140.0037,41.6674],[140.0036,41.6674],[140.0036,41.6675]]],[[[140.0033,41.668],[140.0033,41.6679],[140.0032,41.6679],[140.0033,41.668]]],[[[140.0036,41.6687],[140.0035,41.6687],[140.0036,41.6687],[140.0036,41.6687]]],[[[140.0036,41.6691],[140.0037,41.6691],[140.0037,41.6691],[140.0036,41.6691]]],[[[140.0035,41.6698],[140.0035,41.6697],[140.0035,41.6698],[140.0035,41.6698]]],[[[140.0039,41.6746],[140.0039,41.6745],[140.0038,41.6746],[140.0039,41.6746]]],[[[140.0038,41.6748],[140.0038,41.6747],[140.0037,41.6748],[140.0038,41.6748]]],[[[140.0037,41.6749],[140.0035,41.6752],[140.0039,41.6751],[140.0037,41.6749]]],[[[140.0034,41.6754],[140.0037,41.6754],[140.0034,41.6754],[140.0034,41.6754]]],[[[140.0033,41.6758],[140.0033,41.6757],[140.0032,41.6758],[140.0033,41.6758]]],[[[140.0039,41.6761],[140.0038,41.676],[140.0037,41.6761],[140.0039,41.6761]]],[[[140.0043,41.6764],[140.0042,41.6764],[140.0042,41.6764],[140.0043,41.6764]]],[[[140.0046,41.6767],[140.0046,41.6766],[140.0045,41.6767],[140.0046,41.6767]]],[[[140.005,41.6779],[140.0049,41.6777],[140.0048,41.6777],[140.005,41.6779]]],[[[140.0047,41.6778],[140.0047,41.678],[140.0048,41.6779],[140.0047,41.6778]]],[[[140.005,41.6783],[140.005,41.678],[140.0049,41.6782],[140.005,41.6783]]],[[[140.0054,41.6783],[140.0055,41.6783],[140.0054,41.6782],[140.0054,41.6783]]],[[[140.006,41.6785],[140.006,41.6784],[140.0059,41.6784],[140.006,41.6785]]],[[[140.0063,41.6785],[140.0062,41.6784],[140.0062,41.6785],[140.0063,41.6785]]],[[[140.0066,41.6786],[140.0065,41.6787],[140.0067,41.6787],[140.0066,41.6786]]],[[[140.0061,41.6789],[140.006,41.679],[140.0061,41.6789],[140.0061,41.6789]]],[[[140.0072,41.6813],[140.0072,41.6812],[140.0071,41.6812],[140.0072,41.6813]]],[[[140.0074,41.6815],[140.0074,41.6814],[140.0073,41.6814],[140.0074,41.6815]]],[[[140.0062,41.6833],[140.0063,41.6834],[140.0064,41.6833],[140.0062,41.6833]]],[[[140.007,41.6833],[140.007,41.6834],[140.007,41.6834],[140.007,41.6833]]],[[[140.0076,41.6834],[140.0077,41.6834],[140.0077,41.6834],[140.0076,41.6834]]],[[[140.0078,41.6844],[140.0079,41.6845],[140.0079,41.6844],[140.0078,41.6844]]],[[[140.0077,41.6857],[140.0078,41.6858],[140.0078,41.6857],[140.0077,41.6857]]],[[[140.0061,41.6861],[140.0063,41.6861],[140.0063,41.6861],[140.0061,41.6861]]],[[[140.007,41.6863],[140.0071,41.6863],[140.007,41.6863],[140.007,41.6863]]],[[[140.0078,41.6866],[140.0079,41.6865],[140.0079,41.6865],[140.0078,41.6866]]],[[[140.0064,41.6866],[140.0064,41.6865],[140.0064,41.6866],[140.0064,41.6866]]],[[[140.0076,41.687],[140.0078,41.6869],[140.0076,41.6869],[140.0076,41.687]]],[[[140.007,41.6877],[140.007,41.6876],[140.0069,41.6877],[140.007,41.6877]]],[[[140.0075,41.6884],[140.0076,41.6883],[140.0075,41.6883],[140.0075,41.6884]]],[[[140.0073,41.6885],[140.0072,41.6885],[140.0072,41.6885],[140.0073,41.6885]]],[[[140.0071,41.6903],[140.0072,41.6902],[140.0071,41.6902],[140.0071,41.6903]]],[[[140.0075,41.6903],[140.0075,41.6905],[140.0075,41.6904],[140.0075,41.6903]]],[[[140.0073,41.691],[140.0072,41.6907],[140.0072,41.6908],[140.0073,41.691]]],[[[140.0078,41.691],[140.0078,41.6909],[140.0078,41.691],[140.0078,41.691]]],[[[140.0075,41.6912],[140.0075,41.6914],[140.0076,41.6912],[140.0075,41.6912]]],[[[140.0079,41.6919],[140.0079,41.6918],[140.0078,41.6918],[140.0079,41.6919]]],[[[140.0071,41.692],[140.007,41.6918],[140.0069,41.6918],[140.0071,41.692]]],[[[140.0079,41.6837],[140.0081,41.6837],[140.0079,41.6837],[140.0079,41.6837]]],[[[140.0082,41.6916],[140.0081,41.6915],[140.0081,41.6916],[140.0082,41.6916]]],[[[140.0081,41.6919],[140.0082,41.6918],[140.0081,41.6918],[140.0081,41.6919]]],[[[140.0084,41.6928],[140.0084,41.6929],[140.0085,41.6928],[140.0084,41.6928]]],[[[140.009,41.6932],[140.0093,41.6934],[140.0093,41.6934],[140.009,41.6932]]],[[[140.01,41.6934],[140.01,41.6935],[140.0102,41.6935],[140.01,41.6934]]],[[[140.0092,41.6936],[140.0093,41.6937],[140.0093,41.6936],[140.0092,41.6936]]],[[[140.0098,41.6936],[140.0098,41.6937],[140.0099,41.6937],[140.0098,41.6936]]],[[[140.0097,41.6937],[140.0096,41.6936],[140.0096,41.6937],[140.0097,41.6937]]],[[[140.01,41.694],[140.0099,41.6938],[140.0098,41.6939],[140.01,41.694]]],[[[140.0105,41.6939],[140.0107,41.6939],[140.0106,41.6938],[140.0105,41.6939]]],[[[140.0105,41.6942],[140.0106,41.6941],[140.0105,41.6941],[140.0105,41.6942]]],[[[140.0103,41.6943],[140.0103,41.6942],[140.0102,41.6942],[140.0103,41.6943]]],[[[140.0099,41.6943],[140.01,41.6943],[140.01,41.6942],[140.0099,41.6943]]],[[[140.0111,41.6946],[140.0111,41.6946],[140.0111,41.6946],[140.0111,41.6946]]],[[[140.0106,41.6947],[140.0107,41.6947],[140.0107,41.6947],[140.0106,41.6947]]],[[[140.0109,41.6948],[140.0108,41.6948],[140.0109,41.6948],[140.0109,41.6948]]],[[[140.0106,41.6951],[140.0104,41.6952],[140.0106,41.6951],[140.0106,41.6951]]],[[[140.0116,41.6956],[140.0116,41.6958],[140.0117,41.6957],[140.0116,41.6956]]],[[[140.0116,41.696],[140.0117,41.696],[140.0117,41.696],[140.0116,41.696]]],[[[140.0113,41.6961],[140.0114,41.6961],[140.0114,41.6961],[140.0113,41.6961]]],[[[140.0119,41.6961],[140.012,41.6962],[140.012,41.6961],[140.0119,41.6961]]],[[[140.0116,41.6964],[140.0117,41.6964],[140.0116,41.6963],[140.0116,41.6964]]],[[[140.0123,41.6963],[140.0124,41.6965],[140.0125,41.6964],[140.0123,41.6963]]],[[[140.0115,41.6965],[140.0116,41.6966],[140.0116,41.6966],[140.0115,41.6965]]],[[[140.0119,41.6966],[140.012,41.6965],[140.0118,41.6966],[140.0119,41.6966]]],[[[140.0134,41.697],[140.0135,41.697],[140.0134,41.697],[140.0134,41.697]]],[[[140.0118,41.6974],[140.0117,41.6972],[140.0117,41.6974],[140.0118,41.6974]]],[[[140.0121,41.6974],[140.0121,41.6973],[140.0121,41.6974],[140.0121,41.6974]]],[[[140.0125,41.6975],[140.0126,41.6974],[140.0125,41.6974],[140.0125,41.6975]]],[[[140.0128,41.6975],[140.0129,41.6974],[140.0128,41.6974],[140.0128,41.6975]]],[[[140.0129,41.6976],[140.013,41.6976],[140.0129,41.6976],[140.0129,41.6976]]],[[[140.013,41.6978],[140.0128,41.6979],[140.013,41.6979],[140.013,41.6978]]],[[[140.0147,41.6984],[140.0147,41.6983],[140.0147,41.6983],[140.0147,41.6984]]],[[[140.0144,41.6986],[140.0145,41.6986],[140.0145,41.6985],[140.0144,41.6986]]],[[[140.0164,41.7001],[140.0164,41.7],[140.0163,41.7001],[140.0164,41.7001]]],[[[140.0166,41.7003],[140.0165,41.7002],[140.0165,41.7003],[140.0166,41.7003]]],[[[140.0161,41.7003],[140.016,41.7002],[140.016,41.7003],[140.0161,41.7003]]],[[[140.0168,41.7004],[140.0169,41.7004],[140.0168,41.7004],[140.0168,41.7004]]],[[[140.0163,41.7004],[140.0164,41.7004],[140.0164,41.7004],[140.0163,41.7004]]],[[[140.0179,41.7005],[140.0179,41.7004],[140.0179,41.7005],[140.0179,41.7005]]],[[[140.0182,41.7005],[140.0182,41.7005],[140.0182,41.7005],[140.0182,41.7005]]],[[[140.0174,41.7006],[140.0173,41.7004],[140.0172,41.7006],[140.0174,41.7006]]],[[[140.0168,41.7005],[140.0168,41.7006],[140.0168,41.7006],[140.0168,41.7005]]],[[[140.0182,41.7008],[140.0182,41.7008],[140.0182,41.7008],[140.0182,41.7008]]],[[[140.0181,41.703],[140.0181,41.7031],[140.0182,41.703],[140.0181,41.703]]],[[[140.0185,41.7031],[140.0184,41.703],[140.0184,41.7031],[140.0185,41.7031]]],[[[140.0186,41.7033],[140.0186,41.7034],[140.0187,41.7033],[140.0186,41.7033]]],[[[140.0187,41.7023],[140.0187,41.7024],[140.0187,41.7023],[140.0187,41.7023]]],[[[140.0188,41.7026],[140.0188,41.7025],[140.0188,41.7025],[140.0188,41.7026]]],[[[140.019,41.7027],[140.0191,41.7026],[140.019,41.7026],[140.019,41.7027]]],[[[140.0189,41.7032],[140.0189,41.7031],[140.0188,41.7032],[140.0189,41.7032]]],[[[140.019,41.7034],[140.019,41.7033],[140.0189,41.7033],[140.019,41.7034]]],[[[140.0188,41.7036],[140.0189,41.7036],[140.0189,41.7035],[140.0188,41.7036]]],[[[140.02,41.7036],[140.02,41.7037],[140.02,41.7037],[140.02,41.7036]]],[[[140.0197,41.7037],[140.0196,41.7036],[140.0196,41.7037],[140.0197,41.7037]]],[[[140.0204,41.7045],[140.0204,41.7046],[140.0205,41.7046],[140.0204,41.7045]]],[[[140.0198,41.7048],[140.0198,41.7047],[140.0197,41.7048],[140.0198,41.7048]]],[[[140.0205,41.7048],[140.0205,41.7047],[140.0205,41.7048],[140.0205,41.7048]]],[[[140.0201,41.705],[140.0201,41.7051],[140.0202,41.705],[140.0201,41.705]]],[[[140.0199,41.7052],[140.02,41.7052],[140.0199,41.7052],[140.0199,41.7052]]],[[[140.0205,41.7053],[140.0206,41.7052],[140.0205,41.7052],[140.0205,41.7053]]],[[[140.0199,41.7053],[140.0198,41.7054],[140.0199,41.7054],[140.0199,41.7053]]],[[[140.0204,41.7054],[140.0205,41.7055],[140.0206,41.7054],[140.0204,41.7054]]],[[[140.0208,41.7056],[140.0207,41.7056],[140.0208,41.7056],[140.0208,41.7056]]],[[[140.0205,41.7056],[140.0205,41.7057],[140.0205,41.7056],[140.0205,41.7056]]],[[[140.0209,41.7058],[140.021,41.7058],[140.0209,41.7058],[140.0209,41.7058]]],[[[140.0201,41.7058],[140.0202,41.7059],[140.0202,41.7058],[140.0201,41.7058]]],[[[140.0205,41.7058],[140.0204,41.7058],[140.0205,41.7059],[140.0205,41.7058]]],[[[140.0208,41.7059],[140.0208,41.7059],[140.0208,41.7059],[140.0208,41.7059]]],[[[140.0209,41.706],[140.021,41.706],[140.0209,41.706],[140.0209,41.706]]],[[[140.0256,41.7145],[140.0257,41.7146],[140.0257,41.7146],[140.0256,41.7145]]],[[[140.0269,41.7148],[140.0269,41.7147],[140.0268,41.7148],[140.0269,41.7148]]],[[[140.0261,41.715],[140.026,41.7149],[140.026,41.7149],[140.0261,41.715]]],[[[140.0269,41.7153],[140.0266,41.7151],[140.0265,41.7152],[140.0269,41.7153]]],[[[140.0282,41.716],[140.0283,41.7159],[140.0282,41.7159],[140.0282,41.716]]],[[[140.0317,41.718],[140.0315,41.718],[140.0316,41.7181],[140.0317,41.718]]],[[[140.0309,41.7182],[140.031,41.7182],[140.031,41.7181],[140.0309,41.7182]]],[[[140.0312,41.7185],[140.0312,41.7186],[140.0313,41.7185],[140.0312,41.7185]]],[[[140.0371,41.723],[140.0369,41.7229],[140.0369,41.723],[140.0371,41.723]]],[[[140.0394,41.7273],[140.0394,41.7274],[140.0395,41.7274],[140.0394,41.7273]]],[[[140.0412,41.7281],[140.0411,41.728],[140.0411,41.728],[140.0412,41.7281]]],[[[140.0459,41.7334],[140.046,41.7335],[140.046,41.7334],[140.0459,41.7334]]],[[[140.0451,41.7339],[140.045,41.7336],[140.0449,41.7337],[140.0451,41.7339]]],[[[140.0466,41.7337],[140.0467,41.7338],[140.0467,41.7338],[140.0466,41.7337]]],[[[140.0458,41.7338],[140.0458,41.7338],[140.0459,41.7338],[140.0458,41.7338]]],[[[140.0463,41.734],[140.0464,41.7339],[140.0463,41.7339],[140.0463,41.734]]],[[[140.0493,41.7394],[140.0493,41.7395],[140.0493,41.7395],[140.0493,41.7394]]],[[[140.05,41.7404],[140.05,41.7405],[140.051,41.741],[140.05,41.7404]]],[[[140.0495,41.7422],[140.0483,41.7409],[140.0482,41.7409],[140.0482,41.7411],[140.0495,41.7422]]],[[[140.0574,41.7481],[140.0572,41.7484],[140.0576,41.7481],[140.0574,41.7481]]],[[[140.0579,41.7486],[140.0578,41.7484],[140.0577,41.7484],[140.0579,41.7486]]],[[[140.0594,41.7504],[140.0595,41.7504],[140.0595,41.7504],[140.0594,41.7504]]],[[[140.0599,41.7521],[140.0598,41.752],[140.0598,41.752],[140.0599,41.7521]]],[[[140.0634,41.758],[140.0633,41.7581],[140.0634,41.7581],[140.0634,41.758]]],[[[140.0634,41.7591],[140.0634,41.759],[140.0634,41.7591],[140.0634,41.7591]]],[[[140.0327,41.6289],[139.992,41.6361],[139.9987,41.6417],[139.999,41.6457],[139.9966,41.6497],[140.0008,41.65],[140.0026,41.6519],[140.0011,41.6576],[140.0042,41.6609],[140.0044,41.6677],[140.0036,41.6708],[140.0087,41.6823],[140.0086,41.692],[140.0192,41.701],[140.0215,41.7066],[140.0245,41.7069],[140.0273,41.7147],[140.0358,41.7202],[140.0402,41.7247],[140.0493,41.7365],[140.0498,41.7387],[140.0493,41.7399],[140.0492,41.741],[140.05,41.7394],[140.0575,41.7454],[140.0704,41.7671],[140.0738,41.7867],[140.0733,41.7986],[140.07,41.801],[140.0702,41.8026],[140.0693,41.8032],[140.0714,41.8071],[140.1088,41.8049],[140.123,41.8253],[140.1373,41.8147],[140.2127,41.812],[140.2233,41.82],[140.2237,41.8339],[140.2073,41.846],[140.2111,41.857],[140.2675,41.841],[140.3246,41.8009],[140.3475,41.7996],[140.3581,41.7869],[140.3492,41.7754],[140.3499,41.7566],[140.3413,41.751],[140.3507,41.7411],[140.3422,41.7237],[140.3044,41.7164],[140.3029,41.6886],[140.2819,41.6708],[140.2817,41.6598],[140.214,41.6243],[140.2009,41.6268],[140.1942,41.6],[140.167,41.5784],[140.1503,41.5843],[140.1163,41.5758],[140.0996,41.5924],[140.0682,41.5899],[140.0327,41.6289]]],[[[140.0636,41.7584],[140.0635,41.7585],[140.0637,41.7585],[140.0636,41.7584]]],[[[140.0639,41.7586],[140.0637,41.7589],[140.0639,41.7587],[140.0639,41.7586]]],[[[140.0642,41.7589],[140.0642,41.7589],[140.0642,41.7589],[140.0642,41.7589]]],[[[140.0639,41.759],[140.064,41.7591],[140.064,41.759],[140.0639,41.759]]],[[[140.0648,41.7594],[140.0646,41.7593],[140.0647,41.7594],[140.0648,41.7594]]],[[[140.0645,41.7594],[140.0643,41.7594],[140.0644,41.7595],[140.0645,41.7594]]],[[[140.0641,41.7596],[140.064,41.7595],[140.064,41.7596],[140.0641,41.7596]]],[[[140.0651,41.76],[140.065,41.7599],[140.065,41.76],[140.0651,41.76]]],[[[140.0657,41.7614],[140.0656,41.7614],[140.0657,41.7614],[140.0657,41.7614]]],[[[140.0657,41.762],[140.0655,41.7619],[140.0655,41.7619],[140.0657,41.762]]],[[[140.0654,41.7627],[140.0649,41.7627],[140.065,41.7628],[140.0654,41.7627]]],[[[140.0689,41.8013],[140.0692,41.8012],[140.0689,41.8012],[140.0689,41.8013]]],[[[140.0688,41.8013],[140.0687,41.8014],[140.0688,41.8014],[140.0688,41.8013]]],[[[140.0689,41.8015],[140.0689,41.8016],[140.069,41.8015],[140.0689,41.8015]]],[[[140.0689,41.8017],[140.0691,41.8017],[140.0691,41.8016],[140.0689,41.8017]]],[[[140.069,41.8018],[140.0689,41.8019],[140.0691,41.8018],[140.069,41.8018]]],[[[140.0695,41.8021],[140.0696,41.802],[140.0695,41.802],[140.0695,41.8021]]],[[[140.069,41.8022],[140.0691,41.8021],[140.0689,41.8021],[140.069,41.8022]]],[[[140.0693,41.8022],[140.0694,41.8023],[140.0694,41.8023],[140.0693,41.8022]]],[[[140.0699,41.8026],[140.0698,41.8026],[140.07,41.8026],[140.0699,41.8026]]],[[[140.0691,41.8026],[140.0693,41.8026],[140.0693,41.8025],[140.0691,41.8026]]],[[[140.0708,41.8067],[140.071,41.8075],[140.0709,41.8067],[140.0708,41.8067]]],[[[140.075,41.8078],[140.075,41.8077],[140.0749,41.8077],[140.075,41.8078]]],[[[140.0752,41.8079],[140.0752,41.808],[140.0752,41.808],[140.0752,41.8079]]],[[[140.0757,41.8081],[140.0756,41.8081],[140.0757,41.8081],[140.0757,41.8081]]],[[[140.0761,41.8084],[140.076,41.8085],[140.0761,41.8085],[140.0761,41.8084]]],[[[140.0776,41.8086],[140.0775,41.8086],[140.0775,41.8087],[140.0776,41.8086]]],[[[140.0781,41.8087],[140.0781,41.8086],[140.078,41.8086],[140.0781,41.8087]]],[[[140.0906,41.8087],[140.0905,41.8088],[140.0906,41.8088],[140.0906,41.8087]]],[[[140.0785,41.809],[140.0784,41.8089],[140.0784,41.8089],[140.0785,41.809]]],[[[140.0822,41.8089],[140.082,41.8089],[140.0822,41.809],[140.0822,41.8089]]],[[[140.078,41.8089],[140.0781,41.809],[140.0781,41.8089],[140.078,41.8089]]],[[[140.0811,41.8089],[140.0813,41.809],[140.0813,41.8089],[140.0811,41.8089]]],[[[140.0827,41.8091],[140.0826,41.809],[140.0826,41.8091],[140.0827,41.8091]]],[[[140.0853,41.8091],[140.0852,41.8091],[140.0853,41.8091],[140.0853,41.8091]]],[[[140.0818,41.8091],[140.0817,41.8092],[140.0819,41.8091],[140.0818,41.8091]]],[[[140.0947,41.8092],[140.0945,41.8093],[140.0946,41.8093],[140.0947,41.8092]]],[[[140.0849,41.8092],[140.085,41.8093],[140.085,41.8093],[140.0849,41.8092]]],[[[140.0828,41.8094],[140.0827,41.8093],[140.0826,41.8094],[140.0828,41.8094]]],[[[140.0942,41.8094],[140.0943,41.8093],[140.0942,41.8093],[140.0942,41.8094]]],[[[140.0923,41.8095],[140.0926,41.8096],[140.0926,41.8094],[140.0923,41.8095]]],[[[140.0945,41.8097],[140.0944,41.8096],[140.0944,41.8097],[140.0945,41.8097]]],[[[140.085,41.8096],[140.0851,41.8097],[140.0851,41.8097],[140.085,41.8096]]],[[[140.0838,41.8097],[140.0839,41.8096],[140.0838,41.8097],[140.0838,41.8097]]],[[[140.0907,41.8097],[140.0906,41.8099],[140.0908,41.8098],[140.0907,41.8097]]],[[[140.0872,41.8104],[140.0872,41.8105],[140.0888,41.8105],[140.0872,41.8104]]]]}},{"type":"Feature","properties":{"id":"01363","name":"厚沢部町","pref":"北海道"},"geometry":{"type":"Polygon","coordinates":[[[140.3578,41.7872],[140.3475,41.7996],[140.3246,41.8009],[140.2675,41.841],[140.2111,41.857],[140.2091,41.8668],[140.222,41.8709],[140.2302,41.8887],[140.1514,41.9075],[140.1515,41.9239],[140.2156,41.9267],[140.2231,41.9392],[140.2363,41.9407],[140.2461,41.9554],[140.2421,41.96],[140.2713,41.9903],[140.2624,42.0223],[140.2876,42.0511],[140.3118,42.0529],[140.3212,42.0418],[140.3391,42.0447],[140.3493,42.0354],[140.3756,42.0443],[140.3914,42.0283],[140.4248,42.0252],[140.4534,42.0123],[140.4709,41.9938],[140.4641,41.982],[140.4707,41.9533],[140.443,41.9363],[140.4533,41.9323],[140.4531,41.9167],[140.4736,41.9009],[140.4608,41.8638],[140.4471,41.8614],[140.4603,41.8446],[140.4277,41.8313],[140.4305,41.808],[140.4099,41.8137],[140.3987,41.8053],[140.3887,41.8089],[140.3578,41.7872]]]}},{"type":"Feature","properties":{"id":"01364","name":"乙部町","pref":"北海道"},"geometry":{"type":"MultiPolygon","coordinates":[[[[140.0981,42.0194],[140.0978,42.0196],[140.098,42.0197],[140.0981,42.0194]]],[[[140.0993,42.0208],[140.0992,42.021],[140.0994,42.0209],[140.0993,42.0208]]],[[[140.0935,42.0286],[140.0938,42.0287],[140.0937,42.0286],[140.0935,42.0286]]],[[[140.0941,42.029],[140.0943,42.0289],[140.0941,42.0289],[140.0941,42.029]]],[[[140.0941,42.0295],[140.0942,42.0293],[140.0941,42.0293],[140.0941,42.0295]]],[[[140.0808,42.0425],[140.081,42.0424],[140.0808,42.0424],[140.0808,42.0425]]],[[[140.0816,42.0427],[140.0814,42.0424],[140.0811,42.0425],[140.0816,42.0427]]],[[[140.0823,42.0428],[140.0824,42.0431],[140.0826,42.043],[140.0823,42.0428]]],[[[140.083,42.0434],[140.0833,42.0432],[140.0829,42.0432],[140.083,42.0434]]],[[[140.0747,42.0492],[140.0748,42.0498],[140.075,42.0495],[140.0747,42.0492]]],[[[140.0745,42.0496],[140.0738,42.0493],[140.0745,42.0497],[140.0745,42.0496]]],[[[140.0764,42.05],[140.0763,42.05],[140.0763,42.0501],[140.0764,42.05]]],[[[140.0765,42.0511],[140.0766,42.051],[140.0765,42.051],[140.0765,42.0511]]],[[[140.0749,42.0516],[140.0751,42.0516],[140.075,42.0515],[140.0749,42.0516]]],[[[140.0756,42.0518],[140.0758,42.0518],[140.0758,42.0518],[140.0756,42.0518]]],[[[140.0738,42.0526],[140.0737,42.0529],[140.0738,42.0528],[140.0738,42.0526]]],[[[140.0742,42.0526],[140.074,42.0529],[140.0742,42.0529],[140.0742,42.0526]]],[[[140.0732,42.0536],[140.0733,42.0534],[140.0732,42.0534],[140.0732,42.0536]]],[[[140.0717,42.0552],[140.0717,42.055],[140.0716,42.055],[140.0717,42.0552]]],[[[140.0714,42.0553],[140.0715,42.0551],[140.0713,42.0551],[140.0714,42.0553]]],[[[140.1286,41.9577],[140.1286,41.9575],[140.1285,41.9576],[140.1286,41.9577]]],[[[140.1267,41.9579],[140.1269,41.9581],[140.127,41.958],[140.1267,41.9579]]],[[[140.1258,41.959],[140.1257,41.9591],[140.1258,41.9591],[140.1258,41.959]]],[[[140.1258,41.9594],[140.1259,41.9593],[140.1259,41.9593],[140.1258,41.9594]]],[[[140.125,41.9611],[140.1252,41.961],[140.125,41.961],[140.125,41.9611]]],[[[140.1227,41.9621],[140.1227,41.9623],[140.1229,41.9622],[140.1227,41.9621]]],[[[140.1231,41.9623],[140.1232,41.9626],[140.1233,41.9625],[140.1231,41.9623]]],[[[140.1246,41.9636],[140.1244,41.9636],[140.1245,41.9637],[140.1246,41.9636]]],[[[140.1242,41.9651],[140.124,41.965],[140.1241,41.9651],[140.1242,41.9651]]],[[[140.1222,41.9652],[140.1223,41.9654],[140.1225,41.9653],[140.1222,41.9652]]],[[[140.1235,41.9658],[140.1237,41.966],[140.1237,41.9659],[140.1235,41.9658]]],[[[140.1256,41.9668],[140.1254,41.9669],[140.1256,41.9669],[140.1256,41.9668]]],[[[140.1259,41.9674],[140.1258,41.9673],[140.1257,41.9674],[140.1259,41.9674]]],[[[140.1281,41.9678],[140.128,41.968],[140.1282,41.968],[140.1281,41.9678]]],[[[140.1284,41.9682],[140.1285,41.9684],[140.1285,41.9684],[140.1284,41.9682]]],[[[140.1264,41.9696],[140.1263,41.9682],[140.1263,41.9696],[140.1264,41.9696]]],[[[140.124,41.9709],[140.1239,41.9693],[140.1239,41.9709],[140.124,41.9709]]],[[[140.1021,42.0073],[140.1024,42.0067],[140.102,42.0068],[140.1021,42.0073]]],[[[140.1021,42.0107],[140.102,42.0114],[140.1021,42.0114],[140.1021,42.0107]]],[[[140.1242,41.9922],[140.1192,42.004],[140.1022,42.0076],[140.1059,42.0133],[140.0994,42.0286],[140.0827,42.0365],[140.0862,42.0425],[140.0704,42.06],[140.1038,42.073],[140.1494,42.0741],[140.1546,42.0642],[140.191,42.0672],[140.1986,42.0873],[140.2216,42.0942],[140.2287,42.0851],[140.2207,42.0781],[140.28,42.0485],[140.2624,42.0223],[140.2714,41.9908],[140.2637,41.9874],[140.2647,41.9786],[140.2319,41.9655],[140.1861,41.9563],[140.1495,41.9627],[140.1326,41.9526],[140.1242,41.9922]]]]}},{"type":"Feature","properties":{"id":"01367","name":"奥尻町","pref":"北海道"},"geometry":{"type":"MultiPolygon","coordinates":[[[[139.4063,42.0704],[139.406,42.0702],[139.406,42.0705],[139.4063,42.0704]]],[[[139.4096,42.1573],[139.4096,42.1574],[139.4096,42.1574],[139.4096,42.1573]]],[[[139.4076,42.1592],[139.4077,42.1591],[139.4076,42.1592],[139.4076,42.1592]]],[[[139.4067,42.1594],[139.4068,42.1595],[139.4068,42.1594],[139.4067,42.1594]]],[[[139.4066,42.1596],[139.4066,42.1597],[139.4067,42.1596],[139.4066,42.1596]]],[[[139.4064,42.1598],[139.4065,42.1597],[139.4064,42.1597],[139.4064,42.1598]]],[[[139.4063,42.1618],[139.4064,42.1619],[139.4064,42.1618],[139.4063,42.1618]]],[[[139.4064,42.1636],[139.4063,42.1635],[139.4063,42.1635],[139.4064,42.1636]]],[[[139.4057,42.1637],[139.4056,42.1637],[139.4057,42.1638],[139.4057,42.1637]]],[[[139.4048,42.1641],[139.4048,42.1641],[139.4048,42.1641],[139.4048,42.1641]]],[[[139.4051,42.1643],[139.405,42.1643],[139.405,42.1643],[139.4051,42.1643]]],[[[139.4048,42.1646],[139.4047,42.1647],[139.4049,42.1646],[139.4048,42.1646]]],[[[139.4045,42.1648],[139.4044,42.1649],[139.4046,42.1648],[139.4045,42.1648]]],[[[139.4041,42.1649],[139.4042,42.165],[139.4042,42.1649],[139.4041,42.1649]]],[[[139.4055,42.1652],[139.4055,42.1651],[139.4054,42.1652],[139.4055,42.1652]]],[[[139.4065,42.166],[139.4066,42.1659],[139.4065,42.1659],[139.4065,42.166]]],[[[139.4093,42.1679],[139.4094,42.1679],[139.4093,42.1679],[139.4093,42.1679]]],[[[139.4095,42.168],[139.4095,42.1679],[139.4094,42.168],[139.4095,42.168]]],[[[139.4093,42.1681],[139.4094,42.168],[139.4093,42.168],[139.4093,42.1681]]],[[[139.4096,42.1681],[139.4095,42.1681],[139.4094,42.1681],[139.4096,42.1681]]],[[[139.4082,42.1692],[139.4093,42.1686],[139.4093,42.1685],[139.4086,42.1688],[139.4082,42.1692]]],[[[139.4078,42.1708],[139.4073,42.1695],[139.4071,42.1695],[139.4078,42.1708]]],[[[139.4088,42.1709],[139.4088,42.171],[139.4089,42.1709],[139.4088,42.1709]]],[[[139.4079,42.1712],[139.4084,42.1711],[139.4077,42.1711],[139.4079,42.1712]]],[[[139.4088,42.1713],[139.4087,42.1712],[139.4087,42.1713],[139.4088,42.1713]]],[[[139.4078,42.1715],[139.4077,42.1713],[139.4076,42.1714],[139.4078,42.1715]]],[[[139.4075,42.1716],[139.4073,42.1716],[139.4073,42.1717],[139.4075,42.1716]]],[[[139.4085,42.1719],[139.4082,42.1718],[139.4082,42.172],[139.4085,42.1719]]],[[[139.4079,42.1721],[139.408,42.172],[139.4079,42.1721],[139.4079,42.1721]]],[[[139.4088,42.1731],[139.4084,42.173],[139.4083,42.1733],[139.4088,42.1731]]],[[[139.407,42.1731],[139.4074,42.173],[139.4069,42.1731],[139.407,42.1731]]],[[[139.409,42.1731],[139.4095,42.1731],[139.4096,42.1729],[139.409,42.1731]]],[[[139.4078,42.1731],[139.4079,42.1732],[139.4079,42.1731],[139.4078,42.1731]]],[[[139.4073,42.1732],[139.4074,42.1732],[139.4074,42.1732],[139.4073,42.1732]]],[[[139.4095,42.1736],[139.4094,42.1737],[139.4095,42.1736],[139.4095,42.1736]]],[[[139.4057,42.1743],[139.406,42.1742],[139.4055,42.1742],[139.4057,42.1743]]],[[[139.4089,42.1745],[139.4093,42.1742],[139.4088,42.1744],[139.4089,42.1745]]],[[[139.4055,42.1746],[139.4061,42.1748],[139.4063,42.1747],[139.4055,42.1746]]],[[[139.4076,42.1749],[139.4079,42.1748],[139.4078,42.1747],[139.4076,42.1749]]],[[[139.4037,42.1759],[139.4037,42.1758],[139.4036,42.1759],[139.4037,42.1759]]],[[[139.405,42.1752],[139.4042,42.1767],[139.4051,42.1762],[139.4067,42.1765],[139.405,42.1752]]],[[[139.4052,42.1764],[139.4051,42.1766],[139.4053,42.1764],[139.4052,42.1764]]],[[[139.4047,42.1766],[139.4048,42.1767],[139.4049,42.1765],[139.4047,42.1766]]],[[[139.4037,42.1766],[139.4038,42.1766],[139.4038,42.1765],[139.4037,42.1766]]],[[[139.4057,42.1767],[139.4058,42.1766],[139.4058,42.1766],[139.4057,42.1767]]],[[[139.4052,42.1767],[139.4052,42.1766],[139.4051,42.1767],[139.4052,42.1767]]],[[[139.4055,42.1767],[139.4055,42.1767],[139.4056,42.1767],[139.4055,42.1767]]],[[[139.4038,42.1772],[139.4042,42.1769],[139.4039,42.1768],[139.4038,42.1772]]],[[[139.4057,42.1773],[139.4055,42.1769],[139.4053,42.1772],[139.4057,42.1773]]],[[[139.4035,42.177],[139.4037,42.1772],[139.4038,42.1771],[139.4035,42.177]]],[[[139.404,42.1774],[139.4034,42.1776],[139.403,42.1779],[139.404,42.1774]]],[[[139.4074,42.1778],[139.4072,42.1779],[139.4071,42.1779],[139.4074,42.1778]]],[[[139.4019,42.1781],[139.4021,42.1781],[139.402,42.1781],[139.4019,42.1781]]],[[[139.4061,42.1788],[139.4062,42.1789],[139.4062,42.1787],[139.4061,42.1788]]],[[[139.4086,42.1792],[139.4087,42.1793],[139.4087,42.1792],[139.4086,42.1792]]],[[[139.4079,42.1793],[139.4077,42.1793],[139.4078,42.1794],[139.4079,42.1793]]],[[[139.4084,42.1793],[139.4084,42.1795],[139.4084,42.1793],[139.4084,42.1793]]],[[[139.4086,42.1796],[139.4086,42.1795],[139.4086,42.1795],[139.4086,42.1796]]],[[[139.409,42.1796],[139.4089,42.1796],[139.4089,42.1796],[139.409,42.1796]]],[[[139.4083,42.1797],[139.4084,42.1796],[139.4082,42.1796],[139.4083,42.1797]]],[[[139.4086,42.1797],[139.4085,42.1797],[139.4085,42.1797],[139.4086,42.1797]]],[[[139.4087,42.1798],[139.4087,42.1796],[139.4086,42.1797],[139.4087,42.1798]]],[[[139.4093,42.1798],[139.4092,42.1797],[139.4092,42.1798],[139.4093,42.1798]]],[[[139.4089,42.18],[139.4089,42.1799],[139.4088,42.18],[139.4089,42.18]]],[[[139.4093,42.1801],[139.4091,42.1799],[139.409,42.1801],[139.4093,42.1801]]],[[[139.4088,42.1802],[139.4088,42.1801],[139.4087,42.1802],[139.4088,42.1802]]],[[[139.4086,42.1801],[139.4086,42.1803],[139.4087,42.1802],[139.4086,42.1801]]],[[[139.4096,42.1804],[139.4096,42.18],[139.4094,42.1804],[139.4096,42.1804]]],[[[139.4091,42.1802],[139.4091,42.1804],[139.4092,42.1802],[139.4091,42.1802]]],[[[139.4088,42.1804],[139.4087,42.1804],[139.4088,42.1804],[139.4088,42.1804]]],[[[139.4096,42.1805],[139.4096,42.1805],[139.4096,42.1805],[139.4096,42.1805]]],[[[139.409,42.1805],[139.4089,42.1806],[139.409,42.1805],[139.409,42.1805]]],[[[139.4091,42.1807],[139.4091,42.1808],[139.4092,42.1807],[139.4091,42.1807]]],[[[139.4097,42.1807],[139.4096,42.181],[139.4098,42.1807],[139.4097,42.1807]]],[[[139.4095,42.1809],[139.4095,42.1809],[139.4095,42.1809],[139.4095,42.1809]]],[[[139.409,42.1812],[139.4089,42.1811],[139.4089,42.1811],[139.409,42.1812]]],[[[139.4097,42.1814],[139.4096,42.1813],[139.4096,42.1814],[139.4097,42.1814]]],[[[139.4096,42.1818],[139.4096,42.1817],[139.4095,42.1818],[139.4096,42.1818]]],[[[139.4093,42.183],[139.4092,42.1827],[139.409,42.1828],[139.4093,42.183]]],[[[139.4095,42.1835],[139.4094,42.1834],[139.4094,42.1835],[139.4095,42.1835]]],[[[139.4096,42.1836],[139.4095,42.1835],[139.4095,42.1836],[139.4096,42.1836]]],[[[139.4092,42.1841],[139.4093,42.184],[139.4092,42.184],[139.4092,42.1841]]],[[[139.4095,42.1865],[139.4094,42.1862],[139.4093,42.1865],[139.4095,42.1865]]],[[[139.414,42.0683],[139.414,42.0682],[139.4139,42.0682],[139.414,42.0683]]],[[[139.4135,42.11],[139.4135,42.1099],[139.4135,42.11],[139.4135,42.11]]],[[[139.4132,42.1102],[139.4131,42.1101],[139.4131,42.1102],[139.4132,42.1102]]],[[[139.4128,42.1108],[139.4114,42.1114],[139.4129,42.1112],[139.4128,42.1108]]],[[[139.4133,42.1111],[139.4134,42.111],[139.4133,42.111],[139.4133,42.1111]]],[[[139.414,42.1112],[139.4141,42.1111],[139.414,42.1112],[139.414,42.1112]]],[[[139.4132,42.1114],[139.4133,42.1113],[139.4132,42.1113],[139.4132,42.1114]]],[[[139.4137,42.1113],[139.4138,42.1114],[139.4138,42.1113],[139.4137,42.1113]]],[[[139.4133,42.1116],[139.4134,42.1115],[139.4133,42.1115],[139.4133,42.1116]]],[[[139.4118,42.1131],[139.4119,42.113],[139.4118,42.1131],[139.4118,42.1131]]],[[[139.4122,42.114],[139.4107,42.1135],[139.4104,42.1139],[139.4122,42.114]]],[[[139.412,42.149],[139.4119,42.1491],[139.4121,42.149],[139.412,42.149]]],[[[139.4125,42.1492],[139.4126,42.1492],[139.4126,42.1492],[139.4125,42.1492]]],[[[139.4138,42.1488],[139.4127,42.1494],[139.4135,42.1498],[139.4138,42.1488]]],[[[139.4124,42.1495],[139.4123,42.1497],[139.4127,42.1497],[139.4124,42.1495]]],[[[139.4117,42.1503],[139.4124,42.1501],[139.4115,42.15],[139.4117,42.1503]]],[[[139.4111,42.1502],[139.4112,42.1501],[139.4111,42.1501],[139.4111,42.1502]]],[[[139.4108,42.1514],[139.4109,42.1517],[139.4112,42.1517],[139.4108,42.1514]]],[[[139.4105,42.1519],[139.4104,42.1517],[139.4103,42.1517],[139.4105,42.1519]]],[[[139.4114,42.152],[139.4119,42.1518],[139.4113,42.1519],[139.4114,42.152]]],[[[139.4101,42.1521],[139.41,42.152],[139.41,42.1521],[139.4101,42.1521]]],[[[139.412,42.1521],[139.4118,42.1521],[139.412,42.1521],[139.412,42.1521]]],[[[139.4115,42.1522],[139.4114,42.1523],[139.4115,42.1523],[139.4115,42.1522]]],[[[139.4109,42.1527],[139.4106,42.1526],[139.4105,42.1527],[139.4109,42.1527]]],[[[139.4112,42.1527],[139.4112,42.1527],[139.4111,42.1527],[139.4112,42.1527]]],[[[139.4098,42.1527],[139.4099,42.1528],[139.4099,42.1527],[139.4098,42.1527]]],[[[139.4103,42.1529],[139.4104,42.1529],[139.4102,42.1529],[139.4103,42.1529]]],[[[139.4099,42.1531],[139.4101,42.1532],[139.4101,42.153],[139.4099,42.1531]]],[[[139.4106,42.1531],[139.4107,42.1532],[139.4107,42.1532],[139.4106,42.1531]]],[[[139.4097,42.1535],[139.4098,42.1536],[139.4098,42.1535],[139.4097,42.1535]]],[[[139.4119,42.154],[139.4118,42.154],[139.4118,42.154],[139.4119,42.154]]],[[[139.4125,42.1545],[139.4125,42.1546],[139.4126,42.1546],[139.4125,42.1545]]],[[[139.4115,42.1566],[139.4115,42.1565],[139.4114,42.1566],[139.4115,42.1566]]],[[[139.4112,42.1569],[139.4111,42.1568],[139.4111,42.1569],[139.4112,42.1569]]],[[[139.4105,42.1569],[139.4106,42.1569],[139.4106,42.1569],[139.4105,42.1569]]],[[[139.411,42.1571],[139.411,42.1572],[139.4111,42.1571],[139.411,42.1571]]],[[[139.4108,42.1572],[139.4108,42.1572],[139.4108,42.1572],[139.4108,42.1572]]],[[[139.4098,42.1573],[139.4097,42.1573],[139.4097,42.1573],[139.4098,42.1573]]],[[[139.4099,42.1574],[139.4099,42.1573],[139.4098,42.1573],[139.4099,42.1574]]],[[[139.4104,42.1684],[139.4103,42.1685],[139.4104,42.1685],[139.4104,42.1684]]],[[[139.4097,42.1805],[139.4098,42.1804],[139.4098,42.1804],[139.4097,42.1805]]],[[[139.4098,42.1812],[139.4098,42.1812],[139.4098,42.1812],[139.4098,42.1812]]],[[[139.4098,42.1819],[139.4096,42.182],[139.4096,42.1821],[139.4098,42.1819]]],[[[139.411,42.1832],[139.4109,42.1832],[139.411,42.1832],[139.411,42.1832]]],[[[139.4107,42.1837],[139.4107,42.1836],[139.4107,42.1837],[139.4107,42.1837]]],[[[139.4108,42.1837],[139.4109,42.1837],[139.4109,42.1837],[139.4108,42.1837]]],[[[139.4111,42.1837],[139.4112,42.1839],[139.4113,42.1837],[139.4111,42.1837]]],[[[139.4117,42.1839],[139.4117,42.1838],[139.4116,42.1838],[139.4117,42.1839]]],[[[139.4123,42.184],[139.4122,42.1841],[139.4123,42.184],[139.4123,42.184]]],[[[139.4118,42.1841],[139.4118,42.184],[139.4117,42.184],[139.4118,42.1841]]],[[[139.4114,42.1841],[139.4116,42.1841],[139.4116,42.184],[139.4114,42.1841]]],[[[139.4119,42.1841],[139.412,42.1841],[139.4119,42.1841],[139.4119,42.1841]]],[[[139.4126,42.1842],[139.4126,42.1841],[139.4125,42.1842],[139.4126,42.1842]]],[[[139.4112,42.1842],[139.4111,42.1842],[139.4112,42.1842],[139.4112,42.1842]]],[[[139.4118,42.1843],[139.4118,42.1844],[139.4119,42.1843],[139.4118,42.1843]]],[[[139.4115,42.1844],[139.4115,42.1844],[139.4116,42.1844],[139.4115,42.1844]]],[[[139.4113,42.1844],[139.4113,42.1844],[139.4114,42.1844],[139.4113,42.1844]]],[[[139.4112,42.1844],[139.4112,42.1844],[139.4112,42.1844],[139.4112,42.1844]]],[[[139.4129,42.1846],[139.413,42.1845],[139.4129,42.1846],[139.4129,42.1846]]],[[[139.4128,42.1848],[139.4128,42.1847],[139.4127,42.1847],[139.4128,42.1848]]],[[[139.4108,42.1849],[139.4108,42.1848],[139.4107,42.1849],[139.4108,42.1849]]],[[[139.4137,42.1853],[139.4137,42.185],[139.4135,42.1852],[139.4137,42.1853]]],[[[139.4134,42.1852],[139.4132,42.185],[139.4131,42.1853],[139.4134,42.1852]]],[[[139.4141,42.1854],[139.4141,42.1853],[139.4141,42.1854],[139.4141,42.1854]]],[[[139.4136,42.1854],[139.4136,42.1854],[139.4136,42.1854],[139.4136,42.1854]]],[[[139.414,42.1855],[139.4141,42.1854],[139.4139,42.1855],[139.414,42.1855]]],[[[139.4129,42.1855],[139.413,42.1854],[139.413,42.1854],[139.4129,42.1855]]],[[[139.4133,42.1855],[139.4134,42.1855],[139.4134,42.1855],[139.4133,42.1855]]],[[[139.4133,42.1857],[139.4132,42.1856],[139.4132,42.1856],[139.4133,42.1857]]],[[[139.4112,42.1858],[139.411,42.1858],[139.411,42.1859],[139.4112,42.1858]]],[[[139.4109,42.186],[139.4111,42.1861],[139.4109,42.186],[139.4109,42.186]]],[[[139.4136,42.1861],[139.4135,42.1862],[139.4136,42.1861],[139.4136,42.1861]]],[[[139.4137,42.1862],[139.4139,42.1862],[139.4139,42.1861],[139.4137,42.1862]]],[[[139.4134,42.1863],[139.4134,42.1863],[139.4134,42.1863],[139.4134,42.1863]]],[[[139.414,42.1864],[139.4141,42.1864],[139.4141,42.1863],[139.414,42.1864]]],[[[139.4139,42.1865],[139.414,42.1866],[139.414,42.1865],[139.4139,42.1865]]],[[[139.4138,42.1867],[139.4138,42.1867],[139.4138,42.1867],[139.4138,42.1867]]],[[[139.414,42.1867],[139.4141,42.1867],[139.4141,42.1866],[139.414,42.1867]]],[[[139.414,42.1869],[139.4141,42.1868],[139.4139,42.1868],[139.414,42.1869]]],[[[139.4138,42.1868],[139.4138,42.187],[139.414,42.187],[139.4138,42.1868]]],[[[139.4137,42.1871],[139.4135,42.1869],[139.4133,42.187],[139.4137,42.1871]]],[[[139.4133,42.1873],[139.4135,42.1872],[139.4132,42.1872],[139.4133,42.1873]]],[[[139.4138,42.1893],[139.4139,42.1893],[139.4139,42.1892],[139.4138,42.1893]]],[[[139.4167,42.0661],[139.4167,42.0662],[139.4167,42.0662],[139.4167,42.0661]]],[[[139.4159,42.0665],[139.4159,42.0665],[139.4158,42.0665],[139.4159,42.0665]]],[[[139.4166,42.0667],[139.4169,42.0664],[139.4166,42.0664],[139.4166,42.0667]]],[[[139.417,42.0673],[139.4171,42.0673],[139.417,42.0672],[139.417,42.0673]]],[[[139.4154,42.0675],[139.4154,42.0677],[139.4155,42.0676],[139.4154,42.0675]]],[[[139.4166,42.068],[139.4166,42.0675],[139.4162,42.0675],[139.4166,42.068]]],[[[139.415,42.0679],[139.4148,42.0676],[139.4148,42.0678],[139.415,42.0679]]],[[[139.416,42.0678],[139.4159,42.0686],[139.4165,42.068],[139.416,42.0678]]],[[[139.4143,42.0683],[139.4144,42.0682],[139.4144,42.0682],[139.4143,42.0683]]],[[[139.4146,42.0684],[139.4146,42.0683],[139.4145,42.0683],[139.4146,42.0684]]],[[[139.4149,42.0685],[139.4149,42.0684],[139.4149,42.0684],[139.4149,42.0685]]],[[[139.4167,42.0689],[139.4163,42.0687],[139.4164,42.0691],[139.4167,42.0689]]],[[[139.4167,42.0693],[139.4166,42.0694],[139.4167,42.0694],[139.4167,42.0693]]],[[[139.4162,42.0736],[139.4161,42.0734],[139.416,42.0736],[139.4162,42.0736]]],[[[139.4155,42.0733],[139.4155,42.0738],[139.4158,42.0734],[139.4155,42.0733]]],[[[139.4163,42.0737],[139.4159,42.0739],[139.4159,42.0742],[139.4163,42.0737]]],[[[139.4153,42.0742],[139.4146,42.0737],[139.4144,42.0741],[139.4153,42.0742]]],[[[139.4165,42.0875],[139.4167,42.0876],[139.4168,42.0875],[139.4165,42.0875]]],[[[139.4143,42.111],[139.4143,42.1109],[139.4142,42.1109],[139.4143,42.111]]],[[[139.4158,42.1115],[139.4159,42.1114],[139.4157,42.1114],[139.4158,42.1115]]],[[[139.4172,42.115],[139.417,42.1151],[139.4172,42.1151],[139.4172,42.115]]],[[[139.415,42.146],[139.4151,42.1459],[139.415,42.146],[139.415,42.146]]],[[[139.4151,42.1461],[139.4152,42.1461],[139.4152,42.1461],[139.4151,42.1461]]],[[[139.4152,42.1462],[139.4152,42.1462],[139.4153,42.1462],[139.4152,42.1462]]],[[[139.4149,42.1463],[139.4149,42.1462],[139.4148,42.1463],[139.4149,42.1463]]],[[[139.4153,42.1466],[139.4149,42.1464],[139.4149,42.1464],[139.4153,42.1466]]],[[[139.4148,42.1471],[139.4147,42.1471],[139.4148,42.1471],[139.4148,42.1471]]],[[[139.4143,42.1471],[139.4144,42.1472],[139.4144,42.1472],[139.4143,42.1471]]],[[[139.4149,42.1471],[139.415,42.1472],[139.4151,42.1472],[139.4149,42.1471]]],[[[139.4141,42.1472],[139.4141,42.1471],[139.414,42.1472],[139.4141,42.1472]]],[[[139.415,42.1475],[139.4148,42.1476],[139.4151,42.1475],[139.415,42.1475]]],[[[139.4146,42.1476],[139.4146,42.1477],[139.4147,42.1476],[139.4146,42.1476]]],[[[139.4145,42.1478],[139.4144,42.1479],[139.4146,42.1478],[139.4145,42.1478]]],[[[139.4144,42.1857],[139.4143,42.1856],[139.4143,42.1857],[139.4144,42.1857]]],[[[139.4142,42.1859],[139.4141,42.186],[139.4142,42.186],[139.4142,42.1859]]],[[[139.4141,42.1862],[139.4141,42.1861],[139.414,42.1862],[139.4141,42.1862]]],[[[139.4143,42.1862],[139.4144,42.1862],[139.4144,42.1861],[139.4143,42.1862]]],[[[139.4142,42.1862],[139.4141,42.1863],[139.4142,42.1863],[139.4142,42.1862]]],[[[139.4145,42.1863],[139.4146,42.1864],[139.4146,42.1863],[139.4145,42.1863]]],[[[139.4149,42.1865],[139.4149,42.1866],[139.4149,42.1865],[139.4149,42.1865]]],[[[139.4152,42.1865],[139.4151,42.1866],[139.4152,42.1866],[139.4152,42.1865]]],[[[139.4144,42.1866],[139.4145,42.1865],[139.4144,42.1866],[139.4144,42.1866]]],[[[139.4147,42.1866],[139.4146,42.1866],[139.4147,42.1866],[139.4147,42.1866]]],[[[139.415,42.1867],[139.415,42.1866],[139.415,42.1866],[139.415,42.1867]]],[[[139.4143,42.1867],[139.4143,42.1866],[139.4142,42.1866],[139.4143,42.1867]]],[[[139.4154,42.1867],[139.4153,42.1868],[139.4154,42.1868],[139.4154,42.1867]]],[[[139.4149,42.1867],[139.4148,42.1867],[139.4149,42.1867],[139.4149,42.1867]]],[[[139.4151,42.1868],[139.4151,42.1867],[139.415,42.1867],[139.4151,42.1868]]],[[[139.4144,42.1869],[139.4144,42.1867],[139.4143,42.1868],[139.4144,42.1869]]],[[[139.4147,42.1869],[139.4147,42.1869],[139.4147,42.1868],[139.4147,42.1869]]],[[[139.4151,42.1869],[139.4152,42.1871],[139.4153,42.1869],[139.4151,42.1869]]],[[[139.4155,42.1872],[139.4155,42.1869],[139.4154,42.1871],[139.4155,42.1872]]],[[[139.4148,42.187],[139.4148,42.1871],[139.4149,42.1871],[139.4148,42.187]]],[[[139.4152,42.1873],[139.4152,42.1873],[139.4152,42.1873],[139.4152,42.1873]]],[[[139.4159,42.1873],[139.4159,42.1874],[139.4159,42.1873],[139.4159,42.1873]]],[[[139.4148,42.1874],[139.4149,42.1874],[139.4148,42.1874],[139.4148,42.1874]]],[[[139.4156,42.1875],[139.4157,42.1874],[139.4156,42.1875],[139.4156,42.1875]]],[[[139.4161,42.1875],[139.416,42.1875],[139.416,42.1875],[139.4161,42.1875]]],[[[139.4156,42.1877],[139.4158,42.1878],[139.4159,42.1877],[139.4156,42.1877]]],[[[139.4155,42.1877],[139.4154,42.1878],[139.4155,42.1878],[139.4155,42.1877]]],[[[139.4152,42.1878],[139.415,42.1879],[139.4153,42.1878],[139.4152,42.1878]]],[[[139.4156,42.1879],[139.4156,42.1879],[139.4157,42.1879],[139.4156,42.1879]]],[[[139.4155,42.188],[139.4155,42.1881],[139.4156,42.188],[139.4155,42.188]]],[[[139.4144,42.1881],[139.4143,42.1881],[139.4144,42.1882],[139.4144,42.1881]]],[[[139.4145,42.1882],[139.4146,42.1882],[139.4146,42.1882],[139.4145,42.1882]]],[[[139.4154,42.1882],[139.4154,42.1882],[139.4153,42.1882],[139.4154,42.1882]]],[[[139.415,42.1884],[139.4151,42.1883],[139.415,42.1883],[139.415,42.1884]]],[[[139.4154,42.1886],[139.4158,42.1885],[139.4153,42.1885],[139.4154,42.1886]]],[[[139.4152,42.1887],[139.4153,42.1886],[139.4152,42.1886],[139.4152,42.1887]]],[[[139.4169,42.1889],[139.4169,42.189],[139.4169,42.1889],[139.4169,42.1889]]],[[[139.4163,42.189],[139.4163,42.189],[139.4164,42.189],[139.4163,42.189]]],[[[139.4165,42.1893],[139.4164,42.189],[139.4164,42.1893],[139.4165,42.1893]]],[[[139.4158,42.1891],[139.4161,42.1894],[139.4162,42.1892],[139.4158,42.1891]]],[[[139.4169,42.1894],[139.4169,42.1894],[139.4169,42.1894],[139.4169,42.1894]]],[[[139.4167,42.1894],[139.4166,42.1895],[139.4167,42.1895],[139.4167,42.1894]]],[[[139.4167,42.1898],[139.4169,42.1897],[139.4167,42.1897],[139.4167,42.1898]]],[[[139.4169,42.1903],[139.4168,42.19],[139.4165,42.1901],[139.4169,42.1903]]],[[[139.4165,42.1903],[139.4165,42.1902],[139.4165,42.1902],[139.4165,42.1903]]],[[[139.4156,42.1904],[139.4156,42.1902],[139.4152,42.1902],[139.4156,42.1904]]],[[[139.4167,42.1903],[139.4167,42.1903],[139.4167,42.1903],[139.4167,42.1903]]],[[[139.4166,42.1905],[139.4166,42.1904],[139.4165,42.1904],[139.4166,42.1905]]],[[[139.4168,42.1905],[139.4168,42.1904],[139.4168,42.1905],[139.4168,42.1905]]],[[[139.4164,42.1906],[139.4165,42.1905],[139.4164,42.1905],[139.4164,42.1906]]],[[[139.4171,42.0646],[139.4171,42.0647],[139.4172,42.0647],[139.4171,42.0646]]],[[[139.4171,42.0649],[139.4172,42.0649],[139.4172,42.0649],[139.4171,42.0649]]],[[[139.4174,42.067],[139.4172,42.0672],[139.4175,42.0672],[139.4174,42.067]]],[[[139.4177,42.0684],[139.4176,42.0684],[139.4177,42.0684],[139.4177,42.0684]]],[[[139.4174,42.0685],[139.4175,42.0685],[139.4174,42.0684],[139.4174,42.0685]]],[[[139.4175,42.0697],[139.4173,42.0685],[139.4169,42.0684],[139.4175,42.0697]]],[[[139.4173,42.0697],[139.4173,42.0699],[139.4174,42.0698],[139.4173,42.0697]]],[[[139.4179,42.07],[139.4179,42.0698],[139.4179,42.07],[139.4179,42.07]]],[[[139.4182,42.07],[139.4182,42.0699],[139.4182,42.0699],[139.4182,42.07]]],[[[139.4178,42.0705],[139.4181,42.0704],[139.4177,42.0703],[139.4178,42.0705]]],[[[139.4181,42.0709],[139.4182,42.0714],[139.4183,42.0713],[139.4181,42.0709]]],[[[139.4185,42.0712],[139.4185,42.0713],[139.4185,42.0712],[139.4185,42.0712]]],[[[139.4184,42.0715],[139.4184,42.0714],[139.4183,42.0715],[139.4184,42.0715]]],[[[139.4189,42.0716],[139.4188,42.0715],[139.4188,42.0716],[139.4189,42.0716]]],[[[139.4183,42.0716],[139.4184,42.0716],[139.4183,42.0716],[139.4183,42.0716]]],[[[139.4187,42.0717],[139.4188,42.0717],[139.4187,42.0717],[139.4187,42.0717]]],[[[139.4186,42.0728],[139.4187,42.073],[139.4187,42.0728],[139.4186,42.0728]]],[[[139.4193,42.0735],[139.4192,42.0734],[139.4193,42.0735],[139.4193,42.0735]]],[[[139.4174,42.0737],[139.4172,42.0736],[139.4173,42.0737],[139.4174,42.0737]]],[[[139.419,42.0737],[139.4192,42.0738],[139.4192,42.0736],[139.419,42.0737]]],[[[139.4182,42.075],[139.4183,42.0752],[139.4183,42.075],[139.4182,42.075]]],[[[139.4192,42.0753],[139.4193,42.0752],[139.4192,42.0753],[139.4192,42.0753]]],[[[139.4192,42.0757],[139.4192,42.0756],[139.4192,42.0756],[139.4192,42.0757]]],[[[139.4184,42.0919],[139.4183,42.0918],[139.4182,42.0918],[139.4184,42.0919]]],[[[139.4177,42.11],[139.4178,42.1103],[139.4179,42.1103],[139.4177,42.11]]],[[[139.4191,42.1103],[139.419,42.1103],[139.4191,42.1103],[139.4191,42.1103]]],[[[139.4186,42.1104],[139.4185,42.1103],[139.4185,42.1104],[139.4186,42.1104]]],[[[139.4189,42.1104],[139.4188,42.1103],[139.4188,42.1104],[139.4189,42.1104]]],[[[139.4191,42.1105],[139.4191,42.1104],[139.4191,42.1105],[139.4191,42.1105]]],[[[139.4185,42.1107],[139.4186,42.1106],[139.4185,42.1106],[139.4185,42.1107]]],[[[139.4185,42.1113],[139.4184,42.1113],[139.4184,42.1114],[139.4185,42.1113]]],[[[139.4172,42.1146],[139.4172,42.1145],[139.4171,42.1146],[139.4172,42.1146]]],[[[139.4172,42.1147],[139.4174,42.1149],[139.4174,42.1148],[139.4172,42.1147]]],[[[139.4182,42.1156],[139.418,42.1158],[139.4182,42.1157],[139.4182,42.1156]]],[[[139.4181,42.1159],[139.4181,42.1158],[139.4181,42.1159],[139.4181,42.1159]]],[[[139.418,42.1161],[139.418,42.1162],[139.4181,42.1162],[139.418,42.1161]]],[[[139.4182,42.1165],[139.4181,42.1164],[139.4181,42.1165],[139.4182,42.1165]]],[[[139.418,42.1167],[139.4181,42.1168],[139.4181,42.1168],[139.418,42.1167]]],[[[139.4179,42.117],[139.418,42.1169],[139.4179,42.1169],[139.4179,42.117]]],[[[139.4189,42.1176],[139.4188,42.1176],[139.4189,42.1177],[139.4189,42.1176]]],[[[139.4187,42.1178],[139.4186,42.1177],[139.4187,42.1178],[139.4187,42.1178]]],[[[139.4189,42.1177],[139.4189,42.1178],[139.419,42.1178],[139.4189,42.1177]]],[[[139.4184,42.1193],[139.4185,42.1192],[139.4184,42.1192],[139.4184,42.1193]]],[[[139.4182,42.1196],[139.4183,42.1197],[139.4183,42.1196],[139.4182,42.1196]]],[[[139.4182,42.1199],[139.4182,42.1198],[139.4182,42.1198],[139.4182,42.1199]]],[[[139.4182,42.12],[139.4181,42.12],[139.4181,42.1201],[139.4182,42.12]]],[[[139.4188,42.1212],[139.4189,42.1212],[139.4188,42.1212],[139.4188,42.1212]]],[[[139.4187,42.1214],[139.4188,42.1214],[139.4188,42.1214],[139.4187,42.1214]]],[[[139.4185,42.1215],[139.4184,42.1214],[139.4185,42.1215],[139.4185,42.1215]]],[[[139.4187,42.1219],[139.4187,42.1219],[139.4187,42.1219],[139.4187,42.1219]]],[[[139.418,42.1437],[139.4179,42.1436],[139.4179,42.1437],[139.418,42.1437]]],[[[139.4177,42.1437],[139.4177,42.1437],[139.4177,42.1437],[139.4177,42.1437]]],[[[139.4177,42.1439],[139.4178,42.1438],[139.4177,42.1438],[139.4177,42.1439]]],[[[139.4173,42.1894],[139.4174,42.1893],[139.4173,42.1893],[139.4173,42.1894]]],[[[139.4173,42.1895],[139.4173,42.1896],[139.4174,42.1895],[139.4173,42.1895]]],[[[139.418,42.1905],[139.4179,42.1905],[139.418,42.1906],[139.418,42.1905]]],[[[139.4184,42.191],[139.4182,42.1908],[139.4181,42.1908],[139.4184,42.191]]],[[[139.4178,42.191],[139.4178,42.1908],[139.4174,42.1909],[139.4178,42.191]]],[[[139.4177,42.1912],[139.4177,42.1911],[139.4176,42.1911],[139.4177,42.1912]]],[[[139.419,42.1914],[139.419,42.1914],[139.419,42.1914],[139.419,42.1914]]],[[[139.4187,42.1915],[139.4186,42.1915],[139.4187,42.1916],[139.4187,42.1915]]],[[[139.4191,42.1915],[139.4191,42.1916],[139.4191,42.1916],[139.4191,42.1915]]],[[[139.4183,42.1916],[139.4182,42.1916],[139.4183,42.1916],[139.4183,42.1916]]],[[[139.4186,42.1919],[139.4185,42.1919],[139.4185,42.192],[139.4186,42.1919]]],[[[139.4183,42.192],[139.4182,42.1921],[139.4183,42.1921],[139.4183,42.192]]],[[[139.4185,42.1921],[139.4187,42.1921],[139.4186,42.1921],[139.4185,42.1921]]],[[[139.4184,42.1922],[139.4185,42.1923],[139.4185,42.1922],[139.4184,42.1922]]],[[[139.4181,42.1926],[139.4182,42.1925],[139.4181,42.1925],[139.4181,42.1926]]],[[[139.4187,42.1927],[139.4186,42.1926],[139.4186,42.1927],[139.4187,42.1927]]],[[[139.4189,42.1926],[139.4188,42.1927],[139.419,42.1927],[139.4189,42.1926]]],[[[139.4174,42.1927],[139.4175,42.1928],[139.4175,42.1927],[139.4174,42.1927]]],[[[139.4188,42.1929],[139.4189,42.1928],[139.4188,42.1929],[139.4188,42.1929]]],[[[139.418,42.1929],[139.4181,42.1928],[139.418,42.1928],[139.418,42.1929]]],[[[139.4191,42.1929],[139.4192,42.1929],[139.4191,42.1929],[139.4191,42.1929]]],[[[139.4182,42.1932],[139.4183,42.1931],[139.4182,42.1931],[139.4182,42.1932]]],[[[139.4189,42.1931],[139.4188,42.1933],[139.4189,42.1932],[139.4189,42.1931]]],[[[139.4192,42.1934],[139.4192,42.1931],[139.4191,42.1933],[139.4192,42.1934]]],[[[139.419,42.1934],[139.4191,42.1934],[139.4191,42.1934],[139.419,42.1934]]],[[[139.4192,42.1937],[139.4193,42.1937],[139.4192,42.1937],[139.4192,42.1937]]],[[[139.4189,42.194],[139.4189,42.1939],[139.4188,42.194],[139.4189,42.194]]],[[[139.4192,42.194],[139.4193,42.194],[139.4193,42.194],[139.4192,42.194]]],[[[139.4192,42.1943],[139.4193,42.1942],[139.4192,42.1942],[139.4192,42.1943]]],[[[139.4191,42.1949],[139.4192,42.1948],[139.4191,42.1948],[139.4191,42.1949]]],[[[139.422,42.0672],[139.4218,42.0672],[139.4219,42.0672],[139.422,42.0672]]],[[[139.4216,42.0681],[139.4217,42.0682],[139.4217,42.0681],[139.4216,42.0681]]],[[[139.4196,42.0712],[139.4195,42.0713],[139.4196,42.0713],[139.4196,42.0712]]],[[[139.4201,42.0719],[139.4201,42.0717],[139.4199,42.0717],[139.4201,42.0719]]],[[[139.42,42.0735],[139.4201,42.0735],[139.42,42.0734],[139.42,42.0735]]],[[[139.4196,42.0736],[139.4195,42.0736],[139.4196,42.0737],[139.4196,42.0736]]],[[[139.4194,42.0738],[139.4195,42.0737],[139.4194,42.0737],[139.4194,42.0738]]],[[[139.4194,42.0739],[139.4194,42.074],[139.4195,42.0739],[139.4194,42.0739]]],[[[139.42,42.0743],[139.42,42.0743],[139.42,42.0743],[139.42,42.0743]]],[[[139.4195,42.0746],[139.4192,42.0746],[139.4192,42.0747],[139.4195,42.0746]]],[[[139.4199,42.0746],[139.42,42.0747],[139.4199,42.0746],[139.4199,42.0746]]],[[[139.4194,42.075],[139.4192,42.0751],[139.4194,42.0751],[139.4194,42.075]]],[[[139.4218,42.077],[139.4219,42.0769],[139.4218,42.0769],[139.4218,42.077]]],[[[139.4219,42.0771],[139.4219,42.0772],[139.422,42.0771],[139.4219,42.0771]]],[[[139.4216,42.0829],[139.4215,42.0828],[139.4215,42.0829],[139.4216,42.0829]]],[[[139.4214,42.0829],[139.4213,42.083],[139.4214,42.083],[139.4214,42.0829]]],[[[139.4203,42.0951],[139.4203,42.0952],[139.4204,42.0951],[139.4203,42.0951]]],[[[139.4227,42.0971],[139.4226,42.097],[139.4226,42.0971],[139.4227,42.0971]]],[[[139.4225,42.0972],[139.4224,42.0971],[139.4224,42.0971],[139.4225,42.0972]]],[[[139.4227,42.0972],[139.4227,42.0972],[139.4226,42.0972],[139.4227,42.0972]]],[[[139.4226,42.0974],[139.4225,42.0973],[139.4225,42.0974],[139.4226,42.0974]]],[[[139.4226,42.0976],[139.4226,42.0975],[139.4226,42.0976],[139.4226,42.0976]]],[[[139.4228,42.0978],[139.4227,42.098],[139.4228,42.098],[139.4228,42.0978]]],[[[139.4206,42.0987],[139.4206,42.0986],[139.4206,42.0987],[139.4206,42.0987]]],[[[139.4227,42.0987],[139.4227,42.0988],[139.4228,42.0987],[139.4227,42.0987]]],[[[139.4205,42.0988],[139.4206,42.0989],[139.4206,42.0988],[139.4205,42.0988]]],[[[139.4215,42.1002],[139.4213,42.1004],[139.4216,42.1003],[139.4215,42.1002]]],[[[139.4227,42.1034],[139.4227,42.1035],[139.4228,42.1034],[139.4227,42.1034]]],[[[139.4206,42.1043],[139.4205,42.1042],[139.4206,42.1043],[139.4206,42.1043]]],[[[139.4217,42.1078],[139.4217,42.1078],[139.4216,42.1078],[139.4217,42.1078]]],[[[139.4194,42.108],[139.4194,42.1079],[139.4194,42.1079],[139.4194,42.108]]],[[[139.4216,42.1082],[139.4215,42.1082],[139.4215,42.1082],[139.4216,42.1082]]],[[[139.4193,42.1083],[139.4194,42.1083],[139.4193,42.1083],[139.4193,42.1083]]],[[[139.4217,42.1088],[139.4217,42.1087],[139.4216,42.1088],[139.4217,42.1088]]],[[[139.4197,42.1093],[139.4198,42.1093],[139.4197,42.1092],[139.4197,42.1093]]],[[[139.4204,42.1094],[139.4205,42.1093],[139.4205,42.1093],[139.4204,42.1094]]],[[[139.4208,42.1094],[139.4208,42.1093],[139.4208,42.1093],[139.4208,42.1094]]],[[[139.421,42.1095],[139.4211,42.1094],[139.421,42.1094],[139.421,42.1095]]],[[[139.4207,42.1097],[139.4206,42.1096],[139.4206,42.1096],[139.4207,42.1097]]],[[[139.4204,42.1099],[139.4204,42.1098],[139.4204,42.1098],[139.4204,42.1099]]],[[[139.4203,42.11],[139.4202,42.1099],[139.4203,42.11],[139.4203,42.11]]],[[[139.4199,42.1101],[139.4198,42.1101],[139.4199,42.1101],[139.4199,42.1101]]],[[[139.4196,42.1101],[139.4197,42.1101],[139.4197,42.1101],[139.4196,42.1101]]],[[[139.4202,42.1238],[139.4203,42.1237],[139.4202,42.1237],[139.4202,42.1238]]],[[[139.4199,42.124],[139.4198,42.124],[139.4197,42.124],[139.4199,42.124]]],[[[139.4207,42.1244],[139.4206,42.1244],[139.4206,42.1244],[139.4207,42.1244]]],[[[139.4195,42.1246],[139.4195,42.1247],[139.4196,42.1246],[139.4195,42.1246]]],[[[139.4202,42.125],[139.4202,42.125],[139.4201,42.125],[139.4202,42.125]]],[[[139.4204,42.1254],[139.4204,42.1253],[139.4204,42.1253],[139.4204,42.1254]]],[[[139.4209,42.1254],[139.4207,42.1254],[139.4207,42.1254],[139.4209,42.1254]]],[[[139.4208,42.1255],[139.4208,42.1256],[139.4208,42.1255],[139.4208,42.1255]]],[[[139.4209,42.1257],[139.421,42.1256],[139.4209,42.1256],[139.4209,42.1257]]],[[[139.4217,42.1266],[139.4218,42.1266],[139.4217,42.1266],[139.4217,42.1266]]],[[[139.4218,42.1275],[139.422,42.1276],[139.422,42.1275],[139.4218,42.1275]]],[[[139.4217,42.128],[139.4218,42.1279],[139.4217,42.128],[139.4217,42.128]]],[[[139.4216,42.128],[139.4215,42.128],[139.4215,42.128],[139.4216,42.128]]],[[[139.4219,42.1283],[139.4219,42.1283],[139.4219,42.1283],[139.4219,42.1283]]],[[[139.4218,42.1285],[139.4217,42.1284],[139.4216,42.1285],[139.4218,42.1285]]],[[[139.4221,42.1286],[139.4221,42.1285],[139.4221,42.1285],[139.4221,42.1286]]],[[[139.4221,42.1286],[139.422,42.1286],[139.4221,42.1286],[139.4221,42.1286]]],[[[139.4223,42.1288],[139.4222,42.1287],[139.4222,42.1287],[139.4223,42.1288]]],[[[139.4222,42.1289],[139.4222,42.1288],[139.4221,42.1288],[139.4222,42.1289]]],[[[139.4225,42.1308],[139.4224,42.1307],[139.4225,42.1308],[139.4225,42.1308]]],[[[139.4219,42.1309],[139.4219,42.1309],[139.4218,42.1309],[139.4219,42.1309]]],[[[139.4214,42.131],[139.4215,42.131],[139.4214,42.131],[139.4214,42.131]]],[[[139.4213,42.1336],[139.4212,42.1335],[139.4213,42.1336],[139.4213,42.1336]]],[[[139.4217,42.1337],[139.4216,42.1336],[139.4216,42.1337],[139.4217,42.1337]]],[[[139.4216,42.1339],[139.4217,42.1338],[139.4215,42.1338],[139.4216,42.1339]]],[[[139.4204,42.134],[139.4205,42.1341],[139.4205,42.134],[139.4204,42.134]]],[[[139.4216,42.134],[139.4216,42.1341],[139.4217,42.134],[139.4216,42.134]]],[[[139.4199,42.1343],[139.4199,42.1343],[139.42,42.1343],[139.4199,42.1343]]],[[[139.4219,42.1344],[139.422,42.1343],[139.4219,42.1344],[139.4219,42.1344]]],[[[139.4212,42.1348],[139.4212,42.1347],[139.4212,42.1347],[139.4212,42.1348]]],[[[139.4222,42.1348],[139.4223,42.1347],[139.4222,42.1347],[139.4222,42.1348]]],[[[139.4208,42.1351],[139.4209,42.135],[139.4208,42.135],[139.4208,42.1351]]],[[[139.4193,42.1944],[139.4194,42.1948],[139.4196,42.1945],[139.4193,42.1944]]],[[[139.4198,42.1948],[139.4199,42.1948],[139.4199,42.1948],[139.4198,42.1948]]],[[[139.4201,42.1948],[139.4201,42.1948],[139.42,42.1948],[139.4201,42.1948]]],[[[139.421,42.1956],[139.4211,42.1956],[139.4211,42.1955],[139.421,42.1956]]],[[[139.4212,42.1957],[139.4212,42.1956],[139.4211,42.1957],[139.4212,42.1957]]],[[[139.4213,42.1958],[139.4213,42.1957],[139.4213,42.1957],[139.4213,42.1958]]],[[[139.4211,42.1964],[139.4211,42.1963],[139.4211,42.1963],[139.4211,42.1964]]],[[[139.4222,42.2003],[139.4221,42.2005],[139.4223,42.2003],[139.4222,42.2003]]],[[[139.423,42.0781],[139.4229,42.078],[139.4229,42.0781],[139.423,42.0781]]],[[[139.4229,42.0782],[139.423,42.0782],[139.4229,42.0781],[139.4229,42.0782]]],[[[139.4234,42.0783],[139.4233,42.0783],[139.4234,42.0784],[139.4234,42.0783]]],[[[139.4228,42.0784],[139.4228,42.0783],[139.4228,42.0783],[139.4228,42.0784]]],[[[139.4235,42.0788],[139.4233,42.0789],[139.4235,42.0789],[139.4235,42.0788]]],[[[139.4228,42.0789],[139.4228,42.0788],[139.4228,42.0789],[139.4228,42.0789]]],[[[139.4229,42.0793],[139.4228,42.0792],[139.4228,42.0793],[139.4229,42.0793]]],[[[139.4242,42.0875],[139.4241,42.0875],[139.4243,42.0875],[139.4242,42.0875]]],[[[139.4241,42.0876],[139.4241,42.0877],[139.4242,42.0876],[139.4241,42.0876]]],[[[139.4248,42.0884],[139.4249,42.0883],[139.4248,42.0883],[139.4248,42.0884]]],[[[139.4245,42.0888],[139.4246,42.0889],[139.4246,42.0888],[139.4245,42.0888]]],[[[139.4244,42.0891],[139.4245,42.089],[139.4244,42.089],[139.4244,42.0891]]],[[[139.4238,42.0894],[139.4241,42.0893],[139.424,42.0892],[139.4238,42.0894]]],[[[139.425,42.0913],[139.4249,42.0916],[139.4251,42.0913],[139.425,42.0913]]],[[[139.4248,42.092],[139.4242,42.0923],[139.4241,42.0925],[139.4248,42.092]]],[[[139.4236,42.0926],[139.4237,42.0926],[139.4237,42.0925],[139.4236,42.0926]]],[[[139.4236,42.0928],[139.4235,42.0927],[139.4235,42.0927],[139.4236,42.0928]]],[[[139.423,42.0953],[139.4231,42.0952],[139.423,42.0952],[139.423,42.0953]]],[[[139.4229,42.0958],[139.423,42.0959],[139.4229,42.0956],[139.4229,42.0958]]],[[[139.4227,42.0975],[139.4228,42.0976],[139.4227,42.0974],[139.4227,42.0975]]],[[[139.4229,42.0978],[139.4229,42.0979],[139.4229,42.0979],[139.4229,42.0978]]],[[[139.4229,42.0986],[139.423,42.0984],[139.4229,42.0984],[139.4229,42.0986]]],[[[139.4229,42.1033],[139.423,42.1032],[139.423,42.1032],[139.4229,42.1033]]],[[[139.4228,42.1041],[139.4229,42.104],[139.4227,42.104],[139.4228,42.1041]]],[[[139.423,42.1044],[139.4229,42.1043],[139.4229,42.1044],[139.423,42.1044]]],[[[139.4235,42.1051],[139.4235,42.105],[139.4234,42.105],[139.4235,42.1051]]],[[[139.4237,42.1053],[139.4237,42.1052],[139.4237,42.1052],[139.4237,42.1053]]],[[[139.4251,42.1979],[139.425,42.1982],[139.4251,42.1981],[139.4251,42.1979]]],[[[139.4233,42.1992],[139.4231,42.1991],[139.4231,42.1992],[139.4233,42.1992]]],[[[139.4246,42.2002],[139.4248,42.2002],[139.4246,42.2002],[139.4246,42.2002]]],[[[139.4241,42.2002],[139.4245,42.2003],[139.4245,42.2002],[139.4241,42.2002]]],[[[139.4231,42.2004],[139.4235,42.2001],[139.423,42.2004],[139.4231,42.2004]]],[[[139.4227,42.2003],[139.4228,42.2004],[139.4229,42.2003],[139.4227,42.2003]]],[[[139.4239,42.2003],[139.4239,42.2004],[139.424,42.2004],[139.4239,42.2003]]],[[[139.4251,42.2008],[139.4252,42.2008],[139.4252,42.2008],[139.4251,42.2008]]],[[[139.4244,42.2011],[139.4243,42.2012],[139.4244,42.2012],[139.4244,42.2011]]],[[[139.4245,42.2013],[139.4245,42.2013],[139.4245,42.2013],[139.4245,42.2013]]],[[[139.4252,42.2015],[139.4253,42.2015],[139.4253,42.2014],[139.4252,42.2015]]],[[[139.4251,42.2021],[139.425,42.2021],[139.425,42.2021],[139.4251,42.2021]]],[[[139.4251,42.2023],[139.4248,42.2024],[139.4251,42.2023],[139.4251,42.2023]]],[[[139.4252,42.2028],[139.4252,42.2028],[139.4253,42.2028],[139.4252,42.2028]]],[[[139.4252,42.2031],[139.4251,42.203],[139.4251,42.2031],[139.4252,42.2031]]],[[[139.4251,42.2031],[139.4249,42.2034],[139.4252,42.2033],[139.4251,42.2031]]],[[[139.4253,42.2036],[139.4252,42.2036],[139.4252,42.2036],[139.4253,42.2036]]],[[[139.4245,42.2036],[139.4244,42.2038],[139.4246,42.2037],[139.4245,42.2036]]],[[[139.4254,42.2038],[139.4254,42.2037],[139.4253,42.2037],[139.4254,42.2038]]],[[[139.4242,42.204],[139.4243,42.204],[139.4242,42.204],[139.4242,42.204]]],[[[139.4245,42.204],[139.4246,42.2041],[139.4247,42.204],[139.4245,42.204]]],[[[139.4251,42.2049],[139.4248,42.2049],[139.4248,42.205],[139.4251,42.2049]]],[[[139.4252,42.2053],[139.425,42.2054],[139.4253,42.2054],[139.4252,42.2053]]],[[[139.4239,42.2058],[139.4238,42.2056],[139.4238,42.2058],[139.4239,42.2058]]],[[[139.4236,42.2058],[139.4235,42.2059],[139.4236,42.2059],[139.4236,42.2058]]],[[[139.4275,42.2062],[139.4276,42.2063],[139.4276,42.2062],[139.4275,42.2062]]],[[[139.4278,42.2064],[139.4278,42.2065],[139.4279,42.2065],[139.4278,42.2064]]],[[[139.4277,42.2083],[139.4279,42.2082],[139.4278,42.2082],[139.4277,42.2083]]],[[[139.4321,42.2109],[139.4321,42.211],[139.4322,42.2109],[139.4321,42.2109]]],[[[139.4323,42.2111],[139.4322,42.2111],[139.4322,42.2111],[139.4323,42.2111]]],[[[139.4324,42.2114],[139.4324,42.2113],[139.4324,42.2114],[139.4324,42.2114]]],[[[139.4327,42.2122],[139.4326,42.2123],[139.4327,42.2124],[139.4327,42.2122]]],[[[139.4329,42.2125],[139.4328,42.2127],[139.4329,42.2127],[139.4329,42.2125]]],[[[139.4339,42.2134],[139.4339,42.2134],[139.4338,42.2134],[139.4339,42.2134]]],[[[139.4339,42.2137],[139.434,42.2137],[139.434,42.2137],[139.4339,42.2137]]],[[[139.434,42.2139],[139.4341,42.214],[139.4341,42.2139],[139.434,42.2139]]],[[[139.4342,42.2145],[139.4342,42.2146],[139.4342,42.2145],[139.4342,42.2145]]],[[[139.4343,42.2148],[139.4344,42.2149],[139.4344,42.2148],[139.4343,42.2148]]],[[[139.4339,42.2149],[139.4339,42.215],[139.434,42.215],[139.4339,42.2149]]],[[[139.4347,42.2156],[139.4348,42.2156],[139.4348,42.2156],[139.4347,42.2156]]],[[[139.4349,42.2159],[139.435,42.2159],[139.435,42.2158],[139.4349,42.2159]]],[[[139.4355,42.2162],[139.4356,42.2161],[139.4355,42.2161],[139.4355,42.2162]]],[[[139.436,42.2162],[139.436,42.2162],[139.4359,42.2162],[139.436,42.2162]]],[[[139.4363,42.2163],[139.4363,42.2162],[139.4362,42.2163],[139.4363,42.2163]]],[[[139.4348,42.2163],[139.4349,42.2163],[139.4349,42.2163],[139.4348,42.2163]]],[[[139.4369,42.2163],[139.4369,42.2164],[139.4369,42.2163],[139.4369,42.2163]]],[[[139.4371,42.2165],[139.4371,42.2166],[139.4372,42.2165],[139.4371,42.2165]]],[[[139.4379,42.2166],[139.438,42.2166],[139.438,42.2166],[139.4379,42.2166]]],[[[139.4386,42.217],[139.4387,42.217],[139.4387,42.217],[139.4386,42.217]]],[[[139.4382,42.2178],[139.4381,42.2179],[139.4382,42.2179],[139.4382,42.2178]]],[[[139.4399,42.2183],[139.4399,42.2181],[139.4396,42.2182],[139.4399,42.2183]]],[[[139.4393,42.2182],[139.4394,42.2183],[139.4393,42.2182],[139.4393,42.2182]]],[[[139.4391,42.2186],[139.4396,42.2185],[139.4391,42.2185],[139.4391,42.2186]]],[[[139.4396,42.2187],[139.4397,42.2188],[139.4398,42.2187],[139.4396,42.2187]]],[[[139.4325,42.2187],[139.4328,42.2191],[139.4329,42.2186],[139.4325,42.2187]]],[[[139.4311,42.2212],[139.4312,42.2211],[139.4311,42.2211],[139.4311,42.2212]]],[[[139.4489,42.0106],[139.449,42.0107],[139.4491,42.0106],[139.4489,42.0106]]],[[[139.4509,42.0109],[139.451,42.0108],[139.4509,42.0108],[139.4509,42.0109]]],[[[139.4508,42.0111],[139.4506,42.0111],[139.4508,42.0112],[139.4508,42.0111]]],[[[139.4465,42.0116],[139.4469,42.0114],[139.4465,42.0113],[139.4465,42.0116]]],[[[139.4494,42.0119],[139.4493,42.0119],[139.4493,42.012],[139.4494,42.0119]]],[[[139.4496,42.0122],[139.4497,42.0121],[139.4496,42.0121],[139.4496,42.0122]]],[[[139.4478,42.0127],[139.4479,42.0124],[139.4477,42.0126],[139.4478,42.0127]]],[[[139.4496,42.0127],[139.4497,42.0126],[139.4496,42.0126],[139.4496,42.0127]]],[[[139.4469,42.0127],[139.4469,42.0128],[139.4469,42.0127],[139.4469,42.0127]]],[[[139.4503,42.0127],[139.4503,42.0128],[139.4504,42.0128],[139.4503,42.0127]]],[[[139.4492,42.0127],[139.4489,42.0131],[139.4491,42.0131],[139.4492,42.0127]]],[[[139.4477,42.0128],[139.4477,42.0129],[139.4478,42.0129],[139.4477,42.0128]]],[[[139.4466,42.0128],[139.4468,42.013],[139.4468,42.0128],[139.4466,42.0128]]],[[[139.4507,42.013],[139.4508,42.0131],[139.4509,42.0129],[139.4507,42.013]]],[[[139.4483,42.0131],[139.448,42.0131],[139.4479,42.0132],[139.4483,42.0131]]],[[[139.4511,42.0132],[139.4512,42.0132],[139.451,42.0132],[139.4511,42.0132]]],[[[139.4486,42.0132],[139.4488,42.0132],[139.4487,42.0132],[139.4486,42.0132]]],[[[139.4485,42.0134],[139.4486,42.0133],[139.4485,42.0134],[139.4485,42.0134]]],[[[139.4493,42.0134],[139.4495,42.0134],[139.4495,42.0133],[139.4493,42.0134]]],[[[139.448,42.0134],[139.448,42.0133],[139.448,42.0133],[139.448,42.0134]]],[[[139.4501,42.0133],[139.4502,42.0135],[139.4503,42.0134],[139.4501,42.0133]]],[[[139.4471,42.0137],[139.4472,42.0136],[139.447,42.0136],[139.4471,42.0137]]],[[[139.4511,42.0136],[139.4512,42.0138],[139.4513,42.0138],[139.4511,42.0136]]],[[[139.4482,42.0137],[139.4486,42.0138],[139.4486,42.0137],[139.4482,42.0137]]],[[[139.4492,42.0137],[139.4489,42.0139],[139.4493,42.0139],[139.4492,42.0137]]],[[[139.4516,42.0139],[139.4517,42.014],[139.4517,42.0139],[139.4516,42.0139]]],[[[139.4487,42.0141],[139.4485,42.014],[139.4485,42.014],[139.4487,42.0141]]],[[[139.4525,42.0141],[139.4525,42.014],[139.4524,42.0141],[139.4525,42.0141]]],[[[139.4476,42.0141],[139.4475,42.0142],[139.4476,42.0142],[139.4476,42.0141]]],[[[139.4493,42.0151],[139.4496,42.0144],[139.4491,42.0142],[139.4493,42.0151]]],[[[139.452,42.0141],[139.4516,42.0152],[139.4525,42.0147],[139.452,42.0141]]],[[[139.4468,42.0151],[139.4472,42.0149],[139.4467,42.0149],[139.4468,42.0151]]],[[[139.4543,42.0155],[139.454,42.0154],[139.4543,42.0156],[139.4543,42.0155]]],[[[139.4521,42.0158],[139.452,42.0155],[139.452,42.0158],[139.4521,42.0158]]],[[[139.4528,42.0157],[139.4528,42.0159],[139.4529,42.0157],[139.4528,42.0157]]],[[[139.4455,42.0159],[139.4456,42.0158],[139.4454,42.0159],[139.4455,42.0159]]],[[[139.4493,42.0154],[139.4503,42.0164],[139.4502,42.0153],[139.4493,42.0154]]],[[[139.4538,42.016],[139.4538,42.0158],[139.4537,42.0159],[139.4538,42.016]]],[[[139.4533,42.016],[139.453,42.0163],[139.4534,42.0162],[139.4533,42.016]]],[[[139.4545,42.017],[139.4547,42.017],[139.4545,42.017],[139.4545,42.017]]],[[[139.4558,42.0195],[139.4559,42.0195],[139.4558,42.0194],[139.4558,42.0195]]],[[[139.4554,42.0196],[139.4556,42.0197],[139.4556,42.0196],[139.4554,42.0196]]],[[[139.4559,42.0202],[139.4557,42.0204],[139.4559,42.0203],[139.4559,42.0202]]],[[[139.456,42.0203],[139.4561,42.0205],[139.4561,42.0204],[139.456,42.0203]]],[[[139.4511,42.0469],[139.4512,42.0467],[139.4511,42.0468],[139.4511,42.0469]]],[[[139.4446,42.0512],[139.4444,42.0512],[139.4446,42.0512],[139.4446,42.0512]]],[[[139.4482,42.0522],[139.4495,42.0515],[139.4481,42.0521],[139.4482,42.0522]]],[[[139.4456,42.0521],[139.4456,42.0522],[139.4457,42.0521],[139.4456,42.0521]]],[[[139.447,42.053],[139.4479,42.052],[139.4479,42.052],[139.4478,42.052],[139.447,42.053]]],[[[139.4474,42.0542],[139.4472,42.0534],[139.4472,42.0542],[139.4474,42.0542]]],[[[139.4474,42.0544],[139.4472,42.0549],[139.4474,42.0544],[139.4474,42.0544]]],[[[139.4439,42.0582],[139.4446,42.0574],[139.4446,42.0573],[139.4439,42.0582]]],[[[139.4436,42.0593],[139.4443,42.0584],[139.4435,42.0592],[139.4436,42.0593]]],[[[139.4409,42.0595],[139.4408,42.0594],[139.4408,42.0595],[139.4409,42.0595]]],[[[139.4434,42.0602],[139.4441,42.0595],[139.444,42.0594],[139.4434,42.0602]]],[[[139.4426,42.0609],[139.4428,42.0609],[139.4427,42.0608],[139.4426,42.0609]]],[[[139.4558,42.0608],[139.4548,42.0617],[139.4556,42.0612],[139.4558,42.0608]]],[[[139.4423,42.0614],[139.4423,42.0613],[139.4422,42.0613],[139.4423,42.0614]]],[[[139.4408,42.0614],[139.4407,42.0615],[139.4408,42.0615],[139.4408,42.0614]]],[[[139.44,42.0642],[139.4401,42.0642],[139.4401,42.0641],[139.44,42.0642]]],[[[139.44,42.0649],[139.44,42.0647],[139.4399,42.0649],[139.44,42.0649]]],[[[139.4409,42.2169],[139.4408,42.217],[139.441,42.217],[139.4409,42.2169]]],[[[139.4399,42.2169],[139.44,42.217],[139.4399,42.2169],[139.4399,42.2169]]],[[[139.4548,42.217],[139.4548,42.217],[139.4548,42.217],[139.4548,42.217]]],[[[139.4549,42.2171],[139.455,42.2171],[139.4549,42.2171],[139.4549,42.2171]]],[[[139.4561,42.2172],[139.4562,42.2172],[139.4562,42.2172],[139.4561,42.2172]]],[[[139.4425,42.2174],[139.4426,42.2173],[139.4425,42.2173],[139.4425,42.2174]]],[[[139.4405,42.2174],[139.4405,42.2174],[139.4404,42.2174],[139.4405,42.2174]]],[[[139.4414,42.2181],[139.4417,42.2178],[139.4415,42.2177],[139.4414,42.2181]]],[[[139.4474,42.2181],[139.4475,42.2178],[139.4472,42.2179],[139.4474,42.2181]]],[[[139.4503,42.218],[139.4503,42.218],[139.4503,42.218],[139.4503,42.218]]],[[[139.4404,42.2181],[139.4401,42.2181],[139.4402,42.2181],[139.4404,42.2181]]],[[[139.4561,42.2184],[139.4561,42.2183],[139.456,42.2184],[139.4561,42.2184]]],[[[139.4489,42.2189],[139.449,42.2188],[139.4489,42.2188],[139.4489,42.2189]]],[[[139.4494,42.2192],[139.4495,42.2192],[139.4494,42.2192],[139.4494,42.2192]]],[[[139.4482,42.2193],[139.4483,42.2192],[139.4481,42.2193],[139.4482,42.2193]]],[[[139.4492,42.2193],[139.4492,42.2193],[139.4492,42.2193],[139.4492,42.2193]]],[[[139.4491,42.2194],[139.449,42.2193],[139.449,42.2194],[139.4491,42.2194]]],[[[139.4482,42.2197],[139.4481,42.2194],[139.448,42.2195],[139.4482,42.2197]]],[[[139.4488,42.2205],[139.4488,42.2203],[139.4487,42.2204],[139.4488,42.2205]]],[[[139.4487,42.2207],[139.4489,42.2206],[139.4487,42.2206],[139.4487,42.2207]]],[[[139.4495,42.2211],[139.4492,42.2219],[139.4499,42.2214],[139.4495,42.2211]]],[[[139.4486,42.2215],[139.4485,42.2214],[139.4485,42.2215],[139.4486,42.2215]]],[[[139.4563,42.0181],[139.4564,42.0183],[139.4565,42.0183],[139.4563,42.0181]]],[[[139.4663,42.019],[139.4664,42.0189],[139.4663,42.019],[139.4663,42.019]]],[[[139.4568,42.0198],[139.4567,42.0197],[139.4566,42.0198],[139.4568,42.0198]]],[[[139.468,42.0203],[139.4681,42.0202],[139.468,42.0202],[139.468,42.0203]]],[[[139.4564,42.0203],[139.4565,42.0202],[139.4564,42.0203],[139.4564,42.0203]]],[[[139.4573,42.0203],[139.4575,42.0203],[139.4575,42.0202],[139.4573,42.0203]]],[[[139.4583,42.0611],[139.4572,42.0605],[139.4586,42.0613],[139.4583,42.0611]]],[[[139.4765,42.0703],[139.4764,42.0704],[139.4765,42.0703],[139.4765,42.0703]]],[[[139.4767,42.0703],[139.4768,42.0704],[139.4768,42.0703],[139.4767,42.0703]]],[[[139.48,42.0707],[139.4799,42.0707],[139.48,42.0708],[139.48,42.0707]]],[[[139.4802,42.0712],[139.4802,42.0713],[139.4803,42.0712],[139.4802,42.0712]]],[[[139.4804,42.0713],[139.4804,42.0712],[139.4803,42.0713],[139.4804,42.0713]]],[[[139.4807,42.0713],[139.4808,42.0714],[139.4808,42.0714],[139.4807,42.0713]]],[[[139.485,42.0736],[139.485,42.0737],[139.4851,42.0737],[139.485,42.0736]]],[[[139.4856,42.0737],[139.4854,42.0737],[139.4855,42.0738],[139.4856,42.0737]]],[[[139.4853,42.0737],[139.4852,42.0737],[139.4853,42.0738],[139.4853,42.0737]]],[[[139.4858,42.0743],[139.4861,42.0743],[139.4861,42.0743],[139.4858,42.0743]]],[[[139.4887,42.0764],[139.4887,42.0765],[139.4888,42.0764],[139.4887,42.0764]]],[[[139.4885,42.0765],[139.4884,42.0766],[139.4885,42.0766],[139.4885,42.0765]]],[[[139.4889,42.0768],[139.489,42.0767],[139.4889,42.0767],[139.4889,42.0768]]],[[[139.4885,42.0767],[139.4886,42.0768],[139.4885,42.0767],[139.4885,42.0767]]],[[[139.4888,42.0771],[139.4888,42.0771],[139.4888,42.0772],[139.4888,42.0771]]],[[[139.4929,42.0805],[139.4929,42.0806],[139.493,42.0806],[139.4929,42.0805]]],[[[139.4935,42.0808],[139.4934,42.0807],[139.4933,42.0808],[139.4935,42.0808]]],[[[139.4936,42.0808],[139.4937,42.0809],[139.4938,42.0809],[139.4936,42.0808]]],[[[139.4992,42.0918],[139.4966,42.0882],[139.4962,42.0832],[139.4895,42.0793],[139.4857,42.0742],[139.4532,42.0655],[139.4509,42.0518],[139.4435,42.0642],[139.4212,42.0712],[139.4245,42.0804],[139.4255,42.0904],[139.4251,42.0932],[139.4232,42.0954],[139.4254,42.1015],[139.4239,42.1071],[139.4175,42.1151],[139.4184,42.1155],[139.4192,42.118],[139.4183,42.1205],[139.419,42.1211],[139.4189,42.1221],[139.4206,42.1239],[139.4208,42.1244],[139.4207,42.1251],[139.422,42.1267],[139.423,42.1293],[139.4231,42.1364],[139.4128,42.1562],[139.4065,42.1601],[139.4113,42.17],[139.4096,42.1695],[139.4086,42.1717],[139.41,42.1725],[139.4096,42.1741],[139.4072,42.1756],[139.4077,42.1776],[139.4063,42.1787],[139.4087,42.1789],[139.4157,42.1868],[139.4221,42.1944],[139.4214,42.1964],[139.4249,42.1964],[139.4355,42.2159],[139.4629,42.2158],[139.5366,42.2329],[139.5499,42.2387],[139.5586,42.2528],[139.5605,42.2268],[139.5511,42.2186],[139.5448,42.2026],[139.5311,42.1952],[139.5171,42.1764],[139.5166,42.1594],[139.5182,42.1564],[139.5226,42.154],[139.5194,42.1498],[139.5206,42.1456],[139.5177,42.143],[139.5197,42.136],[139.5151,42.1305],[139.5059,42.1078],[139.5052,42.0983],[139.4992,42.0918]]],[[[139.4562,42.2174],[139.4561,42.2175],[139.4562,42.2175],[139.4562,42.2174]]],[[[139.4564,42.2176],[139.4563,42.2175],[139.4563,42.2175],[139.4564,42.2176]]],[[[139.4687,42.2176],[139.4687,42.2177],[139.4688,42.2177],[139.4687,42.2176]]],[[[139.4566,42.2177],[139.4565,42.2178],[139.4566,42.2178],[139.4566,42.2177]]],[[[139.4561,42.2179],[139.4562,42.218],[139.4562,42.2179],[139.4561,42.2179]]],[[[139.4696,42.2185],[139.4696,42.2186],[139.4697,42.2186],[139.4696,42.2185]]],[[[139.4698,42.2188],[139.4698,42.2187],[139.4697,42.2188],[139.4698,42.2188]]],[[[139.4696,42.2187],[139.4696,42.2188],[139.4696,42.2187],[139.4696,42.2187]]],[[[139.4695,42.2191],[139.4695,42.2189],[139.4694,42.2189],[139.4695,42.2191]]],[[[139.4699,42.2194],[139.4697,42.2195],[139.4698,42.2196],[139.4699,42.2194]]],[[[139.4701,42.2198],[139.4701,42.2199],[139.4702,42.2198],[139.4701,42.2198]]],[[[139.4703,42.22],[139.4705,42.2198],[139.4702,42.2199],[139.4703,42.22]]],[[[139.4701,42.2203],[139.4702,42.2203],[139.4702,42.2203],[139.4701,42.2203]]],[[[139.472,42.2204],[139.4719,42.2205],[139.472,42.2204],[139.472,42.2204]]],[[[139.4701,42.2206],[139.4699,42.2204],[139.4699,42.2206],[139.4701,42.2206]]],[[[139.4722,42.2206],[139.4722,42.2205],[139.4721,42.2206],[139.4722,42.2206]]],[[[139.4692,42.2206],[139.4692,42.2207],[139.4693,42.2206],[139.4692,42.2206]]],[[[139.4689,42.2208],[139.4691,42.2208],[139.4689,42.2208],[139.4689,42.2208]]],[[[139.4722,42.2209],[139.4719,42.2208],[139.4719,42.221],[139.4722,42.2209]]],[[[139.4718,42.2214],[139.4717,42.2212],[139.4717,42.2213],[139.4718,42.2214]]],[[[139.4722,42.2213],[139.4723,42.2214],[139.4724,42.2213],[139.4722,42.2213]]],[[[139.4692,42.2216],[139.4693,42.2216],[139.4694,42.2216],[139.4692,42.2216]]],[[[139.4722,42.2219],[139.4721,42.2218],[139.4721,42.2219],[139.4722,42.2219]]],[[[139.4723,42.2222],[139.4724,42.2219],[139.4722,42.2221],[139.4723,42.2222]]],[[[139.4737,42.2227],[139.4733,42.2225],[139.4734,42.2227],[139.4737,42.2227]]],[[[139.4781,42.2228],[139.478,42.2226],[139.478,42.2227],[139.4781,42.2228]]],[[[139.4731,42.2229],[139.473,42.2226],[139.4728,42.2227],[139.4731,42.2229]]],[[[139.4789,42.2228],[139.4788,42.2228],[139.4788,42.2228],[139.4789,42.2228]]],[[[139.4747,42.2227],[139.4748,42.2233],[139.475,42.2227],[139.4747,42.2227]]],[[[139.4724,42.2228],[139.4722,42.2234],[139.4726,42.223],[139.4724,42.2228]]],[[[139.4855,42.2233],[139.4856,42.2232],[139.4855,42.2232],[139.4855,42.2233]]],[[[139.4838,42.2233],[139.4841,42.2233],[139.4839,42.2232],[139.4838,42.2233]]],[[[139.4842,42.2235],[139.4841,42.2236],[139.4842,42.2235],[139.4842,42.2235]]],[[[139.4756,42.2236],[139.4759,42.2236],[139.4759,42.2234],[139.4756,42.2236]]],[[[139.4843,42.2236],[139.4844,42.2236],[139.4843,42.2236],[139.4843,42.2236]]],[[[139.4764,42.2237],[139.4765,42.2237],[139.4765,42.2237],[139.4764,42.2237]]],[[[139.4872,42.2241],[139.4872,42.2241],[139.4872,42.2241],[139.4872,42.2241]]],[[[139.4874,42.2241],[139.4874,42.2241],[139.4874,42.2242],[139.4874,42.2241]]],[[[139.476,42.2241],[139.4763,42.2242],[139.4761,42.224],[139.476,42.2241]]],[[[139.4876,42.2242],[139.4875,42.2242],[139.4875,42.2242],[139.4876,42.2242]]],[[[139.4871,42.2243],[139.4869,42.2243],[139.4871,42.2243],[139.4871,42.2243]]],[[[139.4872,42.2243],[139.4873,42.2243],[139.4872,42.2242],[139.4872,42.2243]]],[[[139.4866,42.2246],[139.4866,42.2246],[139.4866,42.2246],[139.4866,42.2246]]],[[[139.4864,42.2246],[139.4864,42.2246],[139.4863,42.2246],[139.4864,42.2246]]],[[[139.489,42.2247],[139.489,42.2246],[139.4889,42.2246],[139.489,42.2247]]],[[[139.4898,42.2247],[139.4898,42.2247],[139.4898,42.2247],[139.4898,42.2247]]],[[[139.4894,42.2247],[139.4895,42.2247],[139.4895,42.2247],[139.4894,42.2247]]],[[[139.4906,42.2247],[139.4906,42.2247],[139.4905,42.2247],[139.4906,42.2247]]],[[[139.4891,42.2248],[139.4891,42.2248],[139.4891,42.2248],[139.4891,42.2248]]],[[[139.4896,42.2248],[139.4895,42.2248],[139.4895,42.2248],[139.4896,42.2248]]],[[[139.4864,42.2248],[139.4864,42.2248],[139.4864,42.2248],[139.4864,42.2248]]],[[[139.488,42.2249],[139.488,42.2248],[139.488,42.2248],[139.488,42.2249]]],[[[139.4893,42.2249],[139.4892,42.2249],[139.4893,42.2249],[139.4893,42.2249]]],[[[139.4911,42.2251],[139.4911,42.225],[139.491,42.225],[139.4911,42.2251]]],[[[139.4923,42.2251],[139.4922,42.225],[139.4922,42.2251],[139.4923,42.2251]]],[[[139.4878,42.2252],[139.4879,42.2251],[139.4876,42.2251],[139.4878,42.2252]]],[[[139.4898,42.2255],[139.4898,42.2254],[139.4898,42.2254],[139.4898,42.2255]]],[[[139.4939,42.0811],[139.4939,42.0809],[139.4939,42.081],[139.4939,42.0811]]],[[[139.4964,42.0832],[139.4963,42.083],[139.4963,42.0832],[139.4964,42.0832]]],[[[139.4965,42.084],[139.4966,42.0839],[139.4965,42.0839],[139.4965,42.084]]],[[[139.4981,42.0895],[139.498,42.0894],[139.498,42.0895],[139.4981,42.0895]]],[[[139.4978,42.0895],[139.4979,42.0895],[139.4978,42.0894],[139.4978,42.0895]]],[[[139.4994,42.0919],[139.4995,42.092],[139.4995,42.0919],[139.4994,42.0919]]],[[[139.5027,42.0952],[139.5026,42.0952],[139.5027,42.0952],[139.5027,42.0952]]],[[[139.5063,42.0976],[139.5061,42.0975],[139.506,42.0976],[139.5063,42.0976]]],[[[139.5055,42.1003],[139.5056,42.1003],[139.5056,42.1002],[139.5055,42.1003]]],[[[139.5071,42.1051],[139.507,42.105],[139.5069,42.1051],[139.5071,42.1051]]],[[[139.5065,42.1084],[139.5065,42.1084],[139.5064,42.1084],[139.5065,42.1084]]],[[[139.5168,42.1319],[139.5168,42.1319],[139.5168,42.1319],[139.5168,42.1319]]],[[[139.5183,42.1339],[139.5184,42.1338],[139.5183,42.1338],[139.5183,42.1339]]],[[[139.5189,42.1338],[139.519,42.134],[139.519,42.1339],[139.5189,42.1338]]],[[[139.5196,42.1357],[139.5197,42.1356],[139.5195,42.1357],[139.5196,42.1357]]],[[[139.5203,42.136],[139.5204,42.1361],[139.5204,42.136],[139.5203,42.136]]],[[[139.52,42.1362],[139.52,42.1362],[139.5199,42.1362],[139.52,42.1362]]],[[[139.5199,42.1363],[139.5199,42.1364],[139.52,42.1364],[139.5199,42.1363]]],[[[139.52,42.1366],[139.5202,42.1366],[139.5201,42.1366],[139.52,42.1366]]],[[[139.5199,42.1367],[139.5199,42.1367],[139.5198,42.1367],[139.5199,42.1367]]],[[[139.5198,42.1372],[139.5197,42.1373],[139.5197,42.1373],[139.5198,42.1372]]],[[[139.5199,42.1373],[139.5201,42.1373],[139.5201,42.1373],[139.5199,42.1373]]],[[[139.5203,42.1377],[139.5201,42.1376],[139.5202,42.1377],[139.5203,42.1377]]],[[[139.5198,42.1379],[139.5199,42.1381],[139.52,42.138],[139.5198,42.1379]]],[[[139.5203,42.1381],[139.5201,42.1379],[139.5202,42.1382],[139.5203,42.1381]]],[[[139.519,42.1393],[139.5191,42.1392],[139.519,42.1392],[139.519,42.1393]]],[[[139.5187,42.1404],[139.5186,42.1403],[139.5186,42.1404],[139.5187,42.1404]]],[[[139.5214,42.1521],[139.5215,42.1521],[139.5214,42.1521],[139.5214,42.1521]]],[[[139.522,42.1525],[139.5222,42.1525],[139.5222,42.1524],[139.522,42.1525]]],[[[139.5223,42.1526],[139.5224,42.1527],[139.5224,42.1526],[139.5223,42.1526]]],[[[139.5225,42.1534],[139.5225,42.1533],[139.5225,42.1533],[139.5225,42.1534]]],[[[139.5228,42.1539],[139.5228,42.1538],[139.5227,42.1539],[139.5228,42.1539]]],[[[139.5229,42.154],[139.5229,42.1539],[139.5228,42.154],[139.5229,42.154]]],[[[139.5227,42.1545],[139.5227,42.1544],[139.5227,42.1544],[139.5227,42.1545]]],[[[139.5221,42.1547],[139.5222,42.1547],[139.5222,42.1547],[139.5221,42.1547]]],[[[139.5221,42.1553],[139.522,42.1552],[139.522,42.1553],[139.5221,42.1553]]],[[[139.5227,42.1551],[139.5228,42.1554],[139.5229,42.1551],[139.5227,42.1551]]],[[[139.5197,42.1561],[139.5197,42.156],[139.5197,42.156],[139.5197,42.1561]]],[[[139.5175,42.1663],[139.518,42.1662],[139.5176,42.1661],[139.5175,42.1663]]],[[[139.5252,42.179],[139.521,42.1766],[139.5206,42.1762],[139.5209,42.1766],[139.5251,42.1791],[139.5258,42.1803],[139.5252,42.179]]],[[[139.5274,42.1808],[139.5261,42.1799],[139.526,42.18],[139.5274,42.1808]]],[[[139.5257,42.1826],[139.5254,42.1835],[139.5252,42.1844],[139.5257,42.1826]]],[[[139.5273,42.1864],[139.5274,42.1864],[139.5274,42.1864],[139.5273,42.1864]]],[[[139.5281,42.1886],[139.5283,42.1887],[139.5283,42.1886],[139.5281,42.1886]]],[[[139.5004,42.2265],[139.5005,42.2266],[139.5005,42.2265],[139.5004,42.2265]]],[[[139.4983,42.2266],[139.4982,42.2266],[139.4982,42.2266],[139.4983,42.2266]]],[[[139.5007,42.2267],[139.5007,42.2266],[139.5006,42.2266],[139.5007,42.2267]]],[[[139.5035,42.2278],[139.5034,42.2277],[139.5034,42.2278],[139.5035,42.2278]]],[[[139.5036,42.2279],[139.5035,42.2279],[139.5035,42.2279],[139.5036,42.2279]]],[[[139.5081,42.2281],[139.5081,42.2282],[139.5081,42.2283],[139.5081,42.2281]]],[[[139.5077,42.2282],[139.5078,42.2282],[139.5077,42.2282],[139.5077,42.2282]]],[[[139.5051,42.2289],[139.505,42.2288],[139.505,42.2288],[139.5051,42.2289]]],[[[139.5121,42.2293],[139.5122,42.2293],[139.5121,42.2293],[139.5121,42.2293]]],[[[139.5123,42.2294],[139.5124,42.2293],[139.5123,42.2293],[139.5123,42.2294]]],[[[139.513,42.2293],[139.5129,42.2294],[139.513,42.2294],[139.513,42.2293]]],[[[139.5135,42.2298],[139.5135,42.2297],[139.5135,42.2297],[139.5135,42.2298]]],[[[139.517,42.2298],[139.5169,42.2297],[139.5169,42.2298],[139.517,42.2298]]],[[[139.5166,42.2298],[139.5165,42.2298],[139.5165,42.2298],[139.5166,42.2298]]],[[[139.5168,42.2299],[139.5167,42.2299],[139.5168,42.2299],[139.5168,42.2299]]],[[[139.5152,42.2299],[139.5151,42.2299],[139.5151,42.2299],[139.5152,42.2299]]],[[[139.5149,42.2301],[139.5148,42.23],[139.5148,42.2301],[139.5149,42.2301]]],[[[139.5146,42.2303],[139.5145,42.2303],[139.5145,42.2303],[139.5146,42.2303]]],[[[139.5212,42.2307],[139.5213,42.2308],[139.5213,42.2307],[139.5212,42.2307]]],[[[139.5226,42.2308],[139.5228,42.2309],[139.5228,42.2308],[139.5226,42.2308]]],[[[139.5228,42.231],[139.5228,42.231],[139.5229,42.231],[139.5228,42.231]]],[[[139.5228,42.2314],[139.5226,42.2314],[139.5227,42.2315],[139.5228,42.2314]]],[[[139.5237,42.2314],[139.5237,42.2316],[139.5238,42.2315],[139.5237,42.2314]]],[[[139.5234,42.2316],[139.5235,42.2317],[139.5236,42.2316],[139.5234,42.2316]]],[[[139.5227,42.2317],[139.5228,42.2316],[139.5227,42.2317],[139.5227,42.2317]]],[[[139.5238,42.2318],[139.5235,42.2318],[139.5237,42.232],[139.5238,42.2318]]],[[[139.5242,42.2321],[139.5238,42.2321],[139.5238,42.2322],[139.5242,42.2321]]],[[[139.5218,42.2325],[139.5219,42.2326],[139.5219,42.2326],[139.5218,42.2325]]],[[[139.5247,42.2328],[139.5246,42.2327],[139.5245,42.2328],[139.5247,42.2328]]],[[[139.5246,42.2329],[139.5245,42.233],[139.5246,42.2329],[139.5246,42.2329]]],[[[139.5247,42.233],[139.5248,42.2331],[139.5248,42.233],[139.5247,42.233]]],[[[139.5223,42.2331],[139.5224,42.2332],[139.5224,42.2332],[139.5223,42.2331]]],[[[139.5246,42.2331],[139.5243,42.2333],[139.5248,42.2332],[139.5246,42.2331]]],[[[139.5267,42.2337],[139.5266,42.2338],[139.5267,42.2338],[139.5267,42.2337]]],[[[139.5269,42.2339],[139.5271,42.2339],[139.527,42.2338],[139.5269,42.2339]]],[[[139.5261,42.2341],[139.5261,42.2342],[139.5262,42.2342],[139.5261,42.2341]]],[[[139.5267,42.2342],[139.5267,42.2344],[139.5268,42.2343],[139.5267,42.2342]]],[[[139.5263,42.2346],[139.5265,42.2346],[139.5265,42.2346],[139.5263,42.2346]]],[[[139.5268,42.2347],[139.5267,42.2347],[139.5267,42.2347],[139.5268,42.2347]]],[[[139.5299,42.1927],[139.5299,42.1928],[139.53,42.1927],[139.5299,42.1927]]],[[[139.5304,42.1928],[139.5306,42.1929],[139.5305,42.1928],[139.5304,42.1928]]],[[[139.5303,42.193],[139.5301,42.1931],[139.5302,42.1931],[139.5303,42.193]]],[[[139.5466,42.204],[139.5465,42.2041],[139.5467,42.2041],[139.5466,42.204]]],[[[139.5469,42.205],[139.5471,42.205],[139.5469,42.205],[139.5469,42.205]]],[[[139.5472,42.2068],[139.5471,42.2069],[139.5474,42.2069],[139.5472,42.2068]]],[[[139.5566,42.2224],[139.5566,42.2223],[139.5565,42.2224],[139.5566,42.2224]]],[[[139.5565,42.2228],[139.5565,42.2227],[139.5564,42.2227],[139.5565,42.2228]]],[[[139.5564,42.2228],[139.5563,42.2229],[139.5563,42.2229],[139.5564,42.2228]]],[[[139.5613,42.2298],[139.5612,42.2299],[139.5613,42.2299],[139.5613,42.2298]]],[[[139.5613,42.2312],[139.5611,42.2313],[139.5613,42.2313],[139.5613,42.2312]]],[[[139.5303,42.233],[139.5304,42.233],[139.5303,42.233],[139.5303,42.233]]],[[[139.5306,42.2331],[139.5305,42.2332],[139.5306,42.2332],[139.5306,42.2331]]],[[[139.5289,42.2335],[139.5289,42.2334],[139.5288,42.2334],[139.5289,42.2335]]],[[[139.5301,42.2337],[139.5302,42.2338],[139.5303,42.2337],[139.5301,42.2337]]],[[[139.5284,42.2338],[139.5285,42.2339],[139.5285,42.2338],[139.5284,42.2338]]],[[[139.5376,42.2341],[139.5374,42.2341],[139.5374,42.2341],[139.5376,42.2341]]],[[[139.5614,42.2352],[139.5612,42.2351],[139.5614,42.2355],[139.5614,42.2352]]],[[[139.5614,42.2366],[139.5615,42.2366],[139.5613,42.2366],[139.5614,42.2366]]],[[[139.5416,42.2369],[139.5414,42.2368],[139.5416,42.2369],[139.5416,42.2369]]],[[[139.5605,42.2369],[139.5606,42.237],[139.5606,42.237],[139.5605,42.2369]]],[[[139.542,42.237],[139.5421,42.237],[139.5421,42.2369],[139.542,42.237]]],[[[139.5605,42.2374],[139.5606,42.2373],[139.5605,42.2373],[139.5605,42.2374]]],[[[139.5607,42.2389],[139.5609,42.239],[139.5609,42.2389],[139.5607,42.2389]]],[[[139.5608,42.2391],[139.561,42.2392],[139.561,42.2391],[139.5608,42.2391]]],[[[139.5468,42.2406],[139.5467,42.2405],[139.5453,42.2402],[139.5468,42.2406]]],[[[139.55,42.2406],[139.5498,42.2406],[139.5499,42.2407],[139.55,42.2406]]],[[[139.5505,42.2421],[139.5504,42.2422],[139.5505,42.2421],[139.5505,42.2421]]],[[[139.5497,42.243],[139.5498,42.2431],[139.5498,42.243],[139.5497,42.243]]],[[[139.561,42.2442],[139.5609,42.2444],[139.5611,42.2444],[139.561,42.2442]]],[[[139.5614,42.2454],[139.5613,42.2455],[139.5614,42.2455],[139.5614,42.2454]]],[[[139.5604,42.2459],[139.5605,42.2459],[139.5606,42.2458],[139.5604,42.2459]]],[[[139.5553,42.2494],[139.5551,42.2494],[139.5553,42.2495],[139.5553,42.2494]]],[[[139.5563,42.2498],[139.5561,42.2497],[139.5561,42.2498],[139.5563,42.2498]]],[[[139.5549,42.2497],[139.5548,42.2498],[139.5549,42.2498],[139.5549,42.2497]]],[[[139.5563,42.25],[139.5562,42.25],[139.5562,42.25],[139.5563,42.25]]],[[[139.5603,42.2501],[139.5604,42.25],[139.5603,42.25],[139.5603,42.2501]]],[[[139.5563,42.2504],[139.556,42.2504],[139.556,42.2505],[139.5563,42.2504]]],[[[139.5567,42.2505],[139.5566,42.2504],[139.5566,42.2505],[139.5567,42.2505]]],[[[139.5598,42.2506],[139.5599,42.2507],[139.56,42.2506],[139.5598,42.2506]]],[[[139.5602,42.2507],[139.5602,42.2508],[139.5603,42.2507],[139.5602,42.2507]]],[[[139.5566,42.2508],[139.5563,42.2507],[139.5563,42.2508],[139.5566,42.2508]]],[[[139.56,42.2508],[139.5602,42.2509],[139.5602,42.2508],[139.56,42.2508]]],[[[139.5563,42.2509],[139.5565,42.2509],[139.5563,42.2509],[139.5563,42.2509]]],[[[139.5567,42.251],[139.5568,42.2509],[139.5567,42.2509],[139.5567,42.251]]],[[[139.5606,42.2512],[139.5609,42.251],[139.5606,42.2509],[139.5606,42.2512]]],[[[139.5598,42.2511],[139.5599,42.2512],[139.56,42.2511],[139.5598,42.2511]]],[[[139.5617,42.2512],[139.5619,42.2511],[139.5615,42.2511],[139.5617,42.2512]]],[[[139.5604,42.2514],[139.5604,42.2515],[139.5605,42.2514],[139.5604,42.2514]]],[[[139.557,42.252],[139.5569,42.2521],[139.557,42.2521],[139.557,42.252]]],[[[139.5564,42.2523],[139.5565,42.2524],[139.5565,42.2523],[139.5564,42.2523]]],[[[139.5561,42.2525],[139.556,42.2526],[139.5562,42.2525],[139.5561,42.2525]]],[[[139.5596,42.2527],[139.5598,42.2527],[139.5597,42.2526],[139.5596,42.2527]]],[[[139.5595,42.2526],[139.5593,42.2527],[139.5595,42.2527],[139.5595,42.2526]]],[[[139.5572,42.2527],[139.557,42.2528],[139.5572,42.2527],[139.5572,42.2527]]],[[[139.5591,42.2531],[139.5589,42.253],[139.5589,42.2531],[139.5591,42.2531]]],[[[139.5553,42.2532],[139.5551,42.2532],[139.5553,42.2532],[139.5553,42.2532]]],[[[139.5578,42.2534],[139.5579,42.2532],[139.5578,42.2533],[139.5578,42.2534]]],[[[139.5588,42.2535],[139.5589,42.2535],[139.5589,42.2535],[139.5588,42.2535]]],[[[139.5549,42.2536],[139.5549,42.2534],[139.5548,42.2534],[139.5549,42.2536]]],[[[139.5582,42.2536],[139.5582,42.2537],[139.5583,42.2537],[139.5582,42.2536]]],[[[139.5584,42.2537],[139.5583,42.2538],[139.5585,42.2538],[139.5584,42.2537]]],[[[139.558,42.2537],[139.558,42.2538],[139.5581,42.2538],[139.558,42.2537]]],[[[139.5566,42.254],[139.5566,42.254],[139.5567,42.254],[139.5566,42.254]]],[[[139.558,42.254],[139.5579,42.2541],[139.558,42.254],[139.558,42.254]]],[[[139.5601,42.2541],[139.56,42.2543],[139.5601,42.2542],[139.5601,42.2541]]],[[[139.5571,42.2542],[139.5569,42.2542],[139.557,42.2543],[139.5571,42.2542]]],[[[139.5598,42.2543],[139.5597,42.2542],[139.5596,42.2543],[139.5598,42.2543]]],[[[139.5589,42.2543],[139.559,42.2545],[139.559,42.2543],[139.5589,42.2543]]],[[[139.5599,42.2544],[139.56,42.2545],[139.56,42.2544],[139.5599,42.2544]]],[[[139.5579,42.2544],[139.5581,42.2546],[139.5582,42.2546],[139.5579,42.2544]]],[[[139.5572,42.255],[139.5573,42.255],[139.5573,42.255],[139.5572,42.255]]],[[[139.5573,42.2551],[139.5572,42.2552],[139.5573,42.2552],[139.5573,42.2551]]],[[[139.5569,42.2552],[139.5568,42.2552],[139.5568,42.2552],[139.5569,42.2552]]]]}},{"type":"Feature","properties":{"id":"01370","name":"今金町","pref":"北海道"},"geometry":{"type":"Polygon","coordinates":[[[140.0042,42.2725],[139.9881,42.2844],[139.986,42.3023],[139.9696,42.3203],[139.961,42.3557],[139.9478,42.3715],[139.9594,42.3914],[139.9223,42.4125],[139.95,42.4115],[139.9451,42.4161],[139.9623,42.4284],[139.9552,42.4341],[139.9836,42.4616],[139.9899,42.4826],[139.9696,42.5092],[140.0288,42.545],[140.0372,42.5602],[140.0516,42.5537],[140.0812,42.5587],[140.1173,42.545],[140.1566,42.5863],[140.1471,42.6056],[140.1514,42.6157],[140.1856,42.6119],[140.1929,42.5826],[140.2122,42.572],[140.2281,42.5732],[140.232,42.5658],[140.2453,42.5689],[140.248,42.5558],[140.2661,42.5486],[140.2312,42.4927],[140.2089,42.4708],[140.2159,42.4645],[140.2125,42.4485],[140.2309,42.4307],[140.2253,42.4195],[140.2372,42.404],[140.2306,42.3949],[140.1597,42.3722],[140.1472,42.3564],[140.133,42.3577],[140.1245,42.343],[140.0854,42.3346],[140.0988,42.3143],[140.0834,42.3117],[140.0856,42.3007],[140.0598,42.28],[140.0269,42.2824],[140.0225,42.2734],[140.0042,42.2725]]]}},{"type":"Feature","properties":{"id":"01371","name":"せたな町","pref":"北海道"},"geometry":{"type":"MultiPolygon","coordinates":[[[[139.789,42.2417],[139.7889,42.2417],[139.789,42.2417],[139.789,42.2417]]],[[[139.7881,42.2431],[139.7881,42.2432],[139.7881,42.2432],[139.7881,42.2431]]],[[[139.7884,42.2432],[139.7884,42.2433],[139.7885,42.2433],[139.7884,42.2432]]],[[[139.7883,42.2434],[139.7884,42.2435],[139.7884,42.2434],[139.7883,42.2434]]],[[[139.7879,42.2441],[139.7878,42.2442],[139.7879,42.2442],[139.7879,42.2441]]],[[[139.7865,42.2453],[139.7864,42.2457],[139.7866,42.2456],[139.7865,42.2453]]],[[[139.7858,42.2467],[139.7856,42.2465],[139.7855,42.2466],[139.7858,42.2467]]],[[[139.7855,42.2468],[139.7856,42.2467],[139.7855,42.2467],[139.7855,42.2468]]],[[[139.7751,42.2622],[139.7751,42.2623],[139.7751,42.2623],[139.7751,42.2622]]],[[[139.7752,42.2626],[139.7752,42.2627],[139.7752,42.2626],[139.7752,42.2626]]],[[[139.7763,42.2641],[139.7765,42.2637],[139.776,42.2638],[139.7763,42.2641]]],[[[139.7764,42.2644],[139.7765,42.2642],[139.7763,42.2644],[139.7764,42.2644]]],[[[139.7845,42.276],[139.7845,42.2761],[139.7847,42.276],[139.7845,42.276]]],[[[139.7835,42.2769],[139.7837,42.2771],[139.7837,42.277],[139.7835,42.2769]]],[[[139.7815,42.2791],[139.7808,42.28],[139.781,42.2801],[139.7815,42.2791]]],[[[139.7772,42.2892],[139.777,42.2893],[139.7772,42.2893],[139.7772,42.2892]]],[[[139.7753,42.2911],[139.7752,42.2915],[139.7755,42.2913],[139.7753,42.2911]]],[[[139.766,42.3064],[139.7662,42.3058],[139.7657,42.3061],[139.766,42.3064]]],[[[139.7693,42.3168],[139.7691,42.3168],[139.7692,42.3168],[139.7693,42.3168]]],[[[139.7695,42.3171],[139.7695,42.3173],[139.7696,42.3172],[139.7695,42.3171]]],[[[139.7713,42.3198],[139.771,42.3195],[139.771,42.3196],[139.7713,42.3198]]],[[[139.7719,42.3227],[139.7718,42.3226],[139.7718,42.3227],[139.7719,42.3227]]],[[[139.7725,42.3225],[139.7728,42.3227],[139.7728,42.3226],[139.7725,42.3225]]],[[[139.7709,42.3231],[139.7707,42.3233],[139.771,42.3233],[139.7709,42.3231]]],[[[139.7716,42.3233],[139.7716,42.3232],[139.7715,42.3233],[139.7716,42.3233]]],[[[139.7719,42.3235],[139.7718,42.3233],[139.7717,42.3234],[139.7719,42.3235]]],[[[139.7729,42.3237],[139.7728,42.3235],[139.7727,42.3236],[139.7729,42.3237]]],[[[139.7729,42.3238],[139.7727,42.3237],[139.7727,42.3238],[139.7729,42.3238]]],[[[139.7726,42.3248],[139.7723,42.3249],[139.7726,42.3249],[139.7726,42.3248]]],[[[139.7723,42.3277],[139.7721,42.3274],[139.7719,42.3277],[139.7723,42.3277]]],[[[139.7715,42.329],[139.771,42.3288],[139.7708,42.329],[139.7715,42.329]]],[[[139.7708,42.3293],[139.7716,42.3295],[139.7717,42.3292],[139.7708,42.3293]]],[[[139.7718,42.3296],[139.7716,42.3298],[139.7718,42.3297],[139.7718,42.3296]]],[[[139.7726,42.3305],[139.7726,42.3307],[139.7727,42.3307],[139.7726,42.3305]]],[[[139.7857,42.3526],[139.7855,42.3526],[139.7857,42.3526],[139.7857,42.3526]]],[[[139.786,42.3527],[139.786,42.3529],[139.7861,42.3528],[139.786,42.3527]]],[[[139.78,42.3529],[139.7801,42.3531],[139.7802,42.353],[139.78,42.3529]]],[[[139.7872,42.353],[139.7872,42.3531],[139.7873,42.353],[139.7872,42.353]]],[[[139.7809,42.353],[139.7806,42.3531],[139.7808,42.3531],[139.7809,42.353]]],[[[139.7866,42.3531],[139.7865,42.353],[139.7865,42.3531],[139.7866,42.3531]]],[[[139.7869,42.353],[139.7869,42.3532],[139.787,42.3531],[139.7869,42.353]]],[[[139.7872,42.3533],[139.7872,42.3532],[139.7871,42.3532],[139.7872,42.3533]]],[[[139.7833,42.3534],[139.7829,42.3531],[139.7831,42.3534],[139.7833,42.3534]]],[[[139.7872,42.3533],[139.7873,42.3534],[139.7874,42.3533],[139.7872,42.3533]]],[[[139.7862,42.3534],[139.786,42.3535],[139.7862,42.3535],[139.7862,42.3534]]],[[[139.7811,42.3534],[139.7809,42.3534],[139.781,42.3535],[139.7811,42.3534]]],[[[139.7823,42.3535],[139.7823,42.3534],[139.7823,42.3534],[139.7823,42.3535]]],[[[139.7827,42.3535],[139.7829,42.3534],[139.7827,42.3534],[139.7827,42.3535]]],[[[139.7865,42.3535],[139.7866,42.3534],[139.7865,42.3534],[139.7865,42.3535]]],[[[139.7871,42.3535],[139.7869,42.3535],[139.787,42.3535],[139.7871,42.3535]]],[[[139.7802,42.3535],[139.7803,42.3534],[139.7801,42.3535],[139.7802,42.3535]]],[[[139.7822,42.3536],[139.7822,42.3538],[139.7824,42.3537],[139.7822,42.3536]]],[[[139.7884,42.3537],[139.7885,42.3537],[139.7885,42.3536],[139.7884,42.3537]]],[[[139.7814,42.3538],[139.7813,42.3537],[139.7813,42.3538],[139.7814,42.3538]]],[[[139.7887,42.354],[139.7889,42.3539],[139.7887,42.3539],[139.7887,42.354]]],[[[139.7815,42.3539],[139.7815,42.3541],[139.7816,42.354],[139.7815,42.3539]]],[[[139.7989,42.229],[139.7991,42.2291],[139.7991,42.2291],[139.7989,42.229]]],[[[139.7948,42.2319],[139.7946,42.2317],[139.7946,42.2319],[139.7948,42.2319]]],[[[139.7942,42.2322],[139.7943,42.2321],[139.7941,42.2321],[139.7942,42.2322]]],[[[139.7946,42.232],[139.7947,42.2325],[139.7949,42.2323],[139.7946,42.232]]],[[[139.7938,42.2347],[139.7937,42.2348],[139.7938,42.2348],[139.7938,42.2347]]],[[[139.7938,42.2353],[139.7939,42.2353],[139.7938,42.2353],[139.7938,42.2353]]],[[[139.7931,42.2353],[139.7932,42.2353],[139.7932,42.2353],[139.7931,42.2353]]],[[[139.7938,42.2356],[139.7936,42.2357],[139.7938,42.2357],[139.7938,42.2356]]],[[[139.7893,42.2388],[139.7895,42.2389],[139.7895,42.2389],[139.7893,42.2388]]],[[[139.7899,42.2393],[139.7899,42.2391],[139.7897,42.2391],[139.7899,42.2393]]],[[[139.7892,42.2392],[139.7895,42.2396],[139.7898,42.2394],[139.7892,42.2392]]],[[[139.789,42.2397],[139.7889,42.2397],[139.789,42.2397],[139.789,42.2397]]],[[[139.7894,42.24],[139.7894,42.2398],[139.7893,42.2398],[139.7894,42.24]]],[[[139.789,42.2411],[139.789,42.2413],[139.7891,42.2411],[139.789,42.2411]]],[[[139.7891,42.242],[139.789,42.2421],[139.7891,42.2421],[139.7891,42.242]]],[[[139.7893,42.3553],[139.7897,42.3552],[139.7893,42.355],[139.7893,42.3553]]],[[[139.7899,42.3554],[139.79,42.3552],[139.7899,42.3552],[139.7899,42.3554]]],[[[139.7912,42.3559],[139.7915,42.3558],[139.7913,42.3557],[139.7912,42.3559]]],[[[139.7895,42.3561],[139.7896,42.356],[139.7895,42.356],[139.7895,42.3561]]],[[[139.7889,42.3563],[139.789,42.3562],[139.7888,42.3562],[139.7889,42.3563]]],[[[139.7892,42.3563],[139.7892,42.3565],[139.7893,42.3564],[139.7892,42.3563]]],[[[139.7909,42.3569],[139.7912,42.3567],[139.7907,42.3567],[139.7909,42.3569]]],[[[139.7923,42.3569],[139.7924,42.357],[139.7924,42.3569],[139.7923,42.3569]]],[[[139.7915,42.3569],[139.7913,42.3569],[139.7914,42.357],[139.7915,42.3569]]],[[[139.7926,42.357],[139.7927,42.3569],[139.7925,42.3569],[139.7926,42.357]]],[[[139.7925,42.3571],[139.7925,42.3572],[139.7926,42.3572],[139.7925,42.3571]]],[[[139.7909,42.3573],[139.791,42.3575],[139.7911,42.3574],[139.7909,42.3573]]],[[[139.7899,42.3573],[139.7898,42.3575],[139.79,42.3574],[139.7899,42.3573]]],[[[139.7917,42.3581],[139.792,42.3576],[139.7914,42.3579],[139.7917,42.3581]]],[[[139.7907,42.358],[139.7908,42.3579],[139.7906,42.3579],[139.7907,42.358]]],[[[139.7943,42.358],[139.7946,42.3581],[139.7945,42.358],[139.7943,42.358]]],[[[139.7948,42.3581],[139.7947,42.3583],[139.7949,42.3582],[139.7948,42.3581]]],[[[139.7966,42.3582],[139.7964,42.3583],[139.7966,42.3582],[139.7966,42.3582]]],[[[139.7958,42.3586],[139.7956,42.3585],[139.7957,42.3586],[139.7958,42.3586]]],[[[139.7998,42.3601],[139.7996,42.3601],[139.7997,42.3602],[139.7998,42.3601]]],[[[139.7995,42.3603],[139.7993,42.3602],[139.7993,42.3603],[139.7995,42.3603]]],[[[139.8004,42.3604],[139.8003,42.3602],[139.8002,42.3603],[139.8004,42.3604]]],[[[139.7951,42.3605],[139.7953,42.3604],[139.7952,42.3604],[139.7951,42.3605]]],[[[139.8002,42.3606],[139.8004,42.3605],[139.8002,42.3604],[139.8002,42.3606]]],[[[139.8005,42.3605],[139.8007,42.3606],[139.8007,42.3605],[139.8005,42.3605]]],[[[139.7993,42.3607],[139.7995,42.3606],[139.7993,42.3606],[139.7993,42.3607]]],[[[139.8015,42.3616],[139.8013,42.3618],[139.8016,42.3617],[139.8015,42.3616]]],[[[139.7993,42.362],[139.7995,42.3619],[139.7993,42.3619],[139.7993,42.362]]],[[[139.8019,42.3625],[139.8017,42.3625],[139.8019,42.3626],[139.8019,42.3625]]],[[[139.8016,42.3629],[139.8013,42.3629],[139.8014,42.363],[139.8016,42.3629]]],[[[139.8017,42.3645],[139.8016,42.3646],[139.8018,42.3646],[139.8017,42.3645]]],[[[139.8013,42.3649],[139.8014,42.3648],[139.8013,42.3648],[139.8013,42.3649]]],[[[139.8016,42.365],[139.8017,42.3649],[139.8015,42.3649],[139.8016,42.365]]],[[[139.8021,42.365],[139.802,42.3652],[139.8022,42.3651],[139.8021,42.365]]],[[[139.8021,42.3656],[139.8018,42.3656],[139.8019,42.3658],[139.8021,42.3656]]],[[[139.8015,42.3657],[139.8013,42.3656],[139.8013,42.3656],[139.8015,42.3657]]],[[[139.8023,42.3663],[139.8021,42.3662],[139.8021,42.3663],[139.8023,42.3663]]],[[[139.8021,42.3666],[139.8022,42.3667],[139.8022,42.3666],[139.8021,42.3666]]],[[[139.8021,42.3669],[139.8024,42.3669],[139.8022,42.3668],[139.8021,42.3669]]],[[[139.8031,42.3686],[139.8031,42.3684],[139.803,42.3685],[139.8031,42.3686]]],[[[139.8082,42.3711],[139.8084,42.3711],[139.8082,42.3711],[139.8082,42.3711]]],[[[139.8258,42.2193],[139.8268,42.2185],[139.8256,42.2192],[139.8258,42.2193]]],[[[139.8306,42.2195],[139.8321,42.2194],[139.8334,42.22],[139.8321,42.2193],[139.8306,42.2194],[139.8295,42.2191],[139.8279,42.2192],[139.8306,42.2195]]],[[[139.8184,42.2211],[139.8177,42.2218],[139.8185,42.2212],[139.8184,42.2211]]],[[[139.8247,42.2232],[139.8241,42.2234],[139.8247,42.2234],[139.8247,42.2232]]],[[[139.8235,42.223],[139.8237,42.2234],[139.8237,42.2229],[139.8235,42.223]]],[[[139.8136,42.2237],[139.8139,42.2235],[139.8136,42.2234],[139.8136,42.2237]]],[[[139.8135,42.2241],[139.8136,42.2239],[139.8135,42.2239],[139.8135,42.2241]]],[[[139.8136,42.2245],[139.8137,42.2246],[139.8137,42.2245],[139.8136,42.2245]]],[[[139.81,42.2283],[139.81,42.2284],[139.8101,42.2284],[139.81,42.2283]]],[[[139.8103,42.2284],[139.8103,42.2285],[139.8104,42.2284],[139.8103,42.2284]]],[[[139.8091,42.3707],[139.809,42.3706],[139.809,42.3707],[139.8091,42.3707]]],[[[139.81,42.3715],[139.8099,42.3713],[139.8098,42.3714],[139.81,42.3715]]],[[[139.8108,42.3718],[139.8105,42.3717],[139.8105,42.3719],[139.8108,42.3718]]],[[[139.8108,42.3722],[139.8109,42.3723],[139.8109,42.3721],[139.8108,42.3722]]],[[[139.811,42.3727],[139.8112,42.3729],[139.8113,42.3727],[139.811,42.3727]]],[[[139.8113,42.373],[139.8111,42.3731],[139.8113,42.3732],[139.8113,42.373]]],[[[139.8125,42.3737],[139.8126,42.3735],[139.8125,42.3736],[139.8125,42.3737]]],[[[139.8116,42.3743],[139.8117,42.3739],[139.8114,42.3738],[139.8116,42.3743]]],[[[139.8142,42.3758],[139.8144,42.3758],[139.8143,42.3757],[139.8142,42.3758]]],[[[139.8146,42.376],[139.8143,42.3761],[139.8145,42.3762],[139.8146,42.376]]],[[[139.8146,42.3764],[139.8147,42.3765],[139.8148,42.3765],[139.8146,42.3764]]],[[[139.8149,42.3766],[139.8147,42.3768],[139.8149,42.3768],[139.8149,42.3766]]],[[[139.8166,42.3794],[139.8169,42.3795],[139.8168,42.3794],[139.8166,42.3794]]],[[[139.8144,42.3813],[139.8147,42.3813],[139.8146,42.3812],[139.8144,42.3813]]],[[[139.8152,42.3821],[139.8152,42.3819],[139.8151,42.3819],[139.8152,42.3821]]],[[[139.8141,42.3823],[139.8149,42.3822],[139.815,42.382],[139.8141,42.3823]]],[[[139.8144,42.3827],[139.8145,42.3825],[139.8141,42.3825],[139.8144,42.3827]]],[[[139.8157,42.3829],[139.816,42.3825],[139.8158,42.3825],[139.8157,42.3829]]],[[[139.8165,42.3841],[139.8167,42.384],[139.8166,42.384],[139.8165,42.3841]]],[[[139.817,42.3841],[139.8172,42.3843],[139.8173,42.3842],[139.817,42.3841]]],[[[139.8178,42.3842],[139.818,42.3843],[139.818,42.3842],[139.8178,42.3842]]],[[[139.8167,42.3843],[139.8166,42.3844],[139.8167,42.3844],[139.8167,42.3843]]],[[[139.8184,42.3846],[139.8185,42.3849],[139.8186,42.3848],[139.8184,42.3846]]],[[[139.817,42.3849],[139.8167,42.385],[139.817,42.385],[139.817,42.3849]]],[[[139.8185,42.3858],[139.8183,42.3857],[139.8183,42.3858],[139.8185,42.3858]]],[[[139.8187,42.3858],[139.8186,42.386],[139.8188,42.3859],[139.8187,42.3858]]],[[[139.8185,42.3862],[139.8183,42.3861],[139.8183,42.3862],[139.8185,42.3862]]],[[[139.8183,42.3874],[139.8181,42.3872],[139.8183,42.3875],[139.8183,42.3874]]],[[[139.8171,42.3889],[139.8176,42.3886],[139.817,42.3886],[139.8171,42.3889]]],[[[139.8217,42.3888],[139.8219,42.3889],[139.8219,42.3887],[139.8217,42.3888]]],[[[139.8203,42.3895],[139.8203,42.3898],[139.8205,42.3897],[139.8203,42.3895]]],[[[139.834,42.404],[139.834,42.4042],[139.8341,42.4041],[139.834,42.404]]],[[[139.8343,42.4041],[139.8344,42.4043],[139.8345,42.4042],[139.8343,42.4041]]],[[[139.8361,42.4067],[139.8359,42.4068],[139.8361,42.4068],[139.8361,42.4067]]],[[[139.8339,42.4505],[139.8399,42.4536],[139.84,42.4535],[139.8339,42.4505]]],[[[139.8389,42.5134],[139.8381,42.5134],[139.8381,42.5137],[139.8389,42.5134]]],[[[139.8355,42.5435],[139.8356,42.5431],[139.8354,42.5434],[139.8355,42.5435]]],[[[139.8384,42.5441],[139.8385,42.5443],[139.8386,42.5441],[139.8384,42.5441]]],[[[139.8352,42.5509],[139.8345,42.5493],[139.8344,42.5493],[139.8352,42.5509]]],[[[139.8328,42.5724],[139.8328,42.5722],[139.8326,42.5723],[139.8328,42.5724]]],[[[139.831,42.5756],[139.8313,42.5759],[139.8315,42.5759],[139.831,42.5756]]],[[[139.8281,42.5775],[139.8284,42.5773],[139.828,42.5773],[139.8281,42.5775]]],[[[139.8279,42.5784],[139.8283,42.5786],[139.8284,42.5785],[139.8279,42.5784]]],[[[139.8281,42.5801],[139.8281,42.5799],[139.8278,42.58],[139.8281,42.5801]]],[[[139.8276,42.5809],[139.8274,42.5812],[139.8278,42.581],[139.8276,42.5809]]],[[[139.827,42.5814],[139.8271,42.5817],[139.8272,42.5817],[139.827,42.5814]]],[[[139.8442,42.2192],[139.8428,42.2185],[139.8442,42.2194],[139.8442,42.2192]]],[[[139.8442,42.2191],[139.8444,42.2189],[139.8441,42.2189],[139.8442,42.2191]]],[[[139.8387,42.22],[139.839,42.2197],[139.8387,42.2197],[139.8387,42.22]]],[[[139.8402,42.2197],[139.8404,42.2201],[139.8407,42.22],[139.8402,42.2197]]],[[[139.8456,42.4344],[139.8459,42.4343],[139.8457,42.4342],[139.8456,42.4344]]],[[[139.8453,42.4349],[139.8454,42.4347],[139.8452,42.4347],[139.8453,42.4349]]],[[[139.8459,42.4355],[139.8458,42.4353],[139.8457,42.4354],[139.8459,42.4355]]],[[[139.8411,42.4396],[139.8406,42.4392],[139.8404,42.4396],[139.8411,42.4396]]],[[[139.8412,42.4398],[139.8414,42.4398],[139.8412,42.4397],[139.8412,42.4398]]],[[[139.8405,42.4401],[139.8406,42.4399],[139.8404,42.44],[139.8405,42.4401]]],[[[139.8404,42.4411],[139.8398,42.4413],[139.8404,42.4414],[139.8404,42.4411]]],[[[139.8381,42.4405],[139.8387,42.4458],[139.839,42.4458],[139.8381,42.4405]]],[[[139.8423,42.4437],[139.8426,42.4437],[139.8424,42.4436],[139.8423,42.4437]]],[[[139.8414,42.4461],[139.8419,42.4464],[139.8418,42.4459],[139.8414,42.4461]]],[[[139.8417,42.4467],[139.8416,42.4465],[139.8415,42.4466],[139.8417,42.4467]]],[[[139.8401,42.4484],[139.8401,42.4485],[139.8402,42.4484],[139.8401,42.4484]]],[[[139.8372,42.4499],[139.8405,42.4471],[139.8404,42.4471],[139.8372,42.4499]]],[[[139.8395,42.4485],[139.8399,42.4489],[139.8401,42.4486],[139.8395,42.4485]]],[[[139.8419,42.4559],[139.8424,42.4558],[139.8418,42.4558],[139.8419,42.4559]]],[[[139.8421,42.4561],[139.8424,42.456],[139.8421,42.456],[139.8421,42.4561]]],[[[139.8434,42.4562],[139.8434,42.456],[139.8433,42.456],[139.8434,42.4562]]],[[[139.8427,42.456],[139.8428,42.4563],[139.8429,42.4563],[139.8427,42.456]]],[[[139.8457,42.4601],[139.8459,42.46],[139.8456,42.46],[139.8457,42.4601]]],[[[139.8462,42.4734],[139.8464,42.4733],[139.8461,42.4733],[139.8462,42.4734]]],[[[139.8467,42.4755],[139.8471,42.4757],[139.8472,42.4756],[139.8467,42.4755]]],[[[139.8464,42.4759],[139.8465,42.4757],[139.8462,42.4757],[139.8464,42.4759]]],[[[139.8459,42.4759],[139.8463,42.476],[139.8464,42.4759],[139.8459,42.4759]]],[[[139.8466,42.4768],[139.8471,42.477],[139.8473,42.4769],[139.8466,42.4768]]],[[[139.8468,42.4786],[139.8467,42.4785],[139.8466,42.4785],[139.8468,42.4786]]],[[[139.8463,42.4791],[139.8463,42.4789],[139.8462,42.479],[139.8463,42.4791]]],[[[139.8469,42.4792],[139.8468,42.479],[139.8467,42.4791],[139.8469,42.4792]]],[[[139.8452,42.4798],[139.8457,42.4797],[139.8451,42.4797],[139.8452,42.4798]]],[[[139.8445,42.48],[139.8446,42.4798],[139.8444,42.4798],[139.8445,42.48]]],[[[139.8449,42.4806],[139.8446,42.4809],[139.8449,42.4806],[139.8449,42.4806]]],[[[139.8441,42.481],[139.8443,42.4801],[139.844,42.481],[139.8428,42.4821],[139.8435,42.4821],[139.8434,42.4818],[139.8441,42.481]]],[[[139.846,42.4822],[139.846,42.482],[139.8458,42.4821],[139.846,42.4822]]],[[[139.8466,42.4843],[139.8466,42.4841],[139.8465,42.4842],[139.8466,42.4843]]],[[[139.8463,42.4864],[139.8462,42.4863],[139.8461,42.4864],[139.8463,42.4864]]],[[[139.8458,42.4866],[139.8459,42.4863],[139.8457,42.4865],[139.8458,42.4866]]],[[[139.8463,42.4866],[139.8466,42.4866],[139.8465,42.4865],[139.8463,42.4866]]],[[[139.846,42.4866],[139.8461,42.4872],[139.8463,42.4867],[139.846,42.4866]]],[[[139.8465,42.4872],[139.8468,42.487],[139.8465,42.4869],[139.8465,42.4872]]],[[[139.8463,42.4938],[139.8466,42.4937],[139.8465,42.4936],[139.8463,42.4938]]],[[[139.8461,42.4941],[139.8464,42.4943],[139.8463,42.4941],[139.8461,42.4941]]],[[[139.8444,42.4953],[139.8439,42.4949],[139.8438,42.4954],[139.8444,42.4953]]],[[[139.8436,42.4969],[139.8438,42.4968],[139.8436,42.4966],[139.8436,42.4969]]],[[[139.8426,42.4973],[139.8427,42.4976],[139.8428,42.4974],[139.8426,42.4973]]],[[[139.8425,42.5036],[139.8419,42.503],[139.8419,42.5031],[139.8425,42.5036]]],[[[139.8416,42.5124],[139.8426,42.5132],[139.843,42.5129],[139.8416,42.5124]]],[[[139.8394,42.5128],[139.8388,42.5132],[139.8395,42.5132],[139.8394,42.5128]]],[[[139.8426,42.5133],[139.8425,42.5136],[139.8428,42.5134],[139.8426,42.5133]]],[[[139.8432,42.5154],[139.8434,42.5152],[139.8432,42.5152],[139.8432,42.5154]]],[[[139.8434,42.5157],[139.8437,42.5159],[139.8437,42.5157],[139.8434,42.5157]]],[[[139.844,42.5252],[139.8434,42.5243],[139.8433,42.5243],[139.844,42.5252]]],[[[139.8441,42.5291],[139.8443,42.5289],[139.8441,42.5289],[139.8441,42.5291]]],[[[139.8442,42.5292],[139.8444,42.5293],[139.8445,42.5291],[139.8442,42.5292]]],[[[139.8964,42.1728],[139.8963,42.1729],[139.8965,42.1728],[139.8964,42.1728]]],[[[139.8955,42.1729],[139.8956,42.1728],[139.8956,42.1728],[139.8955,42.1729]]],[[[139.8956,42.1731],[139.8956,42.1732],[139.8957,42.1731],[139.8956,42.1731]]],[[[139.8959,42.1733],[139.8959,42.1732],[139.8958,42.1733],[139.8959,42.1733]]],[[[139.8966,42.1761],[139.8965,42.1762],[139.8965,42.1762],[139.8966,42.1761]]],[[[139.8958,42.1765],[139.8959,42.1765],[139.8959,42.1765],[139.8958,42.1765]]],[[[139.8963,42.1767],[139.8962,42.1766],[139.8962,42.1766],[139.8963,42.1767]]],[[[139.8961,42.1767],[139.8961,42.1769],[139.8962,42.1767],[139.8961,42.1767]]],[[[139.8965,42.177],[139.8964,42.177],[139.8965,42.1771],[139.8965,42.177]]],[[[139.8941,42.1775],[139.8941,42.1774],[139.894,42.1774],[139.8941,42.1775]]],[[[139.8947,42.1776],[139.8947,42.1777],[139.8948,42.1777],[139.8947,42.1776]]],[[[139.8939,42.1787],[139.8938,42.1788],[139.8939,42.1788],[139.8939,42.1787]]],[[[139.8939,42.1791],[139.894,42.1791],[139.8939,42.1791],[139.8939,42.1791]]],[[[139.8862,42.187],[139.8862,42.1871],[139.8863,42.1871],[139.8862,42.187]]],[[[139.8858,42.1882],[139.886,42.1879],[139.8857,42.1878],[139.8858,42.1882]]],[[[139.8825,42.1905],[139.8824,42.1906],[139.8825,42.1905],[139.8825,42.1905]]],[[[139.8821,42.1907],[139.8822,42.1908],[139.8822,42.1907],[139.8821,42.1907]]],[[[139.8817,42.1911],[139.8817,42.1912],[139.8818,42.1911],[139.8817,42.1911]]],[[[139.88,42.2034],[139.8802,42.2032],[139.88,42.2032],[139.88,42.2034]]],[[[139.8789,42.2045],[139.8786,42.2049],[139.8792,42.2049],[139.8789,42.2045]]],[[[139.8794,42.2053],[139.8795,42.2056],[139.8797,42.2055],[139.8794,42.2053]]],[[[139.8529,42.2163],[139.8524,42.2163],[139.8525,42.2165],[139.8529,42.2163]]],[[[139.8572,42.2167],[139.8575,42.2166],[139.8573,42.2164],[139.8572,42.2167]]],[[[139.8495,42.217],[139.8496,42.2168],[139.8493,42.2169],[139.8495,42.217]]],[[[139.8492,42.2171],[139.8491,42.2172],[139.8493,42.2171],[139.8492,42.2171]]],[[[139.8486,42.2181],[139.8484,42.2184],[139.8489,42.2183],[139.8486,42.2181]]],[[[139.8483,42.4578],[139.8481,42.4577],[139.8481,42.4578],[139.8483,42.4578]]],[[[139.8481,42.4581],[139.8483,42.4579],[139.8481,42.458],[139.8481,42.4581]]],[[[139.8475,42.4587],[139.8474,42.4577],[139.847,42.4582],[139.8475,42.4587]]],[[[139.849,42.4586],[139.8492,42.4585],[139.849,42.4585],[139.849,42.4586]]],[[[139.849,42.4589],[139.8489,42.4587],[139.8488,42.4589],[139.849,42.4589]]],[[[139.849,42.4592],[139.8483,42.4591],[139.8487,42.4594],[139.849,42.4592]]],[[[139.8484,42.4596],[139.8483,42.4594],[139.8482,42.4595],[139.8484,42.4596]]],[[[139.8477,42.4599],[139.8479,42.4597],[139.8477,42.4597],[139.8477,42.4599]]],[[[139.8514,42.4634],[139.8507,42.4627],[139.8505,42.4631],[139.8514,42.4634]]],[[[139.8488,42.4639],[139.8489,42.4638],[139.8488,42.4638],[139.8488,42.4639]]],[[[139.8504,42.4677],[139.8505,42.4676],[139.8504,42.4676],[139.8504,42.4677]]],[[[139.8502,42.4686],[139.8504,42.4684],[139.8501,42.4685],[139.8502,42.4686]]],[[[139.8501,42.4692],[139.8498,42.4691],[139.8499,42.4693],[139.8501,42.4692]]],[[[139.8511,42.4698],[139.8509,42.4697],[139.8509,42.4698],[139.8511,42.4698]]],[[[139.8511,42.47],[139.851,42.4699],[139.851,42.47],[139.8511,42.47]]],[[[139.8513,42.4703],[139.8514,42.4702],[139.8512,42.4702],[139.8513,42.4703]]],[[[139.8497,42.4722],[139.8499,42.4723],[139.8498,42.4721],[139.8497,42.4722]]],[[[139.8502,42.4726],[139.8499,42.4727],[139.8502,42.4726],[139.8502,42.4726]]],[[[139.8488,42.4738],[139.8486,42.4737],[139.8486,42.4738],[139.8488,42.4738]]],[[[139.8486,42.4742],[139.8486,42.4741],[139.8485,42.4741],[139.8486,42.4742]]],[[[139.8471,42.4764],[139.8469,42.4762],[139.8468,42.4763],[139.8471,42.4764]]],[[[139.8473,42.4765],[139.8474,42.4763],[139.8472,42.4765],[139.8473,42.4765]]],[[[139.8474,42.4767],[139.8475,42.4765],[139.8473,42.4766],[139.8474,42.4767]]],[[[139.8471,42.4792],[139.8475,42.479],[139.8471,42.4791],[139.8471,42.4792]]],[[[139.8471,42.4844],[139.847,42.4843],[139.847,42.4844],[139.8471,42.4844]]],[[[139.8477,42.4845],[139.8475,42.4843],[139.8475,42.4844],[139.8477,42.4845]]],[[[139.8475,42.4854],[139.8475,42.4858],[139.8476,42.4857],[139.8475,42.4854]]],[[[139.8475,42.4881],[139.8478,42.4883],[139.8477,42.4881],[139.8475,42.4881]]],[[[139.8473,42.4884],[139.8474,42.4882],[139.8472,42.4882],[139.8473,42.4884]]],[[[139.8476,42.4924],[139.8476,42.4922],[139.8475,42.4922],[139.8476,42.4924]]],[[[139.9187,42.1342],[139.9178,42.1346],[139.9187,42.1343],[139.9187,42.1342]]],[[[139.9179,42.1359],[139.9174,42.137],[139.9175,42.137],[139.9179,42.1359]]],[[[139.9165,42.1362],[139.9174,42.1379],[139.9171,42.1361],[139.9165,42.1362]]],[[[139.9168,42.1414],[139.9168,42.1417],[139.917,42.1416],[139.9168,42.1414]]],[[[139.9171,42.1417],[139.9173,42.1417],[139.9172,42.1416],[139.9171,42.1417]]],[[[139.9176,42.1422],[139.9174,42.1424],[139.9176,42.1424],[139.9176,42.1422]]],[[[139.9171,42.1434],[139.9172,42.1432],[139.9171,42.1433],[139.9171,42.1434]]],[[[139.9168,42.1435],[139.9167,42.1433],[139.9166,42.1434],[139.9168,42.1435]]],[[[139.9172,42.1436],[139.9171,42.1437],[139.9173,42.1437],[139.9172,42.1436]]],[[[139.9163,42.1438],[139.9164,42.1437],[139.9162,42.1436],[139.9163,42.1438]]],[[[139.9161,42.144],[139.9168,42.1439],[139.9161,42.1438],[139.9161,42.144]]],[[[139.9149,42.1444],[139.9147,42.1443],[139.9147,42.1444],[139.9149,42.1444]]],[[[139.9153,42.1445],[139.9154,42.1443],[139.9151,42.1444],[139.9153,42.1445]]],[[[139.9159,42.1446],[139.9157,42.1446],[139.9158,42.1448],[139.9159,42.1446]]],[[[139.9149,42.146],[139.9151,42.1458],[139.9148,42.1458],[139.9149,42.146]]],[[[139.9138,42.1467],[139.9134,42.1478],[139.914,42.1472],[139.9138,42.1467]]],[[[139.9125,42.1478],[139.9129,42.1478],[139.9127,42.1477],[139.9125,42.1478]]],[[[139.9126,42.1509],[139.9126,42.1508],[139.9125,42.1509],[139.9126,42.1509]]],[[[139.9128,42.151],[139.9127,42.151],[139.9128,42.151],[139.9128,42.151]]],[[[139.9101,42.1514],[139.9098,42.1515],[139.9101,42.1515],[139.9101,42.1514]]],[[[139.9115,42.1519],[139.9117,42.1518],[139.9115,42.1517],[139.9115,42.1519]]],[[[139.9099,42.1549],[139.9101,42.1552],[139.9101,42.1549],[139.9099,42.1549]]],[[[139.9069,42.1572],[139.9068,42.1576],[139.9068,42.1576],[139.9069,42.1572]]],[[[139.9057,42.1578],[139.9054,42.1577],[139.9054,42.1578],[139.9057,42.1578]]],[[[139.9074,42.1575],[139.9069,42.158],[139.907,42.158],[139.9074,42.1575]]],[[[139.9059,42.1582],[139.9066,42.1583],[139.9059,42.1579],[139.9059,42.1582]]],[[[139.9054,42.159],[139.9056,42.1589],[139.9054,42.1588],[139.9054,42.159]]],[[[139.9073,42.1594],[139.9073,42.1597],[139.9075,42.1594],[139.9073,42.1594]]],[[[139.9066,42.1604],[139.9063,42.1603],[139.9063,42.1605],[139.9066,42.1604]]],[[[139.9058,42.1605],[139.9061,42.1603],[139.9058,42.1603],[139.9058,42.1605]]],[[[139.9052,42.1605],[139.905,42.1602],[139.9048,42.1604],[139.9052,42.1605]]],[[[139.9066,42.1609],[139.9062,42.1607],[139.9066,42.161],[139.9066,42.1609]]],[[[139.9056,42.1616],[139.9054,42.1616],[139.9054,42.1617],[139.9056,42.1616]]],[[[139.9056,42.1623],[139.9056,42.1621],[139.9055,42.1623],[139.9056,42.1623]]],[[[139.9053,42.1628],[139.9051,42.1626],[139.9051,42.1626],[139.9053,42.1628]]],[[[139.9047,42.1629],[139.9048,42.1627],[139.9048,42.1627],[139.9047,42.1629]]],[[[139.905,42.1634],[139.9047,42.1632],[139.9045,42.1634],[139.905,42.1634]]],[[[139.9041,42.1643],[139.9041,42.164],[139.9038,42.1643],[139.9041,42.1643]]],[[[139.9,42.1661],[139.9001,42.1659],[139.8999,42.166],[139.9,42.1661]]],[[[139.9036,42.166],[139.9036,42.1661],[139.9037,42.1661],[139.9036,42.166]]],[[[139.8999,42.1666],[139.9001,42.1667],[139.9001,42.1666],[139.8999,42.1666]]],[[[139.9006,42.1682],[139.9008,42.1682],[139.9008,42.1681],[139.9006,42.1682]]],[[[139.9013,42.1683],[139.9011,42.1682],[139.901,42.1683],[139.9013,42.1683]]],[[[139.9013,42.1686],[139.9012,42.1684],[139.901,42.1685],[139.9013,42.1686]]],[[[139.9007,42.169],[139.9007,42.1688],[139.9006,42.1689],[139.9007,42.169]]],[[[139.9006,42.1707],[139.9006,42.1704],[139.9005,42.1706],[139.9006,42.1707]]],[[[139.9004,42.1708],[139.9004,42.1709],[139.9005,42.1709],[139.9004,42.1708]]],[[[139.8998,42.1708],[139.8998,42.1714],[139.8999,42.1713],[139.8998,42.1708]]],[[[139.8989,42.1714],[139.8988,42.1712],[139.8987,42.1713],[139.8989,42.1714]]],[[[139.8978,42.1714],[139.8977,42.1715],[139.8978,42.1715],[139.8978,42.1714]]],[[[139.8993,42.1713],[139.8995,42.1716],[139.8996,42.1716],[139.8993,42.1713]]],[[[139.8972,42.1718],[139.8971,42.1717],[139.8971,42.1717],[139.8972,42.1718]]],[[[139.8988,42.1718],[139.8986,42.1718],[139.8988,42.1719],[139.8988,42.1718]]],[[[139.8966,42.1734],[139.8967,42.1733],[139.8966,42.1733],[139.8966,42.1734]]],[[[139.8713,42.2147],[139.8264,42.2241],[139.8173,42.2233],[139.8145,42.2207],[139.8142,42.2259],[139.8125,42.226],[139.8106,42.2278],[139.8121,42.2291],[139.7955,42.2306],[139.794,42.2362],[139.7887,42.2441],[139.7744,42.2592],[139.7857,42.2752],[139.766,42.3111],[139.7749,42.3253],[139.7806,42.3524],[139.7817,42.3535],[139.7847,42.3522],[139.7883,42.3531],[139.8013,42.3608],[139.8147,42.3745],[139.8172,42.3797],[139.8148,42.3813],[139.8191,42.3848],[139.8187,42.3881],[139.8173,42.3884],[139.8178,42.3886],[139.8176,42.3895],[139.8224,42.3882],[139.8242,42.3888],[139.8337,42.401],[139.8414,42.4186],[139.8468,42.4362],[139.8425,42.4556],[139.8478,42.4562],[139.8514,42.4607],[139.8529,42.4646],[139.8519,42.4712],[139.8464,42.4817],[139.8461,42.481],[139.8451,42.4812],[139.8477,42.4832],[139.8491,42.493],[139.8428,42.499],[139.8466,42.5285],[139.8331,42.5742],[139.8222,42.5916],[139.828,42.5958],[139.8232,42.6131],[139.9391,42.6137],[139.943,42.6076],[139.9317,42.596],[139.9365,42.5889],[140.0087,42.5809],[140.0299,42.5558],[140.0288,42.545],[139.9696,42.5092],[139.9905,42.4763],[139.955,42.4338],[139.9623,42.4284],[139.9585,42.422],[139.9451,42.4161],[139.9477,42.4103],[139.9223,42.4125],[139.9594,42.3914],[139.9478,42.3715],[139.962,42.3533],[139.9617,42.3371],[139.986,42.3023],[139.9881,42.2844],[140.03,42.2571],[140.0264,42.2481],[140.0382,42.223],[140.0097,42.2188],[140.0037,42.2031],[139.9924,42.1977],[139.9645,42.2049],[139.934,42.1836],[139.9393,42.1689],[139.9277,42.1533],[139.9295,42.1398],[139.9212,42.1353],[139.9175,42.1376],[139.9181,42.1432],[139.9049,42.1657],[139.9038,42.1663],[139.9001,42.1662],[139.9019,42.1686],[139.8958,42.1831],[139.8819,42.1914],[139.8806,42.2078],[139.8713,42.2147]]]]}},{"type":"Feature","properties":{"id":"01391","name":"島牧村","pref":"北海道"},"geometry":{"type":"MultiPolygon","coordinates":[[[[139.8386,42.6243],[139.839,42.6245],[139.8389,42.6243],[139.8386,42.6243]]],[[[139.8393,42.6244],[139.8397,42.6246],[139.8398,42.6245],[139.8393,42.6244]]],[[[139.8394,42.6247],[139.8396,42.625],[139.8397,42.6249],[139.8394,42.6247]]],[[[139.8396,42.6253],[139.8396,42.6251],[139.8395,42.6251],[139.8396,42.6253]]],[[[139.8493,42.6365],[139.8495,42.6368],[139.8496,42.6366],[139.8493,42.6365]]],[[[139.8491,42.637],[139.8495,42.6371],[139.8492,42.6369],[139.8491,42.637]]],[[[139.8478,42.6372],[139.848,42.6372],[139.8477,42.6372],[139.8478,42.6372]]],[[[139.8537,42.642],[139.8534,42.6423],[139.854,42.6421],[139.8537,42.642]]],[[[139.8546,42.6436],[139.8545,42.6434],[139.8545,42.6435],[139.8546,42.6436]]],[[[139.8541,42.6437],[139.8543,42.6435],[139.8541,42.6436],[139.8541,42.6437]]],[[[139.8555,42.6475],[139.8558,42.6477],[139.8558,42.6475],[139.8555,42.6475]]],[[[139.8555,42.6479],[139.8557,42.648],[139.8556,42.6479],[139.8555,42.6479]]],[[[139.8588,42.6521],[139.8588,42.652],[139.8587,42.652],[139.8588,42.6521]]],[[[139.8577,42.6521],[139.858,42.6524],[139.8584,42.652],[139.8577,42.6521]]],[[[139.8595,42.6535],[139.8593,42.6538],[139.8597,42.6537],[139.8595,42.6535]]],[[[139.8613,42.654],[139.8614,42.6543],[139.8615,42.6541],[139.8613,42.654]]],[[[139.8629,42.6563],[139.8632,42.6564],[139.8632,42.6563],[139.8629,42.6563]]],[[[139.8631,42.6566],[139.8632,42.6568],[139.8633,42.6568],[139.8631,42.6566]]],[[[139.8624,42.6567],[139.8625,42.6569],[139.8625,42.6567],[139.8624,42.6567]]],[[[139.8628,42.657],[139.8628,42.6568],[139.8627,42.6569],[139.8628,42.657]]],[[[139.8626,42.6571],[139.8629,42.6573],[139.8629,42.6572],[139.8626,42.6571]]],[[[139.8651,42.6604],[139.8653,42.6605],[139.8654,42.6604],[139.8651,42.6604]]],[[[139.8656,42.6608],[139.8655,42.6607],[139.8654,42.6608],[139.8656,42.6608]]],[[[139.8666,42.6607],[139.8665,42.6609],[139.8666,42.6608],[139.8666,42.6607]]],[[[139.8656,42.6611],[139.8655,42.6613],[139.8656,42.6612],[139.8656,42.6611]]],[[[139.8675,42.6638],[139.8678,42.6639],[139.8677,42.6637],[139.8675,42.6638]]],[[[139.8732,42.6668],[139.8739,42.6666],[139.8735,42.6663],[139.8732,42.6668]]],[[[139.877,42.668],[139.8774,42.6682],[139.8774,42.6679],[139.877,42.668]]],[[[139.8766,42.668],[139.8764,42.6685],[139.8767,42.6685],[139.8766,42.668]]],[[[139.8752,42.6683],[139.8756,42.6683],[139.8755,42.6682],[139.8752,42.6683]]],[[[139.8235,42.6134],[139.8431,42.6258],[139.8414,42.6313],[139.8462,42.6318],[139.8548,42.6413],[139.8537,42.6428],[139.8552,42.6434],[139.8553,42.6466],[139.8565,42.6466],[139.856,42.6501],[139.8591,42.6511],[139.8638,42.6556],[139.8641,42.6594],[139.8666,42.6603],[139.8682,42.663],[139.8683,42.6655],[139.8747,42.666],[139.8987,42.6799],[139.908,42.6813],[139.918,42.684],[139.9245,42.688],[139.9354,42.6893],[140.0073,42.6864],[140.0478,42.6951],[140.0652,42.7068],[140.0733,42.7277],[140.0763,42.7255],[140.1057,42.7362],[140.1136,42.7459],[140.1305,42.7466],[140.1443,42.7546],[140.1567,42.7904],[140.1732,42.8064],[140.2032,42.7929],[140.2085,42.7723],[140.2226,42.7606],[140.2232,42.7422],[140.1951,42.7177],[140.2085,42.7074],[140.2057,42.6977],[140.2156,42.6883],[140.2092,42.668],[140.232,42.6406],[140.2241,42.6241],[140.231,42.6148],[140.1886,42.6032],[140.1725,42.6177],[140.1514,42.6157],[140.1471,42.6056],[140.1566,42.5863],[140.1173,42.545],[140.076,42.5595],[140.0272,42.556],[140.009,42.5808],[139.9365,42.5889],[139.9317,42.596],[139.943,42.6076],[139.9391,42.6137],[139.8235,42.6134]]],[[[139.9092,42.6819],[139.9089,42.6821],[139.9092,42.6821],[139.9092,42.6819]]],[[[139.9095,42.6826],[139.9098,42.682],[139.9093,42.6819],[139.9095,42.6826]]],[[[139.9136,42.6833],[139.9139,42.6838],[139.914,42.6835],[139.9136,42.6833]]],[[[140.0211,42.6922],[140.0196,42.6914],[140.0199,42.6923],[140.0211,42.6922]]],[[[140.0556,42.7009],[140.0557,42.7012],[140.056,42.7011],[140.0556,42.7009]]],[[[140.0631,42.708],[140.0632,42.7082],[140.0633,42.708],[140.0631,42.708]]],[[[140.0625,42.7106],[140.0623,42.7108],[140.0624,42.7108],[140.0625,42.7106]]],[[[140.0645,42.7165],[140.0637,42.716],[140.0631,42.7171],[140.0645,42.7165]]],[[[140.0656,42.7172],[140.0658,42.7169],[140.0655,42.717],[140.0656,42.7172]]],[[[140.066,42.7178],[140.0656,42.7175],[140.0653,42.7182],[140.066,42.7178]]],[[[140.0779,42.7281],[140.0776,42.7279],[140.0777,42.7281],[140.0779,42.7281]]],[[[140.0792,42.7297],[140.0791,42.73],[140.0794,42.7299],[140.0792,42.7297]]],[[[140.0789,42.7312],[140.079,42.7314],[140.0791,42.7314],[140.0789,42.7312]]],[[[140.0823,42.7322],[140.0813,42.731],[140.0795,42.7305],[140.0823,42.7322]]],[[[140.0856,42.7329],[140.0852,42.7332],[140.0859,42.7333],[140.0856,42.7329]]],[[[140.0859,42.7324],[140.0867,42.7331],[140.0869,42.7328],[140.0859,42.7324]]],[[[140.0889,42.7342],[140.0882,42.7344],[140.0889,42.7346],[140.0889,42.7342]]],[[[140.0883,42.7359],[140.0893,42.7351],[140.0881,42.7346],[140.0883,42.7359]]],[[[140.0909,42.7366],[140.0899,42.737],[140.0911,42.7368],[140.0909,42.7366]]],[[[140.0914,42.7371],[140.0916,42.7369],[140.0913,42.737],[140.0914,42.7371]]],[[[140.0923,42.7371],[140.092,42.7372],[140.0923,42.7372],[140.0923,42.7371]]],[[[140.098,42.737],[140.0978,42.7373],[140.0981,42.7373],[140.098,42.737]]],[[[140.096,42.7373],[140.0955,42.7372],[140.0959,42.7374],[140.096,42.7373]]],[[[140.1001,42.7375],[140.1,42.7372],[140.0999,42.7374],[140.1001,42.7375]]],[[[140.0963,42.7373],[140.0965,42.7374],[140.0965,42.7372],[140.0963,42.7373]]],[[[140.0928,42.7375],[140.0924,42.7374],[140.0926,42.7377],[140.0928,42.7375]]],[[[140.1024,42.7375],[140.1024,42.7378],[140.1027,42.7377],[140.1024,42.7375]]],[[[140.0948,42.738],[140.0943,42.7373],[140.0943,42.7381],[140.0948,42.738]]],[[[140.1029,42.7378],[140.1026,42.7384],[140.103,42.7384],[140.1029,42.7378]]],[[[140.1021,42.7382],[140.1022,42.7384],[140.1023,42.7383],[140.1021,42.7382]]],[[[140.105,42.7407],[140.105,42.741],[140.1052,42.7408],[140.105,42.7407]]],[[[140.1094,42.7422],[140.1093,42.7422],[140.1097,42.7424],[140.1094,42.7422]]],[[[140.1123,42.746],[140.114,42.7474],[140.1136,42.7463],[140.1123,42.746]]],[[[140.1176,42.7469],[140.1172,42.7466],[140.1172,42.7476],[140.1176,42.7469]]],[[[140.1178,42.7473],[140.1179,42.7472],[140.1177,42.7472],[140.1178,42.7473]]],[[[140.1185,42.7475],[140.1189,42.7476],[140.1188,42.7475],[140.1185,42.7475]]],[[[140.1179,42.7477],[140.1177,42.7475],[140.1178,42.7477],[140.1179,42.7477]]],[[[140.1202,42.7478],[140.1205,42.7477],[140.1204,42.7476],[140.1202,42.7478]]]]}},{"type":"Feature","properties":{"id":"01392","name":"寿都町","pref":"北海道"},"geometry":{"type":"MultiPolygon","coordinates":[[[[140.236,42.7936],[140.2362,42.794],[140.2361,42.7936],[140.236,42.7936]]],[[[140.2378,42.7947],[140.2376,42.7939],[140.2375,42.7939],[140.2378,42.7947]]],[[[140.2337,42.7981],[140.2338,42.7983],[140.2339,42.7982],[140.2337,42.7981]]],[[[140.21,42.8082],[140.2098,42.808],[140.2094,42.8081],[140.21,42.8082]]],[[[140.2106,42.8091],[140.2093,42.8089],[140.2092,42.809],[140.2106,42.8091]]],[[[140.2053,42.8106],[140.2052,42.81],[140.2049,42.8103],[140.2053,42.8106]]],[[[140.1771,42.8137],[140.1766,42.8136],[140.1771,42.8139],[140.1771,42.8137]]],[[[140.2006,42.8145],[140.2006,42.814],[140.2003,42.8144],[140.2006,42.8145]]],[[[140.1945,42.8213],[140.1941,42.8212],[140.1941,42.8214],[140.1945,42.8213]]],[[[140.1926,42.8238],[140.1929,42.8232],[140.1923,42.8239],[140.1926,42.8238]]],[[[140.1924,42.8241],[140.1923,42.8243],[140.1926,42.8243],[140.1924,42.8241]]],[[[140.193,42.8242],[140.1932,42.8244],[140.1932,42.8242],[140.193,42.8242]]],[[[140.1913,42.8242],[140.1918,42.8244],[140.1919,42.8242],[140.1913,42.8242]]],[[[140.2891,42.7616],[140.2984,42.725],[140.2633,42.736],[140.252,42.7208],[140.2232,42.7422],[140.2226,42.7606],[140.2085,42.7723],[140.2064,42.7889],[140.1809,42.799],[140.1732,42.8064],[140.1769,42.8135],[140.1861,42.8277],[140.2053,42.8091],[140.2133,42.8066],[140.2246,42.805],[140.23,42.7966],[140.2335,42.7989],[140.2381,42.7952],[140.236,42.795],[140.2359,42.7968],[140.2335,42.7988],[140.2327,42.7982],[140.2463,42.768],[140.2914,42.7722],[140.3082,42.7853],[140.3101,42.7959],[140.3045,42.8288],[140.3071,42.8284],[140.3466,42.8577],[140.3586,42.8776],[140.3704,42.8612],[140.3659,42.8576],[140.3739,42.8506],[140.3675,42.8455],[140.3801,42.8143],[140.3805,42.7871],[140.3714,42.7692],[140.3647,42.7625],[140.3163,42.7628],[140.2949,42.7708],[140.2823,42.7665],[140.2796,42.7605],[140.2891,42.7616]]],[[[140.3037,42.826],[140.3045,42.827],[140.3041,42.8254],[140.3037,42.826]]],[[[140.3074,42.8291],[140.307,42.8288],[140.3069,42.8292],[140.3074,42.8291]]],[[[140.3069,42.8311],[140.3075,42.83],[140.3075,42.8294],[140.3069,42.8311]]],[[[140.3074,42.8314],[140.3072,42.8317],[140.3074,42.8317],[140.3074,42.8314]]],[[[140.3073,42.8324],[140.3083,42.8312],[140.3082,42.8309],[140.3073,42.8324]]],[[[140.3266,42.8471],[140.3264,42.8475],[140.3266,42.8472],[140.3266,42.8471]]],[[[140.328,42.8476],[140.3282,42.8479],[140.3283,42.8479],[140.328,42.8476]]],[[[140.329,42.8481],[140.3285,42.8476],[140.3283,42.8478],[140.329,42.8481]]],[[[140.3289,42.8482],[140.3289,42.8483],[140.329,42.8482],[140.3289,42.8482]]],[[[140.3295,42.8492],[140.3292,42.8489],[140.329,42.8492],[140.3295,42.8492]]],[[[140.3279,42.8495],[140.328,42.8498],[140.3283,42.8495],[140.3279,42.8495]]]]}},{"type":"Feature","properties":{"id":"01393","name":"黒松内町","pref":"北海道"},"geometry":{"type":"Polygon","coordinates":[[[140.4956,42.5915],[140.4642,42.6074],[140.4302,42.6105],[140.4077,42.5876],[140.3856,42.5907],[140.3583,42.6152],[140.3129,42.632],[140.2913,42.6233],[140.2778,42.604],[140.2249,42.6008],[140.2155,42.608],[140.231,42.6148],[140.2241,42.6243],[140.2323,42.6396],[140.2133,42.6564],[140.2099,42.6816],[140.2156,42.6883],[140.2057,42.6977],[140.2085,42.7074],[140.1951,42.7177],[140.2232,42.7422],[140.252,42.7208],[140.2633,42.736],[140.2984,42.725],[140.2891,42.7616],[140.2796,42.7605],[140.2949,42.7708],[140.3163,42.7628],[140.3634,42.7627],[140.3635,42.7398],[140.4045,42.7031],[140.4313,42.705],[140.4661,42.6899],[140.5134,42.6982],[140.5082,42.6846],[140.5171,42.6797],[140.5204,42.658],[140.5408,42.6528],[140.5568,42.635],[140.5332,42.6161],[140.5454,42.6065],[140.5405,42.5999],[140.4956,42.5915]]]}},{"type":"Feature","properties":{"id":"01394","name":"蘭越町","pref":"北海道"},"geometry":{"type":"Polygon","coordinates":[[[140.4045,42.7031],[140.3587,42.7493],[140.3805,42.7871],[140.378,42.8243],[140.3675,42.8455],[140.3739,42.8506],[140.3586,42.8776],[140.3809,42.9058],[140.4569,42.9109],[140.4817,42.9014],[140.5043,42.9132],[140.5163,42.8994],[140.5658,42.9013],[140.5841,42.8889],[140.614,42.8912],[140.6211,42.8831],[140.637,42.8862],[140.6431,42.8799],[140.6206,42.8575],[140.633,42.8046],[140.6133,42.8053],[140.6009,42.7967],[140.6011,42.7802],[140.5615,42.716],[140.5773,42.6647],[140.5601,42.6581],[140.5671,42.6491],[140.5567,42.6354],[140.5408,42.6528],[140.5204,42.658],[140.5171,42.6797],[140.5082,42.6846],[140.5146,42.6896],[140.5116,42.7],[140.4658,42.6899],[140.4313,42.705],[140.4045,42.7031]]]}},{"type":"Feature","properties":{"id":"01395","name":"ニセコ町","pref":"北海道"},"geometry":{"type":"Polygon","coordinates":[[[140.7242,42.7409],[140.7587,42.7359],[140.7796,42.7224],[140.7646,42.7205],[140.7529,42.709],[140.7056,42.718],[140.6694,42.7084],[140.5971,42.7072],[140.5623,42.7172],[140.6011,42.7802],[140.6009,42.7967],[140.6133,42.8053],[140.633,42.8046],[140.6206,42.8575],[140.6421,42.8772],[140.671,42.8659],[140.7032,42.8203],[140.712,42.8209],[140.7124,42.8283],[140.718,42.8242],[140.7192,42.8439],[140.8068,42.8269],[140.7573,42.7934],[140.7549,42.7837],[140.7404,42.7853],[140.7284,42.7771],[140.7267,42.7572],[140.7198,42.7573],[140.7242,42.7409]]]}},{"type":"Feature","properties":{"id":"01396","name":"真狩村","pref":"北海道"},"geometry":{"type":"Polygon","coordinates":[[[140.7794,42.6665],[140.7624,42.6577],[140.7503,42.663],[140.7628,42.6952],[140.7543,42.712],[140.7796,42.7224],[140.7587,42.7359],[140.7201,42.7439],[140.7198,42.7573],[140.7267,42.7572],[140.7357,42.7837],[140.7546,42.7836],[140.7573,42.7934],[140.8068,42.8269],[140.9104,42.7725],[140.8651,42.7675],[140.8162,42.7261],[140.8203,42.6997],[140.7833,42.6955],[140.7794,42.6665]]]}},{"type":"Feature","properties":{"id":"01397","name":"留寿都村","pref":"北海道"},"geometry":{"type":"Polygon","coordinates":[[[140.7778,42.6695],[140.7833,42.6955],[140.8203,42.6997],[140.8162,42.7261],[140.8654,42.7676],[140.9104,42.7725],[141.0104,42.7164],[140.9894,42.6836],[140.9693,42.6712],[140.9438,42.6841],[140.8906,42.6877],[140.8573,42.6995],[140.8378,42.6838],[140.7778,42.6695]]]}},{"type":"Feature","properties":{"id":"01398","name":"喜茂別町","pref":"北海道"},"geometry":{"type":"Polygon","coordinates":[[[141.0795,42.75],[141.0427,42.733],[141.0399,42.7157],[141.0104,42.7164],[140.8068,42.8269],[140.9294,42.805],[140.986,42.8072],[140.9979,42.816],[140.9917,42.8385],[141.0343,42.8859],[141.0993,42.8837],[141.1071,42.8727],[141.0983,42.8628],[141.1036,42.8474],[141.0942,42.8426],[141.1006,42.8277],[141.065,42.8227],[141.0644,42.8115],[141.0879,42.7935],[141.0795,42.75]]]}},{"type":"Feature","properties":{"id":"01399","name":"京極町","pref":"北海道"},"geometry":{"type":"Polygon","coordinates":[[[140.9322,42.8048],[140.8068,42.8269],[140.8445,42.863],[140.8519,42.8621],[140.8441,42.8884],[140.8663,42.9212],[140.8793,42.9292],[140.8981,42.9239],[140.9175,42.93],[140.9239,42.9426],[140.9148,42.9533],[140.9467,42.9783],[140.9982,42.9861],[141.0122,42.966],[141.0527,42.9526],[141.0268,42.9132],[141.0395,42.8854],[140.9917,42.8385],[140.9967,42.8139],[140.9856,42.8072],[140.9322,42.8048]]]}},{"type":"Feature","properties":{"id":"01400","name":"倶知安町","pref":"北海道"},"geometry":{"type":"Polygon","coordinates":[[[140.7192,42.8439],[140.718,42.8242],[140.7124,42.8283],[140.712,42.8209],[140.7032,42.8203],[140.671,42.8659],[140.6421,42.8772],[140.6372,42.8861],[140.618,42.8876],[140.6393,42.9106],[140.7214,42.9253],[140.7279,42.9383],[140.7366,42.9388],[140.7361,42.9609],[140.7578,42.9781],[140.7714,43.0127],[140.7967,43.011],[140.8098,43.0016],[140.8333,43.0043],[140.8374,42.9949],[140.8515,42.9929],[140.8522,42.982],[140.8643,42.9726],[140.9041,42.9755],[140.9157,42.9605],[140.9239,42.9426],[140.9192,42.9313],[140.8981,42.9239],[140.8793,42.9292],[140.8663,42.9212],[140.8441,42.8884],[140.8519,42.8621],[140.8445,42.863],[140.8068,42.8269],[140.7192,42.8439]]]}},{"type":"Feature","properties":{"id":"01401","name":"共和町","pref":"北海道"},"geometry":{"type":"Polygon","coordinates":[[[140.5349,42.9015],[140.531,42.9888],[140.523,42.9906],[140.5311,43.022],[140.5271,43.033],[140.5364,43.0335],[140.5302,43.0432],[140.5418,43.0683],[140.5704,43.0915],[140.5931,43.0963],[140.6133,43.0783],[140.6643,43.0735],[140.7015,43.0417],[140.7003,43.0346],[140.729,43.0162],[140.7501,43.0089],[140.7714,43.0127],[140.7578,42.9781],[140.7361,42.9609],[140.7366,42.9388],[140.7279,42.9383],[140.7155,42.922],[140.6393,42.9106],[140.618,42.8876],[140.5841,42.8889],[140.5658,42.9013],[140.5475,42.8977],[140.5349,42.9015]]]}},{"type":"Feature","properties":{"id":"01402","name":"岩内町","pref":"北海道"},"geometry":{"type":"MultiPolygon","coordinates":[[[[140.3987,42.9232],[140.3987,42.9233],[140.3988,42.9233],[140.3987,42.9232]]],[[[140.3984,42.9234],[140.3982,42.9233],[140.3982,42.9234],[140.3984,42.9234]]],[[[140.4147,42.9396],[140.4146,42.9397],[140.4147,42.9398],[140.4147,42.9396]]],[[[140.4142,42.9398],[140.414,42.9399],[140.4142,42.94],[140.4142,42.9398]]],[[[140.4165,42.9424],[140.4162,42.9426],[140.4166,42.9427],[140.4165,42.9424]]],[[[140.4196,42.9441],[140.4194,42.9441],[140.4196,42.9443],[140.4196,42.9441]]],[[[140.4225,42.9451],[140.4227,42.9454],[140.4228,42.9452],[140.4225,42.9451]]],[[[140.4278,42.9471],[140.4274,42.947],[140.4274,42.9471],[140.4278,42.9471]]],[[[140.4286,42.9477],[140.4281,42.9478],[140.4285,42.9478],[140.4286,42.9477]]],[[[140.4339,42.9489],[140.4338,42.9492],[140.434,42.949],[140.4339,42.9489]]],[[[140.4349,42.9494],[140.4347,42.9496],[140.4351,42.9496],[140.4349,42.9494]]],[[[140.381,42.906],[140.3901,42.9228],[140.3958,42.9219],[140.4014,42.9243],[140.4122,42.9337],[140.4171,42.9425],[140.4468,42.9534],[140.5022,42.9808],[140.5059,42.9852],[140.5065,42.9895],[140.5105,42.9927],[140.5091,42.9969],[140.5107,42.9927],[140.5066,42.9874],[140.5101,42.9868],[140.5068,42.9857],[140.5133,42.9838],[140.5168,42.9857],[140.5137,42.9853],[140.5107,42.9863],[140.5221,42.9968],[140.5127,42.999],[140.5266,42.9973],[140.5349,42.9015],[140.5163,42.8994],[140.5037,42.9132],[140.4817,42.9014],[140.4569,42.9109],[140.381,42.906]]],[[[140.4479,42.956],[140.4478,42.9562],[140.4481,42.9561],[140.4479,42.956]]],[[[140.4493,42.9569],[140.4488,42.9569],[140.4486,42.9571],[140.4493,42.9569]]],[[[140.4578,42.9598],[140.4578,42.96],[140.4579,42.9599],[140.4578,42.9598]]],[[[140.4585,42.9605],[140.4585,42.9608],[140.4587,42.9606],[140.4585,42.9605]]],[[[140.5057,42.9872],[140.5057,42.9871],[140.5057,42.987],[140.5057,42.9872]]],[[[140.5036,42.9947],[140.5029,42.9957],[140.5031,42.9959],[140.5036,42.9947]]],[[[140.5084,43.0002],[140.5059,42.9967],[140.5072,43.0043],[140.5084,43.0002]]]]}},{"type":"Feature","properties":{"id":"01403","name":"泊村","pref":"北海道"},"geometry":{"type":"MultiPolygon","coordinates":[[[[140.4517,43.1061],[140.4516,43.106],[140.4516,43.1061],[140.4517,43.1061]]],[[[140.4521,43.1061],[140.4519,43.1061],[140.4522,43.1061],[140.4521,43.1061]]],[[[140.4516,43.1064],[140.4515,43.1065],[140.4515,43.1065],[140.4516,43.1064]]],[[[140.4518,43.1065],[140.4517,43.1066],[140.4518,43.1065],[140.4518,43.1065]]],[[[140.451,43.1068],[140.4507,43.1067],[140.4507,43.1068],[140.451,43.1068]]],[[[140.452,43.1069],[140.4519,43.1071],[140.4523,43.1069],[140.452,43.1069]]],[[[140.4503,43.1072],[140.4504,43.1073],[140.4505,43.1072],[140.4503,43.1072]]],[[[140.4506,43.1072],[140.4505,43.1073],[140.4506,43.1073],[140.4506,43.1072]]],[[[140.4508,43.107],[140.4507,43.1078],[140.4513,43.1074],[140.4508,43.107]]],[[[140.4499,43.1077],[140.45,43.1078],[140.45,43.1077],[140.4499,43.1077]]],[[[140.4497,43.1079],[140.4497,43.1078],[140.4497,43.1078],[140.4497,43.1079]]],[[[140.4499,43.1086],[140.4503,43.1084],[140.4495,43.1086],[140.4499,43.1086]]],[[[140.4487,43.1086],[140.4487,43.1085],[140.4486,43.1086],[140.4487,43.1086]]],[[[140.45,43.1102],[140.4501,43.1098],[140.4497,43.1099],[140.45,43.1102]]],[[[140.4488,43.1102],[140.4491,43.1105],[140.4494,43.1105],[140.4488,43.1102]]],[[[140.4497,43.1104],[140.4498,43.1106],[140.4499,43.1106],[140.4497,43.1104]]],[[[140.4485,43.1107],[140.4486,43.1105],[140.4485,43.1106],[140.4485,43.1107]]],[[[140.4495,43.1107],[140.4499,43.1107],[140.4494,43.1106],[140.4495,43.1107]]],[[[140.4491,43.1107],[140.449,43.1107],[140.449,43.1107],[140.4491,43.1107]]],[[[140.4493,43.1108],[140.4492,43.1108],[140.4492,43.1108],[140.4493,43.1108]]],[[[140.4501,43.1108],[140.45,43.1108],[140.45,43.1108],[140.4501,43.1108]]],[[[140.4499,43.1111],[140.4499,43.111],[140.4498,43.1111],[140.4499,43.1111]]],[[[140.4484,43.1124],[140.449,43.1108],[140.4476,43.1112],[140.4484,43.1124]]],[[[140.4489,43.1132],[140.4488,43.1131],[140.4488,43.1131],[140.4489,43.1132]]],[[[140.4474,43.1131],[140.4472,43.1133],[140.4477,43.1133],[140.4474,43.1131]]],[[[140.4491,43.1132],[140.4491,43.1133],[140.4491,43.1133],[140.4491,43.1132]]],[[[140.4492,43.1132],[140.4493,43.1133],[140.4493,43.1133],[140.4492,43.1132]]],[[[140.4497,43.1134],[140.4498,43.1133],[140.4497,43.1134],[140.4497,43.1134]]],[[[140.4479,43.1135],[140.4479,43.1133],[140.4478,43.1133],[140.4479,43.1135]]],[[[140.449,43.1135],[140.4491,43.1134],[140.449,43.1134],[140.449,43.1135]]],[[[140.4478,43.1136],[140.4476,43.1134],[140.4476,43.1136],[140.4478,43.1136]]],[[[140.4495,43.1135],[140.4495,43.1136],[140.4496,43.1136],[140.4495,43.1135]]],[[[140.4468,43.1137],[140.4468,43.1138],[140.4469,43.1138],[140.4468,43.1137]]],[[[140.4458,43.1152],[140.4458,43.1151],[140.4457,43.1152],[140.4458,43.1152]]],[[[140.4451,43.1164],[140.4457,43.1157],[140.4449,43.1161],[140.4451,43.1164]]],[[[140.4461,43.1165],[140.4459,43.1168],[140.4462,43.1168],[140.4461,43.1165]]],[[[140.4454,43.1168],[140.4453,43.1171],[140.4456,43.117],[140.4454,43.1168]]],[[[140.4448,43.1185],[140.4447,43.1185],[140.4449,43.1186],[140.4448,43.1185]]],[[[140.4596,43.0997],[140.4594,43.0997],[140.4596,43.0999],[140.4596,43.0997]]],[[[140.4593,43.0998],[140.4594,43.0998],[140.4593,43.0998],[140.4593,43.0998]]],[[[140.4587,43.1],[140.4586,43.1],[140.4588,43.1],[140.4587,43.1]]],[[[140.4599,43.1016],[140.4598,43.1016],[140.4598,43.1016],[140.4599,43.1016]]],[[[140.4599,43.1017],[140.4599,43.1018],[140.46,43.1018],[140.4599,43.1017]]],[[[140.4597,43.102],[140.4598,43.1019],[140.4597,43.102],[140.4597,43.102]]],[[[140.4596,43.1021],[140.4596,43.1021],[140.4597,43.1021],[140.4596,43.1021]]],[[[140.4594,43.1025],[140.4594,43.1024],[140.4594,43.1025],[140.4594,43.1025]]],[[[140.459,43.1029],[140.4592,43.1028],[140.4591,43.1027],[140.459,43.1029]]],[[[140.4591,43.1031],[140.459,43.103],[140.459,43.1031],[140.4591,43.1031]]],[[[140.4594,43.1031],[140.4594,43.1031],[140.4595,43.1031],[140.4594,43.1031]]],[[[140.4593,43.1031],[140.4591,43.1032],[140.4591,43.1032],[140.4593,43.1031]]],[[[140.459,43.1033],[140.4591,43.1033],[140.4591,43.1033],[140.459,43.1033]]],[[[140.4594,43.1035],[140.4592,43.1034],[140.4592,43.1034],[140.4594,43.1035]]],[[[140.4592,43.1036],[140.4592,43.1037],[140.4593,43.1036],[140.4592,43.1036]]],[[[140.4587,43.1037],[140.4587,43.1038],[140.4587,43.1037],[140.4587,43.1037]]],[[[140.459,43.1038],[140.4591,43.104],[140.4591,43.1039],[140.459,43.1038]]],[[[140.4588,43.1039],[140.4588,43.104],[140.4588,43.1039],[140.4588,43.1039]]],[[[140.4589,43.104],[140.4589,43.1041],[140.4589,43.104],[140.4589,43.104]]],[[[140.4587,43.104],[140.4586,43.1041],[140.4587,43.1041],[140.4587,43.104]]],[[[140.4592,43.1041],[140.4591,43.1041],[140.4592,43.1041],[140.4592,43.1041]]],[[[140.4589,43.1042],[140.459,43.1042],[140.459,43.1041],[140.4589,43.1042]]],[[[140.4587,43.1042],[140.4588,43.1042],[140.4587,43.1042],[140.4587,43.1042]]],[[[140.4591,43.1043],[140.459,43.1043],[140.4591,43.1044],[140.4591,43.1043]]],[[[140.4589,43.1044],[140.4588,43.1044],[140.4588,43.1044],[140.4589,43.1044]]],[[[140.4586,43.1044],[140.4586,43.1044],[140.4586,43.1045],[140.4586,43.1044]]],[[[140.459,43.1049],[140.4588,43.105],[140.4588,43.105],[140.459,43.1049]]],[[[140.4544,43.1054],[140.4542,43.1056],[140.4544,43.1056],[140.4544,43.1054]]],[[[140.4556,43.1058],[140.4557,43.1058],[140.4556,43.1057],[140.4556,43.1058]]],[[[140.4562,43.1058],[140.456,43.1059],[140.4561,43.106],[140.4562,43.1058]]],[[[140.4564,43.1059],[140.4563,43.106],[140.4564,43.106],[140.4564,43.1059]]],[[[140.4557,43.1059],[140.4559,43.106],[140.4559,43.1059],[140.4557,43.1059]]],[[[140.4565,43.1059],[140.4565,43.106],[140.4565,43.106],[140.4565,43.1059]]],[[[140.4523,43.1061],[140.4524,43.106],[140.4523,43.106],[140.4523,43.1061]]],[[[140.4523,43.1063],[140.4525,43.1063],[140.4523,43.1062],[140.4523,43.1063]]],[[[140.4522,43.1063],[140.4521,43.1064],[140.4522,43.1064],[140.4522,43.1063]]],[[[140.4527,43.1064],[140.4528,43.1065],[140.4528,43.1065],[140.4527,43.1064]]],[[[140.4524,43.1066],[140.4524,43.1068],[140.4525,43.1067],[140.4524,43.1066]]],[[[140.462,43.0897],[140.4621,43.0897],[140.462,43.0897],[140.462,43.0897]]],[[[140.4622,43.0898],[140.4624,43.09],[140.4625,43.09],[140.4622,43.0898]]],[[[140.4615,43.0902],[140.4615,43.0903],[140.4616,43.0903],[140.4615,43.0902]]],[[[140.4613,43.0904],[140.4614,43.0904],[140.4614,43.0903],[140.4613,43.0904]]],[[[140.4619,43.0903],[140.4618,43.0904],[140.4619,43.0904],[140.4619,43.0903]]],[[[140.4617,43.0906],[140.4617,43.0905],[140.4617,43.0905],[140.4617,43.0906]]],[[[140.462,43.0906],[140.462,43.0906],[140.4619,43.0906],[140.462,43.0906]]],[[[140.4621,43.0908],[140.4623,43.0908],[140.4621,43.0907],[140.4621,43.0908]]],[[[140.462,43.091],[140.4618,43.0909],[140.4619,43.091],[140.462,43.091]]],[[[140.4623,43.0909],[140.4624,43.091],[140.4624,43.091],[140.4623,43.0909]]],[[[140.4618,43.091],[140.4616,43.0911],[140.4618,43.0912],[140.4618,43.091]]],[[[140.4622,43.0914],[140.4623,43.0912],[140.4622,43.0913],[140.4622,43.0914]]],[[[140.4618,43.0913],[140.4619,43.0914],[140.4619,43.0914],[140.4618,43.0913]]],[[[140.4622,43.0915],[140.4621,43.0914],[140.4621,43.0915],[140.4622,43.0915]]],[[[140.4623,43.0915],[140.4624,43.0915],[140.4623,43.0915],[140.4623,43.0915]]],[[[140.4615,43.0917],[140.4614,43.0917],[140.4614,43.0918],[140.4615,43.0917]]],[[[140.4619,43.0919],[140.4617,43.0917],[140.4617,43.0918],[140.4619,43.0919]]],[[[140.4621,43.0919],[140.4621,43.092],[140.4622,43.092],[140.4621,43.0919]]],[[[140.4613,43.092],[140.4611,43.0919],[140.4611,43.0921],[140.4613,43.092]]],[[[140.4623,43.092],[140.4624,43.0921],[140.4624,43.092],[140.4623,43.092]]],[[[140.4618,43.092],[140.4618,43.0922],[140.4619,43.0921],[140.4618,43.092]]],[[[140.4616,43.0922],[140.4614,43.0921],[140.4614,43.0922],[140.4616,43.0922]]],[[[140.4618,43.0922],[140.4618,43.0923],[140.4619,43.0922],[140.4618,43.0922]]],[[[140.4615,43.0926],[140.4614,43.0926],[140.4615,43.0926],[140.4615,43.0926]]],[[[140.4623,43.093],[140.4623,43.0931],[140.4624,43.0931],[140.4623,43.093]]],[[[140.4623,43.0944],[140.4624,43.0945],[140.4625,43.0945],[140.4623,43.0944]]],[[[140.4622,43.095],[140.4624,43.095],[140.4623,43.095],[140.4622,43.095]]],[[[140.4624,43.0954],[140.4623,43.0953],[140.4623,43.0954],[140.4624,43.0954]]],[[[140.4619,43.0958],[140.4619,43.0957],[140.4619,43.0958],[140.4619,43.0958]]],[[[140.4621,43.0958],[140.4621,43.0959],[140.4622,43.0958],[140.4621,43.0958]]],[[[140.4619,43.0959],[140.4619,43.096],[140.462,43.0959],[140.4619,43.0959]]],[[[140.4617,43.0962],[140.4616,43.0961],[140.4616,43.0962],[140.4617,43.0962]]],[[[140.4613,43.0972],[140.4613,43.0972],[140.4614,43.0971],[140.4613,43.0972]]],[[[140.4611,43.0973],[140.4612,43.0974],[140.4612,43.0973],[140.4611,43.0973]]],[[[140.4611,43.0975],[140.461,43.0976],[140.4612,43.0976],[140.4611,43.0975]]],[[[140.4608,43.0978],[140.4608,43.0979],[140.4609,43.0978],[140.4608,43.0978]]],[[[140.4599,43.1015],[140.46,43.1016],[140.46,43.1015],[140.4599,43.1015]]],[[[140.4601,43.1016],[140.46,43.1016],[140.46,43.1017],[140.4601,43.1016]]],[[[140.4641,43.0857],[140.464,43.0855],[140.4639,43.0856],[140.4641,43.0857]]],[[[140.4642,43.0865],[140.4637,43.0865],[140.4633,43.0867],[140.4642,43.0865]]],[[[140.4635,43.088],[140.4634,43.0881],[140.4635,43.088],[140.4635,43.088]]],[[[140.4635,43.0882],[140.4635,43.0883],[140.4636,43.0882],[140.4635,43.0882]]],[[[140.4641,43.0882],[140.4641,43.0883],[140.4642,43.0882],[140.4641,43.0882]]],[[[140.4643,43.0884],[140.4642,43.0885],[140.4643,43.0885],[140.4643,43.0884]]],[[[140.4644,43.0886],[140.4646,43.0887],[140.4646,43.0887],[140.4644,43.0886]]],[[[140.4645,43.0888],[140.4646,43.0889],[140.4646,43.0889],[140.4645,43.0888]]],[[[140.4633,43.0891],[140.4634,43.0891],[140.4633,43.0891],[140.4633,43.0891]]],[[[140.4636,43.0892],[140.4637,43.0891],[140.4636,43.0891],[140.4636,43.0892]]],[[[140.4643,43.0895],[140.4644,43.0894],[140.4643,43.0895],[140.4643,43.0895]]],[[[140.463,43.0897],[140.463,43.0896],[140.4629,43.0896],[140.463,43.0897]]],[[[140.4644,43.0898],[140.4642,43.0897],[140.4642,43.0897],[140.4644,43.0898]]],[[[140.4639,43.0898],[140.464,43.0897],[140.4639,43.0898],[140.4639,43.0898]]],[[[140.4637,43.0899],[140.4637,43.0898],[140.4637,43.0898],[140.4637,43.0899]]],[[[140.4632,43.0899],[140.4633,43.0898],[140.4631,43.0899],[140.4632,43.0899]]],[[[140.4639,43.0899],[140.4639,43.0901],[140.464,43.09],[140.4639,43.0899]]],[[[140.4632,43.0901],[140.4631,43.0902],[140.4632,43.0901],[140.4632,43.0901]]],[[[140.4627,43.0902],[140.4629,43.0902],[140.4629,43.0902],[140.4627,43.0902]]],[[[140.4634,43.0901],[140.4635,43.0903],[140.4636,43.0902],[140.4634,43.0901]]],[[[140.4631,43.0905],[140.463,43.0904],[140.4629,43.0904],[140.4631,43.0905]]],[[[140.4626,43.0904],[140.4626,43.0906],[140.4627,43.0905],[140.4626,43.0904]]],[[[140.4626,43.0908],[140.4624,43.0908],[140.4625,43.0909],[140.4626,43.0908]]],[[[140.4625,43.0912],[140.4626,43.0913],[140.4627,43.0912],[140.4625,43.0912]]],[[[140.4624,43.0918],[140.4625,43.0918],[140.4624,43.0918],[140.4624,43.0918]]],[[[140.4629,43.0918],[140.4629,43.0919],[140.463,43.0919],[140.4629,43.0918]]],[[[140.4626,43.0921],[140.4626,43.0919],[140.4625,43.092],[140.4626,43.0921]]],[[[140.4628,43.0922],[140.4628,43.0923],[140.4629,43.0923],[140.4628,43.0922]]],[[[140.4624,43.0923],[140.4624,43.0924],[140.4624,43.0923],[140.4624,43.0923]]],[[[140.463,43.0925],[140.4629,43.0925],[140.463,43.0925],[140.463,43.0925]]],[[[140.4627,43.0929],[140.4627,43.0928],[140.4626,43.0929],[140.4627,43.0929]]],[[[140.463,43.0931],[140.4629,43.0932],[140.463,43.0932],[140.463,43.0931]]],[[[140.4627,43.0932],[140.4628,43.0931],[140.4627,43.0931],[140.4627,43.0932]]],[[[140.4629,43.0933],[140.4629,43.0934],[140.463,43.0934],[140.4629,43.0933]]],[[[140.4627,43.0935],[140.4628,43.0935],[140.4628,43.0935],[140.4627,43.0935]]],[[[140.4628,43.0941],[140.4627,43.094],[140.4627,43.0941],[140.4628,43.0941]]],[[[140.4628,43.0942],[140.4629,43.0943],[140.4629,43.0943],[140.4628,43.0942]]],[[[140.4627,43.0943],[140.4627,43.0943],[140.4626,43.0943],[140.4627,43.0943]]],[[[140.5213,43.0299],[140.5229,43.0299],[140.5229,43.0298],[140.5213,43.0299]]],[[[140.5169,43.0313],[140.5164,43.0312],[140.5165,43.0313],[140.5169,43.0313]]],[[[140.5159,43.0312],[140.5158,43.0313],[140.5159,43.0313],[140.5159,43.0312]]],[[[140.5163,43.0312],[140.5162,43.0313],[140.5163,43.0313],[140.5163,43.0312]]],[[[140.5168,43.0314],[140.5168,43.0316],[140.5169,43.0315],[140.5168,43.0314]]],[[[140.5059,43.0404],[140.506,43.0408],[140.5066,43.0404],[140.5059,43.0404]]],[[[140.506,43.0409],[140.506,43.0411],[140.5061,43.0411],[140.506,43.0409]]],[[[140.5055,43.0413],[140.5054,43.0411],[140.5054,43.0412],[140.5055,43.0413]]],[[[140.5019,43.0435],[140.5015,43.0437],[140.5016,43.0439],[140.5019,43.0435]]],[[[140.5006,43.0526],[140.5004,43.0526],[140.5003,43.0527],[140.5006,43.0526]]],[[[140.4999,43.0529],[140.5003,43.0529],[140.5004,43.0528],[140.5003,43.0528],[140.4999,43.0529]]],[[[140.5002,43.0533],[140.5003,43.0531],[140.5,43.0533],[140.5002,43.0533]]],[[[140.4943,43.0589],[140.4944,43.0591],[140.4944,43.0589],[140.4943,43.0589]]],[[[140.4929,43.0593],[140.493,43.0594],[140.493,43.0593],[140.4929,43.0593]]],[[[140.4937,43.0602],[140.4937,43.06],[140.4936,43.0601],[140.4937,43.0602]]],[[[140.4946,43.0609],[140.4945,43.0608],[140.4943,43.061],[140.4946,43.0609]]],[[[140.4912,43.0657],[140.4895,43.067],[140.4913,43.0657],[140.4912,43.0657]]],[[[140.4901,43.068],[140.4902,43.0679],[140.49,43.068],[140.4901,43.068]]],[[[140.4907,43.0679],[140.4907,43.0681],[140.4908,43.0679],[140.4907,43.0679]]],[[[140.4901,43.0683],[140.4902,43.0682],[140.49,43.0682],[140.4901,43.0683]]],[[[140.4881,43.0706],[140.4884,43.0708],[140.4881,43.0706],[140.4881,43.0706]]],[[[140.4865,43.0715],[140.4858,43.072],[140.4861,43.0722],[140.4865,43.0715]]],[[[140.486,43.0738],[140.486,43.0742],[140.4863,43.0739],[140.486,43.0738]]],[[[140.4834,43.0763],[140.4837,43.0762],[140.4835,43.0761],[140.4834,43.0763]]],[[[140.4803,43.0781],[140.4802,43.078],[140.4802,43.0781],[140.4803,43.0781]]],[[[140.4807,43.078],[140.4807,43.0781],[140.4808,43.0781],[140.4807,43.078]]],[[[140.4804,43.0782],[140.4803,43.0782],[140.4803,43.0783],[140.4804,43.0782]]],[[[140.4798,43.0782],[140.48,43.0784],[140.4801,43.0783],[140.4798,43.0782]]],[[[140.4778,43.0794],[140.4783,43.0795],[140.4784,43.0795],[140.4778,43.0794]]],[[[140.4777,43.0797],[140.4777,43.08],[140.478,43.0797],[140.4777,43.0797]]],[[[140.477,43.0805],[140.4772,43.0805],[140.4771,43.0804],[140.477,43.0805]]],[[[140.4749,43.0812],[140.476,43.0812],[140.4749,43.0811],[140.4749,43.0812]]],[[[140.466,43.0834],[140.466,43.0833],[140.4659,43.0834],[140.466,43.0834]]],[[[140.4652,43.084],[140.4653,43.0839],[140.4652,43.0839],[140.4652,43.084]]],[[[140.4648,43.0889],[140.4649,43.0889],[140.4648,43.0888],[140.4648,43.0889]]],[[[140.4646,43.089],[140.4645,43.089],[140.4645,43.089],[140.4646,43.089]]],[[[140.4648,43.0889],[140.4648,43.089],[140.4648,43.089],[140.4648,43.0889]]],[[[140.4458,43.1148],[140.4593,43.1255],[140.4692,43.1471],[140.5061,43.1379],[140.5144,43.1489],[140.5433,43.1597],[140.5564,43.1385],[140.5462,43.1214],[140.5809,43.1113],[140.5906,43.0956],[140.5704,43.0915],[140.5418,43.0683],[140.5302,43.0432],[140.5364,43.0335],[140.5256,43.0286],[140.5084,43.0374],[140.5039,43.0324],[140.5085,43.0427],[140.4951,43.0647],[140.485,43.0765],[140.4756,43.0818],[140.4695,43.0812],[140.4644,43.0849],[140.4651,43.0888],[140.4641,43.0904],[140.4631,43.0912],[140.4632,43.094],[140.4619,43.0968],[140.4608,43.0983],[140.4577,43.0976],[140.4588,43.0991],[140.457,43.0987],[140.4575,43.0971],[140.4571,43.0965],[140.4568,43.0988],[140.4603,43.0995],[140.4604,43.1012],[140.459,43.1052],[140.4509,43.1083],[140.4496,43.108],[140.4505,43.1085],[140.4505,43.1128],[140.4498,43.1137],[140.4458,43.1148]]]]}},{"type":"Feature","properties":{"id":"01404","name":"神恵内村","pref":"北海道"},"geometry":{"type":"MultiPolygon","coordinates":[[[[140.3263,43.2174],[140.3264,43.2182],[140.3271,43.2169],[140.3263,43.2174]]],[[[140.3254,43.2172],[140.3258,43.2182],[140.3261,43.2177],[140.3254,43.2172]]],[[[140.3259,43.2186],[140.3259,43.2186],[140.3259,43.2186],[140.3259,43.2186]]],[[[140.3261,43.2186],[140.326,43.2186],[140.3261,43.2186],[140.3261,43.2186]]],[[[140.3251,43.2192],[140.3259,43.2182],[140.3251,43.2192],[140.3251,43.2192]]],[[[140.326,43.2191],[140.3259,43.219],[140.326,43.2191],[140.326,43.2191]]],[[[140.3257,43.2193],[140.3258,43.2193],[140.3257,43.2193],[140.3257,43.2193]]],[[[140.3256,43.2195],[140.3256,43.2195],[140.3256,43.2195],[140.3256,43.2195]]],[[[140.3255,43.2196],[140.3255,43.2196],[140.3255,43.2197],[140.3255,43.2196]]],[[[140.326,43.2208],[140.3258,43.2208],[140.326,43.2209],[140.326,43.2208]]],[[[140.3229,43.2219],[140.3229,43.2222],[140.3231,43.2219],[140.3229,43.2219]]],[[[140.3234,43.2221],[140.3235,43.222],[140.3234,43.222],[140.3234,43.2221]]],[[[140.3238,43.2222],[140.3238,43.2221],[140.3237,43.2221],[140.3238,43.2222]]],[[[140.3244,43.2224],[140.3243,43.2222],[140.3242,43.2222],[140.3244,43.2224]]],[[[140.3226,43.2222],[140.3225,43.2223],[140.3227,43.2223],[140.3226,43.2222]]],[[[140.3237,43.2224],[140.3237,43.2223],[140.3237,43.2223],[140.3237,43.2224]]],[[[140.3235,43.2224],[140.3235,43.2223],[140.3234,43.2223],[140.3235,43.2224]]],[[[140.3243,43.2224],[140.324,43.2224],[140.3243,43.2224],[140.3243,43.2224]]],[[[140.3244,43.2225],[140.3244,43.2224],[140.3243,43.2225],[140.3244,43.2225]]],[[[140.3251,43.2226],[140.3247,43.2227],[140.3252,43.2227],[140.3251,43.2226]]],[[[140.3238,43.2226],[140.3238,43.2227],[140.3239,43.2227],[140.3238,43.2226]]],[[[140.3242,43.2228],[140.3243,43.2228],[140.3242,43.2228],[140.3242,43.2228]]],[[[140.3254,43.2232],[140.3254,43.2233],[140.3254,43.2232],[140.3254,43.2232]]],[[[140.3254,43.2235],[140.3255,43.2234],[140.3254,43.2234],[140.3254,43.2235]]],[[[140.3254,43.2237],[140.3253,43.2236],[140.3252,43.2237],[140.3254,43.2237]]],[[[140.3256,43.2239],[140.3257,43.224],[140.3257,43.2239],[140.3256,43.2239]]],[[[140.3255,43.224],[140.3256,43.224],[140.3255,43.224],[140.3255,43.224]]],[[[140.3254,43.224],[140.3253,43.2241],[140.3254,43.224],[140.3254,43.224]]],[[[140.3253,43.2243],[140.3254,43.2242],[140.3253,43.2242],[140.3253,43.2243]]],[[[140.326,43.2243],[140.3259,43.2243],[140.3259,43.2243],[140.326,43.2243]]],[[[140.3244,43.2243],[140.3246,43.2243],[140.3245,43.2243],[140.3244,43.2243]]],[[[140.3247,43.2245],[140.3248,43.2244],[140.3247,43.2244],[140.3247,43.2245]]],[[[140.3253,43.2246],[140.3254,43.2246],[140.3253,43.2245],[140.3253,43.2246]]],[[[140.3246,43.2246],[140.3247,43.2246],[140.3246,43.2246],[140.3246,43.2246]]],[[[140.3256,43.2248],[140.3256,43.2248],[140.3255,43.2248],[140.3256,43.2248]]],[[[140.3254,43.225],[140.3252,43.2251],[140.3255,43.2251],[140.3254,43.225]]],[[[140.3249,43.225],[140.3249,43.2251],[140.3249,43.2251],[140.3249,43.225]]],[[[140.3251,43.2254],[140.3248,43.2254],[140.3248,43.2255],[140.3251,43.2254]]],[[[140.3222,43.2314],[140.3223,43.2313],[140.3223,43.2313],[140.3222,43.2314]]],[[[140.3219,43.2314],[140.3219,43.2312],[140.3218,43.2314],[140.3219,43.2314]]],[[[140.3244,43.2336],[140.3244,43.2335],[140.3242,43.2336],[140.3244,43.2336]]],[[[140.3248,43.2337],[140.3249,43.2335],[140.3247,43.2336],[140.3248,43.2337]]],[[[140.3258,43.2342],[140.3258,43.2343],[140.3259,43.2342],[140.3258,43.2342]]],[[[140.3261,43.2347],[140.3262,43.2348],[140.3262,43.2346],[140.3261,43.2347]]],[[[140.3281,43.2349],[140.3281,43.2349],[140.328,43.2349],[140.3281,43.2349]]],[[[140.3281,43.2351],[140.3282,43.235],[140.3281,43.235],[140.3281,43.2351]]],[[[140.3282,43.2352],[140.3282,43.2351],[140.3282,43.2352],[140.3282,43.2352]]],[[[140.3283,43.2353],[140.3282,43.2353],[140.3283,43.2354],[140.3283,43.2353]]],[[[140.3237,43.2409],[140.3237,43.2408],[140.3236,43.2409],[140.3237,43.2409]]],[[[140.3234,43.2409],[140.3235,43.241],[140.3235,43.2409],[140.3234,43.2409]]],[[[140.3266,43.2411],[140.3268,43.2411],[140.3268,43.241],[140.3266,43.2411]]],[[[140.3282,43.2415],[140.3269,43.2415],[140.3282,43.2419],[140.3282,43.2415]]],[[[140.3277,43.242],[140.3276,43.2421],[140.3277,43.2421],[140.3277,43.242]]],[[[140.3336,43.2117],[140.3337,43.2117],[140.3337,43.2117],[140.3336,43.2117]]],[[[140.3346,43.2117],[140.3345,43.2117],[140.3346,43.2117],[140.3346,43.2117]]],[[[140.3346,43.2119],[140.3346,43.2119],[140.3346,43.2119],[140.3346,43.2119]]],[[[140.334,43.2119],[140.3339,43.2119],[140.334,43.2119],[140.334,43.2119]]],[[[140.3341,43.2119],[140.3341,43.212],[140.3343,43.212],[140.3341,43.2119]]],[[[140.3331,43.212],[140.333,43.2121],[140.3331,43.212],[140.3331,43.212]]],[[[140.3325,43.2138],[140.3325,43.2139],[140.3326,43.2138],[140.3325,43.2138]]],[[[140.3327,43.214],[140.3327,43.2139],[140.3327,43.2139],[140.3327,43.214]]],[[[140.3328,43.2141],[140.3329,43.214],[140.3328,43.214],[140.3328,43.2141]]],[[[140.3318,43.2149],[140.3318,43.2149],[140.3318,43.2149],[140.3318,43.2149]]],[[[140.3321,43.215],[140.3322,43.2148],[140.332,43.2149],[140.3321,43.215]]],[[[140.3319,43.215],[140.3319,43.215],[140.3319,43.215],[140.3319,43.215]]],[[[140.3321,43.2151],[140.332,43.2151],[140.332,43.2151],[140.3321,43.2151]]],[[[140.3318,43.2151],[140.3318,43.2151],[140.3318,43.2151],[140.3318,43.2151]]],[[[140.3315,43.2152],[140.3315,43.2152],[140.3315,43.2152],[140.3315,43.2152]]],[[[140.3314,43.2153],[140.3314,43.2153],[140.3314,43.2153],[140.3314,43.2153]]],[[[140.3309,43.2158],[140.331,43.2158],[140.331,43.2158],[140.3309,43.2158]]],[[[140.3306,43.216],[140.3306,43.2159],[140.3306,43.216],[140.3306,43.216]]],[[[140.3304,43.2162],[140.3304,43.2161],[140.3303,43.2162],[140.3304,43.2162]]],[[[140.3306,43.2162],[140.3305,43.2161],[140.3305,43.2162],[140.3306,43.2162]]],[[[140.3301,43.2163],[140.3301,43.2162],[140.3301,43.2162],[140.3301,43.2163]]],[[[140.3304,43.2163],[140.3304,43.2163],[140.3304,43.2163],[140.3304,43.2163]]],[[[140.3302,43.2164],[140.3302,43.2165],[140.3303,43.2164],[140.3302,43.2164]]],[[[140.3304,43.2165],[140.3304,43.2164],[140.3304,43.2165],[140.3304,43.2165]]],[[[140.3294,43.2168],[140.3293,43.2169],[140.3295,43.2168],[140.3294,43.2168]]],[[[140.3285,43.2348],[140.3285,43.2347],[140.3284,43.2347],[140.3285,43.2348]]],[[[140.3286,43.2349],[140.3287,43.2349],[140.3286,43.2349],[140.3286,43.2349]]],[[[140.3288,43.235],[140.3288,43.235],[140.3287,43.235],[140.3288,43.235]]],[[[140.329,43.2352],[140.3289,43.2351],[140.3289,43.2351],[140.329,43.2352]]],[[[140.3292,43.2375],[140.3292,43.2376],[140.3294,43.2375],[140.3292,43.2375]]],[[[140.3295,43.2379],[140.3294,43.238],[140.3295,43.2379],[140.3295,43.2379]]],[[[140.3297,43.2384],[140.3296,43.2384],[140.3295,43.2384],[140.3297,43.2384]]],[[[140.3296,43.2385],[140.3297,43.2386],[140.3298,43.2385],[140.3296,43.2385]]],[[[140.3297,43.2388],[140.3299,43.2388],[140.3299,43.2388],[140.3297,43.2388]]],[[[140.3303,43.2388],[140.3304,43.2389],[140.3304,43.2389],[140.3303,43.2388]]],[[[140.3305,43.2391],[140.3306,43.239],[140.3305,43.239],[140.3305,43.2391]]],[[[140.33,43.2391],[140.33,43.2392],[140.33,43.2392],[140.33,43.2391]]],[[[140.3306,43.2392],[140.3306,43.2393],[140.3306,43.2392],[140.3306,43.2392]]],[[[140.3308,43.2394],[140.3307,43.2393],[140.3307,43.2393],[140.3308,43.2394]]],[[[140.3313,43.2434],[140.3312,43.2434],[140.3313,43.2434],[140.3313,43.2434]]],[[[140.3313,43.2435],[140.3312,43.2436],[140.3313,43.2435],[140.3313,43.2435]]],[[[140.3327,43.2436],[140.3327,43.2436],[140.3326,43.2436],[140.3327,43.2436]]],[[[140.3328,43.2436],[140.3328,43.2437],[140.3328,43.2437],[140.3328,43.2436]]],[[[140.3313,43.2438],[140.3312,43.2438],[140.3312,43.2439],[140.3313,43.2438]]],[[[140.3329,43.2463],[140.3328,43.2462],[140.3328,43.2462],[140.3329,43.2463]]],[[[140.3331,43.2463],[140.3332,43.2462],[140.3331,43.2462],[140.3331,43.2463]]],[[[140.3331,43.2471],[140.3332,43.2478],[140.3336,43.2475],[140.3331,43.2471]]],[[[140.3327,43.2478],[140.3327,43.2477],[140.3326,43.2478],[140.3327,43.2478]]],[[[140.3348,43.2558],[140.3347,43.2557],[140.3347,43.2558],[140.3348,43.2558]]],[[[140.3324,43.257],[140.3324,43.2573],[140.3325,43.257],[140.3324,43.257]]],[[[140.3287,43.2586],[140.3287,43.2588],[140.3288,43.2587],[140.3287,43.2586]]],[[[140.3294,43.2587],[140.3289,43.2587],[140.3295,43.259],[140.3294,43.2587]]],[[[140.3328,43.2628],[140.3327,43.2629],[140.3329,43.2628],[140.3328,43.2628]]],[[[140.3423,43.1968],[140.342,43.197],[140.3425,43.1969],[140.3423,43.1968]]],[[[140.3427,43.1978],[140.3428,43.1978],[140.3428,43.1978],[140.3427,43.1978]]],[[[140.3438,43.1994],[140.3437,43.1993],[140.3437,43.1994],[140.3438,43.1994]]],[[[140.3436,43.1995],[140.3436,43.1996],[140.3436,43.1995],[140.3436,43.1995]]],[[[140.3437,43.1996],[140.3437,43.1997],[140.3437,43.1996],[140.3437,43.1996]]],[[[140.3437,43.1997],[140.3434,43.1999],[140.3438,43.1999],[140.3437,43.1997]]],[[[140.3433,43.2003],[140.3434,43.2002],[140.3433,43.2002],[140.3433,43.2003]]],[[[140.3431,43.2006],[140.3431,43.2007],[140.3431,43.2007],[140.3431,43.2006]]],[[[140.345,43.201],[140.345,43.201],[140.3449,43.201],[140.345,43.201]]],[[[140.3449,43.2015],[140.345,43.2014],[140.3449,43.2014],[140.3449,43.2015]]],[[[140.3449,43.2017],[140.345,43.2017],[140.3449,43.2016],[140.3449,43.2017]]],[[[140.3447,43.2021],[140.3448,43.202],[140.3447,43.202],[140.3447,43.2021]]],[[[140.3445,43.2023],[140.3445,43.2024],[140.3446,43.2023],[140.3445,43.2023]]],[[[140.3444,43.2024],[140.3443,43.2024],[140.3444,43.2024],[140.3444,43.2024]]],[[[140.3442,43.2025],[140.3442,43.2025],[140.3442,43.2025],[140.3442,43.2025]]],[[[140.3437,43.2026],[140.3437,43.2027],[140.3437,43.2027],[140.3437,43.2026]]],[[[140.344,43.2029],[140.3439,43.2029],[140.344,43.2029],[140.344,43.2029]]],[[[140.3407,43.2039],[140.3411,43.2038],[140.3411,43.2038],[140.3407,43.2039]]],[[[140.34,43.2062],[140.3401,43.2063],[140.3401,43.2062],[140.34,43.2062]]],[[[140.3392,43.2064],[140.3394,43.2064],[140.3393,43.2064],[140.3392,43.2064]]],[[[140.3398,43.2068],[140.3399,43.2067],[140.3398,43.2066],[140.3398,43.2068]]],[[[140.339,43.2071],[140.3394,43.2071],[140.3387,43.2071],[140.339,43.2071]]],[[[140.3382,43.2083],[140.3383,43.2081],[140.3381,43.2082],[140.3382,43.2083]]],[[[140.3379,43.2084],[140.3381,43.2084],[140.3379,43.2084],[140.3379,43.2084]]],[[[140.3392,43.2088],[140.3393,43.2089],[140.3393,43.2088],[140.3392,43.2088]]],[[[140.3395,43.2088],[140.3395,43.2089],[140.3396,43.2089],[140.3395,43.2088]]],[[[140.3379,43.2101],[140.3378,43.2101],[140.3378,43.2101],[140.3379,43.2101]]],[[[140.3376,43.2106],[140.3375,43.2104],[140.3374,43.2104],[140.3376,43.2106]]],[[[140.3381,43.2107],[140.3381,43.2106],[140.338,43.2106],[140.3381,43.2107]]],[[[140.3379,43.2107],[140.3379,43.2107],[140.3379,43.2107],[140.3379,43.2107]]],[[[140.3384,43.2111],[140.3384,43.211],[140.3384,43.2111],[140.3384,43.2111]]],[[[140.3364,43.2116],[140.3364,43.2115],[140.3364,43.2116],[140.3364,43.2116]]],[[[140.3358,43.2117],[140.3359,43.2118],[140.3359,43.2117],[140.3358,43.2117]]],[[[140.335,43.2118],[140.335,43.2117],[140.3349,43.2117],[140.335,43.2118]]],[[[140.3355,43.2118],[140.3354,43.2118],[140.3354,43.2119],[140.3355,43.2118]]],[[[140.3349,43.212],[140.3349,43.2119],[140.3349,43.2119],[140.3349,43.212]]],[[[140.3357,43.2552],[140.3357,43.2553],[140.3357,43.2552],[140.3357,43.2552]]],[[[140.3355,43.2555],[140.3354,43.2555],[140.3354,43.2555],[140.3355,43.2555]]],[[[140.3351,43.2558],[140.335,43.2558],[140.335,43.2558],[140.3351,43.2558]]],[[[140.3371,43.264],[140.3367,43.2642],[140.337,43.2643],[140.3371,43.264]]],[[[140.3364,43.2641],[140.3365,43.2641],[140.3365,43.2641],[140.3364,43.2641]]],[[[140.3411,43.2712],[140.3411,43.2711],[140.3409,43.2712],[140.3411,43.2712]]],[[[140.3419,43.2763],[140.3419,43.2762],[140.3418,43.2762],[140.3419,43.2763]]],[[[140.3433,43.2762],[140.3432,43.2763],[140.3433,43.2763],[140.3433,43.2762]]],[[[140.3411,43.2765],[140.3406,43.2769],[140.3411,43.2766],[140.3411,43.2765]]],[[[140.3411,43.277],[140.3411,43.2769],[140.341,43.277],[140.3411,43.277]]],[[[140.3409,43.2771],[140.3411,43.277],[140.3409,43.2771],[140.3409,43.2771]]],[[[140.3396,43.278],[140.3394,43.2781],[140.3394,43.2782],[140.3396,43.278]]],[[[140.3395,43.2782],[140.3395,43.2787],[140.3397,43.2783],[140.3395,43.2782]]],[[[140.3399,43.2786],[140.3398,43.2786],[140.3398,43.2787],[140.3399,43.2786]]],[[[140.3382,43.2788],[140.339,43.2789],[140.339,43.2782],[140.3382,43.2788]]],[[[140.3363,43.2819],[140.3362,43.2816],[140.3359,43.282],[140.3363,43.2819]]],[[[140.3357,43.282],[140.3353,43.282],[140.3353,43.2822],[140.3357,43.282]]],[[[140.3891,43.1621],[140.3891,43.1622],[140.3891,43.1621],[140.3891,43.1621]]],[[[140.3894,43.1622],[140.3892,43.1622],[140.3892,43.1623],[140.3894,43.1622]]],[[[140.3893,43.1624],[140.3895,43.1624],[140.3895,43.1623],[140.3893,43.1624]]],[[[140.3871,43.1625],[140.3869,43.1625],[140.387,43.1625],[140.3871,43.1625]]],[[[140.3876,43.1625],[140.3877,43.1625],[140.3876,43.1624],[140.3876,43.1625]]],[[[140.3883,43.1627],[140.3883,43.1626],[140.3882,43.1626],[140.3883,43.1627]]],[[[140.3876,43.1627],[140.3877,43.1627],[140.3877,43.1627],[140.3876,43.1627]]],[[[140.3888,43.1628],[140.3887,43.1629],[140.3888,43.1629],[140.3888,43.1628]]],[[[140.3881,43.1627],[140.3878,43.1631],[140.3883,43.1629],[140.3881,43.1627]]],[[[140.387,43.1635],[140.3869,43.1633],[140.3868,43.1633],[140.387,43.1635]]],[[[140.3873,43.1635],[140.3874,43.1635],[140.3874,43.1635],[140.3873,43.1635]]],[[[140.3861,43.1635],[140.3859,43.1637],[140.3861,43.1635],[140.3861,43.1635]]],[[[140.3871,43.1636],[140.387,43.1637],[140.3872,43.1636],[140.3871,43.1636]]],[[[140.3869,43.1637],[140.3867,43.1636],[140.3868,43.1638],[140.3869,43.1637]]],[[[140.3861,43.1638],[140.3861,43.1638],[140.3862,43.1638],[140.3861,43.1638]]],[[[140.3867,43.1639],[140.3867,43.1638],[140.3866,43.1639],[140.3867,43.1639]]],[[[140.3863,43.1639],[140.3864,43.1639],[140.3863,43.1639],[140.3863,43.1639]]],[[[140.385,43.164],[140.3848,43.164],[140.3849,43.1641],[140.385,43.164]]],[[[140.3861,43.1641],[140.3861,43.164],[140.386,43.164],[140.3861,43.1641]]],[[[140.3863,43.1642],[140.3864,43.1641],[140.3863,43.1641],[140.3863,43.1642]]],[[[140.3859,43.1643],[140.3859,43.1642],[140.3858,43.1642],[140.3859,43.1643]]],[[[140.3853,43.1644],[140.3854,43.1641],[140.3851,43.1641],[140.3853,43.1644]]],[[[140.3814,43.1672],[140.3812,43.1671],[140.3812,43.1672],[140.3814,43.1672]]],[[[140.3809,43.1673],[140.3807,43.1672],[140.3808,43.1674],[140.3809,43.1673]]],[[[140.3797,43.1677],[140.3799,43.1677],[140.3799,43.1677],[140.3797,43.1677]]],[[[140.3706,43.1741],[140.3705,43.1742],[140.3706,43.1742],[140.3706,43.1741]]],[[[140.3698,43.1748],[140.3695,43.175],[140.3699,43.1749],[140.3698,43.1748]]],[[[140.3681,43.1756],[140.3681,43.1756],[140.3681,43.1756],[140.3681,43.1756]]],[[[140.3669,43.1766],[140.367,43.1766],[140.367,43.1766],[140.3669,43.1766]]],[[[140.3611,43.1786],[140.3611,43.1785],[140.361,43.1786],[140.3611,43.1786]]],[[[140.3598,43.1794],[140.3597,43.1794],[140.3597,43.1794],[140.3598,43.1794]]],[[[140.3567,43.1825],[140.3565,43.1823],[140.3564,43.1824],[140.3567,43.1825]]],[[[140.3562,43.1836],[140.3559,43.1836],[140.3562,43.1836],[140.3562,43.1836]]],[[[140.3555,43.184],[140.3554,43.1842],[140.3556,43.1842],[140.3555,43.184]]],[[[140.3537,43.1858],[140.354,43.1858],[140.3536,43.1857],[140.3537,43.1858]]],[[[140.3536,43.1865],[140.3536,43.1866],[140.3536,43.1865],[140.3536,43.1865]]],[[[140.3536,43.1866],[140.3535,43.1867],[140.3536,43.1867],[140.3536,43.1866]]],[[[140.3529,43.1871],[140.3529,43.1869],[140.3528,43.1869],[140.3529,43.1871]]],[[[140.3528,43.1872],[140.3527,43.1871],[140.3526,43.1871],[140.3528,43.1872]]],[[[140.3472,43.1897],[140.347,43.1897],[140.3471,43.1897],[140.3472,43.1897]]],[[[140.3493,43.1907],[140.349,43.1906],[140.3489,43.1906],[140.3493,43.1907]]],[[[140.3487,43.1907],[140.3486,43.1906],[140.3486,43.1907],[140.3487,43.1907]]],[[[140.346,43.1911],[140.3461,43.1912],[140.3462,43.1912],[140.346,43.1911]]],[[[140.3461,43.1919],[140.3459,43.1918],[140.3459,43.1919],[140.3461,43.1919]]],[[[140.3473,43.192],[140.3472,43.1921],[140.3473,43.1921],[140.3473,43.192]]],[[[140.3481,43.1935],[140.3478,43.1936],[140.348,43.1936],[140.3481,43.1935]]],[[[140.3476,43.1938],[140.3476,43.1939],[140.3476,43.1939],[140.3476,43.1938]]],[[[140.3478,43.1941],[140.3477,43.194],[140.3476,43.1941],[140.3478,43.1941]]],[[[140.3457,43.2],[140.3456,43.2001],[140.3457,43.2],[140.3457,43.2]]],[[[140.3453,43.2003],[140.3454,43.2002],[140.3453,43.2002],[140.3453,43.2003]]],[[[140.3452,43.2004],[140.3452,43.2004],[140.3452,43.2004],[140.3452,43.2004]]],[[[140.3451,43.2006],[140.345,43.2007],[140.3451,43.2007],[140.3451,43.2006]]],[[[140.3449,43.2012],[140.345,43.2012],[140.345,43.2012],[140.3449,43.2012]]],[[[140.4268,43.1351],[140.4271,43.1352],[140.4271,43.1351],[140.4268,43.1351]]],[[[140.4267,43.1358],[140.4268,43.1358],[140.4267,43.1357],[140.4267,43.1358]]],[[[140.4263,43.1356],[140.4257,43.1362],[140.4257,43.1365],[140.4263,43.1356]]],[[[140.4265,43.1362],[140.4266,43.1362],[140.4265,43.1361],[140.4265,43.1362]]],[[[140.4266,43.1364],[140.4265,43.1364],[140.4266,43.1365],[140.4266,43.1364]]],[[[140.4264,43.1364],[140.4264,43.1364],[140.4264,43.1365],[140.4264,43.1364]]],[[[140.4261,43.1367],[140.4262,43.1365],[140.426,43.1366],[140.4261,43.1367]]],[[[140.4263,43.137],[140.4261,43.1369],[140.4261,43.137],[140.4263,43.137]]],[[[140.4265,43.1369],[140.4266,43.137],[140.4267,43.1369],[140.4265,43.1369]]],[[[140.427,43.1369],[140.427,43.1371],[140.427,43.1371],[140.427,43.1369]]],[[[140.4269,43.1373],[140.4272,43.1375],[140.4271,43.1372],[140.4269,43.1373]]],[[[140.4231,43.1403],[140.4235,43.1397],[140.423,43.1402],[140.4231,43.1403]]],[[[140.4218,43.1442],[140.4217,43.1442],[140.4217,43.1442],[140.4218,43.1442]]],[[[140.4215,43.1446],[140.4214,43.1447],[140.4214,43.1447],[140.4215,43.1446]]],[[[140.4212,43.1457],[140.4211,43.1456],[140.4211,43.1457],[140.4212,43.1457]]],[[[140.421,43.1459],[140.4211,43.1458],[140.421,43.1458],[140.421,43.1459]]],[[[140.4203,43.1461],[140.4202,43.146],[140.4202,43.1461],[140.4203,43.1461]]],[[[140.4199,43.1463],[140.4199,43.1464],[140.42,43.1463],[140.4199,43.1463]]],[[[140.4195,43.1465],[140.4195,43.1466],[140.4196,43.1466],[140.4195,43.1465]]],[[[140.4189,43.1465],[140.4192,43.1469],[140.419,43.1463],[140.4189,43.1465]]],[[[140.4168,43.1469],[140.417,43.1468],[140.4169,43.1468],[140.4168,43.1469]]],[[[140.4194,43.1469],[140.4197,43.1468],[140.4196,43.1468],[140.4194,43.1469]]],[[[140.4166,43.1482],[140.4169,43.1483],[140.417,43.1481],[140.4166,43.1482]]],[[[140.4153,43.1486],[140.4153,43.1486],[140.4152,43.1487],[140.4153,43.1486]]],[[[140.4146,43.149],[140.4146,43.1488],[140.4145,43.1489],[140.4146,43.149]]],[[[140.4153,43.1489],[140.4154,43.149],[140.4156,43.1489],[140.4153,43.1489]]],[[[140.414,43.1492],[140.4143,43.1492],[140.414,43.1491],[140.414,43.1492]]],[[[140.415,43.1495],[140.4152,43.1493],[140.4148,43.1495],[140.415,43.1495]]],[[[140.4064,43.1527],[140.4065,43.1528],[140.4065,43.1527],[140.4064,43.1527]]],[[[140.408,43.1531],[140.4081,43.1532],[140.4081,43.1531],[140.408,43.1531]]],[[[140.4066,43.1532],[140.4066,43.1531],[140.4065,43.1531],[140.4066,43.1532]]],[[[140.407,43.1531],[140.4069,43.1533],[140.407,43.1532],[140.407,43.1531]]],[[[140.4075,43.1537],[140.4074,43.1536],[140.4074,43.1537],[140.4075,43.1537]]],[[[140.4074,43.1541],[140.4075,43.1542],[140.4075,43.1541],[140.4074,43.1541]]],[[[140.4066,43.1547],[140.4067,43.1546],[140.4066,43.1546],[140.4066,43.1547]]],[[[140.4028,43.1552],[140.403,43.1554],[140.403,43.1552],[140.4028,43.1552]]],[[[140.4039,43.1556],[140.4042,43.1557],[140.4039,43.1556],[140.4039,43.1556]]],[[[140.4019,43.1577],[140.4018,43.1577],[140.4019,43.1578],[140.4019,43.1577]]],[[[140.3993,43.1591],[140.3992,43.1592],[140.3993,43.1592],[140.3993,43.1591]]],[[[140.397,43.1591],[140.397,43.1592],[140.3971,43.1592],[140.397,43.1591]]],[[[140.3977,43.1593],[140.3976,43.1592],[140.3976,43.1593],[140.3977,43.1593]]],[[[140.3967,43.1601],[140.3967,43.1601],[140.3968,43.1601],[140.3967,43.1601]]],[[[140.3922,43.1615],[140.3922,43.1616],[140.3923,43.1615],[140.3922,43.1615]]],[[[140.3921,43.1615],[140.392,43.1616],[140.3921,43.1616],[140.3921,43.1615]]],[[[140.391,43.1616],[140.3908,43.1616],[140.3909,43.1616],[140.391,43.1616]]],[[[140.392,43.1619],[140.3917,43.1617],[140.3917,43.1618],[140.392,43.1619]]],[[[140.3914,43.1619],[140.3915,43.1616],[140.3912,43.1618],[140.3914,43.1619]]],[[[140.3911,43.1619],[140.391,43.1618],[140.3911,43.1619],[140.3911,43.1619]]],[[[140.3902,43.162],[140.3902,43.1619],[140.3902,43.1619],[140.3902,43.162]]],[[[140.3901,43.162],[140.3899,43.1621],[140.3902,43.1621],[140.3901,43.162]]],[[[140.3902,43.1624],[140.3902,43.1622],[140.39,43.1624],[140.3902,43.1624]]],[[[140.3897,43.1622],[140.3898,43.1623],[140.3898,43.1623],[140.3897,43.1622]]],[[[140.3896,43.1624],[140.3897,43.1625],[140.3898,43.1624],[140.3896,43.1624]]],[[[140.4441,43.1185],[140.4445,43.1187],[140.4442,43.1184],[140.4441,43.1185]]],[[[140.4447,43.1188],[140.4446,43.1187],[140.4446,43.1187],[140.4447,43.1188]]],[[[140.4435,43.1195],[140.4433,43.1197],[140.4438,43.1196],[140.4435,43.1195]]],[[[140.4436,43.121],[140.4424,43.1215],[140.4426,43.1222],[140.4436,43.121]]],[[[140.4431,43.122],[140.4432,43.1224],[140.4435,43.1224],[140.4431,43.122]]],[[[140.442,43.1228],[140.4416,43.1229],[140.442,43.1229],[140.442,43.1228]]],[[[140.4411,43.1229],[140.4409,43.1229],[140.4408,43.123],[140.4411,43.1229]]],[[[140.4415,43.1255],[140.4412,43.1259],[140.4418,43.1262],[140.4415,43.1255]]],[[[140.4391,43.1262],[140.4391,43.1261],[140.4391,43.1261],[140.4391,43.1262]]],[[[140.44,43.1263],[140.44,43.1263],[140.4399,43.1263],[140.44,43.1263]]],[[[140.4393,43.1265],[140.4391,43.1265],[140.4392,43.1266],[140.4393,43.1265]]],[[[140.4401,43.1267],[140.4399,43.1265],[140.4399,43.1266],[140.4401,43.1267]]],[[[140.4392,43.1266],[140.4393,43.1267],[140.4393,43.1266],[140.4392,43.1266]]],[[[140.4403,43.1269],[140.4402,43.1268],[140.4399,43.1269],[140.4403,43.1269]]],[[[140.4409,43.1268],[140.4409,43.127],[140.4409,43.127],[140.4409,43.1268]]],[[[140.4411,43.127],[140.4412,43.1273],[140.4413,43.127],[140.4411,43.127]]],[[[140.4392,43.1272],[140.4392,43.1272],[140.4392,43.1272],[140.4392,43.1272]]],[[[140.4383,43.1272],[140.4382,43.1274],[140.4385,43.1273],[140.4383,43.1272]]],[[[140.4393,43.1276],[140.4393,43.1274],[140.4392,43.1275],[140.4393,43.1276]]],[[[140.4387,43.1277],[140.4383,43.1277],[140.4389,43.1281],[140.4387,43.1277]]],[[[140.4399,43.1278],[140.4397,43.1279],[140.4399,43.1279],[140.4399,43.1278]]],[[[140.4395,43.1279],[140.4395,43.1278],[140.4394,43.1279],[140.4395,43.1279]]],[[[140.4381,43.1278],[140.4377,43.1281],[140.4379,43.1283],[140.4381,43.1278]]],[[[140.4332,43.1311],[140.4332,43.1317],[140.4333,43.131],[140.4332,43.1311]]],[[[140.4306,43.1331],[140.4303,43.1331],[140.4305,43.1332],[140.4306,43.1331]]],[[[140.4313,43.1333],[140.4314,43.1332],[140.4313,43.1333],[140.4313,43.1333]]],[[[140.4304,43.1336],[140.4302,43.1334],[140.4302,43.1336],[140.4304,43.1336]]],[[[140.4299,43.1335],[140.43,43.1335],[140.43,43.1335],[140.4299,43.1335]]],[[[140.4317,43.1336],[140.4317,43.1335],[140.4317,43.1335],[140.4317,43.1336]]],[[[140.4311,43.1337],[140.4311,43.1336],[140.4311,43.1336],[140.4311,43.1337]]],[[[140.4298,43.1339],[140.4297,43.1337],[140.4296,43.1341],[140.4298,43.1339]]],[[[140.43,43.1341],[140.4301,43.1341],[140.4301,43.1339],[140.43,43.1341]]],[[[140.4291,43.134],[140.4292,43.1341],[140.4292,43.1341],[140.4291,43.134]]],[[[140.4289,43.1344],[140.4288,43.1343],[140.4288,43.1344],[140.4289,43.1344]]],[[[140.429,43.1346],[140.4293,43.1346],[140.4291,43.1342],[140.429,43.1346]]],[[[140.4296,43.1345],[140.4294,43.1346],[140.4294,43.1347],[140.4296,43.1345]]],[[[140.4286,43.1349],[140.4289,43.1348],[140.4288,43.1346],[140.4286,43.1349]]],[[[140.4285,43.1353],[140.4283,43.1352],[140.4284,43.1354],[140.4285,43.1353]]],[[[140.4278,43.1361],[140.4281,43.1362],[140.4278,43.136],[140.4278,43.1361]]],[[[140.4274,43.1363],[140.4276,43.1361],[140.4275,43.136],[140.4274,43.1363]]],[[[140.4271,43.1367],[140.427,43.1366],[140.427,43.1366],[140.4271,43.1367]]],[[[140.4279,43.1373],[140.4278,43.1375],[140.4279,43.1373],[140.4279,43.1373]]],[[[140.4275,43.1377],[140.4276,43.1376],[140.4276,43.1376],[140.4275,43.1377]]],[[[140.4273,43.1377],[140.4273,43.1376],[140.4272,43.1377],[140.4273,43.1377]]],[[[140.4287,43.138],[140.4288,43.1381],[140.4287,43.138],[140.4287,43.138]]],[[[140.4288,43.1382],[140.4287,43.1382],[140.4287,43.1382],[140.4288,43.1382]]],[[[140.4292,43.1385],[140.4292,43.1384],[140.4291,43.1385],[140.4292,43.1385]]],[[[140.4294,43.1387],[140.4293,43.1386],[140.4293,43.1387],[140.4294,43.1387]]],[[[140.4292,43.1387],[140.4292,43.1386],[140.4291,43.1387],[140.4292,43.1387]]],[[[140.4295,43.1389],[140.4294,43.1388],[140.4294,43.1389],[140.4295,43.1389]]],[[[140.4292,43.139],[140.4292,43.1389],[140.4292,43.139],[140.4292,43.139]]],[[[140.376,43.1692],[140.3687,43.1768],[140.3586,43.1806],[140.347,43.1964],[140.3441,43.1967],[140.3465,43.1994],[140.3453,43.2004],[140.3449,43.2019],[140.3438,43.2033],[140.3406,43.2043],[140.3418,43.2056],[140.3385,43.2112],[140.3329,43.2125],[140.3331,43.2141],[140.3327,43.2146],[140.3301,43.2171],[140.3271,43.2179],[140.3268,43.2194],[140.3267,43.2178],[140.3262,43.2209],[140.3245,43.2209],[140.3265,43.2244],[140.3267,43.2328],[140.3279,43.2346],[140.3282,43.2345],[140.3293,43.2353],[140.3303,43.2366],[140.3341,43.2458],[140.3329,43.2524],[140.3363,43.2544],[140.3352,43.2562],[140.3329,43.2564],[140.331,43.2603],[140.3269,43.2589],[140.3396,43.2644],[140.3439,43.2737],[140.3436,43.2762],[140.3364,43.2818],[140.3599,43.2718],[140.3574,43.2511],[140.3744,43.2396],[140.4148,43.2343],[140.4229,43.2248],[140.4659,43.2476],[140.4715,43.2282],[140.4845,43.2172],[140.5318,43.212],[140.5379,43.1983],[140.5275,43.1851],[140.5406,43.1599],[140.5061,43.1379],[140.4692,43.1471],[140.4593,43.1255],[140.4453,43.1186],[140.4425,43.128],[140.4365,43.1285],[140.4369,43.1309],[140.434,43.1303],[140.4332,43.1323],[140.4309,43.1324],[140.4319,43.1334],[140.4318,43.1339],[140.4286,43.1362],[140.4278,43.1364],[140.4273,43.1363],[140.4308,43.1396],[140.4297,43.1422],[140.4244,43.1405],[140.422,43.1455],[140.4133,43.1515],[140.4004,43.1591],[140.3798,43.1688],[140.376,43.1692]]]]}},{"type":"Feature","properties":{"id":"01405","name":"積丹町","pref":"北海道"},"geometry":{"type":"MultiPolygon","coordinates":[[[[140.3417,43.2816],[140.3416,43.2814],[140.3415,43.2816],[140.3417,43.2816]]],[[[140.3361,43.2822],[140.3359,43.282],[140.3359,43.2821],[140.3361,43.2822]]],[[[140.3353,43.2822],[140.3355,43.2822],[140.3355,43.2821],[140.3353,43.2822]]],[[[140.345,43.2833],[140.3453,43.2833],[140.3453,43.2832],[140.345,43.2833]]],[[[140.3414,43.2839],[140.3418,43.2847],[140.3422,43.284],[140.3414,43.2839]]],[[[140.3502,43.2955],[140.3503,43.2955],[140.3503,43.2955],[140.3502,43.2955]]],[[[140.3502,43.2958],[140.3502,43.2957],[140.3502,43.2957],[140.3502,43.2958]]],[[[140.3507,43.2963],[140.3507,43.2963],[140.3507,43.2963],[140.3507,43.2963]]],[[[140.3466,43.2968],[140.3467,43.2969],[140.3467,43.2968],[140.3466,43.2968]]],[[[140.3511,43.2972],[140.351,43.2971],[140.351,43.2972],[140.3511,43.2972]]],[[[140.3515,43.2976],[140.3516,43.2975],[140.3515,43.2975],[140.3515,43.2976]]],[[[140.3512,43.2979],[140.3513,43.2979],[140.3513,43.2978],[140.3512,43.2979]]],[[[140.3515,43.2986],[140.3516,43.2988],[140.3516,43.2987],[140.3515,43.2986]]],[[[140.3535,43.2991],[140.3536,43.2992],[140.3536,43.2991],[140.3535,43.2991]]],[[[140.3534,43.3002],[140.3534,43.3003],[140.3535,43.3003],[140.3534,43.3002]]],[[[140.3452,43.3017],[140.3452,43.302],[140.3456,43.3018],[140.3452,43.3017]]],[[[140.355,43.3077],[140.355,43.3076],[140.3549,43.3076],[140.355,43.3077]]],[[[140.3553,43.3101],[140.3545,43.3103],[140.3556,43.3103],[140.3553,43.3101]]],[[[140.3556,43.3107],[140.356,43.3107],[140.3556,43.3106],[140.3556,43.3107]]],[[[140.3554,43.3108],[140.3547,43.3109],[140.3552,43.3112],[140.3554,43.3108]]],[[[140.3556,43.3131],[140.3555,43.3129],[140.3553,43.3129],[140.3556,43.3131]]],[[[140.3551,43.3134],[140.3551,43.3135],[140.3552,43.3135],[140.3551,43.3134]]],[[[140.3554,43.314],[140.3554,43.3139],[140.3552,43.3139],[140.3554,43.314]]],[[[140.3549,43.3139],[140.3549,43.3141],[140.3551,43.314],[140.3549,43.3139]]],[[[140.3516,43.3297],[140.3517,43.3298],[140.3518,43.3297],[140.3516,43.3297]]],[[[140.3519,43.3297],[140.3519,43.3298],[140.3519,43.3297],[140.3519,43.3297]]],[[[140.3507,43.3305],[140.3505,43.3308],[140.3508,43.3306],[140.3507,43.3305]]],[[[140.3626,43.3313],[140.3628,43.3317],[140.3628,43.3312],[140.3626,43.3313]]],[[[140.3604,43.3315],[140.3605,43.3316],[140.3606,43.3315],[140.3604,43.3315]]],[[[140.3631,43.3324],[140.363,43.3323],[140.363,43.3324],[140.3631,43.3324]]],[[[140.3604,43.3324],[140.3605,43.3323],[140.3603,43.3324],[140.3604,43.3324]]],[[[140.361,43.3325],[140.3609,43.3324],[140.3609,43.3324],[140.361,43.3325]]],[[[140.3513,43.3326],[140.3513,43.3325],[140.3512,43.3325],[140.3513,43.3326]]],[[[140.3517,43.3324],[140.3521,43.3325],[140.3519,43.3323],[140.3517,43.3324]]],[[[140.3465,43.3326],[140.3466,43.3325],[140.3465,43.3326],[140.3465,43.3326]]],[[[140.3469,43.3325],[140.3469,43.3327],[140.347,43.3326],[140.3469,43.3325]]],[[[140.3601,43.3328],[140.3599,43.3325],[140.3599,43.3328],[140.3601,43.3328]]],[[[140.358,43.3326],[140.3582,43.3327],[140.3581,43.3325],[140.358,43.3326]]],[[[140.3594,43.3329],[140.3595,43.3328],[140.3594,43.3328],[140.3594,43.3329]]],[[[140.3579,43.3331],[140.358,43.3332],[140.3581,43.333],[140.3579,43.3331]]],[[[140.3583,43.3331],[140.3587,43.3333],[140.3589,43.3331],[140.3583,43.3331]]],[[[140.345,43.3333],[140.3454,43.3334],[140.3454,43.3332],[140.345,43.3333]]],[[[140.3454,43.3335],[140.3457,43.3336],[140.3457,43.3334],[140.3454,43.3335]]],[[[140.3461,43.3337],[140.3458,43.3335],[140.3458,43.3337],[140.3461,43.3337]]],[[[140.3479,43.334],[140.3482,43.3339],[140.3479,43.3339],[140.3479,43.334]]],[[[140.3468,43.3342],[140.3469,43.3343],[140.3469,43.3342],[140.3468,43.3342]]],[[[140.3462,43.3342],[140.346,43.3343],[140.3462,43.3343],[140.3462,43.3342]]],[[[140.3486,43.3342],[140.3486,43.3343],[140.3487,43.3343],[140.3486,43.3342]]],[[[140.3454,43.3344],[140.3453,43.3342],[140.3453,43.3343],[140.3454,43.3344]]],[[[140.3469,43.3347],[140.3469,43.3345],[140.3468,43.3345],[140.3469,43.3347]]],[[[140.3448,43.3344],[140.3446,43.3347],[140.3449,43.3345],[140.3448,43.3344]]],[[[140.3438,43.3347],[140.3437,43.3346],[140.3437,43.3347],[140.3438,43.3347]]],[[[140.3496,43.3348],[140.3496,43.3346],[140.3494,43.3347],[140.3496,43.3348]]],[[[140.3435,43.3348],[140.3436,43.3347],[140.3435,43.3347],[140.3435,43.3348]]],[[[140.3488,43.3348],[140.349,43.3349],[140.3488,43.3347],[140.3488,43.3348]]],[[[140.3434,43.3348],[140.3434,43.3349],[140.3434,43.3349],[140.3434,43.3348]]],[[[140.3432,43.335],[140.3432,43.3349],[140.3432,43.3349],[140.3432,43.335]]],[[[140.3434,43.3351],[140.3442,43.335],[140.3444,43.3349],[140.3434,43.3351]]],[[[140.3459,43.3353],[140.3457,43.3355],[140.3458,43.3355],[140.3459,43.3353]]],[[[140.3457,43.3358],[140.3458,43.3357],[140.3456,43.3357],[140.3457,43.3358]]],[[[140.3466,43.3357],[140.3464,43.3358],[140.3466,43.3357],[140.3466,43.3357]]],[[[140.3426,43.3363],[140.3439,43.3353],[140.342,43.3362],[140.3426,43.3363]]],[[[140.3419,43.3359],[140.3418,43.3359],[140.3418,43.3359],[140.3419,43.3359]]],[[[140.3416,43.3361],[140.3417,43.3361],[140.3417,43.3361],[140.3416,43.3361]]],[[[140.3426,43.3365],[140.3425,43.3368],[140.3429,43.3366],[140.3426,43.3365]]],[[[140.3418,43.3373],[140.3419,43.3372],[140.3427,43.3369],[140.3421,43.337],[140.3418,43.3373]]],[[[140.341,43.3381],[140.3419,43.3378],[140.3419,43.3376],[140.341,43.3381]]],[[[140.3417,43.3382],[140.3414,43.3382],[140.3414,43.3383],[140.3417,43.3382]]],[[[140.3405,43.339],[140.3404,43.3391],[140.3406,43.3391],[140.3405,43.339]]],[[[140.4233,43.3291],[140.4233,43.3293],[140.4235,43.3292],[140.4233,43.3291]]],[[[140.4277,43.3294],[140.4278,43.3294],[140.4277,43.3294],[140.4277,43.3294]]],[[[140.3809,43.3296],[140.3812,43.3299],[140.3814,43.3296],[140.3809,43.3296]]],[[[140.3816,43.3304],[140.3822,43.3302],[140.3822,43.3301],[140.3816,43.3304]]],[[[140.3805,43.3304],[140.3806,43.3303],[140.3805,43.3303],[140.3805,43.3304]]],[[[140.3835,43.3304],[140.3835,43.3304],[140.3834,43.3304],[140.3835,43.3304]]],[[[140.4001,43.3306],[140.4001,43.3307],[140.4001,43.3307],[140.4001,43.3306]]],[[[140.384,43.3308],[140.3839,43.3308],[140.384,43.3308],[140.384,43.3308]]],[[[140.3686,43.331],[140.3685,43.3307],[140.3684,43.3309],[140.3686,43.331]]],[[[140.4006,43.3309],[140.4007,43.3309],[140.4007,43.3309],[140.4006,43.3309]]],[[[140.3836,43.3309],[140.3836,43.331],[140.3836,43.331],[140.3836,43.3309]]],[[[140.4009,43.331],[140.401,43.331],[140.4009,43.331],[140.4009,43.331]]],[[[140.385,43.3311],[140.385,43.331],[140.385,43.331],[140.385,43.3311]]],[[[140.3682,43.3312],[140.3682,43.3311],[140.3681,43.3312],[140.3682,43.3312]]],[[[140.4006,43.3313],[140.4007,43.3312],[140.4006,43.3312],[140.4006,43.3313]]],[[[140.3998,43.3313],[140.3999,43.3314],[140.3999,43.3313],[140.3998,43.3313]]],[[[140.3706,43.3317],[140.3704,43.3313],[140.3704,43.3316],[140.3706,43.3317]]],[[[140.3837,43.3315],[140.3837,43.3315],[140.3838,43.3315],[140.3837,43.3315]]],[[[140.3738,43.3317],[140.3737,43.3314],[140.3736,43.3316],[140.3738,43.3317]]],[[[140.4213,43.3315],[140.421,43.3316],[140.4213,43.3317],[140.4213,43.3315]]],[[[140.3648,43.3317],[140.3651,43.3316],[140.3649,43.3314],[140.3648,43.3317]]],[[[140.4169,43.3316],[140.4167,43.3317],[140.4169,43.3317],[140.4169,43.3316]]],[[[140.3866,43.3318],[140.3863,43.3316],[140.3863,43.3317],[140.3866,43.3318]]],[[[140.369,43.3317],[140.3691,43.3317],[140.369,43.3316],[140.369,43.3317]]],[[[140.372,43.3317],[140.372,43.3318],[140.372,43.3318],[140.372,43.3317]]],[[[140.388,43.3319],[140.3879,43.3318],[140.3879,43.3318],[140.388,43.3319]]],[[[140.3874,43.3318],[140.3874,43.3319],[140.3874,43.3319],[140.3874,43.3318]]],[[[140.4212,43.332],[140.421,43.3319],[140.421,43.332],[140.4212,43.332]]],[[[140.3869,43.3319],[140.3866,43.3319],[140.3866,43.332],[140.3869,43.3319]]],[[[140.3879,43.3321],[140.3878,43.332],[140.3878,43.332],[140.3879,43.3321]]],[[[140.3873,43.332],[140.3872,43.3321],[140.3874,43.3321],[140.3873,43.332]]],[[[140.3896,43.332],[140.3895,43.3321],[140.3897,43.3321],[140.3896,43.332]]],[[[140.3868,43.3322],[140.387,43.3321],[140.3867,43.3321],[140.3868,43.3322]]],[[[140.3789,43.3322],[140.3783,43.3318],[140.3789,43.3326],[140.3789,43.3322]]],[[[140.3896,43.3322],[140.3896,43.3323],[140.3897,43.3323],[140.3896,43.3322]]],[[[140.3897,43.3325],[140.3898,43.3324],[140.3897,43.3324],[140.3897,43.3325]]],[[[140.3923,43.3323],[140.3923,43.3327],[140.3926,43.3323],[140.3923,43.3323]]],[[[140.39,43.3325],[140.39,43.3326],[140.3901,43.3326],[140.39,43.3325]]],[[[140.3884,43.3325],[140.3885,43.3327],[140.3886,43.3325],[140.3884,43.3325]]],[[[140.3879,43.3327],[140.3878,43.3326],[140.3878,43.3327],[140.3879,43.3327]]],[[[140.3896,43.3327],[140.3896,43.3326],[140.3895,43.3327],[140.3896,43.3327]]],[[[140.3902,43.333],[140.3902,43.333],[140.3902,43.333],[140.3902,43.333]]],[[[140.3928,43.3332],[140.3926,43.3329],[140.3926,43.3332],[140.3928,43.3332]]],[[[140.3899,43.3331],[140.3898,43.3331],[140.3899,43.3331],[140.3899,43.3331]]],[[[140.4031,43.3333],[140.403,43.3333],[140.4031,43.3333],[140.4031,43.3333]]],[[[140.4028,43.3333],[140.4029,43.3334],[140.4029,43.3334],[140.4028,43.3333]]],[[[140.4033,43.3333],[140.4033,43.3334],[140.4034,43.3334],[140.4033,43.3333]]],[[[140.3943,43.3333],[140.3942,43.3334],[140.3944,43.3334],[140.3943,43.3333]]],[[[140.401,43.3335],[140.4009,43.3335],[140.4009,43.3336],[140.401,43.3335]]],[[[140.402,43.3337],[140.4021,43.3339],[140.4023,43.3337],[140.402,43.3337]]],[[[140.4104,43.3338],[140.4102,43.3338],[140.4102,43.3338],[140.4104,43.3338]]],[[[140.4109,43.3337],[140.4109,43.3339],[140.411,43.3339],[140.4109,43.3337]]],[[[140.4011,43.334],[140.4013,43.3336],[140.4009,43.3339],[140.4011,43.334]]],[[[140.3988,43.3341],[140.3991,43.3341],[140.3987,43.334],[140.3988,43.3341]]],[[[140.4021,43.3341],[140.4022,43.3342],[140.4022,43.3341],[140.4021,43.3341]]],[[[140.4111,43.3342],[140.4111,43.3342],[140.4112,43.3342],[140.4111,43.3342]]],[[[140.4047,43.3341],[140.4043,43.3342],[140.4043,43.3343],[140.4047,43.3341]]],[[[140.4119,43.3342],[140.4118,43.3342],[140.412,43.3342],[140.4119,43.3342]]],[[[140.4045,43.3346],[140.4044,43.3344],[140.4042,43.3346],[140.4045,43.3346]]],[[[140.405,43.335],[140.405,43.335],[140.405,43.335],[140.405,43.335]]],[[[140.4061,43.3356],[140.4061,43.3356],[140.4062,43.3356],[140.4061,43.3356]]],[[[140.4477,43.338],[140.4476,43.3381],[140.4478,43.3381],[140.4477,43.338]]],[[[140.4479,43.3389],[140.4481,43.3389],[140.4479,43.3388],[140.4479,43.3389]]],[[[140.4485,43.3391],[140.4482,43.3391],[140.4486,43.3392],[140.4485,43.3391]]],[[[140.4492,43.3394],[140.4494,43.3394],[140.4492,43.3394],[140.4492,43.3394]]],[[[140.4492,43.3404],[140.4491,43.3403],[140.4491,43.3403],[140.4492,43.3404]]],[[[140.455,43.3432],[140.4549,43.3433],[140.4553,43.3433],[140.455,43.3432]]],[[[140.4534,43.3436],[140.4539,43.3441],[140.454,43.344],[140.4534,43.3436]]],[[[140.4581,43.35],[140.458,43.3497],[140.4578,43.3498],[140.4581,43.35]]],[[[140.4602,43.3472],[140.4604,43.3473],[140.4604,43.3472],[140.4602,43.3472]]],[[[140.4602,43.3474],[140.46,43.3473],[140.46,43.3474],[140.4602,43.3474]]],[[[140.4603,43.3475],[140.4603,43.3476],[140.4604,43.3475],[140.4603,43.3475]]],[[[140.46,43.3476],[140.4599,43.3477],[140.46,43.3477],[140.46,43.3476]]],[[[140.4606,43.348],[140.4603,43.348],[140.4603,43.3481],[140.4606,43.348]]],[[[140.4601,43.3482],[140.46,43.3481],[140.4599,43.3483],[140.4601,43.3482]]],[[[140.4587,43.3489],[140.4588,43.3488],[140.4587,43.3488],[140.4587,43.3489]]],[[[140.4588,43.3492],[140.4587,43.3493],[140.4588,43.3493],[140.4588,43.3492]]],[[[140.4585,43.3494],[140.4583,43.3493],[140.4582,43.3494],[140.4585,43.3494]]],[[[140.4583,43.3495],[140.4581,43.3497],[140.4584,43.3496],[140.4583,43.3495]]],[[[140.4584,43.3503],[140.4585,43.3502],[140.4584,43.3503],[140.4584,43.3503]]],[[[140.4584,43.3507],[140.4585,43.3508],[140.4585,43.3506],[140.4584,43.3507]]],[[[140.4589,43.351],[140.4587,43.351],[140.4587,43.3511],[140.4589,43.351]]],[[[140.4591,43.3518],[140.4595,43.3517],[140.4587,43.3516],[140.4591,43.3518]]],[[[140.4594,43.352],[140.4598,43.3522],[140.4596,43.3519],[140.4594,43.352]]],[[[140.4599,43.3524],[140.46,43.3527],[140.4601,43.3525],[140.4599,43.3524]]],[[[140.4603,43.3526],[140.4604,43.3533],[140.4607,43.3532],[140.4603,43.3526]]],[[[140.4616,43.3533],[140.4614,43.3534],[140.4615,43.3535],[140.4616,43.3533]]],[[[140.4613,43.3537],[140.4614,43.3536],[140.4611,43.3534],[140.4613,43.3537]]],[[[140.4621,43.3538],[140.4621,43.3536],[140.462,43.3537],[140.4621,43.3538]]],[[[140.4615,43.3539],[140.4617,43.3537],[140.4616,43.3536],[140.4615,43.3539]]],[[[140.4627,43.3539],[140.4626,43.3541],[140.4628,43.3541],[140.4627,43.3539]]],[[[140.4618,43.354],[140.4619,43.3542],[140.4618,43.354],[140.4618,43.354]]],[[[140.4622,43.356],[140.4621,43.3557],[140.4622,43.356],[140.4622,43.356]]],[[[140.4624,43.3564],[140.4621,43.3562],[140.4623,43.3564],[140.4624,43.3564]]],[[[140.463,43.3569],[140.4626,43.3565],[140.4629,43.3571],[140.463,43.3569]]],[[[140.465,43.3604],[140.4651,43.3602],[140.4649,43.3602],[140.465,43.3604]]],[[[140.4648,43.3606],[140.4646,43.3602],[140.4645,43.3602],[140.4648,43.3606]]],[[[140.4645,43.3604],[140.4645,43.3607],[140.4647,43.3608],[140.4645,43.3604]]],[[[140.4655,43.3612],[140.4655,43.3611],[140.4654,43.3611],[140.4655,43.3612]]],[[[140.4657,43.3625],[140.4659,43.3625],[140.4658,43.3624],[140.4657,43.3625]]],[[[140.4648,43.3667],[140.465,43.3665],[140.4648,43.3666],[140.4648,43.3667]]],[[[140.4641,43.3669],[140.4642,43.3671],[140.4642,43.367],[140.4641,43.3669]]],[[[140.4615,43.3679],[140.4618,43.3677],[140.4615,43.3678],[140.4615,43.3679]]],[[[140.4607,43.3682],[140.4608,43.3682],[140.4608,43.3681],[140.4607,43.3682]]],[[[140.4604,43.3686],[140.4605,43.3685],[140.4604,43.3685],[140.4604,43.3686]]],[[[140.4598,43.3692],[140.4603,43.3694],[140.4598,43.369],[140.4598,43.3692]]],[[[140.4596,43.3695],[140.4595,43.3694],[140.4594,43.3694],[140.4596,43.3695]]],[[[140.4609,43.3714],[140.4612,43.3717],[140.4611,43.3712],[140.4609,43.3714]]],[[[140.4634,43.3717],[140.4635,43.3719],[140.4635,43.3718],[140.4634,43.3717]]],[[[140.4637,43.3722],[140.4634,43.3721],[140.4633,43.3722],[140.4637,43.3722]]],[[[140.4644,43.3724],[140.4646,43.3722],[140.4644,43.3723],[140.4644,43.3724]]],[[[140.4641,43.3724],[140.4641,43.3723],[140.4639,43.3723],[140.4641,43.3724]]],[[[140.4648,43.3726],[140.4647,43.3724],[140.4646,43.3724],[140.4648,43.3726]]],[[[140.4642,43.3725],[140.4641,43.3728],[140.4643,43.3727],[140.4642,43.3725]]],[[[140.4688,43.3733],[140.4691,43.3734],[140.469,43.3732],[140.4688,43.3733]]],[[[140.4655,43.3733],[140.4654,43.3734],[140.4655,43.3734],[140.4655,43.3733]]],[[[140.4756,43.3733],[140.4756,43.3736],[140.4757,43.3733],[140.4756,43.3733]]],[[[140.4681,43.3734],[140.468,43.3736],[140.4682,43.3736],[140.4681,43.3734]]],[[[140.4652,43.3735],[140.465,43.374],[140.4653,43.374],[140.4652,43.3735]]],[[[140.4767,43.3739],[140.4768,43.374],[140.4767,43.3738],[140.4767,43.3739]]],[[[140.476,43.3738],[140.4763,43.3742],[140.4763,43.3737],[140.476,43.3738]]],[[[140.4764,43.3739],[140.4767,43.3742],[140.4765,43.3739],[140.4764,43.3739]]],[[[140.4734,43.374],[140.4738,43.3742],[140.4739,43.3741],[140.4734,43.374]]],[[[140.4758,43.3742],[140.4757,43.3741],[140.4757,43.3742],[140.4758,43.3742]]],[[[140.4746,43.3751],[140.4754,43.3734],[140.474,43.3749],[140.4746,43.3751]]],[[[140.4788,43.3743],[140.4786,43.3744],[140.4787,43.3744],[140.4788,43.3743]]],[[[140.4769,43.3745],[140.4769,43.3743],[140.4768,43.3744],[140.4769,43.3745]]],[[[140.4763,43.3745],[140.4758,43.3745],[140.476,43.3748],[140.4763,43.3745]]],[[[140.4739,43.3747],[140.4739,43.3745],[140.4738,43.3747],[140.4739,43.3747]]],[[[140.4789,43.3749],[140.4787,43.3748],[140.4787,43.375],[140.4789,43.3749]]],[[[140.4775,43.375],[140.4777,43.3751],[140.4777,43.3749],[140.4775,43.375]]],[[[140.4775,43.3753],[140.4773,43.375],[140.4771,43.3751],[140.4775,43.3753]]],[[[140.4764,43.3753],[140.4763,43.3755],[140.4764,43.3753],[140.4764,43.3753]]],[[[140.4766,43.3754],[140.4767,43.3757],[140.477,43.3755],[140.4766,43.3754]]],[[[140.4789,43.3758],[140.4792,43.3759],[140.4785,43.3756],[140.4789,43.3758]]],[[[140.4796,43.376],[140.48,43.376],[140.48,43.3758],[140.4796,43.376]]],[[[140.4788,43.3765],[140.478,43.3759],[140.4785,43.3767],[140.4788,43.3765]]],[[[140.4783,43.377],[140.4784,43.3768],[140.4783,43.3769],[140.4783,43.377]]],[[[140.3599,43.2718],[140.3364,43.2822],[140.3428,43.2812],[140.3457,43.2832],[140.347,43.2848],[140.3552,43.3017],[140.357,43.3128],[140.3569,43.3133],[140.3562,43.3133],[140.355,43.3146],[140.355,43.3148],[140.36,43.3157],[140.3556,43.3261],[140.3517,43.3302],[140.3461,43.3337],[140.3525,43.3317],[140.357,43.3315],[140.3592,43.3328],[140.3599,43.3316],[140.3621,43.3309],[140.3622,43.3315],[140.3625,43.3309],[140.3637,43.3308],[140.3655,43.3317],[140.3667,43.3301],[140.3742,43.3311],[140.3749,43.3331],[140.3759,43.3329],[140.3768,43.3334],[140.3794,43.3333],[140.376,43.3328],[140.3797,43.3293],[140.3998,43.3304],[140.4007,43.3306],[140.4013,43.3312],[140.401,43.333],[140.4042,43.3331],[140.4061,43.3354],[140.417,43.3303],[140.424,43.3289],[140.4263,43.329],[140.4295,43.3296],[140.4457,43.3355],[140.4607,43.3457],[140.4711,43.3652],[140.461,43.3681],[140.4616,43.3722],[140.4624,43.3714],[140.4649,43.372],[140.4649,43.3734],[140.4683,43.3723],[140.478,43.3733],[140.4804,43.3748],[140.4806,43.3757],[140.484,43.3736],[140.504,43.3699],[140.5086,43.3602],[140.5131,43.3598],[140.5121,43.357],[140.5151,43.3566],[140.5178,43.3568],[140.5267,43.3584],[140.5273,43.3593],[140.5267,43.3532],[140.5291,43.3502],[140.5335,43.3458],[140.5626,43.324],[140.5701,43.3233],[140.5693,43.3217],[140.5697,43.321],[140.5722,43.3195],[140.5736,43.3193],[140.5735,43.3171],[140.5749,43.3147],[140.5789,43.3105],[140.5801,43.3111],[140.58,43.3098],[140.6071,43.2956],[140.6262,43.2945],[140.63,43.298],[140.631,43.2958],[140.6307,43.2959],[140.6301,43.2953],[140.63,43.2952],[140.63,43.2949],[140.63,43.2948],[140.63,43.2948],[140.6281,43.2942],[140.626,43.2915],[140.6217,43.2899],[140.619,43.2837],[140.6026,43.2769],[140.5922,43.2543],[140.5668,43.238],[140.534,43.2302],[140.5222,43.2117],[140.4799,43.2198],[140.4659,43.2476],[140.4229,43.2248],[140.4148,43.2343],[140.3744,43.2396],[140.3574,43.2511],[140.3599,43.2718]]],[[[140.5299,43.3499],[140.53,43.3497],[140.5298,43.3498],[140.5299,43.3499]]],[[[140.5288,43.3517],[140.5287,43.3516],[140.5287,43.3517],[140.5288,43.3517]]],[[[140.5287,43.3521],[140.5285,43.3521],[140.5285,43.3521],[140.5287,43.3521]]],[[[140.5289,43.3524],[140.5289,43.3524],[140.529,43.3524],[140.5289,43.3524]]],[[[140.5279,43.3525],[140.5278,43.3525],[140.5278,43.3525],[140.5279,43.3525]]],[[[140.5272,43.3541],[140.5272,43.354],[140.5271,43.3541],[140.5272,43.3541]]],[[[140.5286,43.3561],[140.5284,43.3562],[140.5285,43.3562],[140.5286,43.3561]]],[[[140.5163,43.357],[140.5164,43.3568],[140.5163,43.3569],[140.5163,43.357]]],[[[140.5153,43.3568],[140.5152,43.357],[140.5154,43.3569],[140.5153,43.3568]]],[[[140.5183,43.3572],[140.5185,43.357],[140.5182,43.357],[140.5183,43.3572]]],[[[140.5189,43.3575],[140.519,43.3573],[140.5188,43.3573],[140.5189,43.3575]]],[[[140.5188,43.3575],[140.5186,43.3575],[140.5186,43.3576],[140.5188,43.3575]]],[[[140.5191,43.3575],[140.519,43.3577],[140.519,43.3578],[140.5191,43.3575]]],[[[140.5186,43.3577],[140.5188,43.3578],[140.5186,43.3577],[140.5186,43.3577]]],[[[140.5204,43.358],[140.5202,43.3582],[140.5204,43.3581],[140.5204,43.358]]],[[[140.5205,43.3582],[140.5209,43.3581],[140.5205,43.3581],[140.5205,43.3582]]],[[[140.5221,43.3583],[140.5222,43.3582],[140.5221,43.3582],[140.5221,43.3583]]],[[[140.5214,43.3582],[140.5214,43.3582],[140.5213,43.3582],[140.5214,43.3582]]],[[[140.5216,43.3582],[140.5218,43.3582],[140.5218,43.3581],[140.5216,43.3582]]],[[[140.5206,43.3586],[140.5205,43.3583],[140.5204,43.3586],[140.5206,43.3586]]],[[[140.5263,43.3586],[140.5261,43.3587],[140.5263,43.3586],[140.5263,43.3586]]],[[[140.5231,43.3588],[140.5228,43.3588],[140.5227,43.3589],[140.5231,43.3588]]],[[[140.5256,43.3589],[140.5257,43.3589],[140.5258,43.3588],[140.5256,43.3589]]],[[[140.5286,43.3584],[140.528,43.3593],[140.5288,43.3588],[140.5286,43.3584]]],[[[140.5234,43.3589],[140.5233,43.3589],[140.5234,43.359],[140.5234,43.3589]]],[[[140.5235,43.359],[140.5236,43.3589],[140.5235,43.3589],[140.5235,43.359]]],[[[140.5246,43.359],[140.5248,43.3591],[140.5249,43.359],[140.5246,43.359]]],[[[140.5287,43.3591],[140.5292,43.3591],[140.5291,43.3589],[140.5287,43.3591]]],[[[140.5225,43.3592],[140.5226,43.359],[140.5225,43.359],[140.5225,43.3592]]],[[[140.5255,43.3593],[140.5253,43.3591],[140.5253,43.3592],[140.5255,43.3593]]],[[[140.5221,43.3592],[140.5219,43.3592],[140.5219,43.3593],[140.5221,43.3592]]],[[[140.525,43.3591],[140.525,43.3593],[140.5252,43.3593],[140.525,43.3591]]],[[[140.5223,43.3593],[140.5224,43.3593],[140.5222,43.3592],[140.5223,43.3593]]],[[[140.5259,43.3595],[140.5259,43.3594],[140.5256,43.3595],[140.5259,43.3595]]],[[[140.5245,43.3596],[140.525,43.3595],[140.5243,43.3594],[140.5245,43.3596]]],[[[140.5255,43.3597],[140.5255,43.3595],[140.5253,43.3595],[140.5255,43.3597]]],[[[140.5257,43.3597],[140.5257,43.3596],[140.5256,43.3597],[140.5257,43.3597]]],[[[140.526,43.3598],[140.5261,43.36],[140.526,43.3598],[140.526,43.3598]]],[[[140.5255,43.3598],[140.5253,43.3599],[140.5255,43.3599],[140.5255,43.3598]]],[[[140.5258,43.3599],[140.5253,43.3602],[140.526,43.3605],[140.5258,43.3599]]],[[[140.5089,43.3615],[140.5086,43.3615],[140.5089,43.3615],[140.5089,43.3615]]],[[[140.5084,43.3615],[140.5085,43.3615],[140.5084,43.3615],[140.5084,43.3615]]],[[[140.5085,43.3621],[140.5084,43.3622],[140.5086,43.3622],[140.5085,43.3621]]],[[[140.5085,43.3625],[140.5084,43.3623],[140.5083,43.3624],[140.5085,43.3625]]],[[[140.5084,43.3634],[140.5085,43.3635],[140.5085,43.3634],[140.5084,43.3634]]],[[[140.5085,43.3637],[140.5083,43.3637],[140.5085,43.3637],[140.5085,43.3637]]],[[[140.5084,43.364],[140.5087,43.3643],[140.5088,43.3641],[140.5084,43.364]]],[[[140.508,43.3652],[140.5078,43.3654],[140.5079,43.3654],[140.508,43.3652]]],[[[140.5082,43.3655],[140.5082,43.3654],[140.5081,43.3655],[140.5082,43.3655]]],[[[140.5078,43.3655],[140.5079,43.3657],[140.5079,43.3656],[140.5078,43.3655]]],[[[140.5083,43.3656],[140.5081,43.3657],[140.5083,43.3657],[140.5083,43.3656]]],[[[140.5027,43.3707],[140.5026,43.3705],[140.5025,43.3706],[140.5027,43.3707]]],[[[140.5002,43.3707],[140.5005,43.371],[140.5008,43.3709],[140.5002,43.3707]]],[[[140.503,43.3711],[140.5034,43.371],[140.5031,43.3709],[140.503,43.3711]]],[[[140.4978,43.3725],[140.4975,43.3726],[140.4978,43.3726],[140.4978,43.3725]]],[[[140.4982,43.3725],[140.4981,43.3727],[140.4982,43.3727],[140.4982,43.3725]]],[[[140.4963,43.373],[140.4965,43.3728],[140.4961,43.3728],[140.4963,43.373]]],[[[140.4942,43.373],[140.494,43.373],[140.4941,43.3731],[140.4942,43.373]]],[[[140.4964,43.3732],[140.4965,43.3731],[140.4964,43.3731],[140.4964,43.3732]]],[[[140.496,43.3732],[140.4961,43.3731],[140.4959,43.3731],[140.496,43.3732]]],[[[140.4881,43.3737],[140.4882,43.3738],[140.4883,43.3738],[140.4881,43.3737]]],[[[140.4877,43.3747],[140.4881,43.3747],[140.4883,43.3744],[140.4877,43.3747]]],[[[140.4862,43.375],[140.4864,43.3749],[140.4863,43.3748],[140.4862,43.375]]],[[[140.4878,43.3751],[140.4881,43.3748],[140.4877,43.3751],[140.4878,43.3751]]],[[[140.4798,43.3751],[140.4802,43.3749],[140.4801,43.3748],[140.4798,43.3751]]],[[[140.4851,43.3752],[140.4849,43.3754],[140.4851,43.3753],[140.4851,43.3752]]],[[[140.4801,43.3756],[140.48,43.3758],[140.4802,43.3757],[140.4801,43.3756]]],[[[140.4811,43.3757],[140.481,43.3764],[140.4818,43.3758],[140.4811,43.3757]]],[[[140.5577,43.3283],[140.5577,43.3283],[140.5577,43.3283],[140.5577,43.3283]]],[[[140.5575,43.3287],[140.5576,43.3287],[140.5576,43.3287],[140.5575,43.3287]]],[[[140.5577,43.3292],[140.5577,43.3292],[140.5577,43.3292],[140.5577,43.3292]]],[[[140.5566,43.3298],[140.5566,43.3298],[140.5566,43.3298],[140.5566,43.3298]]],[[[140.5555,43.3299],[140.5555,43.3299],[140.5555,43.3299],[140.5555,43.3299]]],[[[140.5565,43.33],[140.5565,43.3299],[140.5565,43.33],[140.5565,43.33]]],[[[140.5568,43.33],[140.5568,43.3299],[140.5567,43.33],[140.5568,43.33]]],[[[140.5571,43.33],[140.558,43.3303],[140.5582,43.3301],[140.5571,43.33]]],[[[140.5563,43.3307],[140.5565,43.3312],[140.5567,43.3312],[140.5563,43.3307]]],[[[140.5534,43.3311],[140.5534,43.331],[140.5533,43.331],[140.5534,43.3311]]],[[[140.5538,43.3311],[140.5537,43.3311],[140.5538,43.3311],[140.5538,43.3311]]],[[[140.5531,43.3311],[140.5532,43.3312],[140.5532,43.3311],[140.5531,43.3311]]],[[[140.5536,43.3313],[140.5536,43.3312],[140.5536,43.3313],[140.5536,43.3313]]],[[[140.5543,43.3313],[140.5543,43.3312],[140.5543,43.3312],[140.5543,43.3313]]],[[[140.5535,43.3314],[140.5535,43.3314],[140.5535,43.3315],[140.5535,43.3314]]],[[[140.5537,43.3316],[140.5536,43.3315],[140.5536,43.3315],[140.5537,43.3316]]],[[[140.5533,43.3316],[140.5533,43.3316],[140.5534,43.3316],[140.5533,43.3316]]],[[[140.5555,43.3317],[140.5559,43.3316],[140.5554,43.3315],[140.5555,43.3317]]],[[[140.5554,43.3321],[140.5552,43.3318],[140.5552,43.3321],[140.5554,43.3321]]],[[[140.5562,43.3319],[140.5561,43.3324],[140.5565,43.3326],[140.5562,43.3319]]],[[[140.5528,43.3323],[140.5528,43.3325],[140.5529,43.3324],[140.5528,43.3323]]],[[[140.5523,43.3326],[140.5522,43.3326],[140.5523,43.3327],[140.5523,43.3326]]],[[[140.5525,43.3325],[140.5526,43.3328],[140.5527,43.3326],[140.5525,43.3325]]],[[[140.5521,43.3331],[140.5521,43.3331],[140.5521,43.3331],[140.5521,43.3331]]],[[[140.5527,43.3333],[140.553,43.3332],[140.5528,43.3329],[140.5527,43.3333]]],[[[140.5511,43.3332],[140.551,43.3332],[140.551,43.3332],[140.5511,43.3332]]],[[[140.5533,43.3336],[140.5531,43.3334],[140.5532,43.3336],[140.5533,43.3336]]],[[[140.5518,43.3335],[140.5519,43.3335],[140.5518,43.3334],[140.5518,43.3335]]],[[[140.5516,43.3336],[140.5517,43.3336],[140.5516,43.3336],[140.5516,43.3336]]],[[[140.5504,43.3341],[140.5504,43.3341],[140.5504,43.3341],[140.5504,43.3341]]],[[[140.5505,43.3346],[140.5505,43.3346],[140.5504,43.3346],[140.5505,43.3346]]],[[[140.5498,43.3348],[140.5499,43.3349],[140.5499,43.3348],[140.5498,43.3348]]],[[[140.5495,43.335],[140.5495,43.3351],[140.5495,43.3351],[140.5495,43.335]]],[[[140.5497,43.3351],[140.5497,43.3351],[140.5497,43.3351],[140.5497,43.3351]]],[[[140.5497,43.3366],[140.5494,43.3369],[140.5501,43.3372],[140.5497,43.3366]]],[[[140.5488,43.3373],[140.5488,43.3378],[140.5493,43.3377],[140.5488,43.3373]]],[[[140.5453,43.3389],[140.5455,43.339],[140.5455,43.3389],[140.5453,43.3389]]],[[[140.5435,43.339],[140.5435,43.3399],[140.5437,43.3398],[140.5435,43.339]]],[[[140.5444,43.3395],[140.5441,43.3394],[140.544,43.3394],[140.5444,43.3395]]],[[[140.5423,43.3397],[140.5425,43.3402],[140.5427,43.34],[140.5423,43.3397]]],[[[140.5415,43.3406],[140.5415,43.3408],[140.5417,43.3407],[140.5415,43.3406]]],[[[140.5406,43.3409],[140.5408,43.3406],[140.5406,43.3405],[140.5406,43.3409]]],[[[140.5365,43.3451],[140.5369,43.3452],[140.5369,43.345],[140.5365,43.3451]]],[[[140.5349,43.3462],[140.5351,43.3461],[140.5348,43.3461],[140.5349,43.3462]]],[[[140.5348,43.3463],[140.5348,43.3462],[140.5347,43.3463],[140.5348,43.3463]]],[[[140.5346,43.3465],[140.5344,43.3463],[140.5345,43.3465],[140.5346,43.3465]]],[[[140.5347,43.3465],[140.5349,43.3464],[140.5348,43.3464],[140.5347,43.3465]]],[[[140.5369,43.3465],[140.5372,43.3467],[140.5372,43.3466],[140.5369,43.3465]]],[[[140.5342,43.3474],[140.5343,43.3473],[140.5342,43.3474],[140.5342,43.3474]]],[[[140.5346,43.3475],[140.5348,43.3473],[140.5347,43.3473],[140.5346,43.3475]]],[[[140.5349,43.3478],[140.5347,43.3476],[140.5346,43.3477],[140.5349,43.3478]]],[[[140.5353,43.348],[140.5352,43.3479],[140.5352,43.348],[140.5353,43.348]]],[[[140.5329,43.3479],[140.5328,43.348],[140.5329,43.348],[140.5329,43.3479]]],[[[140.5351,43.3479],[140.535,43.3481],[140.5352,43.3481],[140.5351,43.3479]]],[[[140.5329,43.3485],[140.5329,43.3483],[140.5328,43.3485],[140.5329,43.3485]]],[[[140.5321,43.3483],[140.5315,43.3486],[140.5319,43.3489],[140.5321,43.3483]]],[[[140.5352,43.3486],[140.5349,43.3485],[140.5348,43.3486],[140.5352,43.3486]]],[[[140.533,43.3487],[140.5331,43.3485],[140.533,43.3487],[140.533,43.3487]]],[[[140.5329,43.3487],[140.5328,43.3486],[140.5328,43.3487],[140.5329,43.3487]]],[[[140.5349,43.3488],[140.5346,43.3486],[140.5346,43.3487],[140.5349,43.3488]]],[[[140.5329,43.3488],[140.5327,43.3489],[140.533,43.3488],[140.5329,43.3488]]],[[[140.5347,43.349],[140.5346,43.3489],[140.5344,43.3491],[140.5347,43.349]]],[[[140.5304,43.3494],[140.5306,43.3494],[140.5305,43.3493],[140.5304,43.3494]]],[[[140.5308,43.3496],[140.5307,43.3498],[140.5308,43.3497],[140.5308,43.3496]]],[[[140.5304,43.3498],[140.5305,43.3497],[140.5303,43.3497],[140.5304,43.3498]]],[[[140.5309,43.3497],[140.531,43.3499],[140.5311,43.3498],[140.5309,43.3497]]],[[[140.5313,43.3501],[140.5309,43.35],[140.531,43.3503],[140.5313,43.3501]]],[[[140.5316,43.3501],[140.5315,43.3503],[140.5319,43.3501],[140.5316,43.3501]]],[[[140.5313,43.3507],[140.5315,43.3505],[140.5313,43.3504],[140.5313,43.3507]]],[[[140.5788,43.3109],[140.5787,43.3109],[140.5787,43.3109],[140.5788,43.3109]]],[[[140.5781,43.3115],[140.578,43.3115],[140.5781,43.3115],[140.5781,43.3115]]],[[[140.5779,43.3118],[140.5779,43.3118],[140.5779,43.3117],[140.5779,43.3118]]],[[[140.5778,43.3125],[140.578,43.3126],[140.578,43.3126],[140.5778,43.3125]]],[[[140.5777,43.3127],[140.5776,43.3126],[140.5776,43.3127],[140.5777,43.3127]]],[[[140.5774,43.3128],[140.5773,43.3128],[140.5774,43.3128],[140.5774,43.3128]]],[[[140.5768,43.3128],[140.5767,43.3128],[140.5768,43.3128],[140.5768,43.3128]]],[[[140.5772,43.3128],[140.5772,43.3128],[140.5772,43.3129],[140.5772,43.3128]]],[[[140.5768,43.3131],[140.5767,43.3131],[140.5767,43.3131],[140.5768,43.3131]]],[[[140.5762,43.3136],[140.5763,43.3137],[140.5763,43.3136],[140.5762,43.3136]]],[[[140.5766,43.3139],[140.5764,43.3137],[140.5764,43.3138],[140.5766,43.3139]]],[[[140.5758,43.3141],[140.5759,43.3142],[140.576,43.3142],[140.5758,43.3141]]],[[[140.5757,43.3142],[140.5757,43.3142],[140.5757,43.3142],[140.5757,43.3142]]],[[[140.5755,43.3143],[140.5755,43.3144],[140.5755,43.3143],[140.5755,43.3143]]],[[[140.5754,43.3144],[140.5753,43.3144],[140.5753,43.3144],[140.5754,43.3144]]],[[[140.5752,43.3146],[140.5753,43.3145],[140.5753,43.3145],[140.5752,43.3146]]],[[[140.5753,43.3147],[140.5753,43.3147],[140.5753,43.3147],[140.5753,43.3147]]],[[[140.5751,43.3148],[140.5751,43.3148],[140.575,43.3148],[140.5751,43.3148]]],[[[140.5752,43.3149],[140.5752,43.3149],[140.5752,43.3149],[140.5752,43.3149]]],[[[140.5753,43.315],[140.5753,43.315],[140.5753,43.315],[140.5753,43.315]]],[[[140.5751,43.3151],[140.5751,43.3151],[140.5751,43.315],[140.5751,43.3151]]],[[[140.5756,43.3151],[140.5755,43.3151],[140.5756,43.3151],[140.5756,43.3151]]],[[[140.5755,43.3154],[140.5755,43.3154],[140.5755,43.3154],[140.5755,43.3154]]],[[[140.5751,43.3154],[140.5752,43.3155],[140.5752,43.3154],[140.5751,43.3154]]],[[[140.5741,43.3167],[140.5741,43.3167],[140.5741,43.3167],[140.5741,43.3167]]],[[[140.5739,43.3169],[140.5739,43.3168],[140.5738,43.3169],[140.5739,43.3169]]],[[[140.574,43.3171],[140.5741,43.3169],[140.574,43.3169],[140.574,43.3171]]],[[[140.5737,43.3171],[140.5738,43.3171],[140.5738,43.3171],[140.5737,43.3171]]],[[[140.5739,43.3176],[140.5739,43.3177],[140.5739,43.3177],[140.5739,43.3176]]],[[[140.5736,43.3178],[140.5737,43.3178],[140.5736,43.3178],[140.5736,43.3178]]],[[[140.573,43.3195],[140.573,43.3195],[140.573,43.3195],[140.573,43.3195]]],[[[140.573,43.3198],[140.573,43.3197],[140.5729,43.3197],[140.573,43.3198]]],[[[140.5717,43.3199],[140.5717,43.3199],[140.5718,43.3199],[140.5717,43.3199]]],[[[140.5717,43.32],[140.5718,43.3201],[140.5718,43.32],[140.5717,43.32]]],[[[140.5733,43.3203],[140.5736,43.3203],[140.5734,43.3201],[140.5733,43.3203]]],[[[140.571,43.3208],[140.5713,43.3207],[140.5709,43.3205],[140.571,43.3208]]],[[[140.5703,43.3209],[140.5703,43.3209],[140.5702,43.3209],[140.5703,43.3209]]],[[[140.571,43.321],[140.5711,43.321],[140.571,43.321],[140.571,43.321]]],[[[140.5705,43.3211],[140.5708,43.3212],[140.5705,43.3209],[140.5705,43.3211]]],[[[140.5708,43.3215],[140.5709,43.3214],[140.5708,43.3215],[140.5708,43.3215]]],[[[140.5698,43.3221],[140.5701,43.3222],[140.5701,43.3221],[140.5698,43.3221]]],[[[140.5646,43.324],[140.5646,43.3241],[140.5647,43.3241],[140.5646,43.324]]],[[[140.5638,43.3241],[140.5637,43.324],[140.5637,43.3241],[140.5638,43.3241]]],[[[140.5639,43.3244],[140.5639,43.3242],[140.5638,43.3243],[140.5639,43.3244]]],[[[140.5645,43.3245],[140.565,43.3245],[140.5647,43.3243],[140.5645,43.3245]]],[[[140.565,43.3247],[140.565,43.3248],[140.5651,43.3247],[140.565,43.3247]]],[[[140.5648,43.3248],[140.5648,43.3248],[140.5648,43.3248],[140.5648,43.3248]]],[[[140.5627,43.3249],[140.5627,43.3248],[140.5626,43.3248],[140.5627,43.3249]]],[[[140.5628,43.3251],[140.5629,43.3251],[140.5629,43.325],[140.5628,43.3251]]],[[[140.5652,43.3249],[140.5653,43.3254],[140.5654,43.3253],[140.5652,43.3249]]],[[[140.5609,43.3261],[140.561,43.3261],[140.561,43.3261],[140.5609,43.3261]]],[[[140.5613,43.3261],[140.5612,43.3261],[140.5613,43.3261],[140.5613,43.3261]]],[[[140.5608,43.3262],[140.5608,43.3262],[140.5609,43.3262],[140.5608,43.3262]]],[[[140.5612,43.3264],[140.5611,43.3264],[140.5611,43.3264],[140.5612,43.3264]]],[[[140.5608,43.3264],[140.5608,43.3264],[140.5607,43.3264],[140.5608,43.3264]]],[[[140.5605,43.3265],[140.5606,43.3264],[140.5605,43.3264],[140.5605,43.3265]]],[[[140.5602,43.3265],[140.5603,43.3265],[140.5602,43.3265],[140.5602,43.3265]]],[[[140.5604,43.3267],[140.5603,43.3267],[140.5604,43.3267],[140.5604,43.3267]]],[[[140.5594,43.327],[140.5594,43.327],[140.5594,43.327],[140.5594,43.327]]],[[[140.5592,43.3271],[140.5592,43.3271],[140.5591,43.3271],[140.5592,43.3271]]],[[[140.5594,43.3271],[140.5593,43.3271],[140.5594,43.3272],[140.5594,43.3271]]],[[[140.5588,43.3272],[140.5589,43.3272],[140.5588,43.3272],[140.5588,43.3272]]],[[[140.5592,43.3273],[140.5592,43.3272],[140.5592,43.3273],[140.5592,43.3273]]],[[[140.559,43.3273],[140.559,43.3273],[140.559,43.3273],[140.559,43.3273]]],[[[140.5578,43.328],[140.5579,43.328],[140.5578,43.328],[140.5578,43.328]]],[[[140.5579,43.3281],[140.5579,43.3281],[140.5579,43.3281],[140.5579,43.3281]]],[[[140.5581,43.3292],[140.5581,43.3292],[140.558,43.3292],[140.5581,43.3292]]],[[[140.5579,43.3293],[140.5579,43.3292],[140.5579,43.3293],[140.5579,43.3293]]],[[[140.5584,43.3297],[140.5583,43.3297],[140.5583,43.3298],[140.5584,43.3297]]],[[[140.6125,43.2961],[140.6125,43.2961],[140.6125,43.2961],[140.6125,43.2961]]],[[[140.613,43.2962],[140.6129,43.2962],[140.613,43.2962],[140.613,43.2962]]],[[[140.6131,43.2964],[140.6132,43.2964],[140.6131,43.2964],[140.6131,43.2964]]],[[[140.6203,43.2965],[140.6205,43.2966],[140.6205,43.2965],[140.6203,43.2965]]],[[[140.6142,43.2966],[140.6143,43.2966],[140.6143,43.2966],[140.6142,43.2966]]],[[[140.6192,43.2966],[140.6192,43.2968],[140.6193,43.2968],[140.6192,43.2966]]],[[[140.6189,43.2968],[140.619,43.2968],[140.619,43.2967],[140.6189,43.2968]]],[[[140.6198,43.2968],[140.6199,43.2969],[140.62,43.2968],[140.6198,43.2968]]],[[[140.6195,43.297],[140.6194,43.2969],[140.6194,43.2969],[140.6195,43.297]]],[[[140.6187,43.297],[140.6185,43.297],[140.6185,43.2971],[140.6187,43.297]]],[[[140.6198,43.2971],[140.6201,43.2972],[140.6202,43.297],[140.6198,43.2971]]],[[[140.6202,43.2973],[140.6203,43.2974],[140.6203,43.2973],[140.6202,43.2973]]],[[[140.6204,43.2975],[140.6203,43.2975],[140.6203,43.2976],[140.6204,43.2975]]],[[[140.5996,43.3023],[140.5995,43.3023],[140.5996,43.3023],[140.5996,43.3023]]],[[[140.5981,43.3023],[140.598,43.3023],[140.5981,43.3023],[140.5981,43.3023]]],[[[140.5978,43.3024],[140.5978,43.3023],[140.5978,43.3024],[140.5978,43.3024]]],[[[140.598,43.3025],[140.5981,43.3025],[140.598,43.3025],[140.598,43.3025]]],[[[140.5977,43.3025],[140.5978,43.3025],[140.5978,43.3025],[140.5977,43.3025]]],[[[140.5944,43.3026],[140.5945,43.3025],[140.5944,43.3026],[140.5944,43.3026]]],[[[140.5949,43.3028],[140.5947,43.3028],[140.5949,43.3029],[140.5949,43.3028]]],[[[140.6041,43.3027],[140.6043,43.3029],[140.6042,43.3026],[140.6041,43.3027]]],[[[140.6001,43.3028],[140.6,43.3028],[140.6,43.3028],[140.6001,43.3028]]],[[[140.5967,43.3028],[140.5966,43.3029],[140.5966,43.3029],[140.5967,43.3028]]],[[[140.5974,43.3029],[140.5975,43.3029],[140.5975,43.3029],[140.5974,43.3029]]],[[[140.5971,43.3029],[140.5971,43.303],[140.5972,43.3029],[140.5971,43.3029]]],[[[140.5978,43.303],[140.5976,43.303],[140.5978,43.3031],[140.5978,43.303]]],[[[140.5983,43.3031],[140.5987,43.3035],[140.5985,43.303],[140.5983,43.3031]]],[[[140.6004,43.3034],[140.6004,43.3034],[140.6004,43.3035],[140.6004,43.3034]]],[[[140.5947,43.3036],[140.5947,43.3036],[140.5947,43.3036],[140.5947,43.3036]]],[[[140.5988,43.3036],[140.5989,43.3037],[140.5989,43.3036],[140.5988,43.3036]]],[[[140.5986,43.3037],[140.5985,43.3038],[140.5986,43.3038],[140.5986,43.3037]]],[[[140.5935,43.3037],[140.5936,43.3043],[140.5939,43.3039],[140.5935,43.3037]]],[[[140.5927,43.3041],[140.5927,43.3042],[140.5927,43.3042],[140.5927,43.3041]]],[[[140.5931,43.3044],[140.5931,43.3044],[140.5931,43.3044],[140.5931,43.3044]]],[[[140.6001,43.3044],[140.5999,43.3046],[140.6001,43.3045],[140.6001,43.3044]]],[[[140.5926,43.3046],[140.5926,43.3047],[140.5926,43.3046],[140.5926,43.3046]]],[[[140.5932,43.3047],[140.5932,43.3047],[140.5932,43.3047],[140.5932,43.3047]]],[[[140.5924,43.3048],[140.5924,43.3047],[140.5924,43.3048],[140.5924,43.3048]]],[[[140.5999,43.3048],[140.6001,43.3047],[140.6001,43.3047],[140.5999,43.3048]]],[[[140.5928,43.3048],[140.5927,43.3048],[140.5928,43.3049],[140.5928,43.3048]]],[[[140.5925,43.305],[140.5925,43.3049],[140.5925,43.3049],[140.5925,43.305]]],[[[140.5999,43.3052],[140.5998,43.3053],[140.5999,43.3053],[140.5999,43.3052]]],[[[140.5924,43.3054],[140.5923,43.3053],[140.5923,43.3054],[140.5924,43.3054]]],[[[140.5999,43.3058],[140.6,43.3058],[140.6,43.3058],[140.5999,43.3058]]],[[[140.6006,43.3061],[140.6004,43.3059],[140.5997,43.3062],[140.6006,43.3061]]],[[[140.5924,43.3065],[140.5923,43.3065],[140.5924,43.3065],[140.5924,43.3065]]],[[[140.5923,43.3067],[140.5923,43.3068],[140.5924,43.3068],[140.5923,43.3067]]],[[[140.5923,43.307],[140.5924,43.3069],[140.5923,43.3069],[140.5923,43.307]]],[[[140.5923,43.3071],[140.5923,43.3072],[140.5923,43.3072],[140.5923,43.3071]]],[[[140.6019,43.3061],[140.602,43.3084],[140.6032,43.3077],[140.6019,43.3061]]],[[[140.5922,43.3073],[140.5922,43.3073],[140.5922,43.3073],[140.5922,43.3073]]],[[[140.5922,43.3075],[140.5922,43.3075],[140.5921,43.3076],[140.5922,43.3075]]],[[[140.5879,43.3076],[140.5878,43.3077],[140.5879,43.3077],[140.5879,43.3076]]],[[[140.5862,43.3078],[140.5863,43.308],[140.5863,43.3078],[140.5862,43.3078]]],[[[140.586,43.3082],[140.5859,43.3082],[140.586,43.3083],[140.586,43.3082]]],[[[140.5879,43.3083],[140.5879,43.3083],[140.5879,43.3083],[140.5879,43.3083]]],[[[140.5903,43.3084],[140.5903,43.3084],[140.5902,43.3084],[140.5903,43.3084]]],[[[140.5895,43.3084],[140.5893,43.3085],[140.5893,43.3086],[140.5895,43.3084]]],[[[140.5889,43.3086],[140.5891,43.3086],[140.5891,43.3084],[140.5889,43.3086]]],[[[140.59,43.3085],[140.59,43.3086],[140.59,43.3085],[140.59,43.3085]]],[[[140.5883,43.3085],[140.5884,43.3087],[140.5886,43.3086],[140.5883,43.3085]]],[[[140.5886,43.3087],[140.5887,43.3088],[140.5887,43.3087],[140.5886,43.3087]]],[[[140.5885,43.3089],[140.5886,43.309],[140.5886,43.3089],[140.5885,43.3089]]],[[[140.5912,43.309],[140.5911,43.3089],[140.5911,43.3089],[140.5912,43.309]]],[[[140.5833,43.3103],[140.5834,43.3103],[140.5834,43.3101],[140.5833,43.3103]]],[[[140.5802,43.3105],[140.5802,43.3102],[140.5801,43.3103],[140.5802,43.3105]]],[[[140.5789,43.3107],[140.5789,43.3108],[140.5789,43.3107],[140.5789,43.3107]]],[[[140.5789,43.3109],[140.5789,43.3109],[140.5789,43.3109],[140.5789,43.3109]]],[[[140.5792,43.3117],[140.5791,43.3117],[140.5791,43.3117],[140.5792,43.3117]]],[[[140.6301,43.2948],[140.63,43.2948],[140.63,43.2948],[140.6301,43.2948]]],[[[140.6244,43.2949],[140.6243,43.2949],[140.6244,43.2949],[140.6244,43.2949]]],[[[140.63,43.2949],[140.63,43.2949],[140.63,43.2949],[140.63,43.2949]]],[[[140.63,43.2949],[140.63,43.2949],[140.63,43.2949],[140.63,43.2949]]],[[[140.63,43.2949],[140.63,43.2949],[140.63,43.2949],[140.63,43.2949]]],[[[140.6246,43.2949],[140.6247,43.2949],[140.6247,43.2949],[140.6246,43.2949]]],[[[140.6239,43.2953],[140.624,43.2951],[140.6238,43.2952],[140.6239,43.2953]]],[[[140.6249,43.2953],[140.6248,43.2953],[140.6248,43.2953],[140.6249,43.2953]]],[[[140.6243,43.2955],[140.6243,43.2955],[140.6242,43.2955],[140.6243,43.2955]]],[[[140.6247,43.2955],[140.6246,43.2956],[140.6247,43.2956],[140.6247,43.2955]]],[[[140.631,43.2957],[140.631,43.2958],[140.631,43.2957],[140.631,43.2957]]],[[[140.6308,43.2958],[140.6309,43.2957],[140.6308,43.2957],[140.6308,43.2958]]],[[[140.6311,43.2958],[140.6312,43.2958],[140.6312,43.2958],[140.6311,43.2958]]],[[[140.6221,43.2961],[140.6222,43.2962],[140.6222,43.2962],[140.6221,43.2961]]],[[[140.6279,43.2966],[140.6279,43.2966],[140.628,43.2967],[140.6279,43.2966]]],[[[140.6221,43.2966],[140.6221,43.2967],[140.6221,43.2967],[140.6221,43.2966]]],[[[140.6275,43.2967],[140.6275,43.2968],[140.6276,43.2967],[140.6275,43.2967]]],[[[140.6218,43.2969],[140.6219,43.2967],[140.6218,43.2967],[140.6218,43.2969]]],[[[140.6311,43.2969],[140.6311,43.2969],[140.6311,43.2969],[140.6311,43.2969]]],[[[140.6221,43.2969],[140.622,43.297],[140.6221,43.2969],[140.6221,43.2969]]],[[[140.6219,43.2971],[140.6219,43.2971],[140.6219,43.2971],[140.6219,43.2971]]],[[[140.6308,43.2973],[140.6308,43.2973],[140.6307,43.2973],[140.6308,43.2973]]],[[[140.6284,43.2977],[140.6285,43.2976],[140.6284,43.2976],[140.6284,43.2977]]],[[[140.6286,43.2977],[140.6286,43.2978],[140.6286,43.2978],[140.6286,43.2977]]],[[[140.6273,43.2978],[140.6271,43.298],[140.6272,43.298],[140.6273,43.2978]]],[[[140.6285,43.298],[140.6285,43.2979],[140.6285,43.2979],[140.6285,43.298]]],[[[140.6294,43.2979],[140.6295,43.298],[140.6295,43.298],[140.6294,43.2979]]],[[[140.6288,43.298],[140.6287,43.298],[140.6288,43.298],[140.6288,43.298]]],[[[140.6287,43.2981],[140.6287,43.2982],[140.6288,43.2982],[140.6287,43.2981]]],[[[140.6284,43.2982],[140.6284,43.2982],[140.6284,43.2982],[140.6284,43.2982]]],[[[140.6304,43.2984],[140.6304,43.2982],[140.6303,43.2984],[140.6304,43.2984]]],[[[140.629,43.2984],[140.6291,43.2983],[140.6289,43.2984],[140.629,43.2984]]],[[[140.6317,43.2984],[140.6317,43.2984],[140.6318,43.2984],[140.6317,43.2984]]],[[[140.6317,43.2986],[140.6318,43.2986],[140.6317,43.2986],[140.6317,43.2986]]],[[[140.6292,43.2987],[140.6292,43.2986],[140.6291,43.2986],[140.6292,43.2987]]],[[[140.6289,43.2987],[140.6289,43.2986],[140.6289,43.2987],[140.6289,43.2987]]],[[[140.6314,43.2987],[140.6315,43.2987],[140.6315,43.2987],[140.6314,43.2987]]],[[[140.6298,43.2987],[140.6297,43.2988],[140.6298,43.2988],[140.6298,43.2987]]],[[[140.6292,43.2988],[140.6293,43.2988],[140.6292,43.2988],[140.6292,43.2988]]],[[[140.6316,43.299],[140.6317,43.299],[140.6316,43.2989],[140.6316,43.299]]],[[[140.6293,43.2991],[140.6293,43.2992],[140.6293,43.2991],[140.6293,43.2991]]],[[[140.631,43.2992],[140.6309,43.2991],[140.6309,43.2991],[140.631,43.2992]]],[[[140.6299,43.2992],[140.6299,43.2992],[140.6299,43.2991],[140.6299,43.2992]]],[[[140.6312,43.2992],[140.6312,43.2992],[140.6313,43.2993],[140.6312,43.2992]]],[[[140.6315,43.2993],[140.6315,43.2992],[140.6314,43.2992],[140.6315,43.2993]]],[[[140.6297,43.2992],[140.6294,43.2993],[140.6297,43.2992],[140.6297,43.2992]]],[[[140.6304,43.2994],[140.6302,43.2992],[140.6301,43.2992],[140.6304,43.2994]]],[[[140.629,43.2992],[140.6289,43.2994],[140.6292,43.2993],[140.629,43.2992]]],[[[140.6307,43.2993],[140.6307,43.2994],[140.6308,43.2994],[140.6307,43.2993]]],[[[140.6299,43.2994],[140.63,43.2995],[140.63,43.2995],[140.6299,43.2994]]],[[[140.6296,43.2994],[140.6296,43.2995],[140.6296,43.2995],[140.6296,43.2994]]],[[[140.6279,43.2995],[140.6278,43.2994],[140.6278,43.2995],[140.6279,43.2995]]],[[[140.6312,43.2995],[140.6312,43.2996],[140.6312,43.2995],[140.6312,43.2995]]],[[[140.6319,43.2996],[140.6317,43.2995],[140.6316,43.2996],[140.6319,43.2996]]],[[[140.6322,43.2995],[140.6321,43.2997],[140.6321,43.2997],[140.6322,43.2995]]],[[[140.6292,43.2996],[140.6289,43.2996],[140.6289,43.2996],[140.6292,43.2996]]],[[[140.631,43.2996],[140.6311,43.2997],[140.631,43.2996],[140.631,43.2996]]],[[[140.6297,43.2997],[140.6299,43.2996],[140.6296,43.2997],[140.6297,43.2997]]],[[[140.6306,43.2996],[140.6309,43.3],[140.6309,43.2997],[140.6306,43.2996]]],[[[140.63,43.2998],[140.63,43.2999],[140.63,43.2999],[140.63,43.2998]]],[[[140.6298,43.3],[140.6298,43.3],[140.6298,43.3],[140.6298,43.3]]],[[[140.6291,43.3001],[140.629,43.3],[140.629,43.3001],[140.6291,43.3001]]],[[[140.6303,43.3],[140.6302,43.3001],[140.6304,43.3002],[140.6303,43.3]]],[[[140.6291,43.3003],[140.6294,43.3003],[140.629,43.3002],[140.6291,43.3003]]],[[[140.6283,43.3003],[140.6284,43.3002],[140.6283,43.3002],[140.6283,43.3003]]],[[[140.6308,43.3003],[140.6309,43.3004],[140.6309,43.3004],[140.6308,43.3003]]],[[[140.6316,43.3006],[140.6315,43.3007],[140.6316,43.3008],[140.6316,43.3006]]]]}},{"type":"Feature","properties":{"id":"01406","name":"古平町","pref":"北海道"},"geometry":{"type":"MultiPolygon","coordinates":[[[[140.6335,43.0798],[140.6133,43.0783],[140.5833,43.0996],[140.5809,43.1113],[140.5462,43.1214],[140.5559,43.1413],[140.5333,43.1642],[140.5275,43.1851],[140.5382,43.2003],[140.525,43.2186],[140.5404,43.2336],[140.577,43.2431],[140.5924,43.2545],[140.6026,43.2769],[140.63,43.2948],[140.63,43.2946],[140.6306,43.2936],[140.6317,43.2921],[140.6327,43.2919],[140.6347,43.2857],[140.6464,43.2846],[140.6453,43.2845],[140.6445,43.2807],[140.6416,43.2781],[140.6443,43.272],[140.6364,43.2749],[140.6428,43.2644],[140.6508,43.2615],[140.6539,43.2616],[140.6551,43.2605],[140.6592,43.2595],[140.6722,43.2579],[140.6743,43.2569],[140.6792,43.2561],[140.6823,43.2547],[140.6873,43.2555],[140.6939,43.2513],[140.7003,43.2507],[140.6986,43.2358],[140.6744,43.2203],[140.6946,43.1946],[140.6728,43.1813],[140.6535,43.182],[140.6464,43.1574],[140.657,43.1132],[140.6397,43.1046],[140.6335,43.0798]]],[[[140.6382,43.2858],[140.6381,43.2858],[140.6382,43.2858],[140.6382,43.2858]]],[[[140.6382,43.2858],[140.6382,43.2858],[140.6382,43.2858],[140.6382,43.2858]]],[[[140.6387,43.2859],[140.6387,43.2859],[140.6388,43.2859],[140.6387,43.2859]]],[[[140.639,43.2863],[140.6387,43.286],[140.6383,43.2859],[140.639,43.2863]]],[[[140.6394,43.2862],[140.6394,43.2862],[140.6395,43.2863],[140.6394,43.2862]]],[[[140.6396,43.2863],[140.6395,43.2863],[140.6396,43.2863],[140.6396,43.2863]]],[[[140.6398,43.2863],[140.6398,43.2863],[140.6399,43.2863],[140.6398,43.2863]]],[[[140.6399,43.2863],[140.6399,43.2863],[140.6399,43.2864],[140.6399,43.2863]]],[[[140.6401,43.2863],[140.6401,43.2864],[140.6402,43.2863],[140.6401,43.2863]]],[[[140.6393,43.2864],[140.6393,43.2864],[140.6393,43.2864],[140.6393,43.2864]]],[[[140.641,43.2864],[140.6409,43.2864],[140.6409,43.2864],[140.641,43.2864]]],[[[140.6405,43.2866],[140.6405,43.2866],[140.6405,43.2866],[140.6405,43.2866]]],[[[140.6348,43.2866],[140.6348,43.2866],[140.6347,43.2866],[140.6348,43.2866]]],[[[140.6409,43.2867],[140.6409,43.2866],[140.6409,43.2867],[140.6409,43.2867]]],[[[140.6391,43.2867],[140.639,43.2867],[140.639,43.2867],[140.6391,43.2867]]],[[[140.6409,43.2867],[140.6409,43.2867],[140.6409,43.2867],[140.6409,43.2867]]],[[[140.639,43.2868],[140.6391,43.2867],[140.639,43.2868],[140.639,43.2868]]],[[[140.6348,43.2868],[140.6349,43.2868],[140.6348,43.2868],[140.6348,43.2868]]],[[[140.6401,43.2869],[140.6402,43.2868],[140.6401,43.2868],[140.6401,43.2869]]],[[[140.6405,43.2869],[140.6406,43.2868],[140.6404,43.2868],[140.6405,43.2869]]],[[[140.6404,43.2872],[140.6405,43.287],[140.6404,43.287],[140.6404,43.2872]]],[[[140.6409,43.287],[140.6409,43.2872],[140.641,43.287],[140.6409,43.287]]],[[[140.6313,43.2928],[140.6312,43.2928],[140.6312,43.2928],[140.6313,43.2928]]],[[[140.6312,43.2929],[140.6312,43.2929],[140.6312,43.2929],[140.6312,43.2929]]],[[[140.6311,43.2929],[140.6311,43.2929],[140.6311,43.2929],[140.6311,43.2929]]],[[[140.6311,43.2929],[140.6311,43.2929],[140.6311,43.2929],[140.6311,43.2929]]],[[[140.6311,43.293],[140.6311,43.293],[140.6311,43.293],[140.6311,43.293]]],[[[140.6311,43.2931],[140.6311,43.293],[140.631,43.2931],[140.6311,43.2931]]],[[[140.632,43.2932],[140.632,43.2932],[140.632,43.2932],[140.632,43.2932]]],[[[140.6314,43.2932],[140.6315,43.2932],[140.6314,43.2932],[140.6314,43.2932]]],[[[140.631,43.2932],[140.631,43.2932],[140.631,43.2932],[140.631,43.2932]]],[[[140.6313,43.2932],[140.6313,43.2932],[140.6313,43.2932],[140.6313,43.2932]]],[[[140.6313,43.2933],[140.6313,43.2933],[140.6313,43.2933],[140.6313,43.2933]]],[[[140.6314,43.2933],[140.6314,43.2933],[140.6314,43.2933],[140.6314,43.2933]]],[[[140.6314,43.2934],[140.6314,43.2934],[140.6314,43.2934],[140.6314,43.2934]]],[[[140.632,43.2935],[140.632,43.2934],[140.632,43.2935],[140.632,43.2935]]],[[[140.6316,43.2935],[140.6316,43.2935],[140.6315,43.2935],[140.6316,43.2935]]],[[[140.6314,43.2935],[140.6314,43.2935],[140.6314,43.2935],[140.6314,43.2935]]],[[[140.6315,43.2936],[140.6316,43.2936],[140.6316,43.2936],[140.6315,43.2936]]],[[[140.6315,43.2939],[140.6315,43.2939],[140.6315,43.2939],[140.6315,43.2939]]],[[[140.6306,43.2943],[140.6305,43.2942],[140.6305,43.2943],[140.6306,43.2943]]],[[[140.6303,43.2943],[140.6303,43.2943],[140.6303,43.2943],[140.6303,43.2943]]],[[[140.6306,43.2943],[140.6306,43.2943],[140.6307,43.2943],[140.6306,43.2943]]],[[[140.6303,43.2943],[140.6303,43.2943],[140.6303,43.2943],[140.6303,43.2943]]],[[[140.6303,43.2943],[140.6302,43.2943],[140.6303,43.2944],[140.6303,43.2943]]],[[[140.6302,43.2944],[140.6302,43.2944],[140.6302,43.2944],[140.6302,43.2944]]],[[[140.6306,43.2944],[140.6306,43.2944],[140.6306,43.2944],[140.6306,43.2944]]],[[[140.6302,43.2944],[140.6302,43.2944],[140.6302,43.2944],[140.6302,43.2944]]],[[[140.6302,43.2945],[140.6302,43.2945],[140.6302,43.2945],[140.6302,43.2945]]],[[[140.6302,43.2945],[140.6302,43.2945],[140.6302,43.2945],[140.6302,43.2945]]],[[[140.6302,43.2945],[140.6301,43.2946],[140.6302,43.2946],[140.6302,43.2945]]],[[[140.6301,43.2946],[140.6301,43.2946],[140.6301,43.2946],[140.6301,43.2946]]],[[[140.6301,43.2946],[140.6301,43.2946],[140.6301,43.2946],[140.6301,43.2946]]],[[[140.6301,43.2946],[140.6301,43.2946],[140.6301,43.2946],[140.6301,43.2946]]],[[[140.6301,43.2947],[140.6301,43.2947],[140.6301,43.2947],[140.6301,43.2947]]],[[[140.6301,43.2947],[140.6301,43.2947],[140.6301,43.2947],[140.6301,43.2947]]],[[[140.6301,43.2947],[140.6301,43.2947],[140.6301,43.2947],[140.6301,43.2947]]],[[[140.6301,43.2947],[140.6301,43.2947],[140.6301,43.2947],[140.6301,43.2947]]],[[[140.6301,43.2947],[140.6301,43.2947],[140.6301,43.2947],[140.6301,43.2947]]],[[[140.6307,43.2947],[140.6307,43.2948],[140.6307,43.2948],[140.6307,43.2947]]],[[[140.6585,43.2597],[140.6585,43.2597],[140.6585,43.2597],[140.6585,43.2597]]],[[[140.6584,43.2597],[140.6584,43.2597],[140.6584,43.2597],[140.6584,43.2597]]],[[[140.6584,43.2597],[140.6584,43.2597],[140.6584,43.2597],[140.6584,43.2597]]],[[[140.6584,43.2597],[140.6584,43.2597],[140.6584,43.2597],[140.6584,43.2597]]],[[[140.6583,43.2598],[140.6583,43.2598],[140.6583,43.2598],[140.6583,43.2598]]],[[[140.6583,43.2598],[140.6583,43.2598],[140.6583,43.2598],[140.6583,43.2598]]],[[[140.6582,43.2598],[140.6582,43.2598],[140.6582,43.2598],[140.6582,43.2598]]],[[[140.6581,43.2598],[140.6581,43.2598],[140.6581,43.2598],[140.6581,43.2598]]],[[[140.6581,43.2598],[140.6582,43.2598],[140.6581,43.2598],[140.6581,43.2598]]],[[[140.6581,43.2598],[140.6581,43.2598],[140.6581,43.2598],[140.6581,43.2598]]],[[[140.6581,43.2598],[140.6581,43.2599],[140.6581,43.2599],[140.6581,43.2598]]],[[[140.656,43.2605],[140.656,43.2605],[140.6561,43.2605],[140.656,43.2605]]],[[[140.656,43.2606],[140.656,43.2606],[140.656,43.2606],[140.656,43.2606]]],[[[140.656,43.261],[140.6562,43.261],[140.656,43.2609],[140.656,43.261]]],[[[140.6544,43.2614],[140.6546,43.2613],[140.6545,43.2612],[140.6544,43.2614]]],[[[140.653,43.262],[140.6528,43.2621],[140.653,43.262],[140.653,43.262]]],[[[140.6541,43.2621],[140.6542,43.2623],[140.6543,43.2621],[140.6541,43.2621]]],[[[140.6543,43.2625],[140.6541,43.2624],[140.6542,43.2625],[140.6543,43.2625]]],[[[140.654,43.2627],[140.654,43.2625],[140.6539,43.2627],[140.654,43.2627]]],[[[140.6531,43.2626],[140.653,43.2628],[140.6533,43.2626],[140.6531,43.2626]]],[[[140.6535,43.2629],[140.6536,43.2628],[140.6535,43.2628],[140.6535,43.2629]]],[[[140.6533,43.2632],[140.6537,43.2631],[140.6533,43.2631],[140.6533,43.2632]]],[[[140.6463,43.2844],[140.6463,43.2845],[140.6464,43.2845],[140.6463,43.2844]]],[[[140.6461,43.2848],[140.6464,43.2848],[140.6464,43.2846],[140.6461,43.2848]]],[[[140.6463,43.2849],[140.6463,43.2848],[140.6463,43.2849],[140.6463,43.2849]]],[[[140.6465,43.2849],[140.6464,43.2849],[140.6465,43.2849],[140.6465,43.2849]]],[[[140.6463,43.2849],[140.6463,43.2849],[140.6463,43.285],[140.6463,43.2849]]],[[[140.6465,43.2849],[140.6469,43.2849],[140.6465,43.2848],[140.6465,43.2849]]],[[[140.6462,43.285],[140.6462,43.2852],[140.6463,43.285],[140.6462,43.285]]],[[[140.6449,43.2853],[140.6449,43.2852],[140.6449,43.2852],[140.6449,43.2853]]],[[[140.6449,43.2853],[140.6448,43.2853],[140.6448,43.2853],[140.6449,43.2853]]],[[[140.6447,43.2853],[140.6447,43.2853],[140.6447,43.2853],[140.6447,43.2853]]],[[[140.6448,43.2854],[140.6447,43.2854],[140.6448,43.2854],[140.6448,43.2854]]],[[[140.6449,43.2855],[140.6449,43.2856],[140.645,43.2855],[140.6449,43.2855]]],[[[140.6473,43.2857],[140.6473,43.2856],[140.6472,43.2857],[140.6473,43.2857]]],[[[140.644,43.2858],[140.644,43.2858],[140.6441,43.2858],[140.644,43.2858]]],[[[140.6443,43.2858],[140.6443,43.2858],[140.6443,43.2858],[140.6443,43.2858]]],[[[140.6442,43.2861],[140.6442,43.2861],[140.6442,43.2861],[140.6442,43.2861]]],[[[140.6441,43.2861],[140.644,43.2861],[140.644,43.2861],[140.6441,43.2861]]],[[[140.6444,43.2862],[140.6444,43.2862],[140.6443,43.2862],[140.6444,43.2862]]],[[[140.644,43.2864],[140.644,43.2864],[140.644,43.2864],[140.644,43.2864]]],[[[140.6412,43.2864],[140.6412,43.2865],[140.6412,43.2864],[140.6412,43.2864]]],[[[140.6436,43.2865],[140.6437,43.2864],[140.6435,43.2865],[140.6436,43.2865]]],[[[140.6411,43.2865],[140.6411,43.2865],[140.641,43.2865],[140.6411,43.2865]]],[[[140.6434,43.2865],[140.6433,43.2865],[140.6433,43.2865],[140.6434,43.2865]]],[[[140.6436,43.2865],[140.6435,43.2865],[140.6435,43.2865],[140.6436,43.2865]]],[[[140.6437,43.2866],[140.6438,43.2865],[140.6437,43.2865],[140.6437,43.2866]]],[[[140.6434,43.2866],[140.6433,43.2866],[140.6433,43.2866],[140.6434,43.2866]]],[[[140.6434,43.2868],[140.6433,43.2867],[140.6433,43.2867],[140.6434,43.2868]]],[[[140.6437,43.2868],[140.6436,43.2867],[140.6436,43.2867],[140.6437,43.2868]]],[[[140.6431,43.2868],[140.6431,43.2867],[140.643,43.2867],[140.6431,43.2868]]],[[[140.6423,43.2868],[140.6423,43.2868],[140.6423,43.2868],[140.6423,43.2868]]],[[[140.641,43.2869],[140.641,43.2868],[140.6409,43.2868],[140.641,43.2869]]],[[[140.6426,43.2869],[140.6425,43.2869],[140.6426,43.2869],[140.6426,43.2869]]],[[[140.6423,43.2869],[140.6423,43.2869],[140.6423,43.2869],[140.6423,43.2869]]],[[[140.6426,43.2869],[140.6426,43.2869],[140.6426,43.2869],[140.6426,43.2869]]],[[[140.6428,43.2869],[140.643,43.287],[140.643,43.2869],[140.6428,43.2869]]],[[[140.6441,43.2871],[140.6442,43.287],[140.6441,43.2871],[140.6441,43.2871]]],[[[140.6425,43.2872],[140.6426,43.2871],[140.6425,43.2871],[140.6425,43.2872]]],[[[140.6429,43.2871],[140.6428,43.2873],[140.643,43.2872],[140.6429,43.2871]]],[[[140.6435,43.2874],[140.6435,43.2875],[140.6436,43.2874],[140.6435,43.2874]]],[[[140.6601,43.2595],[140.6601,43.2594],[140.6601,43.2595],[140.6601,43.2595]]],[[[140.6606,43.2595],[140.6606,43.2595],[140.6606,43.2595],[140.6606,43.2595]]],[[[140.6606,43.2595],[140.6606,43.2595],[140.6606,43.2595],[140.6606,43.2595]]],[[[140.6595,43.2595],[140.6595,43.2595],[140.6595,43.2595],[140.6595,43.2595]]],[[[140.6594,43.2595],[140.6594,43.2595],[140.6594,43.2595],[140.6594,43.2595]]],[[[140.6598,43.2595],[140.6598,43.2595],[140.6598,43.2595],[140.6598,43.2595]]],[[[140.6595,43.2595],[140.6595,43.2595],[140.6595,43.2595],[140.6595,43.2595]]],[[[140.6597,43.2595],[140.6597,43.2595],[140.6598,43.2595],[140.6597,43.2595]]],[[[140.6605,43.2595],[140.6605,43.2595],[140.6605,43.2595],[140.6605,43.2595]]],[[[140.6597,43.2595],[140.6597,43.2595],[140.6597,43.2595],[140.6597,43.2595]]],[[[140.6601,43.2595],[140.6601,43.2595],[140.6601,43.2595],[140.6601,43.2595]]],[[[140.6596,43.2595],[140.6596,43.2595],[140.6596,43.2595],[140.6596,43.2595]]],[[[140.6593,43.2595],[140.6592,43.2595],[140.6592,43.2595],[140.6593,43.2595]]],[[[140.6595,43.2595],[140.6595,43.2595],[140.6595,43.2595],[140.6595,43.2595]]],[[[140.6606,43.2595],[140.6606,43.2595],[140.6606,43.2595],[140.6606,43.2595]]],[[[140.6592,43.2595],[140.6592,43.2595],[140.6592,43.2595],[140.6592,43.2595]]],[[[140.6593,43.2595],[140.6593,43.2595],[140.6593,43.2595],[140.6593,43.2595]]],[[[140.6591,43.2595],[140.6591,43.2595],[140.6591,43.2595],[140.6591,43.2595]]],[[[140.6594,43.2595],[140.6594,43.2595],[140.6594,43.2595],[140.6594,43.2595]]],[[[140.6595,43.2595],[140.6595,43.2595],[140.6595,43.2595],[140.6595,43.2595]]],[[[140.6593,43.2595],[140.6593,43.2595],[140.6593,43.2595],[140.6593,43.2595]]],[[[140.6594,43.2595],[140.6594,43.2595],[140.6594,43.2595],[140.6594,43.2595]]],[[[140.6597,43.2595],[140.6597,43.2595],[140.6597,43.2595],[140.6597,43.2595]]],[[[140.6606,43.2595],[140.6606,43.2595],[140.6606,43.2595],[140.6606,43.2595]]],[[[140.6606,43.2595],[140.6606,43.2595],[140.6606,43.2595],[140.6606,43.2595]]],[[[140.6591,43.2595],[140.6591,43.2595],[140.6591,43.2595],[140.6591,43.2595]]],[[[140.6592,43.2595],[140.6592,43.2595],[140.6592,43.2595],[140.6592,43.2595]]],[[[140.6592,43.2595],[140.6591,43.2595],[140.6591,43.2595],[140.6592,43.2595]]],[[[140.6606,43.2595],[140.6606,43.2595],[140.6606,43.2595],[140.6606,43.2595]]],[[[140.6593,43.2595],[140.6593,43.2595],[140.6593,43.2596],[140.6593,43.2595]]],[[[140.6606,43.2595],[140.6606,43.2595],[140.6606,43.2595],[140.6606,43.2595]]],[[[140.6605,43.2596],[140.6605,43.2595],[140.6604,43.2595],[140.6605,43.2596]]],[[[140.6606,43.2596],[140.6606,43.2595],[140.6606,43.2595],[140.6606,43.2596]]],[[[140.6597,43.2596],[140.6597,43.2595],[140.6597,43.2596],[140.6597,43.2596]]],[[[140.6597,43.2596],[140.6597,43.2596],[140.6597,43.2596],[140.6597,43.2596]]],[[[140.6602,43.2596],[140.6602,43.2596],[140.6602,43.2596],[140.6602,43.2596]]],[[[140.6602,43.2596],[140.6602,43.2596],[140.6602,43.2596],[140.6602,43.2596]]],[[[140.6588,43.2596],[140.6588,43.2596],[140.6588,43.2596],[140.6588,43.2596]]],[[[140.6595,43.2596],[140.6595,43.2596],[140.6595,43.2596],[140.6595,43.2596]]],[[[140.6601,43.2596],[140.6601,43.2596],[140.6601,43.2596],[140.6601,43.2596]]],[[[140.6602,43.2596],[140.6602,43.2596],[140.6602,43.2596],[140.6602,43.2596]]],[[[140.6602,43.2596],[140.6602,43.2596],[140.6602,43.2596],[140.6602,43.2596]]],[[[140.6597,43.2596],[140.6598,43.2596],[140.6598,43.2596],[140.6597,43.2596]]],[[[140.6602,43.2596],[140.6602,43.2596],[140.6602,43.2596],[140.6602,43.2596]]],[[[140.6602,43.2596],[140.6602,43.2596],[140.6602,43.2596],[140.6602,43.2596]]],[[[140.6602,43.2596],[140.6602,43.2596],[140.6602,43.2596],[140.6602,43.2596]]],[[[140.6602,43.2597],[140.6602,43.2597],[140.6602,43.2597],[140.6602,43.2597]]],[[[140.6603,43.2597],[140.6602,43.2597],[140.6603,43.2597],[140.6603,43.2597]]],[[[140.6603,43.2597],[140.6603,43.2597],[140.6603,43.2597],[140.6603,43.2597]]],[[[140.6586,43.2597],[140.6586,43.2597],[140.6586,43.2597],[140.6586,43.2597]]],[[[140.6604,43.2598],[140.6604,43.2597],[140.6604,43.2597],[140.6604,43.2598]]],[[[140.6599,43.2597],[140.6599,43.2598],[140.6599,43.2597],[140.6599,43.2597]]],[[[140.6604,43.2598],[140.6603,43.2597],[140.6603,43.2598],[140.6604,43.2598]]],[[[140.6606,43.2597],[140.6606,43.2598],[140.6607,43.2598],[140.6606,43.2597]]],[[[140.6599,43.2597],[140.6599,43.2598],[140.66,43.2598],[140.6599,43.2597]]],[[[140.6604,43.2598],[140.6604,43.2598],[140.6604,43.2598],[140.6604,43.2598]]],[[[140.66,43.2598],[140.66,43.2598],[140.66,43.2598],[140.66,43.2598]]],[[[140.6587,43.2598],[140.6587,43.2598],[140.6587,43.2598],[140.6587,43.2598]]],[[[140.6602,43.2598],[140.6601,43.2598],[140.6602,43.2599],[140.6602,43.2598]]],[[[140.6588,43.2599],[140.6587,43.2599],[140.6588,43.2599],[140.6588,43.2599]]],[[[140.6585,43.2599],[140.6587,43.2599],[140.6586,43.2598],[140.6585,43.2599]]],[[[140.6609,43.2595],[140.6609,43.2595],[140.6609,43.2595],[140.6609,43.2595]]],[[[140.6609,43.2595],[140.6609,43.2595],[140.661,43.2595],[140.6609,43.2595]]],[[[140.6611,43.2595],[140.6611,43.2595],[140.6611,43.2595],[140.6611,43.2595]]],[[[140.6608,43.2595],[140.6609,43.2595],[140.6608,43.2595],[140.6608,43.2595]]],[[[140.6611,43.2595],[140.661,43.2595],[140.661,43.2595],[140.6611,43.2595]]],[[[140.6607,43.2595],[140.6607,43.2595],[140.6607,43.2595],[140.6607,43.2595]]],[[[140.6614,43.2595],[140.6614,43.2595],[140.6614,43.2595],[140.6614,43.2595]]],[[[140.6615,43.2595],[140.6615,43.2595],[140.6615,43.2595],[140.6615,43.2595]]],[[[140.6611,43.2595],[140.6611,43.2595],[140.6611,43.2595],[140.6611,43.2595]]],[[[140.6609,43.2595],[140.6609,43.2595],[140.6609,43.2595],[140.6609,43.2595]]],[[[140.6612,43.2595],[140.6613,43.2595],[140.6613,43.2595],[140.6612,43.2595]]],[[[140.661,43.2595],[140.661,43.2595],[140.661,43.2595],[140.661,43.2595]]],[[[140.6614,43.2595],[140.6614,43.2595],[140.6614,43.2595],[140.6614,43.2595]]],[[[140.6616,43.2595],[140.6616,43.2595],[140.6616,43.2595],[140.6616,43.2595]]],[[[140.6615,43.2595],[140.6615,43.2595],[140.6615,43.2595],[140.6615,43.2595]]],[[[140.6609,43.2595],[140.6609,43.2595],[140.6609,43.2595],[140.6609,43.2595]]],[[[140.6615,43.2595],[140.6615,43.2595],[140.6615,43.2595],[140.6615,43.2595]]],[[[140.6615,43.2595],[140.6616,43.2595],[140.6616,43.2595],[140.6615,43.2595]]],[[[140.6608,43.2595],[140.6607,43.2595],[140.6607,43.2595],[140.6608,43.2595]]],[[[140.6611,43.2595],[140.6611,43.2595],[140.6611,43.2595],[140.6611,43.2595]]],[[[140.6607,43.2595],[140.6606,43.2595],[140.6606,43.2595],[140.6607,43.2595]]],[[[140.6611,43.2595],[140.661,43.2595],[140.6611,43.2595],[140.6611,43.2595]]],[[[140.6616,43.2595],[140.6616,43.2595],[140.6616,43.2595],[140.6616,43.2595]]],[[[140.6613,43.2595],[140.6613,43.2595],[140.6613,43.2595],[140.6613,43.2595]]],[[[140.6608,43.2595],[140.6608,43.2595],[140.6608,43.2595],[140.6608,43.2595]]],[[[140.6616,43.2595],[140.6616,43.2595],[140.6616,43.2595],[140.6616,43.2595]]],[[[140.6615,43.2595],[140.6615,43.2595],[140.6615,43.2595],[140.6615,43.2595]]],[[[140.6618,43.2595],[140.6618,43.2595],[140.6618,43.2595],[140.6618,43.2595]]],[[[140.6614,43.2595],[140.6615,43.2595],[140.6615,43.2595],[140.6614,43.2595]]],[[[140.6616,43.2595],[140.6616,43.2595],[140.6616,43.2595],[140.6616,43.2595]]],[[[140.6612,43.2595],[140.6612,43.2595],[140.6612,43.2595],[140.6612,43.2595]]],[[[140.6617,43.2595],[140.6617,43.2595],[140.6617,43.2595],[140.6617,43.2595]]],[[[140.6617,43.2595],[140.6617,43.2595],[140.6617,43.2595],[140.6617,43.2595]]],[[[140.6614,43.2595],[140.6614,43.2595],[140.6614,43.2595],[140.6614,43.2595]]],[[[140.6612,43.2595],[140.6612,43.2595],[140.6612,43.2595],[140.6612,43.2595]]],[[[140.6618,43.2595],[140.6618,43.2595],[140.6618,43.2595],[140.6618,43.2595]]],[[[140.6608,43.2595],[140.6608,43.2595],[140.6608,43.2595],[140.6608,43.2595]]],[[[140.6616,43.2595],[140.6616,43.2595],[140.6616,43.2595],[140.6616,43.2595]]],[[[140.6607,43.2595],[140.6607,43.2595],[140.6607,43.2595],[140.6607,43.2595]]],[[[140.6616,43.2595],[140.6616,43.2595],[140.6616,43.2595],[140.6616,43.2595]]],[[[140.6609,43.2595],[140.6609,43.2595],[140.6609,43.2595],[140.6609,43.2595]]],[[[140.6608,43.2595],[140.6608,43.2595],[140.6608,43.2595],[140.6608,43.2595]]],[[[140.6612,43.2595],[140.6613,43.2595],[140.6612,43.2595],[140.6612,43.2595]]],[[[140.6613,43.2595],[140.6613,43.2595],[140.6613,43.2595],[140.6613,43.2595]]],[[[140.6606,43.2595],[140.6606,43.2595],[140.6606,43.2595],[140.6606,43.2595]]],[[[140.6611,43.2595],[140.6611,43.2595],[140.6611,43.2595],[140.6611,43.2595]]],[[[140.6611,43.2595],[140.6611,43.2595],[140.6611,43.2595],[140.6611,43.2595]]],[[[140.6607,43.2595],[140.6607,43.2595],[140.6607,43.2595],[140.6607,43.2595]]],[[[140.6608,43.2595],[140.6607,43.2595],[140.6608,43.2595],[140.6608,43.2595]]],[[[140.6612,43.2595],[140.6612,43.2596],[140.6612,43.2595],[140.6612,43.2595]]],[[[140.6607,43.2595],[140.6607,43.2595],[140.6607,43.2596],[140.6607,43.2595]]],[[[140.661,43.2596],[140.661,43.2595],[140.6609,43.2595],[140.661,43.2596]]],[[[140.6608,43.2595],[140.6608,43.2596],[140.6608,43.2595],[140.6608,43.2595]]],[[[140.6607,43.2595],[140.6607,43.2596],[140.6607,43.2595],[140.6607,43.2595]]],[[[140.6606,43.2596],[140.6607,43.2596],[140.6606,43.2596],[140.6606,43.2596]]],[[[140.6609,43.2596],[140.6609,43.2596],[140.6609,43.2596],[140.6609,43.2596]]],[[[140.6612,43.2596],[140.6612,43.2596],[140.6612,43.2596],[140.6612,43.2596]]],[[[140.6612,43.2596],[140.6612,43.2596],[140.6612,43.2596],[140.6612,43.2596]]],[[[140.6618,43.2596],[140.6618,43.2596],[140.6618,43.2596],[140.6618,43.2596]]],[[[140.6613,43.2596],[140.6613,43.2596],[140.6613,43.2596],[140.6613,43.2596]]],[[[140.6618,43.2598],[140.6618,43.2597],[140.6618,43.2598],[140.6618,43.2598]]],[[[140.6641,43.2591],[140.6641,43.2591],[140.6641,43.2591],[140.6641,43.2591]]],[[[140.6641,43.2591],[140.6641,43.2591],[140.6641,43.2591],[140.6641,43.2591]]],[[[140.6641,43.2591],[140.6641,43.2591],[140.6641,43.2591],[140.6641,43.2591]]],[[[140.6641,43.2591],[140.6641,43.2591],[140.6641,43.2591],[140.6641,43.2591]]],[[[140.6641,43.2591],[140.6641,43.2591],[140.6641,43.2591],[140.6641,43.2591]]],[[[140.6634,43.2593],[140.6634,43.2593],[140.6634,43.2593],[140.6634,43.2593]]],[[[140.6634,43.2594],[140.6634,43.2593],[140.6634,43.2593],[140.6634,43.2594]]],[[[140.6629,43.2594],[140.6629,43.2594],[140.6629,43.2594],[140.6629,43.2594]]],[[[140.6632,43.2594],[140.6632,43.2594],[140.6632,43.2594],[140.6632,43.2594]]],[[[140.663,43.2594],[140.663,43.2594],[140.663,43.2594],[140.663,43.2594]]],[[[140.6633,43.2594],[140.6633,43.2594],[140.6633,43.2594],[140.6633,43.2594]]],[[[140.6632,43.2594],[140.6632,43.2594],[140.6632,43.2594],[140.6632,43.2594]]],[[[140.6632,43.2594],[140.6632,43.2594],[140.6632,43.2594],[140.6632,43.2594]]],[[[140.6629,43.2594],[140.6629,43.2594],[140.6629,43.2594],[140.6629,43.2594]]],[[[140.6635,43.2594],[140.6635,43.2594],[140.6635,43.2594],[140.6635,43.2594]]],[[[140.663,43.2594],[140.6629,43.2594],[140.663,43.2594],[140.663,43.2594]]],[[[140.6635,43.2594],[140.6634,43.2594],[140.6635,43.2594],[140.6635,43.2594]]],[[[140.6632,43.2594],[140.6632,43.2594],[140.6633,43.2594],[140.6632,43.2594]]],[[[140.6629,43.2594],[140.6629,43.2595],[140.6629,43.2594],[140.6629,43.2594]]],[[[140.6628,43.2595],[140.6629,43.2594],[140.6628,43.2594],[140.6628,43.2595]]],[[[140.6623,43.2594],[140.6623,43.2595],[140.6624,43.2595],[140.6623,43.2594]]],[[[140.6629,43.2595],[140.6629,43.2595],[140.6629,43.2595],[140.6629,43.2595]]],[[[140.6636,43.2595],[140.6636,43.2595],[140.6636,43.2595],[140.6636,43.2595]]],[[[140.662,43.2595],[140.662,43.2595],[140.662,43.2595],[140.662,43.2595]]],[[[140.6619,43.2595],[140.6619,43.2595],[140.6619,43.2595],[140.6619,43.2595]]],[[[140.6628,43.2595],[140.6628,43.2595],[140.6628,43.2595],[140.6628,43.2595]]],[[[140.6621,43.2595],[140.6621,43.2595],[140.6621,43.2595],[140.6621,43.2595]]],[[[140.6622,43.2595],[140.6622,43.2595],[140.6622,43.2595],[140.6622,43.2595]]],[[[140.6624,43.2595],[140.6624,43.2595],[140.6624,43.2595],[140.6624,43.2595]]],[[[140.6619,43.2595],[140.6619,43.2595],[140.6619,43.2595],[140.6619,43.2595]]],[[[140.6619,43.2595],[140.6619,43.2595],[140.6619,43.2595],[140.6619,43.2595]]],[[[140.662,43.2595],[140.662,43.2595],[140.662,43.2595],[140.662,43.2595]]],[[[140.6619,43.2595],[140.6619,43.2595],[140.6619,43.2595],[140.6619,43.2595]]],[[[140.6621,43.2595],[140.6621,43.2595],[140.6621,43.2595],[140.6621,43.2595]]],[[[140.6622,43.2595],[140.6623,43.2595],[140.6623,43.2595],[140.6622,43.2595]]],[[[140.662,43.2595],[140.662,43.2595],[140.662,43.2595],[140.662,43.2595]]],[[[140.6636,43.2595],[140.6636,43.2595],[140.6636,43.2595],[140.6636,43.2595]]],[[[140.6621,43.2595],[140.6621,43.2595],[140.6621,43.2595],[140.6621,43.2595]]],[[[140.6619,43.2595],[140.6618,43.2595],[140.6618,43.2595],[140.6619,43.2595]]],[[[140.662,43.2595],[140.662,43.2595],[140.662,43.2595],[140.662,43.2595]]],[[[140.662,43.2595],[140.6619,43.2595],[140.662,43.2595],[140.662,43.2595]]],[[[140.6628,43.2595],[140.6629,43.2595],[140.6628,43.2595],[140.6628,43.2595]]],[[[140.6631,43.2596],[140.6631,43.2595],[140.6631,43.2596],[140.6631,43.2596]]],[[[140.6628,43.2596],[140.6627,43.2596],[140.6628,43.2596],[140.6628,43.2596]]],[[[140.6629,43.2596],[140.6629,43.2596],[140.6629,43.2596],[140.6629,43.2596]]],[[[140.6628,43.2596],[140.6628,43.2596],[140.6628,43.2596],[140.6628,43.2596]]],[[[140.6628,43.2596],[140.6629,43.2596],[140.6629,43.2596],[140.6628,43.2596]]],[[[140.6628,43.2596],[140.6628,43.2596],[140.6628,43.2596],[140.6628,43.2596]]],[[[140.6619,43.2596],[140.6619,43.2596],[140.6619,43.2596],[140.6619,43.2596]]],[[[140.6621,43.2596],[140.6621,43.2596],[140.6621,43.2596],[140.6621,43.2596]]],[[[140.6621,43.2596],[140.6622,43.2597],[140.6622,43.2596],[140.6621,43.2596]]],[[[140.662,43.2597],[140.662,43.2596],[140.662,43.2596],[140.662,43.2597]]],[[[140.6629,43.2597],[140.6631,43.2596],[140.663,43.2596],[140.6629,43.2597]]],[[[140.6638,43.2597],[140.6642,43.2597],[140.6636,43.2596],[140.6638,43.2597]]],[[[140.6625,43.2597],[140.6624,43.2597],[140.6624,43.2597],[140.6625,43.2597]]],[[[140.6624,43.2597],[140.6624,43.2597],[140.6624,43.2597],[140.6624,43.2597]]],[[[140.6626,43.2598],[140.6625,43.2596],[140.6625,43.2597],[140.6626,43.2598]]],[[[140.6625,43.2597],[140.6625,43.2597],[140.6625,43.2597],[140.6625,43.2597]]],[[[140.6625,43.2598],[140.6624,43.2597],[140.6624,43.2597],[140.6625,43.2598]]],[[[140.6637,43.26],[140.6637,43.2599],[140.6637,43.2599],[140.6637,43.26]]],[[[140.664,43.26],[140.664,43.26],[140.664,43.2601],[140.664,43.26]]],[[[140.6698,43.2586],[140.6697,43.2586],[140.6697,43.2587],[140.6698,43.2586]]],[[[140.669,43.2587],[140.669,43.2586],[140.6689,43.2587],[140.669,43.2587]]],[[[140.6694,43.2587],[140.6694,43.2587],[140.6693,43.2587],[140.6694,43.2587]]],[[[140.671,43.2589],[140.6709,43.2589],[140.671,43.2589],[140.671,43.2589]]],[[[140.6661,43.259],[140.6661,43.259],[140.6661,43.259],[140.6661,43.259]]],[[[140.6659,43.259],[140.6658,43.259],[140.6658,43.259],[140.6659,43.259]]],[[[140.666,43.259],[140.666,43.259],[140.666,43.259],[140.666,43.259]]],[[[140.6661,43.259],[140.6661,43.259],[140.6661,43.259],[140.6661,43.259]]],[[[140.6659,43.259],[140.6659,43.259],[140.6659,43.259],[140.6659,43.259]]],[[[140.6645,43.259],[140.6645,43.259],[140.6645,43.259],[140.6645,43.259]]],[[[140.6658,43.259],[140.6658,43.259],[140.6659,43.259],[140.6658,43.259]]],[[[140.6647,43.259],[140.6646,43.259],[140.6647,43.259],[140.6647,43.259]]],[[[140.6657,43.259],[140.6658,43.259],[140.6657,43.259],[140.6657,43.259]]],[[[140.6645,43.259],[140.6645,43.259],[140.6645,43.259],[140.6645,43.259]]],[[[140.6646,43.259],[140.6646,43.259],[140.6646,43.259],[140.6646,43.259]]],[[[140.6647,43.259],[140.6647,43.259],[140.6647,43.259],[140.6647,43.259]]],[[[140.6661,43.259],[140.6661,43.2591],[140.6661,43.259],[140.6661,43.259]]],[[[140.666,43.259],[140.666,43.259],[140.666,43.259],[140.666,43.259]]],[[[140.6647,43.259],[140.6648,43.2591],[140.6648,43.259],[140.6647,43.259]]],[[[140.6645,43.2591],[140.6645,43.2591],[140.6645,43.2591],[140.6645,43.2591]]],[[[140.6646,43.2591],[140.6646,43.2591],[140.6646,43.2591],[140.6646,43.2591]]],[[[140.6647,43.2591],[140.6647,43.2591],[140.6647,43.2591],[140.6647,43.2591]]],[[[140.6649,43.2591],[140.6649,43.2591],[140.6649,43.2591],[140.6649,43.2591]]],[[[140.6646,43.2591],[140.6646,43.2591],[140.6646,43.2591],[140.6646,43.2591]]],[[[140.6646,43.2591],[140.6646,43.2591],[140.6646,43.2591],[140.6646,43.2591]]],[[[140.6645,43.2591],[140.6645,43.2591],[140.6645,43.2591],[140.6645,43.2591]]],[[[140.6645,43.2591],[140.6645,43.2591],[140.6645,43.2591],[140.6645,43.2591]]],[[[140.6646,43.2591],[140.6646,43.2591],[140.6646,43.2591],[140.6646,43.2591]]],[[[140.6643,43.2591],[140.6643,43.2591],[140.6643,43.2591],[140.6643,43.2591]]],[[[140.6645,43.2591],[140.6646,43.2591],[140.6645,43.2591],[140.6645,43.2591]]],[[[140.6658,43.2591],[140.6658,43.2591],[140.6657,43.2591],[140.6658,43.2591]]],[[[140.6643,43.2591],[140.6643,43.2591],[140.6643,43.2591],[140.6643,43.2591]]],[[[140.6645,43.2591],[140.6645,43.2591],[140.6645,43.2591],[140.6645,43.2591]]],[[[140.6644,43.2591],[140.6644,43.2591],[140.6644,43.2591],[140.6644,43.2591]]],[[[140.6646,43.2591],[140.6647,43.2591],[140.6646,43.2591],[140.6646,43.2591]]],[[[140.6644,43.2591],[140.6644,43.2591],[140.6644,43.2591],[140.6644,43.2591]]],[[[140.6644,43.2591],[140.6644,43.2591],[140.6644,43.2591],[140.6644,43.2591]]],[[[140.6643,43.2591],[140.6643,43.2591],[140.6643,43.2591],[140.6643,43.2591]]],[[[140.6645,43.2591],[140.6645,43.2591],[140.6645,43.2591],[140.6645,43.2591]]],[[[140.6645,43.2591],[140.6645,43.2591],[140.6644,43.2591],[140.6645,43.2591]]],[[[140.6644,43.2591],[140.6644,43.2591],[140.6644,43.2591],[140.6644,43.2591]]],[[[140.6644,43.2591],[140.6644,43.2591],[140.6644,43.2591],[140.6644,43.2591]]],[[[140.6644,43.2591],[140.6644,43.2591],[140.6644,43.2591],[140.6644,43.2591]]],[[[140.6642,43.2591],[140.6642,43.2591],[140.6642,43.2591],[140.6642,43.2591]]],[[[140.6642,43.2591],[140.6642,43.2591],[140.6642,43.2591],[140.6642,43.2591]]],[[[140.6642,43.2591],[140.6642,43.2591],[140.6642,43.2591],[140.6642,43.2591]]],[[[140.6642,43.2591],[140.6642,43.2591],[140.6642,43.2591],[140.6642,43.2591]]],[[[140.6642,43.2591],[140.6642,43.2591],[140.6642,43.2591],[140.6642,43.2591]]],[[[140.6643,43.2591],[140.6643,43.2591],[140.6643,43.2591],[140.6643,43.2591]]],[[[140.6642,43.2591],[140.6642,43.2592],[140.6642,43.2591],[140.6642,43.2591]]],[[[140.6642,43.2592],[140.6642,43.2592],[140.6643,43.2592],[140.6642,43.2592]]],[[[140.6642,43.2592],[140.6642,43.2592],[140.6643,43.2592],[140.6642,43.2592]]],[[[140.6642,43.2592],[140.6642,43.2592],[140.6641,43.2592],[140.6642,43.2592]]],[[[140.6642,43.2592],[140.6642,43.2592],[140.6642,43.2592],[140.6642,43.2592]]],[[[140.6655,43.2592],[140.6656,43.2592],[140.6657,43.2592],[140.6655,43.2592]]],[[[140.666,43.2593],[140.6659,43.2593],[140.666,43.2593],[140.666,43.2593]]],[[[140.6643,43.2595],[140.6643,43.2594],[140.6642,43.2594],[140.6643,43.2595]]],[[[140.6656,43.2595],[140.6658,43.2595],[140.6658,43.2595],[140.6656,43.2595]]],[[[140.6644,43.2601],[140.6644,43.2601],[140.6644,43.2601],[140.6644,43.2601]]],[[[140.6644,43.2601],[140.6645,43.2602],[140.6645,43.2602],[140.6644,43.2601]]],[[[140.6643,43.2604],[140.6642,43.2603],[140.6642,43.2603],[140.6643,43.2604]]],[[[140.7002,43.2509],[140.7001,43.251],[140.7001,43.251],[140.7002,43.2509]]],[[[140.7001,43.2511],[140.7,43.2512],[140.7001,43.2511],[140.7001,43.2511]]],[[[140.6998,43.2511],[140.6998,43.2512],[140.6998,43.2512],[140.6998,43.2511]]],[[[140.7,43.2513],[140.7,43.2512],[140.6999,43.2513],[140.7,43.2513]]],[[[140.7005,43.2513],[140.7005,43.2514],[140.7006,43.2514],[140.7005,43.2513]]],[[[140.6999,43.2514],[140.6999,43.2514],[140.6999,43.2514],[140.6999,43.2514]]],[[[140.6998,43.2516],[140.6997,43.2516],[140.6997,43.2516],[140.6998,43.2516]]],[[[140.6996,43.2517],[140.6996,43.2518],[140.6996,43.2517],[140.6996,43.2517]]],[[[140.6994,43.2519],[140.6996,43.2519],[140.6995,43.2519],[140.6994,43.2519]]],[[[140.6995,43.2522],[140.6995,43.2521],[140.6994,43.2522],[140.6995,43.2522]]],[[[140.6993,43.2524],[140.6991,43.2524],[140.6992,43.2525],[140.6993,43.2524]]],[[[140.6987,43.2526],[140.6985,43.2525],[140.6984,43.2525],[140.6987,43.2526]]],[[[140.6992,43.2528],[140.699,43.2529],[140.699,43.2529],[140.6992,43.2528]]],[[[140.691,43.2534],[140.6911,43.2535],[140.691,43.2534],[140.691,43.2534]]],[[[140.6915,43.2539],[140.6913,43.2539],[140.6913,43.2539],[140.6915,43.2539]]],[[[140.6898,43.2548],[140.6899,43.2548],[140.6899,43.2548],[140.6898,43.2548]]],[[[140.6902,43.2549],[140.6902,43.255],[140.6903,43.2549],[140.6902,43.2549]]],[[[140.6898,43.255],[140.6899,43.2549],[140.6898,43.2549],[140.6898,43.255]]],[[[140.6835,43.2551],[140.6835,43.255],[140.6834,43.2551],[140.6835,43.2551]]],[[[140.6901,43.255],[140.69,43.2551],[140.6901,43.2551],[140.6901,43.255]]],[[[140.6879,43.2552],[140.6878,43.2553],[140.6879,43.2552],[140.6879,43.2552]]],[[[140.688,43.2553],[140.688,43.2554],[140.6881,43.2553],[140.688,43.2553]]],[[[140.6878,43.2554],[140.6877,43.2554],[140.6878,43.2554],[140.6878,43.2554]]],[[[140.6842,43.2556],[140.6841,43.2555],[140.6841,43.2556],[140.6842,43.2556]]],[[[140.6875,43.2556],[140.6876,43.2556],[140.6876,43.2556],[140.6875,43.2556]]],[[[140.6869,43.2556],[140.687,43.2557],[140.687,43.2556],[140.6869,43.2556]]],[[[140.6866,43.2557],[140.6866,43.2556],[140.6866,43.2557],[140.6866,43.2557]]],[[[140.6805,43.2558],[140.6805,43.2557],[140.6804,43.2558],[140.6805,43.2558]]],[[[140.6881,43.2558],[140.688,43.2558],[140.6881,43.2558],[140.6881,43.2558]]],[[[140.6875,43.2558],[140.6874,43.2558],[140.6874,43.2559],[140.6875,43.2558]]],[[[140.6882,43.2561],[140.6882,43.2561],[140.6883,43.2561],[140.6882,43.2561]]],[[[140.6789,43.2564],[140.6789,43.2565],[140.6789,43.2564],[140.6789,43.2564]]],[[[140.6871,43.2565],[140.6871,43.2564],[140.6871,43.2564],[140.6871,43.2565]]],[[[140.6784,43.2565],[140.6785,43.2565],[140.6785,43.2565],[140.6784,43.2565]]],[[[140.679,43.2567],[140.679,43.2566],[140.679,43.2566],[140.679,43.2567]]],[[[140.6767,43.2567],[140.6767,43.2568],[140.6768,43.2567],[140.6767,43.2567]]],[[[140.6871,43.2568],[140.6871,43.2569],[140.6871,43.2568],[140.6871,43.2568]]],[[[140.6761,43.2569],[140.6761,43.2568],[140.676,43.2569],[140.6761,43.2569]]],[[[140.6755,43.2569],[140.6755,43.257],[140.6756,43.2569],[140.6755,43.2569]]],[[[140.6751,43.257],[140.6749,43.257],[140.6752,43.257],[140.6751,43.257]]],[[[140.6785,43.2571],[140.6785,43.257],[140.6785,43.257],[140.6785,43.2571]]],[[[140.6756,43.257],[140.6756,43.2571],[140.6756,43.2571],[140.6756,43.257]]],[[[140.6751,43.2574],[140.6752,43.2572],[140.6751,43.2572],[140.6751,43.2574]]],[[[140.6762,43.2574],[140.6764,43.2573],[140.6763,43.2573],[140.6762,43.2574]]],[[[140.675,43.2577],[140.6751,43.2577],[140.6751,43.2576],[140.675,43.2577]]],[[[140.6754,43.2577],[140.6753,43.2577],[140.6754,43.2577],[140.6754,43.2577]]],[[[140.673,43.2578],[140.6731,43.2578],[140.6731,43.2578],[140.673,43.2578]]],[[[140.6728,43.258],[140.6727,43.2579],[140.6727,43.258],[140.6728,43.258]]],[[[140.6749,43.258],[140.6749,43.2581],[140.675,43.2581],[140.6749,43.258]]],[[[140.6719,43.2581],[140.672,43.2581],[140.6719,43.2581],[140.6719,43.2581]]],[[[140.6722,43.2582],[140.6723,43.2581],[140.6722,43.2581],[140.6722,43.2582]]],[[[140.6726,43.2583],[140.6726,43.2582],[140.6725,43.2583],[140.6726,43.2583]]],[[[140.6721,43.2583],[140.6719,43.2583],[140.6719,43.2584],[140.6721,43.2583]]],[[[140.6717,43.2584],[140.6718,43.2583],[140.6718,43.2583],[140.6717,43.2584]]],[[[140.6717,43.2584],[140.6717,43.2584],[140.6717,43.2584],[140.6717,43.2584]]],[[[140.672,43.2584],[140.6721,43.2584],[140.6721,43.2584],[140.672,43.2584]]],[[[140.6727,43.2585],[140.6726,43.2585],[140.6726,43.2586],[140.6727,43.2585]]],[[[140.6721,43.2586],[140.6722,43.2586],[140.6722,43.2586],[140.6721,43.2586]]],[[[140.6723,43.2587],[140.6724,43.2587],[140.6724,43.2586],[140.6723,43.2587]]],[[[140.671,43.2587],[140.671,43.2588],[140.671,43.2587],[140.671,43.2587]]],[[[140.6712,43.259],[140.6713,43.2589],[140.6712,43.2589],[140.6712,43.259]]]]}},{"type":"Feature","properties":{"id":"01407","name":"仁木町","pref":"北海道"},"geometry":{"type":"Polygon","coordinates":[[[140.7648,43.0967],[140.7703,43.0613],[140.7975,43.0536],[140.8196,43.0323],[140.8333,43.0043],[140.8101,43.0015],[140.7777,43.0151],[140.7502,43.0089],[140.729,43.0162],[140.7003,43.0346],[140.7015,43.0417],[140.6668,43.0719],[140.6426,43.074],[140.6319,43.0848],[140.6396,43.1045],[140.657,43.1132],[140.6494,43.124],[140.656,43.1327],[140.65,43.148],[140.7069,43.1448],[140.7317,43.1591],[140.7752,43.1663],[140.7825,43.1751],[140.8019,43.1523],[140.7998,43.1446],[140.8254,43.1303],[140.8301,43.118],[140.8163,43.1205],[140.7997,43.1078],[140.7763,43.1058],[140.7648,43.0967]]]}},{"type":"Feature","properties":{"id":"01408","name":"余市町","pref":"北海道"},"geometry":{"type":"MultiPolygon","coordinates":[[[[140.7189,43.2485],[140.7188,43.2485],[140.7188,43.2485],[140.7189,43.2485]]],[[[140.7184,43.2486],[140.7183,43.2486],[140.7184,43.2486],[140.7184,43.2486]]],[[[140.7132,43.2488],[140.7131,43.2488],[140.7131,43.2489],[140.7132,43.2488]]],[[[140.7135,43.249],[140.7133,43.2491],[140.7135,43.249],[140.7135,43.249]]],[[[140.713,43.249],[140.7129,43.2491],[140.713,43.2491],[140.713,43.249]]],[[[140.7132,43.2492],[140.7132,43.2491],[140.7132,43.2492],[140.7132,43.2492]]],[[[140.7139,43.2495],[140.7138,43.2495],[140.7139,43.2496],[140.7139,43.2495]]],[[[140.714,43.2495],[140.7143,43.2496],[140.7143,43.2495],[140.714,43.2495]]],[[[140.7186,43.2499],[140.7187,43.2497],[140.7187,43.2497],[140.7186,43.2499]]],[[[140.7172,43.2498],[140.717,43.2498],[140.7171,43.2499],[140.7172,43.2498]]],[[[140.7099,43.2499],[140.7098,43.2498],[140.7098,43.2499],[140.7099,43.2499]]],[[[140.7139,43.2498],[140.7139,43.2499],[140.7139,43.2499],[140.7139,43.2498]]],[[[140.7141,43.2499],[140.7145,43.2501],[140.7145,43.25],[140.7141,43.2499]]],[[[140.7098,43.25],[140.7099,43.25],[140.7099,43.25],[140.7098,43.25]]],[[[140.7159,43.2502],[140.716,43.2501],[140.7158,43.2501],[140.7159,43.2502]]],[[[140.7162,43.25],[140.7163,43.2503],[140.7165,43.2501],[140.7162,43.25]]],[[[140.7179,43.2502],[140.7179,43.2502],[140.7179,43.2502],[140.7179,43.2502]]],[[[140.7163,43.2504],[140.7162,43.2505],[140.7163,43.2504],[140.7163,43.2504]]],[[[140.7179,43.2505],[140.718,43.2505],[140.7179,43.2505],[140.7179,43.2505]]],[[[140.7171,43.2506],[140.7172,43.2506],[140.7172,43.2506],[140.7171,43.2506]]],[[[140.711,43.251],[140.7123,43.2506],[140.7109,43.2509],[140.711,43.251]]],[[[140.7037,43.2507],[140.7038,43.2508],[140.7039,43.2507],[140.7037,43.2507]]],[[[140.7178,43.2508],[140.7177,43.2507],[140.7177,43.2508],[140.7178,43.2508]]],[[[140.704,43.2507],[140.704,43.2508],[140.7041,43.2508],[140.704,43.2507]]],[[[140.704,43.251],[140.7039,43.2509],[140.7038,43.2509],[140.704,43.251]]],[[[140.7099,43.2511],[140.71,43.2511],[140.7101,43.251],[140.7099,43.2511]]],[[[140.705,43.2521],[140.7051,43.2521],[140.705,43.252],[140.705,43.2521]]],[[[140.7065,43.2523],[140.7066,43.2522],[140.7065,43.2523],[140.7065,43.2523]]],[[[140.7059,43.2525],[140.7059,43.2525],[140.7059,43.2525],[140.7059,43.2525]]],[[[140.7064,43.2525],[140.7066,43.2526],[140.7066,43.2525],[140.7064,43.2525]]],[[[140.7078,43.2526],[140.7078,43.2527],[140.7079,43.2527],[140.7078,43.2526]]],[[[140.7055,43.2527],[140.7056,43.2529],[140.7056,43.2528],[140.7055,43.2527]]],[[[140.7079,43.2529],[140.7078,43.253],[140.7079,43.253],[140.7079,43.2529]]],[[[140.7261,43.2434],[140.726,43.2435],[140.7261,43.2435],[140.7261,43.2434]]],[[[140.7259,43.2436],[140.7258,43.2436],[140.7258,43.2437],[140.7259,43.2436]]],[[[140.7255,43.2436],[140.7254,43.2436],[140.7255,43.2436],[140.7255,43.2436]]],[[[140.7249,43.2438],[140.7249,43.2438],[140.725,43.2438],[140.7249,43.2438]]],[[[140.7243,43.2445],[140.7244,43.2446],[140.7243,43.2445],[140.7243,43.2445]]],[[[140.7241,43.2447],[140.7241,43.2447],[140.7241,43.2446],[140.7241,43.2447]]],[[[140.7243,43.2447],[140.7242,43.2447],[140.7242,43.2447],[140.7243,43.2447]]],[[[140.724,43.2448],[140.7239,43.2449],[140.7239,43.2449],[140.724,43.2448]]],[[[140.7247,43.2448],[140.7246,43.2449],[140.7247,43.2449],[140.7247,43.2448]]],[[[140.7239,43.2451],[140.724,43.2451],[140.7239,43.2451],[140.7239,43.2451]]],[[[140.7231,43.2453],[140.7232,43.2453],[140.7232,43.2453],[140.7231,43.2453]]],[[[140.7244,43.2453],[140.7244,43.2454],[140.7244,43.2453],[140.7244,43.2453]]],[[[140.724,43.2453],[140.7242,43.2454],[140.724,43.2452],[140.724,43.2453]]],[[[140.7228,43.2454],[140.7229,43.2454],[140.7229,43.2454],[140.7228,43.2454]]],[[[140.7227,43.2455],[140.7226,43.2455],[140.7226,43.2455],[140.7227,43.2455]]],[[[140.7226,43.2455],[140.7226,43.2456],[140.7226,43.2456],[140.7226,43.2455]]],[[[140.7241,43.2456],[140.7241,43.2457],[140.7242,43.2457],[140.7241,43.2456]]],[[[140.7244,43.2458],[140.7244,43.2457],[140.7244,43.2457],[140.7244,43.2458]]],[[[140.7218,43.2465],[140.7218,43.2466],[140.7218,43.2465],[140.7218,43.2465]]],[[[140.7215,43.2469],[140.7214,43.2469],[140.7214,43.2469],[140.7215,43.2469]]],[[[140.7213,43.247],[140.7212,43.247],[140.7211,43.2471],[140.7213,43.247]]],[[[140.72,43.2476],[140.7199,43.2477],[140.72,43.2477],[140.72,43.2476]]],[[[140.7203,43.2477],[140.7203,43.2478],[140.7203,43.2478],[140.7203,43.2477]]],[[[140.7201,43.2483],[140.7202,43.2482],[140.7201,43.2482],[140.7201,43.2483]]],[[[140.7191,43.2484],[140.7191,43.2484],[140.7191,43.2484],[140.7191,43.2484]]],[[[140.7198,43.2489],[140.72,43.2488],[140.7198,43.2488],[140.7198,43.2489]]],[[[140.7191,43.2492],[140.719,43.2493],[140.7191,43.2493],[140.7191,43.2492]]],[[[140.7192,43.2495],[140.7194,43.2493],[140.7194,43.2492],[140.7192,43.2495]]],[[[140.7205,43.2497],[140.7205,43.2498],[140.7206,43.2498],[140.7205,43.2497]]],[[[140.723,43.2527],[140.7231,43.2528],[140.7231,43.2527],[140.723,43.2527]]],[[[140.7233,43.2531],[140.7236,43.2529],[140.7233,43.253],[140.7233,43.2531]]],[[[140.7227,43.2531],[140.7229,43.2531],[140.723,43.2531],[140.723,43.253],[140.7227,43.2531]]],[[[140.7224,43.2533],[140.7225,43.2532],[140.7224,43.2532],[140.7224,43.2533]]],[[[140.7401,43.2338],[140.74,43.2339],[140.7401,43.2339],[140.7401,43.2338]]],[[[140.7395,43.2339],[140.7394,43.2339],[140.7395,43.2339],[140.7395,43.2339]]],[[[140.7398,43.234],[140.7397,43.234],[140.7398,43.234],[140.7398,43.234]]],[[[140.7385,43.2344],[140.7384,43.2345],[140.7385,43.2345],[140.7385,43.2344]]],[[[140.7385,43.2347],[140.7384,43.2348],[140.7385,43.2348],[140.7385,43.2347]]],[[[140.7374,43.235],[140.7376,43.235],[140.7376,43.235],[140.7374,43.235]]],[[[140.7355,43.2367],[140.7354,43.2366],[140.7354,43.2367],[140.7355,43.2367]]],[[[140.7354,43.2368],[140.7355,43.2369],[140.7355,43.2368],[140.7354,43.2368]]],[[[140.7358,43.2369],[140.7357,43.2369],[140.7357,43.237],[140.7358,43.2369]]],[[[140.7357,43.2371],[140.7356,43.237],[140.7357,43.2371],[140.7357,43.2371]]],[[[140.736,43.2398],[140.736,43.2399],[140.7361,43.2399],[140.736,43.2398]]],[[[140.7367,43.2402],[140.7366,43.2403],[140.7367,43.2402],[140.7367,43.2402]]],[[[140.736,43.2402],[140.736,43.2403],[140.7361,43.2403],[140.736,43.2402]]],[[[140.7362,43.2403],[140.7363,43.2404],[140.7363,43.2403],[140.7362,43.2403]]],[[[140.7364,43.2405],[140.7362,43.2406],[140.7363,43.2406],[140.7364,43.2405]]],[[[140.7362,43.241],[140.7362,43.2411],[140.7363,43.241],[140.7362,43.241]]],[[[140.7361,43.2411],[140.736,43.2412],[140.7361,43.2412],[140.7361,43.2411]]],[[[140.7362,43.2413],[140.7361,43.2413],[140.7361,43.2413],[140.7362,43.2413]]],[[[140.7359,43.2413],[140.7359,43.2413],[140.7359,43.2413],[140.7359,43.2413]]],[[[140.7363,43.2414],[140.7363,43.2414],[140.7364,43.2414],[140.7363,43.2414]]],[[[140.736,43.2414],[140.7359,43.2415],[140.7361,43.2414],[140.736,43.2414]]],[[[140.7314,43.2419],[140.7314,43.2419],[140.7313,43.2419],[140.7314,43.2419]]],[[[140.732,43.242],[140.732,43.2421],[140.732,43.2421],[140.732,43.242]]],[[[140.7316,43.2421],[140.7315,43.2422],[140.7316,43.2422],[140.7316,43.2421]]],[[[140.7326,43.2423],[140.7325,43.2423],[140.7326,43.2423],[140.7326,43.2423]]],[[[140.7311,43.2423],[140.731,43.2424],[140.7311,43.2424],[140.7311,43.2423]]],[[[140.7313,43.2425],[140.7313,43.2424],[140.7313,43.2425],[140.7313,43.2425]]],[[[140.7314,43.2428],[140.7314,43.2428],[140.7314,43.2428],[140.7314,43.2428]]],[[[140.733,43.243],[140.733,43.2431],[140.733,43.2431],[140.733,43.243]]],[[[140.727,43.2447],[140.7271,43.2448],[140.727,43.2447],[140.727,43.2447]]],[[[140.7268,43.2448],[140.7267,43.2449],[140.7268,43.2448],[140.7268,43.2448]]],[[[140.7272,43.2449],[140.7271,43.245],[140.7272,43.2449],[140.7272,43.2449]]],[[[140.7268,43.2451],[140.727,43.2452],[140.7271,43.2452],[140.727,43.245],[140.7268,43.2451]]],[[[140.7618,43.2286],[140.7617,43.2288],[140.7618,43.2287],[140.7618,43.2286]]],[[[140.7612,43.2292],[140.7612,43.2291],[140.7611,43.2292],[140.7612,43.2292]]],[[[140.7613,43.2294],[140.7613,43.2295],[140.7614,43.2294],[140.7613,43.2294]]],[[[140.7593,43.2305],[140.7594,43.2303],[140.7593,43.2304],[140.7593,43.2305]]],[[[140.761,43.2307],[140.7609,43.2306],[140.7609,43.2307],[140.761,43.2307]]],[[[140.7494,43.2307],[140.7496,43.2307],[140.7494,43.2306],[140.7494,43.2307]]],[[[140.7491,43.2307],[140.7491,43.2308],[140.7492,43.2308],[140.7491,43.2307]]],[[[140.7489,43.2308],[140.7488,43.2309],[140.7489,43.2309],[140.7489,43.2308]]],[[[140.7496,43.2309],[140.7496,43.231],[140.7497,43.2309],[140.7496,43.2309]]],[[[140.7548,43.2311],[140.7547,43.2312],[140.7548,43.2312],[140.7548,43.2311]]],[[[140.7546,43.2312],[140.7545,43.2312],[140.7546,43.2312],[140.7546,43.2312]]],[[[140.7486,43.2314],[140.7486,43.2312],[140.7484,43.2313],[140.7486,43.2314]]],[[[140.7485,43.2317],[140.7483,43.2318],[140.7484,43.2319],[140.7485,43.2317]]],[[[140.7482,43.2325],[140.7484,43.2324],[140.7483,43.2324],[140.7482,43.2325]]],[[[140.7479,43.2327],[140.7481,43.2326],[140.748,43.2326],[140.7479,43.2327]]],[[[140.7476,43.2329],[140.7478,43.2327],[140.7475,43.2328],[140.7476,43.2329]]],[[[140.7479,43.2331],[140.7479,43.2331],[140.748,43.2331],[140.7479,43.2331]]],[[[140.7467,43.2338],[140.7469,43.2337],[140.7468,43.2337],[140.7467,43.2338]]],[[[140.7466,43.2337],[140.7466,43.2338],[140.7467,43.2337],[140.7466,43.2337]]],[[[140.7466,43.2339],[140.7467,43.2341],[140.7468,43.2341],[140.7466,43.2339]]],[[[140.7416,43.2342],[140.7416,43.2342],[140.7416,43.2342],[140.7416,43.2342]]],[[[140.7463,43.2342],[140.7463,43.2343],[140.7463,43.2342],[140.7463,43.2342]]],[[[140.7466,43.2344],[140.7466,43.2343],[140.7465,43.2343],[140.7466,43.2344]]],[[[140.7411,43.2345],[140.7412,43.2343],[140.7411,43.2343],[140.7411,43.2345]]],[[[140.741,43.2346],[140.7408,43.2344],[140.7407,43.2345],[140.741,43.2346]]],[[[140.7406,43.2346],[140.7408,43.2348],[140.7408,43.2347],[140.7406,43.2346]]],[[[140.7407,43.2351],[140.7407,43.2352],[140.7408,43.2352],[140.7407,43.2351]]],[[[140.7407,43.2354],[140.7405,43.2354],[140.7407,43.2354],[140.7407,43.2354]]],[[[140.7407,43.2356],[140.7405,43.2356],[140.7407,43.2357],[140.7407,43.2356]]],[[[140.7435,43.2358],[140.7434,43.2357],[140.7434,43.2358],[140.7435,43.2358]]],[[[140.7445,43.2358],[140.7444,43.2358],[140.7444,43.2358],[140.7445,43.2358]]],[[[140.7449,43.2358],[140.7447,43.2357],[140.7446,43.2357],[140.7447,43.2358],[140.7449,43.2358]]],[[[140.7459,43.2359],[140.746,43.2361],[140.7461,43.2359],[140.7459,43.2359]]],[[[140.7737,43.1657],[140.6887,43.1418],[140.6748,43.1506],[140.65,43.148],[140.6464,43.1574],[140.6545,43.183],[140.6728,43.1813],[140.6941,43.1937],[140.6744,43.2203],[140.6976,43.2347],[140.7003,43.2507],[140.7039,43.2506],[140.7085,43.2526],[140.7095,43.2484],[140.7109,43.2477],[140.7179,43.2501],[140.7176,43.2489],[140.7271,43.2419],[140.7291,43.2413],[140.7357,43.2422],[140.7342,43.2378],[140.7357,43.2351],[140.7385,43.2338],[140.7585,43.2263],[140.7749,43.2269],[140.7783,43.2172],[140.7789,43.2165],[140.7807,43.216],[140.7814,43.2156],[140.7817,43.2151],[140.7824,43.2124],[140.7786,43.2165],[140.7743,43.2048],[140.7853,43.199],[140.7874,43.1991],[140.7875,43.1997],[140.7889,43.1999],[140.7919,43.2009],[140.7904,43.1948],[140.8448,43.2004],[140.8588,43.1679],[140.9131,43.1571],[140.9235,43.1515],[140.9239,43.1394],[140.9081,43.1268],[140.8899,43.132],[140.8805,43.1238],[140.8621,43.1251],[140.8465,43.1107],[140.8279,43.1165],[140.8254,43.1303],[140.7998,43.1446],[140.8019,43.1523],[140.7826,43.175],[140.7737,43.1657]]],[[[140.7867,43.1994],[140.7868,43.1995],[140.7869,43.1994],[140.7867,43.1994]]],[[[140.7871,43.1997],[140.7872,43.1996],[140.7871,43.1997],[140.7871,43.1997]]],[[[140.7878,43.1999],[140.7878,43.1998],[140.7878,43.1998],[140.7878,43.1999]]],[[[140.7874,43.1999],[140.7874,43.2],[140.7875,43.2],[140.7874,43.1999]]],[[[140.7881,43.1999],[140.7883,43.2],[140.7881,43.1998],[140.7881,43.1999]]],[[[140.7878,43.2],[140.7878,43.2],[140.7879,43.2],[140.7878,43.2]]],[[[140.7886,43.2002],[140.7883,43.2002],[140.7885,43.2003],[140.7886,43.2002]]],[[[140.7791,43.2176],[140.7791,43.2175],[140.7791,43.2175],[140.7791,43.2176]]],[[[140.7781,43.2186],[140.7782,43.2186],[140.7782,43.2185],[140.7781,43.2186]]],[[[140.7781,43.2186],[140.7781,43.2187],[140.7781,43.2186],[140.7781,43.2186]]],[[[140.7781,43.2187],[140.7781,43.2187],[140.7781,43.2188],[140.7781,43.2187]]],[[[140.7782,43.219],[140.7781,43.2191],[140.7782,43.2191],[140.7782,43.219]]],[[[140.7782,43.2191],[140.7782,43.2192],[140.7782,43.2192],[140.7782,43.2191]]],[[[140.7775,43.2198],[140.7775,43.2197],[140.7775,43.2198],[140.7775,43.2198]]],[[[140.7779,43.2246],[140.7775,43.2249],[140.7778,43.225],[140.7779,43.2246]]],[[[140.7766,43.2255],[140.7765,43.2253],[140.7765,43.2254],[140.7766,43.2255]]],[[[140.7761,43.2258],[140.7762,43.2257],[140.7761,43.2257],[140.7761,43.2258]]],[[[140.762,43.2272],[140.762,43.2271],[140.7619,43.2272],[140.762,43.2272]]],[[[140.7635,43.2272],[140.7634,43.2273],[140.7635,43.2273],[140.7635,43.2272]]],[[[140.7632,43.2274],[140.7634,43.2275],[140.7634,43.2274],[140.7632,43.2274]]],[[[140.7623,43.2274],[140.7624,43.2275],[140.7626,43.2274],[140.7623,43.2274]]],[[[140.762,43.2278],[140.7622,43.2277],[140.7619,43.2277],[140.762,43.2278]]],[[[140.7725,43.2277],[140.7725,43.2279],[140.7728,43.2277],[140.7725,43.2277]]],[[[140.7623,43.2278],[140.7625,43.2279],[140.7624,43.2278],[140.7623,43.2278]]],[[[140.7622,43.2282],[140.7625,43.2281],[140.7622,43.228],[140.7622,43.2282]]],[[[140.7629,43.2284],[140.7628,43.2282],[140.7626,43.2283],[140.7629,43.2284]]],[[[140.762,43.2287],[140.7622,43.2287],[140.7621,43.2286],[140.762,43.2287]]],[[[140.7634,43.2289],[140.7635,43.2289],[140.7634,43.2289],[140.7634,43.2289]]],[[[140.7624,43.229],[140.7625,43.229],[140.7624,43.2289],[140.7624,43.229]]],[[[140.7632,43.2294],[140.7633,43.2294],[140.7633,43.2293],[140.7632,43.2294]]],[[[140.762,43.2306],[140.762,43.2307],[140.7621,43.2306],[140.762,43.2306]]],[[[140.7624,43.2324],[140.7623,43.2325],[140.7624,43.2325],[140.7624,43.2324]]]]}},{"type":"Feature","properties":{"id":"01409","name":"赤井川村","pref":"北海道"},"geometry":{"type":"Polygon","coordinates":[[[140.9961,42.9859],[140.9466,42.9782],[140.9158,42.9546],[140.9041,42.9755],[140.8643,42.9726],[140.8522,42.982],[140.8515,42.9929],[140.8374,42.9949],[140.8196,43.0323],[140.7981,43.0531],[140.7703,43.0613],[140.761,43.0889],[140.7763,43.1058],[140.7997,43.1078],[140.8163,43.1205],[140.8466,43.1107],[140.8614,43.1248],[140.8805,43.1238],[140.8899,43.132],[140.9987,43.127],[141.0009,43.0951],[141.0269,43.0663],[141.045,43.0608],[141.045,43.0518],[141.0205,43.0329],[140.9905,43.0231],[141.0,43.0127],[140.9961,42.9859]]]}},{"type":"Feature","properties":{"id":"01423","name":"南幌町","pref":"北海道"},"geometry":{"type":"Polygon","coordinates":[[[141.5913,42.9997],[141.5804,43.0171],[141.5682,43.0216],[141.5643,43.0352],[141.59,43.0563],[141.5908,43.0755],[141.5833,43.077],[141.6688,43.1207],[141.7098,43.0783],[141.6797,43.0598],[141.6836,43.0512],[141.6657,43.0446],[141.6636,43.0313],[141.6287,43.0224],[141.6053,42.9971],[141.5913,42.9997]]]}},{"type":"Feature","properties":{"id":"01424","name":"奈井江町","pref":"北海道"},"geometry":{"type":"Polygon","coordinates":[[[141.9144,43.3932],[141.823,43.4006],[141.8489,43.4371],[141.8739,43.4505],[141.8716,43.4606],[141.9828,43.4506],[141.9831,43.43],[141.9721,43.409],[142.0326,43.4251],[142.0532,43.4226],[142.0509,43.4017],[142.023,43.4196],[141.9673,43.372],[141.9299,43.3779],[141.9144,43.3932]]]}},{"type":"Feature","properties":{"id":"01425","name":"上砂川町","pref":"北海道"},"geometry":{"type":"Polygon","coordinates":[[[142.0326,43.4251],[141.9716,43.4094],[141.9831,43.43],[141.9831,43.4505],[141.9681,43.4563],[141.9453,43.4493],[141.9759,43.4717],[141.9458,43.4763],[141.9493,43.4849],[142.0144,43.4821],[142.0385,43.4497],[142.0724,43.4365],[142.0536,43.4227],[142.0326,43.4251]]]}},{"type":"Feature","properties":{"id":"01427","name":"由仁町","pref":"北海道"},"geometry":{"type":"Polygon","coordinates":[[[141.9898,42.9037],[142.0095,42.8631],[142.0436,42.8624],[142.0182,42.8475],[141.9935,42.8495],[141.9812,42.8371],[141.9604,42.8436],[141.9371,42.8829],[141.8593,42.9309],[141.7814,42.9323],[141.7558,42.9532],[141.7548,42.9707],[141.7461,42.9788],[141.7562,43.0121],[141.7478,43.027],[141.7569,43.0327],[141.7611,43.0533],[141.7676,43.0312],[141.7769,43.0346],[141.7742,43.0284],[141.7867,43.0203],[141.8041,43.0269],[141.8119,43.02],[141.8071,43.0096],[141.8303,43.0053],[141.8423,42.9849],[141.8609,42.9877],[141.8618,42.9746],[141.8543,42.9685],[141.8701,42.9665],[141.8713,42.9479],[141.9199,42.906],[141.9327,42.9023],[141.9514,42.9166],[141.968,42.9124],[141.9898,42.9037]]]}},{"type":"Feature","properties":{"id":"01428","name":"長沼町","pref":"北海道"},"geometry":{"type":"Polygon","coordinates":[[[141.7407,42.9233],[141.7098,42.915],[141.7006,42.8956],[141.6819,42.9109],[141.6683,42.888],[141.653,42.8888],[141.6522,42.9075],[141.6605,42.914],[141.6501,42.928],[141.6524,42.9422],[141.6372,42.9503],[141.6322,42.9704],[141.6207,42.9747],[141.6233,42.9825],[141.5958,42.9847],[141.5795,43.0072],[141.6049,42.9969],[141.6287,43.0224],[141.6633,43.0312],[141.6657,43.0446],[141.6836,43.0512],[141.6797,43.0598],[141.7023,43.0689],[141.7098,43.0783],[141.7058,43.0839],[141.7497,43.0796],[141.7699,43.0678],[141.7642,43.0652],[141.7692,43.0508],[141.7611,43.0533],[141.7569,43.0327],[141.7477,43.0262],[141.7562,43.0121],[141.7461,42.9826],[141.7548,42.9706],[141.7556,42.9378],[141.7407,42.9233]]]}},{"type":"Feature","properties":{"id":"01429","name":"栗山町","pref":"北海道"},"geometry":{"type":"Polygon","coordinates":[[[141.9686,42.9165],[141.9491,42.916],[141.9327,42.9023],[141.9199,42.906],[141.8713,42.9479],[141.8701,42.9665],[141.8543,42.9685],[141.8618,42.9746],[141.8609,42.9877],[141.8423,42.9849],[141.8303,43.0053],[141.8071,43.0096],[141.8119,43.02],[141.8041,43.0269],[141.7867,43.0203],[141.7742,43.0284],[141.7769,43.0346],[141.7668,43.0319],[141.7616,43.0441],[141.7694,43.0511],[141.7642,43.0652],[141.7699,43.0678],[141.7552,43.0757],[141.8665,43.1303],[141.8846,43.13],[141.8857,43.1209],[141.8999,43.1125],[141.9142,43.1145],[141.9376,43.1017],[141.9121,43.0899],[141.9146,43.0539],[141.9026,43.0387],[141.9126,43.0295],[141.9077,43.0145],[141.919,42.9941],[141.9404,42.9971],[141.9525,42.989],[141.9463,42.9709],[141.9556,42.9496],[141.971,42.9428],[141.9686,42.9165]]]}},{"type":"Feature","properties":{"id":"01430","name":"月形町","pref":"北海道"},"geometry":{"type":"Polygon","coordinates":[[[141.6213,43.2846],[141.6268,43.2896],[141.6112,43.2898],[141.6015,43.3155],[141.6045,43.3311],[141.5812,43.3525],[141.5956,43.3603],[141.5975,43.3846],[141.633,43.4001],[141.6635,43.4342],[141.6762,43.4359],[141.6983,43.4549],[141.7234,43.4592],[141.7331,43.4468],[141.7204,43.4373],[141.7364,43.4249],[141.7384,43.3997],[141.7733,43.3794],[141.7611,43.3645],[141.7615,43.3515],[141.7142,43.3504],[141.6944,43.3315],[141.6763,43.3375],[141.689,43.3232],[141.6663,43.3094],[141.6756,43.2877],[141.6574,43.2924],[141.6543,43.2861],[141.6213,43.2846]]]}},{"type":"Feature","properties":{"id":"01431","name":"浦臼町","pref":"北海道"},"geometry":{"type":"Polygon","coordinates":[[[141.7733,43.3794],[141.7385,43.3995],[141.7364,43.4249],[141.7203,43.4375],[141.7331,43.4468],[141.7223,43.4596],[141.7258,43.4695],[141.7527,43.4864],[141.7616,43.5012],[141.7996,43.4754],[141.8327,43.4847],[141.8678,43.468],[141.8657,43.443],[141.8489,43.4371],[141.8247,43.4082],[141.8199,43.3884],[141.7734,43.376],[141.763,43.3565],[141.7733,43.3794]]]}},{"type":"Feature","properties":{"id":"01432","name":"新十津川町","pref":"北海道"},"geometry":{"type":"Polygon","coordinates":[[[141.674,43.4987],[141.6235,43.5419],[141.6277,43.5548],[141.6181,43.578],[141.5949,43.5838],[141.5981,43.5893],[141.5829,43.6103],[141.5266,43.6475],[141.5076,43.6769],[141.4906,43.6844],[141.4933,43.6915],[141.525,43.7084],[141.5394,43.6975],[141.5847,43.6922],[141.6015,43.6729],[141.6407,43.6615],[141.6689,43.6688],[141.725,43.7009],[141.7386,43.6845],[141.7754,43.6697],[141.8428,43.6678],[141.8558,43.6551],[141.8599,43.6271],[141.8852,43.6034],[141.878,43.5676],[141.8921,43.55],[141.8894,43.5348],[141.9045,43.5217],[141.8743,43.5151],[141.882,43.5071],[141.8996,43.5086],[141.8939,43.4949],[141.8696,43.4801],[141.8741,43.4511],[141.8675,43.4443],[141.8678,43.468],[141.8328,43.4847],[141.7996,43.4754],[141.762,43.5013],[141.7527,43.4864],[141.7278,43.4714],[141.7166,43.4868],[141.674,43.4987]]]}},{"type":"Feature","properties":{"id":"01433","name":"妹背牛町","pref":"北海道"},"geometry":{"type":"Polygon","coordinates":[[[141.9152,43.662],[141.9145,43.6761],[141.8992,43.6838],[141.9186,43.6978],[141.9051,43.7178],[141.9119,43.7294],[141.9042,43.7454],[141.9668,43.7489],[141.9826,43.7216],[141.9743,43.711],[141.9947,43.6883],[141.9617,43.669],[141.9479,43.6725],[141.9152,43.662]]]}},{"type":"Feature","properties":{"id":"01434","name":"秩父別町","pref":"北海道"},"geometry":{"type":"Polygon","coordinates":[[[142.001,43.75],[141.9028,43.7447],[141.8949,43.7522],[141.8976,43.7672],[141.9164,43.7829],[141.9244,43.7866],[141.9367,43.7792],[141.9293,43.7891],[141.9383,43.7912],[141.9372,43.7989],[141.9943,43.8143],[142.0108,43.7976],[142.001,43.75]]]}},{"type":"Feature","properties":{"id":"01436","name":"雨竜町","pref":"北海道"},"geometry":{"type":"Polygon","coordinates":[[[141.6836,43.676],[141.6362,43.6615],[141.6017,43.6728],[141.5848,43.6922],[141.5394,43.6975],[141.5251,43.711],[141.5482,43.7052],[141.5803,43.727],[141.6321,43.7395],[141.6753,43.7363],[141.7005,43.7464],[141.7022,43.7398],[141.7728,43.7291],[141.8206,43.7096],[141.835,43.7183],[141.8982,43.7218],[141.9183,43.7003],[141.917,43.6918],[141.8992,43.6844],[141.9145,43.6761],[141.9121,43.6617],[141.9214,43.6534],[141.907,43.6447],[141.9156,43.6307],[141.8914,43.6305],[141.8805,43.6206],[141.8818,43.6069],[141.8599,43.6271],[141.8597,43.6476],[141.8446,43.6671],[141.7754,43.6697],[141.7386,43.6845],[141.7312,43.7001],[141.7087,43.6968],[141.6836,43.676]]]}},{"type":"Feature","properties":{"id":"01437","name":"北竜町","pref":"北海道"},"geometry":{"type":"Polygon","coordinates":[[[141.6636,43.7599],[141.6935,43.7464],[141.7047,43.7566],[141.695,43.7858],[141.6989,43.7962],[141.7425,43.79],[141.7484,43.7719],[141.7697,43.7565],[141.7757,43.7768],[141.7709,43.7845],[141.8044,43.8013],[141.8067,43.8155],[141.7982,43.8282],[141.8306,43.8323],[141.8299,43.8426],[141.8489,43.8515],[141.8733,43.8259],[141.8697,43.7746],[141.8985,43.7716],[141.8951,43.7514],[141.9119,43.7294],[141.9028,43.719],[141.8492,43.7203],[141.821,43.7095],[141.7728,43.7291],[141.7022,43.7398],[141.7005,43.7464],[141.6753,43.7363],[141.6321,43.7395],[141.5803,43.727],[141.548,43.7052],[141.5233,43.7142],[141.5506,43.7137],[141.6013,43.7438],[141.6139,43.7419],[141.6178,43.7527],[141.6325,43.7599],[141.6636,43.7599]]]}},{"type":"Feature","properties":{"id":"01438","name":"沼田町","pref":"北海道"},"geometry":{"type":"Polygon","coordinates":[[[141.8735,43.7733],[141.8733,43.8259],[141.8596,43.8431],[141.8583,43.859],[141.8683,43.8825],[141.9009,43.899],[141.8813,43.9224],[141.8895,43.9351],[141.8851,43.9433],[141.9013,43.9567],[141.9291,43.9612],[141.931,43.9832],[141.9496,43.9996],[141.9857,43.9933],[141.9961,44.0063],[142.0167,44.0063],[142.0316,43.9994],[142.0316,43.9702],[142.0212,43.9517],[142.0252,43.9269],[142.0618,43.8999],[142.0857,43.8675],[142.082,43.8569],[142.0653,43.8399],[142.0391,43.8319],[142.0332,43.821],[142.0132,43.8195],[142.0095,43.7977],[141.9952,43.8142],[141.9663,43.8094],[141.9368,43.7986],[141.9383,43.7912],[141.9293,43.7891],[141.9355,43.7786],[141.9244,43.7866],[141.8978,43.7675],[141.8735,43.7733]]]}},{"type":"Feature","properties":{"id":"01452","name":"鷹栖町","pref":"北海道"},"geometry":{"type":"Polygon","coordinates":[[[142.3922,43.8433],[142.3083,43.7956],[142.3107,43.7883],[142.2954,43.7869],[142.2878,43.8271],[142.2944,43.8406],[142.2786,43.8581],[142.2905,43.8731],[142.2805,43.8762],[142.2713,43.8948],[142.2723,43.9169],[142.2847,43.9273],[142.2863,43.9438],[142.3044,43.9454],[142.3113,43.9592],[142.3263,43.9546],[142.3616,43.963],[142.4112,43.9539],[142.4214,43.9436],[142.3877,43.8988],[142.3924,43.8773],[142.3696,43.8603],[142.3922,43.8433]]]}},{"type":"Feature","properties":{"id":"01453","name":"東神楽町","pref":"北海道"},"geometry":{"type":"Polygon","coordinates":[[[142.6264,43.6253],[142.576,43.635],[142.5609,43.6308],[142.5573,43.6464],[142.4964,43.6377],[142.4101,43.6896],[142.3914,43.7226],[142.403,43.7315],[142.5189,43.687],[142.5605,43.6547],[142.5909,43.6473],[142.6264,43.6253]]]}},{"type":"Feature","properties":{"id":"01454","name":"当麻町","pref":"北海道"},"geometry":{"type":"Polygon","coordinates":[[[142.7128,43.7497],[142.6788,43.7389],[142.6551,43.7527],[142.6255,43.7504],[142.5994,43.7647],[142.5727,43.7607],[142.5649,43.7793],[142.5441,43.7748],[142.5358,43.7863],[142.5204,43.7863],[142.5118,43.8025],[142.5047,43.7992],[142.4575,43.8389],[142.4945,43.8562],[142.5325,43.8971],[142.5921,43.879],[142.6139,43.8836],[142.6202,43.8742],[142.6504,43.8837],[142.6592,43.8536],[142.6807,43.8349],[142.6815,43.8175],[142.6924,43.8072],[142.7128,43.7497]]]}},{"type":"Feature","properties":{"id":"01455","name":"比布町","pref":"北海道"},"geometry":{"type":"Polygon","coordinates":[[[142.4583,43.8399],[142.4434,43.8871],[142.4454,43.9093],[142.4354,43.9195],[142.434,43.9648],[142.4451,43.9735],[142.4524,43.9644],[142.4866,43.9556],[142.4975,43.9812],[142.5342,43.9933],[142.5413,43.9798],[142.5288,43.9726],[142.5305,43.9593],[142.5105,43.9562],[142.5114,43.9429],[142.544,43.9091],[142.4945,43.8562],[142.4583,43.8399]]]}},{"type":"Feature","properties":{"id":"01456","name":"愛別町","pref":"北海道"},"geometry":{"type":"Polygon","coordinates":[[[142.686,43.831],[142.662,43.8491],[142.6504,43.8837],[142.6202,43.8742],[142.6139,43.8836],[142.5921,43.879],[142.5322,43.897],[142.5439,43.9133],[142.5183,43.9339],[142.5103,43.9555],[142.5305,43.9593],[142.5288,43.9726],[142.5414,43.9803],[142.5342,43.9933],[142.547,44.007],[142.5824,44.0128],[142.5876,44.0233],[142.6113,44.0294],[142.6442,44.0103],[142.6893,44.0219],[142.6882,44.0131],[142.7219,43.9937],[142.7355,43.9741],[142.7379,43.9551],[142.7716,43.9337],[142.7743,43.9273],[142.7598,43.9159],[142.7253,43.9245],[142.705,43.9181],[142.7023,43.9038],[142.71,43.8924],[142.6973,43.8514],[142.7041,43.8441],[142.686,43.831]]]}},{"type":"Feature","properties":{"id":"01457","name":"上川町","pref":"北海道"},"geometry":{"type":"Polygon","coordinates":[[[142.875,43.6707],[142.8801,43.6976],[142.82,43.6881],[142.8022,43.7017],[142.7667,43.6982],[142.7401,43.6835],[142.7345,43.7309],[142.7127,43.7486],[142.6925,43.8069],[142.6814,43.8178],[142.6826,43.8287],[142.7041,43.8441],[142.6973,43.8514],[142.71,43.8924],[142.7023,43.9038],[142.7052,43.9183],[142.7253,43.9245],[142.7587,43.9157],[142.7757,43.9301],[142.7983,43.9162],[142.8161,43.915],[142.8302,43.9218],[142.8432,43.9416],[142.8819,43.9531],[142.8802,43.9438],[142.8936,43.9401],[142.8857,43.9346],[142.8885,43.9264],[142.8977,43.9218],[142.9405,43.9275],[142.9811,43.9438],[143.0125,43.9219],[143.038,43.9279],[143.0554,43.9144],[143.0192,43.8861],[143.0213,43.8648],[143.0085,43.8589],[143.018,43.8459],[143.009,43.8372],[143.0228,43.8167],[143.0466,43.8124],[143.0137,43.7977],[143.0074,43.7592],[143.0244,43.7453],[143.0636,43.7482],[143.0799,43.7379],[143.1544,43.7633],[143.1686,43.7557],[143.1797,43.7351],[143.169,43.7213],[143.1718,43.7069],[143.1604,43.7055],[143.1396,43.6775],[143.1742,43.6402],[143.1365,43.6079],[143.1423,43.5928],[143.0599,43.5552],[143.0361,43.5616],[143.0137,43.5285],[142.9757,43.5393],[142.9577,43.5263],[142.9355,43.5475],[142.8943,43.5664],[142.8904,43.5814],[142.912,43.6539],[142.906,43.6707],[142.8958,43.6764],[142.875,43.6707]]]}},{"type":"Feature","properties":{"id":"01458","name":"東川町","pref":"北海道"},"geometry":{"type":"Polygon","coordinates":[[[142.5605,43.6547],[142.5189,43.687],[142.4732,43.7001],[142.4764,43.7427],[142.5069,43.7507],[142.5617,43.7229],[142.5756,43.7257],[142.5894,43.7167],[142.6212,43.7204],[142.6404,43.701],[142.6659,43.6978],[142.6915,43.6805],[142.7401,43.6835],[142.7667,43.6982],[142.8022,43.7017],[142.82,43.6881],[142.8622,43.6992],[142.8816,43.6959],[142.8728,43.6718],[142.8958,43.6764],[142.9074,43.6689],[142.8785,43.637],[142.8635,43.6257],[142.8438,43.6264],[142.8393,43.6155],[142.822,43.6284],[142.7724,43.6171],[142.6905,43.63],[142.6321,43.6251],[142.5605,43.6547]]]}},{"type":"Feature","properties":{"id":"01459","name":"美瑛町","pref":"北海道"},"geometry":{"type":"Polygon","coordinates":[[[142.689,43.4176],[142.6065,43.4708],[142.5919,43.4885],[142.5972,43.4977],[142.5754,43.5125],[142.5459,43.5041],[142.5247,43.512],[142.5072,43.5023],[142.4817,43.5068],[142.4315,43.5511],[142.4272,43.534],[142.4025,43.5381],[142.3987,43.4738],[142.357,43.4662],[142.3559,43.4756],[142.3682,43.487],[142.3478,43.5054],[142.337,43.5061],[142.3206,43.5316],[142.329,43.5638],[142.3227,43.5735],[142.3413,43.5866],[142.3417,43.5987],[142.3579,43.618],[142.3765,43.6161],[142.3896,43.6255],[142.3883,43.6382],[142.4001,43.648],[142.3933,43.665],[142.4283,43.6618],[142.448,43.6362],[142.4722,43.6204],[142.576,43.635],[142.603,43.6248],[142.6905,43.63],[142.7724,43.6171],[142.822,43.6284],[142.8393,43.6155],[142.8438,43.6264],[142.8635,43.6257],[142.8785,43.637],[142.8994,43.6662],[142.9082,43.668],[142.912,43.653],[142.8904,43.5814],[142.8945,43.5669],[142.8613,43.5653],[142.8502,43.5489],[142.8506,43.5282],[142.8389,43.5221],[142.8087,43.5294],[142.8133,43.5139],[142.7145,43.4518],[142.7109,43.4331],[142.689,43.4176]]]}},{"type":"Feature","properties":{"id":"01460","name":"上富良野町","pref":"北海道"},"geometry":{"type":"Polygon","coordinates":[[[142.6065,43.4708],[142.6863,43.4178],[142.667,43.3996],[142.6173,43.3839],[142.5887,43.3913],[142.5638,43.3823],[142.5268,43.3948],[142.4851,43.3927],[142.4547,43.4071],[142.4705,43.4275],[142.382,43.4689],[142.3987,43.4738],[142.4025,43.5381],[142.4272,43.534],[142.4272,43.5492],[142.4334,43.5511],[142.4817,43.5068],[142.5072,43.5023],[142.5247,43.512],[142.5459,43.5041],[142.5782,43.5113],[142.5972,43.4977],[142.5919,43.4885],[142.6065,43.4708]]]}},{"type":"Feature","properties":{"id":"01461","name":"中富良野町","pref":"北海道"},"geometry":{"type":"Polygon","coordinates":[[[142.5294,43.3616],[142.4539,43.3619],[142.4404,43.3683],[142.4256,43.3515],[142.3784,43.3754],[142.3538,43.3796],[142.3454,43.3893],[142.3476,43.4005],[142.3681,43.4358],[142.357,43.4662],[142.3765,43.4714],[142.4705,43.4275],[142.4532,43.4078],[142.4851,43.3927],[142.5268,43.3948],[142.5609,43.3825],[142.5617,43.3722],[142.5294,43.3616]]]}},{"type":"Feature","properties":{"id":"01462","name":"南富良野町","pref":"北海道"},"geometry":{"type":"Polygon","coordinates":[[[142.3394,43.0825],[142.3344,43.0615],[142.3129,43.0489],[142.2943,43.051],[142.2682,43.067],[142.2435,43.1058],[142.2531,43.1331],[142.2639,43.1367],[142.2535,43.1503],[142.2556,43.1604],[142.2703,43.1884],[142.2841,43.1979],[142.2777,43.2359],[142.2968,43.2372],[142.2956,43.2268],[142.32,43.2068],[142.3236,43.1659],[142.3307,43.1596],[142.3513,43.1567],[142.3584,43.1664],[142.3755,43.1662],[142.3729,43.1811],[142.3901,43.1874],[142.3949,43.2089],[142.434,43.2039],[142.4498,43.1775],[142.4775,43.1735],[142.5005,43.1778],[142.526,43.1964],[142.5655,43.1891],[142.59,43.1962],[142.607,43.213],[142.6386,43.2191],[142.6727,43.2477],[142.6626,43.2585],[142.6775,43.2731],[142.6691,43.2886],[142.6776,43.2958],[142.6295,43.3422],[142.6522,43.3564],[142.651,43.3642],[142.6694,43.3838],[142.6682,43.4028],[142.6774,43.4036],[142.7201,43.3601],[142.7469,43.3507],[142.761,43.3574],[142.7686,43.3474],[142.7486,43.3401],[142.7363,43.3186],[142.7349,43.2978],[142.7471,43.2655],[142.7339,43.2492],[142.7421,43.2406],[142.7332,43.233],[142.7364,43.2195],[142.7629,43.201],[142.767,43.1808],[142.7792,43.1737],[142.7646,43.1619],[142.7652,43.1246],[142.7453,43.115],[142.7512,43.1099],[142.7369,43.0952],[142.7437,43.0874],[142.7268,43.076],[142.7468,43.0583],[142.7511,43.0106],[142.7398,43.0048],[142.7093,43.025],[142.6999,43.0213],[142.6399,43.0731],[142.596,43.0787],[142.5908,43.0893],[142.5968,43.1037],[142.5402,43.1312],[142.5158,43.1326],[142.5016,43.116],[142.4889,43.1132],[142.49,43.1004],[142.4474,43.0832],[142.4267,43.0931],[142.4064,43.0885],[142.3891,43.0999],[142.365,43.0972],[142.3599,43.1041],[142.3394,43.0825]]]}},{"type":"Feature","properties":{"id":"01463","name":"占冠村","pref":"北海道"},"geometry":{"type":"Polygon","coordinates":[[[142.3159,42.9159],[142.3019,42.9408],[142.2783,42.944],[142.273,42.9547],[142.2839,42.9679],[142.2798,42.9811],[142.2886,43.0099],[142.3297,43.0307],[142.3129,43.0489],[142.335,43.0619],[142.338,43.0854],[142.3528,43.0906],[142.3596,43.104],[142.365,43.0972],[142.3891,43.0999],[142.4064,43.0885],[142.4267,43.0931],[142.4469,43.0831],[142.49,43.1004],[142.4889,43.1132],[142.5016,43.116],[142.5158,43.1326],[142.5402,43.1312],[142.5968,43.1037],[142.5908,43.0893],[142.596,43.0787],[142.6402,43.073],[142.6999,43.0213],[142.7093,43.025],[142.7278,43.0098],[142.7026,42.9902],[142.6781,42.9908],[142.6662,42.982],[142.6319,42.9863],[142.5875,42.9663],[142.571,42.9419],[142.5722,42.9292],[142.5462,42.9109],[142.5348,42.9106],[142.5216,42.9233],[142.5031,42.914],[142.4865,42.9235],[142.4746,42.9146],[142.4432,42.9115],[142.4094,42.9337],[142.3989,42.9316],[142.4043,42.9143],[142.3813,42.8873],[142.3601,42.8915],[142.3394,42.8838],[142.3246,42.8908],[142.334,42.9075],[142.3159,42.9159]]]}},{"type":"Feature","properties":{"id":"01464","name":"和寒町","pref":"北海道"},"geometry":{"type":"Polygon","coordinates":[[[142.2461,43.9547],[142.2546,43.9742],[142.2424,43.9847],[142.2505,43.9947],[142.2357,44.0175],[142.2394,44.0234],[142.2698,44.04],[142.3163,44.0373],[142.3449,44.0527],[142.3568,44.0513],[142.371,44.0737],[142.3855,44.0621],[142.4099,44.0714],[142.4476,44.1133],[142.4621,44.1039],[142.459,44.0925],[142.4837,44.0604],[142.4734,43.9936],[142.4915,43.9775],[142.4868,43.9557],[142.4524,43.9644],[142.445,43.9735],[142.4233,43.9423],[142.4112,43.9539],[142.3616,43.963],[142.3263,43.9546],[142.3113,43.9592],[142.3044,43.9454],[142.2816,43.9393],[142.2461,43.9547]]]}},{"type":"Feature","properties":{"id":"01465","name":"剣淵町","pref":"北海道"},"geometry":{"type":"Polygon","coordinates":[[[142.3712,44.0737],[142.357,44.0514],[142.3449,44.0527],[142.3171,44.0374],[142.2747,44.0403],[142.2831,44.0457],[142.268,44.0755],[142.2688,44.0847],[142.2809,44.0895],[142.2769,44.1339],[142.2854,44.1589],[142.3111,44.1771],[142.3103,44.1864],[142.3212,44.1807],[142.3242,44.1662],[142.3421,44.1602],[142.353,44.1401],[142.4114,44.1476],[142.4084,44.1238],[142.4476,44.1133],[142.4099,44.0714],[142.3855,44.0621],[142.3712,44.0737]]]}},{"type":"Feature","properties":{"id":"01468","name":"下川町","pref":"北海道"},"geometry":{"type":"Polygon","coordinates":[[[142.6353,44.1659],[142.6171,44.1725],[142.6404,44.1997],[142.6252,44.2071],[142.6288,44.2151],[142.6123,44.2408],[142.597,44.2511],[142.6031,44.2591],[142.5895,44.2708],[142.5904,44.2856],[142.5295,44.2908],[142.551,44.3227],[142.5695,44.3268],[142.5828,44.3595],[142.5624,44.3895],[142.5657,44.3997],[142.5583,44.409],[142.5645,44.4184],[142.583,44.4336],[142.6507,44.4378],[142.6834,44.4735],[142.712,44.486],[142.7173,44.4629],[142.7392,44.4632],[142.7492,44.455],[142.7671,44.4669],[142.7892,44.4535],[142.8489,44.4597],[142.8402,44.4468],[142.8513,44.4383],[142.8188,44.419],[142.8305,44.397],[142.8231,44.3875],[142.8289,44.3788],[142.8169,44.3666],[142.8155,44.3501],[142.8025,44.3426],[142.8026,44.3314],[142.8242,44.3288],[142.8264,44.2724],[142.8446,44.2687],[142.8667,44.2484],[142.8756,44.2288],[142.8647,44.2185],[142.8725,44.2038],[142.8681,44.1887],[142.8787,44.1826],[142.8809,44.1638],[142.8634,44.1548],[142.8271,44.1563],[142.8022,44.1418],[142.7902,44.1485],[142.7927,44.1577],[142.7809,44.1697],[142.7665,44.1803],[142.7499,44.1803],[142.7407,44.1922],[142.7004,44.1797],[142.6973,44.1692],[142.6859,44.1877],[142.6353,44.1659]]]}},{"type":"Feature","properties":{"id":"01469","name":"美深町","pref":"北海道"},"geometry":{"type":"Polygon","coordinates":[[[142.3067,44.4396],[142.3141,44.4038],[142.2862,44.3944],[142.2501,44.41],[142.2184,44.4505],[142.1937,44.4572],[142.2072,44.4955],[142.2224,44.4998],[142.2217,44.5232],[142.2031,44.5417],[142.2063,44.5642],[142.1841,44.5782],[142.1799,44.5895],[142.1906,44.6032],[142.2139,44.6057],[142.2108,44.6169],[142.2253,44.6312],[142.2513,44.6309],[142.2776,44.6547],[142.3249,44.6567],[142.3737,44.6709],[142.3904,44.6606],[142.4121,44.6658],[142.4055,44.6487],[142.4405,44.6175],[142.4726,44.6185],[142.4798,44.5919],[142.4931,44.5893],[142.4919,44.5781],[142.5103,44.583],[142.5268,44.6108],[142.5591,44.6153],[142.564,44.6005],[142.5882,44.5937],[142.6438,44.5968],[142.6447,44.581],[142.6571,44.5768],[142.6325,44.5431],[142.6461,44.5306],[142.6206,44.5146],[142.6183,44.5001],[142.5933,44.4726],[142.5979,44.4663],[142.5863,44.4453],[142.5482,44.4493],[142.5211,44.4434],[142.4909,44.4523],[142.4726,44.4739],[142.4251,44.4686],[142.409,44.4831],[142.3758,44.4665],[142.367,44.4543],[142.3375,44.458],[142.3067,44.4396]]]}},{"type":"Feature","properties":{"id":"01470","name":"音威子府村","pref":"北海道"},"geometry":{"type":"Polygon","coordinates":[[[142.3737,44.6709],[142.3249,44.6567],[142.2772,44.6546],[142.2513,44.6309],[142.2251,44.631],[142.2108,44.6169],[142.2139,44.6057],[142.19,44.6029],[142.1846,44.6249],[142.1655,44.6363],[142.1698,44.649],[142.1505,44.6561],[142.1595,44.6927],[142.14,44.6977],[142.1475,44.7187],[142.1657,44.7275],[142.1443,44.7362],[142.1639,44.7638],[142.1616,44.7806],[142.172,44.7963],[142.1896,44.7968],[142.2053,44.8084],[142.2091,44.8214],[142.221,44.825],[142.2636,44.8173],[142.2811,44.8223],[142.2835,44.7884],[142.312,44.7787],[142.3026,44.7481],[142.3244,44.7268],[142.3275,44.7102],[142.3946,44.7011],[142.4186,44.6764],[142.4121,44.6658],[142.393,44.6607],[142.3737,44.6709]]]}},{"type":"Feature","properties":{"id":"01471","name":"中川町","pref":"北海道"},"geometry":{"type":"Polygon","coordinates":[[[141.9981,44.658],[141.9974,44.6757],[141.9886,44.6857],[142.0003,44.6889],[142.001,44.7034],[141.9926,44.7089],[141.9996,44.7239],[141.9848,44.7281],[141.9763,44.7458],[141.9897,44.7608],[141.991,44.7854],[142.0011,44.8008],[142.005,44.8187],[141.998,44.8337],[142.0096,44.8436],[141.9897,44.875],[142.0008,44.8815],[142.0013,44.8927],[142.0283,44.9052],[142.034,44.8979],[142.1333,44.9022],[142.1602,44.8701],[142.1498,44.8568],[142.1657,44.8524],[142.162,44.8367],[142.1677,44.8307],[142.1583,44.8081],[142.1735,44.7981],[142.1616,44.7806],[142.1639,44.7638],[142.1443,44.7362],[142.1657,44.7275],[142.1475,44.7187],[142.14,44.6976],[142.1595,44.6927],[142.1505,44.6561],[142.1698,44.649],[142.1655,44.6363],[142.1898,44.6169],[142.1911,44.5992],[142.1795,44.5835],[142.2063,44.5642],[142.2031,44.5417],[142.2217,44.5235],[142.2224,44.4998],[142.2072,44.4955],[142.2056,44.4776],[142.1927,44.4598],[142.1542,44.478],[142.1154,44.4746],[142.1116,44.4883],[142.0861,44.489],[142.0544,44.5136],[142.0407,44.5305],[142.0553,44.552],[142.0403,44.5859],[142.0092,44.5989],[142.0143,44.6193],[142.0033,44.6244],[142.0092,44.6368],[142.0031,44.6459],[142.0098,44.654],[141.9981,44.658]]]}},{"type":"Feature","properties":{"id":"01472","name":"幌加内町","pref":"北海道"},"geometry":{"type":"Polygon","coordinates":[[[142.1488,43.9061],[142.1222,43.9326],[142.1053,43.9653],[142.1127,43.9772],[142.0879,44.0268],[142.0968,44.0336],[142.0961,44.0438],[142.055,44.0556],[142.07,44.0695],[142.0524,44.1042],[142.0782,44.1292],[142.0713,44.1579],[142.0882,44.1885],[142.0468,44.2031],[142.0435,44.2125],[142.0507,44.2198],[142.0434,44.2279],[142.0664,44.2354],[142.0656,44.2418],[142.0522,44.2599],[142.0308,44.2619],[142.0396,44.2692],[142.0309,44.2845],[142.06,44.2943],[142.0519,44.3111],[142.0591,44.3147],[142.0537,44.3261],[142.061,44.3361],[142.0368,44.3457],[142.0211,44.3939],[142.0653,44.4143],[142.0847,44.4372],[142.1061,44.439],[142.1154,44.4746],[142.1459,44.4787],[142.1751,44.4704],[142.1964,44.4523],[142.2184,44.4505],[142.2503,44.4099],[142.2905,44.3933],[142.3151,44.4034],[142.324,44.3643],[142.3231,44.3544],[142.3039,44.345],[142.3071,44.3283],[142.2783,44.3134],[142.3112,44.2763],[142.3083,44.2631],[142.295,44.2622],[142.2803,44.2814],[142.2523,44.2847],[142.2318,44.2972],[142.2129,44.2951],[142.2171,44.2805],[142.209,44.2763],[142.1926,44.2846],[142.1735,44.2588],[142.1844,44.2479],[142.2005,44.2562],[142.2135,44.2518],[142.1998,44.2085],[142.1721,44.1929],[142.186,44.1851],[142.1897,44.1674],[142.1793,44.1576],[142.2041,44.123],[142.2031,44.11],[142.181,44.095],[142.1751,44.0538],[142.2362,44.0205],[142.2505,43.9947],[142.2424,43.9847],[142.2546,43.974],[142.2436,43.9523],[142.2011,43.9469],[142.1488,43.9061]]]}},{"type":"Feature","properties":{"id":"01481","name":"増毛町","pref":"北海道"},"geometry":{"type":"MultiPolygon","coordinates":[[[[141.3284,43.7407],[141.3283,43.741],[141.3284,43.7407],[141.3284,43.7407]]],[[[141.341,43.746],[141.3418,43.7468],[141.3419,43.7467],[141.341,43.746]]],[[[141.3494,43.7533],[141.3493,43.7533],[141.3494,43.7533],[141.3494,43.7533]]],[[[141.3495,43.7535],[141.3494,43.7536],[141.3495,43.7536],[141.3495,43.7535]]],[[[141.3495,43.7538],[141.3495,43.7538],[141.3496,43.7538],[141.3495,43.7538]]],[[[141.3493,43.7543],[141.3492,43.7542],[141.3491,43.7543],[141.3493,43.7543]]],[[[141.3497,43.7544],[141.3498,43.7544],[141.3498,43.7544],[141.3497,43.7544]]],[[[141.3512,43.7555],[141.3511,43.7556],[141.3512,43.7556],[141.3512,43.7555]]],[[[141.3509,43.7555],[141.3509,43.7556],[141.3509,43.7556],[141.3509,43.7555]]],[[[141.3519,43.7559],[141.3518,43.756],[141.3519,43.756],[141.3519,43.7559]]],[[[141.3622,43.7637],[141.3622,43.7638],[141.3622,43.7638],[141.3622,43.7637]]],[[[141.3616,43.7638],[141.3617,43.7637],[141.3615,43.7637],[141.3616,43.7638]]],[[[141.3618,43.7638],[141.3617,43.7639],[141.3618,43.7639],[141.3618,43.7638]]],[[[141.3621,43.764],[141.3622,43.7641],[141.3622,43.764],[141.3621,43.764]]],[[[141.3624,43.7641],[141.3625,43.7642],[141.3625,43.7641],[141.3624,43.7641]]],[[[141.3627,43.7677],[141.3628,43.7678],[141.3628,43.7677],[141.3627,43.7677]]],[[[141.3628,43.7684],[141.3629,43.7683],[141.3628,43.7683],[141.3628,43.7684]]],[[[141.363,43.7686],[141.3631,43.7685],[141.363,43.7685],[141.363,43.7686]]],[[[141.3632,43.769],[141.3631,43.769],[141.3632,43.769],[141.3632,43.769]]],[[[141.3628,43.769],[141.3629,43.7691],[141.3628,43.769],[141.3628,43.769]]],[[[141.3628,43.7696],[141.3627,43.7697],[141.3628,43.7697],[141.3628,43.7696]]],[[[141.3633,43.7702],[141.3632,43.7704],[141.3633,43.7703],[141.3633,43.7702]]],[[[141.3692,43.7791],[141.3689,43.7788],[141.3688,43.7789],[141.3692,43.7791]]],[[[141.3688,43.7822],[141.3691,43.7822],[141.3695,43.782],[141.3688,43.7822]]],[[[141.3694,43.7877],[141.3697,43.7879],[141.3698,43.7878],[141.3694,43.7877]]],[[[141.3693,43.7879],[141.3694,43.7881],[141.3695,43.7879],[141.3693,43.7879]]],[[[141.3733,43.7939],[141.3732,43.7938],[141.3732,43.7939],[141.3733,43.7939]]],[[[141.4012,43.8127],[141.4012,43.8127],[141.4011,43.8127],[141.4012,43.8127]]],[[[141.4043,43.8133],[141.4043,43.8133],[141.4044,43.8133],[141.4043,43.8133]]],[[[141.4048,43.8134],[141.4047,43.8134],[141.4048,43.8134],[141.4048,43.8134]]],[[[141.4052,43.8136],[141.4052,43.8135],[141.4051,43.8135],[141.4052,43.8136]]],[[[141.4045,43.8136],[141.4044,43.8136],[141.4044,43.8136],[141.4045,43.8136]]],[[[141.4066,43.8136],[141.4065,43.8137],[141.4066,43.8137],[141.4066,43.8136]]],[[[141.4069,43.8138],[141.4069,43.8137],[141.4069,43.8137],[141.4069,43.8138]]],[[[141.4072,43.8142],[141.4071,43.8143],[141.4072,43.8143],[141.4072,43.8142]]],[[[141.4164,43.8171],[141.4163,43.8171],[141.4164,43.8172],[141.4164,43.8171]]],[[[141.4167,43.8174],[141.4166,43.8175],[141.4167,43.8175],[141.4167,43.8174]]],[[[141.417,43.8175],[141.4169,43.8176],[141.417,43.8176],[141.417,43.8175]]],[[[141.4171,43.8177],[141.4172,43.8177],[141.4171,43.8176],[141.4171,43.8177]]],[[[141.4165,43.8184],[141.4166,43.8184],[141.4165,43.8184],[141.4165,43.8184]]],[[[141.4223,43.8205],[141.4222,43.8205],[141.4222,43.8205],[141.4223,43.8205]]],[[[141.4221,43.8207],[141.422,43.8207],[141.422,43.8207],[141.4221,43.8207]]],[[[141.4226,43.8207],[141.4227,43.8207],[141.4227,43.8207],[141.4226,43.8207]]],[[[141.4224,43.821],[141.4225,43.8209],[141.4224,43.8209],[141.4224,43.821]]],[[[141.4241,43.8218],[141.4242,43.8217],[141.4241,43.8217],[141.4241,43.8218]]],[[[141.4267,43.8219],[141.4266,43.8219],[141.4266,43.8219],[141.4267,43.8219]]],[[[141.4282,43.8232],[141.4282,43.8232],[141.4281,43.8232],[141.4282,43.8232]]],[[[141.4292,43.8233],[141.4291,43.8233],[141.4292,43.8234],[141.4292,43.8233]]],[[[141.4307,43.825],[141.4308,43.8248],[141.4305,43.8249],[141.4307,43.825]]],[[[141.4308,43.8251],[141.4311,43.8251],[141.4311,43.825],[141.4308,43.8251]]],[[[141.4331,43.8258],[141.4328,43.8258],[141.4328,43.8258],[141.4331,43.8258]]],[[[141.4334,43.8259],[141.4332,43.8259],[141.4333,43.826],[141.4334,43.8259]]],[[[141.4326,43.8259],[141.4326,43.826],[141.4327,43.826],[141.4326,43.8259]]],[[[141.4356,43.8266],[141.4355,43.8265],[141.4354,43.8265],[141.4356,43.8266]]],[[[141.4348,43.8268],[141.4347,43.8267],[141.4346,43.8268],[141.4348,43.8268]]],[[[141.4345,43.8271],[141.4343,43.827],[141.4343,43.8271],[141.4345,43.8271]]],[[[141.4389,43.8276],[141.4388,43.8276],[141.439,43.8276],[141.4389,43.8276]]],[[[141.4385,43.8277],[141.4386,43.8277],[141.4384,43.8276],[141.4385,43.8277]]],[[[141.443,43.8283],[141.443,43.8284],[141.4431,43.8284],[141.443,43.8283]]],[[[141.4486,43.8306],[141.4485,43.8305],[141.4484,43.8306],[141.4486,43.8306]]],[[[141.4509,43.8314],[141.451,43.8316],[141.451,43.8315],[141.4509,43.8314]]],[[[141.4501,43.8319],[141.4499,43.8318],[141.45,43.8319],[141.4501,43.8319]]],[[[141.4519,43.8331],[141.4521,43.8331],[141.4519,43.833],[141.4519,43.8331]]],[[[141.453,43.8338],[141.4531,43.8337],[141.453,43.8338],[141.453,43.8338]]],[[[141.4604,43.8339],[141.4603,43.8339],[141.4603,43.8339],[141.4604,43.8339]]],[[[141.4601,43.834],[141.46,43.834],[141.46,43.8341],[141.4601,43.834]]],[[[141.4531,43.8341],[141.453,43.834],[141.453,43.834],[141.4531,43.8341]]],[[[141.4598,43.8342],[141.4597,43.834],[141.4597,43.8341],[141.4598,43.8342]]],[[[141.4594,43.8344],[141.4594,43.8344],[141.4595,43.8344],[141.4594,43.8344]]],[[[141.4586,43.8351],[141.4587,43.8351],[141.4586,43.835],[141.4586,43.8351]]],[[[141.4586,43.8352],[141.4585,43.8353],[141.4586,43.8353],[141.4586,43.8352]]],[[[141.4584,43.8356],[141.4581,43.8356],[141.4581,43.8357],[141.4584,43.8356]]],[[[141.339,43.737],[141.3622,43.7623],[141.3707,43.7788],[141.3684,43.7856],[141.3872,43.8068],[141.4124,43.8147],[141.4275,43.8219],[141.4337,43.8259],[141.4335,43.8264],[141.4347,43.8261],[141.4395,43.8273],[141.4396,43.8283],[141.4427,43.8278],[141.4467,43.8287],[141.4473,43.8304],[141.449,43.8304],[141.4492,43.8316],[141.4505,43.8309],[141.4569,43.8358],[141.46,43.8336],[141.4664,43.833],[141.4741,43.834],[141.4746,43.8343],[141.4754,43.8345],[141.477,43.8354],[141.4754,43.8344],[141.4743,43.834],[141.4777,43.8337],[141.4805,43.8348],[141.4819,43.8358],[141.4827,43.8359],[141.4936,43.8362],[141.5103,43.8564],[141.5366,43.8591],[141.5293,43.8568],[141.5292,43.8536],[141.5341,43.8514],[141.549,43.8613],[141.5607,43.859],[141.5976,43.8845],[141.6079,43.9031],[141.6622,43.8745],[141.6618,43.8547],[141.6953,43.8248],[141.7003,43.7499],[141.6322,43.7599],[141.6178,43.7527],[141.6139,43.7419],[141.6013,43.7438],[141.5506,43.7137],[141.523,43.7157],[141.5248,43.7077],[141.4906,43.6844],[141.4662,43.702],[141.4173,43.7112],[141.4053,43.7377],[141.3714,43.7276],[141.339,43.737]]],[[[141.4674,43.8333],[141.4674,43.8334],[141.4674,43.8334],[141.4674,43.8333]]],[[[141.4681,43.8334],[141.4683,43.8334],[141.4683,43.8334],[141.4681,43.8334]]],[[[141.4687,43.8334],[141.4686,43.8334],[141.4686,43.8334],[141.4687,43.8334]]],[[[141.4696,43.8335],[141.4697,43.8336],[141.4697,43.8335],[141.4696,43.8335]]],[[[141.4678,43.8335],[141.4679,43.8336],[141.4679,43.8335],[141.4678,43.8335]]],[[[141.4685,43.8336],[141.4685,43.8336],[141.4684,43.8336],[141.4685,43.8336]]],[[[141.4694,43.8336],[141.4695,43.8337],[141.4695,43.8336],[141.4694,43.8336]]],[[[141.4691,43.8337],[141.4692,43.8338],[141.4692,43.8337],[141.4691,43.8337]]],[[[141.4605,43.8338],[141.4606,43.8338],[141.4606,43.8337],[141.4605,43.8338]]],[[[141.4685,43.8342],[141.4687,43.8343],[141.4686,43.8341],[141.4685,43.8342]]],[[[141.4796,43.8345],[141.4797,43.8347],[141.4797,43.8345],[141.4796,43.8345]]],[[[141.4717,43.8347],[141.4716,43.8347],[141.4715,43.8347],[141.4717,43.8347]]],[[[141.4732,43.8347],[141.4731,43.8347],[141.4733,43.8347],[141.4732,43.8347]]],[[[141.472,43.8347],[141.4721,43.8348],[141.4721,43.8347],[141.472,43.8347]]],[[[141.4725,43.8348],[141.4724,43.8349],[141.4725,43.8348],[141.4725,43.8348]]],[[[141.4727,43.835],[141.4726,43.8351],[141.4727,43.8351],[141.4727,43.835]]],[[[141.4738,43.8357],[141.4738,43.8359],[141.4739,43.8358],[141.4738,43.8357]]],[[[141.4775,43.8361],[141.4763,43.836],[141.4775,43.8362],[141.4775,43.8361]]],[[[141.4736,43.8408],[141.4735,43.8407],[141.4735,43.8409],[141.4736,43.8408]]],[[[141.4733,43.8413],[141.4734,43.8412],[141.4732,43.8412],[141.4733,43.8413]]],[[[141.4726,43.8416],[141.4727,43.8413],[141.4724,43.8414],[141.4726,43.8416]]],[[[141.4724,43.8418],[141.4724,43.8417],[141.4723,43.8418],[141.4724,43.8418]]],[[[141.5308,43.8542],[141.53,43.8539],[141.5307,43.8543],[141.5308,43.8542]]]]}},{"type":"Feature","properties":{"id":"01482","name":"小平町","pref":"北海道"},"geometry":{"type":"MultiPolygon","coordinates":[[[[141.6495,44.0009],[141.6486,43.9997],[141.6486,43.9997],[141.6495,44.0009]]],[[[141.6597,44.0354],[141.6593,44.0355],[141.6595,44.0358],[141.6597,44.0354]]],[[[141.8851,43.9433],[141.8484,43.9671],[141.7983,43.959],[141.7828,43.937],[141.7499,43.9326],[141.7433,43.925],[141.7341,43.9413],[141.676,43.9654],[141.6539,43.9856],[141.6545,43.9898],[141.6498,43.9945],[141.6494,43.9995],[141.6599,44.0082],[141.6628,44.0431],[141.6533,44.1403],[141.6562,44.209],[141.6859,44.215],[141.7317,44.1919],[141.7221,44.1727],[141.7479,44.1638],[141.7717,44.1419],[141.7777,44.1249],[141.7732,44.1076],[141.8133,44.0907],[141.8406,44.1176],[141.8838,44.105],[141.9233,44.1235],[141.9447,44.115],[141.9519,44.1256],[141.9497,44.1474],[141.9684,44.1417],[142.0218,44.1513],[142.0311,44.1458],[142.0547,44.1696],[142.0756,44.1649],[142.0718,44.1371],[142.0782,44.1292],[142.0524,44.1042],[142.07,44.0695],[142.055,44.0556],[142.066,44.0491],[142.0537,44.0189],[142.0599,44.0118],[142.0477,44.0134],[142.0327,43.9984],[142.0167,44.0063],[141.9961,44.0063],[141.9857,43.9933],[141.9496,43.9996],[141.931,43.9832],[141.929,43.9611],[141.9013,43.9567],[141.8851,43.9433]]]]}},{"type":"Feature","properties":{"id":"01483","name":"苫前町","pref":"北海道"},"geometry":{"type":"MultiPolygon","coordinates":[[[[141.8974,44.1069],[141.8408,44.1177],[141.8136,44.0908],[141.7818,44.0994],[141.7704,44.112],[141.7778,44.1213],[141.7717,44.1419],[141.7479,44.1638],[141.7221,44.1727],[141.7317,44.1919],[141.6859,44.215],[141.6565,44.2087],[141.658,44.2422],[141.6474,44.3161],[141.6715,44.3232],[141.6852,44.3468],[141.7245,44.325],[141.7282,44.3109],[141.7681,44.296],[141.7703,44.2831],[141.9013,44.2575],[141.9244,44.2487],[141.946,44.2262],[141.9762,44.2224],[141.9759,44.2151],[141.9895,44.2075],[142.0206,44.2143],[142.0362,44.2341],[142.0507,44.2198],[142.0435,44.2125],[142.0468,44.2031],[142.0882,44.1885],[142.0756,44.1649],[142.0547,44.1696],[142.0333,44.1465],[142.0218,44.1513],[141.9684,44.1417],[141.9499,44.1474],[141.946,44.1156],[141.9233,44.1235],[141.8974,44.1069]]],[[[141.6514,44.2236],[141.6507,44.2243],[141.6515,44.2236],[141.6514,44.2236]]],[[[141.655,44.2442],[141.6551,44.2439],[141.6549,44.244],[141.655,44.2442]]],[[[141.6553,44.2453],[141.655,44.2448],[141.6549,44.2452],[141.6553,44.2453]]]]}},{"type":"Feature","properties":{"id":"01484","name":"羽幌町","pref":"北海道"},"geometry":{"type":"MultiPolygon","coordinates":[[[[141.2923,44.4138],[141.2919,44.4139],[141.2923,44.4139],[141.2923,44.4138]]],[[[141.2913,44.4145],[141.2912,44.4147],[141.2914,44.4147],[141.2913,44.4145]]],[[[141.2914,44.4189],[141.2908,44.4187],[141.2907,44.4189],[141.2914,44.4189]]],[[[141.2914,44.419],[141.2919,44.419],[141.2918,44.4188],[141.2914,44.419]]],[[[141.2908,44.4192],[141.2908,44.4194],[141.2909,44.4193],[141.2908,44.4192]]],[[[141.2911,44.4194],[141.2912,44.4193],[141.2911,44.4194],[141.2911,44.4194]]],[[[141.2905,44.4196],[141.2903,44.4197],[141.2906,44.4199],[141.2905,44.4196]]],[[[141.292,44.42],[141.2917,44.4199],[141.2919,44.4201],[141.292,44.42]]],[[[141.2914,44.42],[141.2914,44.4202],[141.2915,44.42],[141.2914,44.42]]],[[[141.2931,44.4202],[141.2929,44.4199],[141.2928,44.4202],[141.2931,44.4202]]],[[[141.2905,44.4202],[141.2906,44.4203],[141.2907,44.4202],[141.2905,44.4202]]],[[[141.2935,44.4206],[141.2936,44.4207],[141.2936,44.4207],[141.2935,44.4206]]],[[[141.2932,44.4208],[141.2933,44.4209],[141.2933,44.4207],[141.2932,44.4208]]],[[[141.2929,44.421],[141.293,44.4211],[141.293,44.421],[141.2929,44.421]]],[[[141.293,44.4212],[141.2931,44.4211],[141.293,44.4211],[141.293,44.4212]]],[[[141.2928,44.4213],[141.2929,44.4213],[141.2928,44.4212],[141.2928,44.4213]]],[[[141.2931,44.4215],[141.293,44.4217],[141.2932,44.4216],[141.2931,44.4215]]],[[[141.2937,44.4216],[141.2936,44.4218],[141.2938,44.4217],[141.2937,44.4216]]],[[[141.2942,44.4222],[141.2936,44.4227],[141.2942,44.4227],[141.2942,44.4222]]],[[[141.2949,44.4232],[141.295,44.4233],[141.295,44.4233],[141.2949,44.4232]]],[[[141.2952,44.4233],[141.2952,44.4234],[141.2953,44.4233],[141.2952,44.4233]]],[[[141.2957,44.4238],[141.2954,44.4237],[141.2954,44.4238],[141.2957,44.4238]]],[[[141.2949,44.4238],[141.2949,44.4239],[141.295,44.4238],[141.2949,44.4238]]],[[[141.2963,44.4238],[141.2962,44.424],[141.2963,44.424],[141.2963,44.4238]]],[[[141.2968,44.4239],[141.2969,44.424],[141.297,44.4239],[141.2968,44.4239]]],[[[141.3142,44.4135],[141.314,44.4135],[141.314,44.4135],[141.3142,44.4135]]],[[[141.3119,44.4136],[141.3118,44.4137],[141.312,44.4136],[141.3119,44.4136]]],[[[141.3099,44.4139],[141.3099,44.4137],[141.3097,44.4139],[141.3099,44.4139]]],[[[141.3154,44.4139],[141.3152,44.4141],[141.3154,44.4141],[141.3154,44.4139]]],[[[141.316,44.4142],[141.3158,44.4144],[141.316,44.4144],[141.316,44.4142]]],[[[141.2973,44.4236],[141.2971,44.4238],[141.2973,44.4237],[141.2973,44.4236]]],[[[141.299,44.4236],[141.299,44.4238],[141.2992,44.4237],[141.299,44.4236]]],[[[141.2987,44.4239],[141.2988,44.4241],[141.2988,44.424],[141.2987,44.4239]]],[[[141.2972,44.4239],[141.2971,44.4241],[141.2973,44.424],[141.2972,44.4239]]],[[[141.2977,44.4243],[141.2975,44.4245],[141.2978,44.4245],[141.2977,44.4243]]],[[[141.3005,44.4248],[141.3004,44.4251],[141.3007,44.4249],[141.3005,44.4248]]],[[[141.3018,44.4256],[141.3016,44.4259],[141.3019,44.4259],[141.3018,44.4256]]],[[[141.3028,44.4265],[141.303,44.4267],[141.303,44.4266],[141.3028,44.4265]]],[[[141.3042,44.4269],[141.304,44.4271],[141.3043,44.4269],[141.3042,44.4269]]],[[[141.3046,44.427],[141.3045,44.4272],[141.3048,44.4272],[141.3046,44.427]]],[[[141.3034,44.4273],[141.3036,44.4272],[141.3034,44.4271],[141.3034,44.4273]]],[[[141.3044,44.4272],[141.3044,44.4274],[141.3045,44.4274],[141.3044,44.4272]]],[[[141.3203,44.4161],[141.2944,44.4127],[141.2918,44.4195],[141.294,44.4199],[141.2963,44.4232],[141.3004,44.4234],[141.3078,44.4276],[141.3249,44.4419],[141.3283,44.442],[141.3357,44.4301],[141.3203,44.4161]]],[[[141.3093,44.4305],[141.3094,44.4303],[141.3092,44.4303],[141.3093,44.4305]]],[[[141.3089,44.4306],[141.3089,44.4307],[141.3091,44.4307],[141.3089,44.4306]]],[[[141.3092,44.4315],[141.3088,44.4315],[141.3093,44.4316],[141.3092,44.4315]]],[[[141.3812,44.4324],[141.381,44.4325],[141.381,44.4325],[141.3812,44.4324]]],[[[141.3801,44.4333],[141.38,44.4334],[141.3802,44.4333],[141.3801,44.4333]]],[[[141.3804,44.4334],[141.3805,44.4335],[141.3805,44.4334],[141.3804,44.4334]]],[[[141.3794,44.4336],[141.3795,44.4338],[141.3796,44.4338],[141.3794,44.4336]]],[[[141.408,44.4294],[141.408,44.4292],[141.4078,44.4294],[141.408,44.4294]]],[[[141.3976,44.4293],[141.3976,44.4294],[141.3976,44.4294],[141.3976,44.4293]]],[[[141.3929,44.4295],[141.3928,44.4297],[141.3929,44.4296],[141.3929,44.4295]]],[[[141.3876,44.4298],[141.3878,44.4297],[141.3876,44.4297],[141.3876,44.4298]]],[[[141.3923,44.4298],[141.3923,44.4299],[141.3925,44.4298],[141.3923,44.4298]]],[[[141.3974,44.4298],[141.3975,44.4299],[141.3976,44.4298],[141.3974,44.4298]]],[[[141.388,44.4298],[141.388,44.4299],[141.3881,44.4299],[141.388,44.4298]]],[[[141.3916,44.43],[141.3916,44.4298],[141.3915,44.4299],[141.3916,44.43]]],[[[141.3965,44.4299],[141.3964,44.43],[141.3965,44.43],[141.3965,44.4299]]],[[[141.3834,44.4301],[141.3835,44.43],[141.3834,44.43],[141.3834,44.4301]]],[[[141.3834,44.4304],[141.3835,44.4302],[141.3834,44.4303],[141.3834,44.4304]]],[[[141.3841,44.4303],[141.3838,44.4303],[141.384,44.4304],[141.3841,44.4303]]],[[[141.3833,44.4305],[141.3834,44.4306],[141.3834,44.4305],[141.3833,44.4305]]],[[[141.3946,44.4305],[141.3946,44.4307],[141.3948,44.4306],[141.3946,44.4305]]],[[[141.3941,44.4306],[141.3942,44.4307],[141.3942,44.4307],[141.3941,44.4306]]],[[[141.3937,44.4308],[141.3938,44.4307],[141.3937,44.4307],[141.3937,44.4308]]],[[[141.3814,44.4324],[141.3812,44.4327],[141.3815,44.4324],[141.3814,44.4324]]],[[[141.3843,44.4304],[141.4232,44.4464],[141.4272,44.4462],[141.4275,44.4438],[141.4289,44.4435],[141.4298,44.4422],[141.4298,44.441],[141.4304,44.4406],[141.4224,44.4272],[141.4071,44.4298],[141.3941,44.431],[141.3843,44.4304]]],[[[141.3854,44.4375],[141.3855,44.4376],[141.3856,44.4376],[141.3854,44.4375]]],[[[141.3863,44.4389],[141.3863,44.439],[141.3864,44.4389],[141.3863,44.4389]]],[[[141.3897,44.4391],[141.3897,44.4392],[141.3898,44.4392],[141.3897,44.4391]]],[[[141.3912,44.4398],[141.3914,44.4397],[141.3912,44.4397],[141.3912,44.4398]]],[[[141.4096,44.4445],[141.4094,44.4444],[141.4094,44.4445],[141.4096,44.4445]]],[[[141.4089,44.4446],[141.4091,44.4445],[141.4089,44.4445],[141.4089,44.4446]]],[[[141.4093,44.4448],[141.4094,44.4449],[141.4095,44.4448],[141.4093,44.4448]]],[[[141.9974,44.2083],[141.9759,44.2151],[141.9759,44.2225],[141.946,44.2262],[141.9213,44.2506],[141.8886,44.2556],[141.8764,44.2658],[141.7701,44.2832],[141.7681,44.296],[141.7282,44.3109],[141.7245,44.325],[141.6837,44.3472],[141.6939,44.3782],[141.6944,44.3684],[141.7025,44.3692],[141.6976,44.374],[141.7054,44.3765],[141.6978,44.3781],[141.7062,44.377],[141.7104,44.3929],[141.7471,44.4328],[141.7727,44.4235],[141.7889,44.3988],[141.846,44.3869],[141.8748,44.3961],[141.8861,44.4126],[141.8797,44.426],[141.8893,44.4312],[141.9462,44.4552],[141.9733,44.4445],[141.9732,44.4303],[142.0006,44.4112],[142.0148,44.3589],[142.061,44.3361],[142.0537,44.3261],[142.0591,44.3147],[142.0519,44.3111],[142.06,44.2943],[142.0309,44.2846],[142.0396,44.2692],[142.0296,44.2635],[142.0574,44.2567],[142.0664,44.2354],[142.0435,44.228],[142.0289,44.2317],[142.0206,44.2143],[141.9974,44.2083]]],[[[141.4207,44.4262],[141.4209,44.4263],[141.4209,44.4262],[141.4207,44.4262]]],[[[141.4221,44.4265],[141.422,44.4263],[141.4219,44.4265],[141.4221,44.4265]]],[[[141.4218,44.4269],[141.4219,44.4267],[141.4217,44.4268],[141.4218,44.4269]]],[[[141.4133,44.4268],[141.4134,44.4269],[141.4135,44.4268],[141.4133,44.4268]]],[[[141.421,44.4269],[141.421,44.4269],[141.421,44.4269],[141.421,44.4269]]],[[[141.4193,44.427],[141.4192,44.4272],[141.4194,44.4271],[141.4193,44.427]]],[[[141.4258,44.4271],[141.4252,44.4273],[141.4258,44.4273],[141.4258,44.4271]]],[[[141.4106,44.4282],[141.4109,44.4283],[141.4109,44.4282],[141.4106,44.4282]]],[[[141.4108,44.4285],[141.4109,44.4284],[141.4108,44.4285],[141.4108,44.4285]]],[[[141.4095,44.429],[141.4097,44.4289],[141.4095,44.4289],[141.4095,44.429]]],[[[141.4273,44.4294],[141.4272,44.4292],[141.4272,44.4294],[141.4273,44.4294]]],[[[141.4378,44.4292],[141.4377,44.4294],[141.4379,44.4293],[141.4378,44.4292]]],[[[141.4276,44.4296],[141.4277,44.4298],[141.4278,44.4297],[141.4276,44.4296]]],[[[141.429,44.4319],[141.4287,44.432],[141.429,44.4321],[141.429,44.4319]]],[[[141.4292,44.4354],[141.4291,44.4353],[141.4291,44.4355],[141.4292,44.4354]]],[[[141.4286,44.4357],[141.4287,44.4358],[141.4287,44.4358],[141.4286,44.4357]]],[[[141.4287,44.436],[141.4288,44.4359],[141.4287,44.4359],[141.4287,44.436]]],[[[141.4298,44.4388],[141.4297,44.4389],[141.4306,44.4394],[141.4298,44.4388]]],[[[141.4308,44.4407],[141.4312,44.44],[141.4307,44.4406],[141.4308,44.4407]]],[[[141.4107,44.4446],[141.4109,44.4446],[141.4109,44.4445],[141.4107,44.4446]]],[[[141.4101,44.4446],[141.4101,44.4447],[141.4102,44.4447],[141.4101,44.4446]]],[[[141.4133,44.4449],[141.4133,44.445],[141.4134,44.4449],[141.4133,44.4449]]]]}},{"type":"Feature","properties":{"id":"01485","name":"初山別村","pref":"北海道"},"geometry":{"type":"MultiPolygon","coordinates":[[[[141.8725,44.3948],[141.846,44.3869],[141.7935,44.397],[141.7727,44.4235],[141.7471,44.4328],[141.7606,44.4721],[141.7616,44.5352],[141.7868,44.5846],[141.7923,44.6429],[141.8132,44.6375],[141.8335,44.6108],[141.8562,44.6104],[141.8712,44.5994],[141.8971,44.6036],[141.9294,44.5949],[141.923,44.5823],[141.9348,44.5548],[141.9238,44.5362],[141.9299,44.5216],[141.897,44.5021],[141.9148,44.4899],[141.9066,44.4709],[141.9391,44.4511],[141.8797,44.426],[141.8861,44.4126],[141.8725,44.3948]]],[[[141.7616,44.5374],[141.7617,44.5373],[141.7607,44.536],[141.7616,44.5374]]]]}},{"type":"Feature","properties":{"id":"01486","name":"遠別町","pref":"北海道"},"geometry":{"type":"MultiPolygon","coordinates":[[[[141.8976,44.5008],[141.9299,44.5216],[141.9238,44.5362],[141.9348,44.5548],[141.923,44.5823],[141.9294,44.5949],[141.8971,44.6036],[141.8624,44.6012],[141.8562,44.6104],[141.8311,44.6116],[141.8132,44.6375],[141.7932,44.6389],[141.7856,44.7075],[141.7827,44.7184],[141.7773,44.7254],[141.7817,44.7218],[141.7853,44.7217],[141.7634,44.8078],[141.8536,44.8243],[141.8527,44.8414],[141.8603,44.8455],[141.8757,44.8109],[141.8881,44.8102],[141.8847,44.7967],[141.8981,44.7745],[141.8902,44.7658],[141.9326,44.7644],[141.9475,44.7754],[141.9908,44.7797],[141.9897,44.7608],[141.9763,44.7458],[141.9848,44.7281],[141.9996,44.7239],[141.9926,44.7089],[142.001,44.7034],[142.0003,44.6889],[141.9886,44.6857],[141.9974,44.6757],[141.9978,44.658],[142.0098,44.654],[142.0031,44.6459],[142.0092,44.6368],[142.0033,44.6244],[142.0143,44.6193],[142.0092,44.5989],[142.042,44.5826],[142.0553,44.552],[142.0411,44.5284],[142.0729,44.4962],[142.1117,44.4882],[142.1157,44.4656],[142.1061,44.439],[142.0847,44.4372],[142.0653,44.4143],[142.0211,44.3939],[142.0326,44.3591],[142.0187,44.3557],[141.9988,44.4141],[141.9732,44.4303],[141.9733,44.4445],[141.9467,44.4552],[141.9391,44.4511],[141.9206,44.4677],[141.9097,44.4682],[141.907,44.4827],[141.9148,44.4899],[141.8976,44.5008]]],[[[141.7802,44.7215],[141.7795,44.7221],[141.7795,44.7221],[141.7802,44.7215]]],[[[141.7805,44.7272],[141.7788,44.7256],[141.7786,44.7256],[141.7805,44.7272]]]]}},{"type":"Feature","properties":{"id":"01487","name":"天塩町","pref":"北海道"},"geometry":{"type":"MultiPolygon","coordinates":[[[[141.7312,44.8691],[141.7327,44.8658],[141.7311,44.8691],[141.7312,44.8691]]],[[[141.8751,44.812],[141.8603,44.8455],[141.8527,44.8414],[141.8536,44.8243],[141.7634,44.8078],[141.7456,44.8609],[141.7363,44.8669],[141.7384,44.8767],[141.7343,44.8698],[141.7404,44.8819],[141.7158,44.9536],[141.7657,44.9849],[141.8559,44.9932],[141.8731,44.9681],[141.8748,44.931],[141.9169,44.9189],[141.9097,44.9074],[141.9261,44.8983],[141.9303,44.9082],[141.9475,44.9114],[141.9545,44.8975],[141.9861,44.9169],[141.9907,44.8975],[141.9961,44.9048],[142.0041,44.8977],[142.0203,44.9108],[142.028,44.9061],[142.019,44.896],[142.0013,44.8927],[142.0008,44.8815],[141.9896,44.8747],[142.0061,44.8584],[142.0096,44.8436],[141.998,44.8337],[142.005,44.8187],[141.992,44.7805],[141.9475,44.7754],[141.9326,44.7644],[141.8924,44.7651],[141.8981,44.7745],[141.8847,44.7967],[141.8881,44.8102],[141.8751,44.812]]]]}},{"type":"Feature","properties":{"id":"01511","name":"猿払村","pref":"北海道"},"geometry":{"type":"MultiPolygon","coordinates":[[[[142.0957,45.0921],[142.0513,45.0644],[142.0371,45.0871],[142.0052,45.0934],[141.9865,45.1083],[141.9875,45.1238],[142.0192,45.145],[142.0055,45.1807],[141.9922,45.184],[141.978,45.2044],[142.0011,45.2213],[141.9967,45.2413],[142.0058,45.2514],[141.9889,45.2664],[141.9917,45.2859],[141.959,45.2954],[141.9757,45.3148],[141.9596,45.3359],[141.9621,45.3442],[142.0435,45.3761],[142.0502,45.4023],[142.1714,45.3432],[142.1703,45.338],[142.243,45.2731],[142.2374,45.2727],[142.2633,45.2454],[142.3449,45.1748],[142.319,45.1604],[142.2461,45.1924],[142.2389,45.18],[142.2008,45.1762],[142.1838,45.1617],[142.1861,45.1455],[142.167,45.1386],[142.1899,45.1183],[142.1914,45.1004],[142.1983,45.0981],[142.1975,45.0821],[142.1858,45.0794],[142.1798,45.0644],[142.1827,45.0545],[142.1581,45.0541],[142.133,45.0694],[142.1315,45.0853],[142.107,45.0878],[142.0961,45.1005],[142.0957,45.0921]]],[[[142.18,45.3305],[142.1798,45.3302],[142.18,45.3308],[142.18,45.3305]]],[[[142.1799,45.3324],[142.1799,45.3319],[142.1798,45.3319],[142.1799,45.3324]]],[[[142.1723,45.3455],[142.17,45.3458],[142.1723,45.3456],[142.1723,45.3455]]],[[[142.1659,45.3597],[142.1657,45.3595],[142.1656,45.3597],[142.1659,45.3597]]],[[[142.166,45.3605],[142.1663,45.3603],[142.1658,45.3601],[142.166,45.3605]]]]}},{"type":"Feature","properties":{"id":"01512","name":"浜頓別町","pref":"北海道"},"geometry":{"type":"MultiPolygon","coordinates":[[[[142.4615,45.0791],[142.4615,45.0793],[142.4616,45.0791],[142.4615,45.0791]]],[[[142.4619,45.0793],[142.4619,45.0791],[142.4618,45.0792],[142.4619,45.0793]]],[[[142.4626,45.0793],[142.4628,45.0794],[142.4628,45.0793],[142.4626,45.0793]]],[[[142.4623,45.0793],[142.4624,45.0795],[142.4624,45.0794],[142.4623,45.0793]]],[[[142.1696,44.9818],[142.1555,45.017],[142.1728,45.0322],[142.1571,45.0432],[142.1832,45.0549],[142.1857,45.0793],[142.1988,45.0871],[142.1899,45.1183],[142.167,45.1386],[142.1861,45.1455],[142.1838,45.1617],[142.2008,45.1762],[142.2389,45.18],[142.2459,45.1923],[142.319,45.1604],[142.3449,45.1748],[142.4822,45.0614],[142.49,45.0593],[142.504,45.0598],[142.4709,45.0506],[142.4915,45.0226],[142.4756,45.0172],[142.484,45.004],[142.4716,45.0039],[142.46,44.989],[142.4417,44.9983],[142.4153,44.9769],[142.3974,44.9826],[142.3886,45.01],[142.3433,45.0115],[142.3042,45.0249],[142.2576,45.0113],[142.252,44.9989],[142.2338,44.9922],[142.2123,44.9924],[142.2201,44.9821],[142.2008,44.969],[142.166,44.9707],[142.1696,44.9818]]],[[[142.4406,45.0969],[142.4407,45.0971],[142.4408,45.097],[142.4406,45.0969]]],[[[142.3998,45.134],[142.3986,45.1358],[142.3998,45.1341],[142.3998,45.134]]],[[[142.3915,45.1374],[142.3914,45.1374],[142.3906,45.1376],[142.3915,45.1374]]],[[[142.5034,45.06],[142.5033,45.0599],[142.5033,45.06],[142.5034,45.06]]],[[[142.5043,45.0599],[142.5042,45.0601],[142.5043,45.06],[142.5043,45.0599]]],[[[142.5038,45.0601],[142.5038,45.06],[142.5037,45.0601],[142.5038,45.0601]]],[[[142.5028,45.0601],[142.5027,45.06],[142.5027,45.0602],[142.5028,45.0601]]],[[[142.5013,45.0605],[142.5011,45.0603],[142.5012,45.0606],[142.5013,45.0605]]],[[[142.5026,45.0603],[142.5029,45.0606],[142.503,45.0603],[142.5026,45.0603]]],[[[142.5021,45.0604],[142.5021,45.0606],[142.5023,45.0605],[142.5021,45.0604]]],[[[142.4861,45.0623],[142.4871,45.0608],[142.486,45.0623],[142.4861,45.0623]]]]}},{"type":"Feature","properties":{"id":"01513","name":"中頓別町","pref":"北海道"},"geometry":{"type":"Polygon","coordinates":[[[142.3575,44.8694],[142.3119,44.824],[142.3223,44.7953],[142.312,44.7779],[142.2835,44.7884],[142.281,44.8223],[142.2636,44.8173],[142.221,44.825],[142.2091,44.8214],[142.2053,44.8084],[142.1876,44.7962],[142.1612,44.8044],[142.1657,44.8524],[142.1498,44.8551],[142.1602,44.8701],[142.1263,44.9123],[142.1435,44.9336],[142.1414,44.9528],[142.1647,44.9706],[142.2051,44.9705],[142.2212,44.9845],[142.2123,44.9924],[142.252,44.9989],[142.2576,45.0113],[142.2889,45.0233],[142.3886,45.01],[142.3974,44.9826],[142.4261,44.9678],[142.4201,44.9606],[142.4309,44.9322],[142.4154,44.9201],[142.3995,44.8758],[142.3766,44.865],[142.3575,44.8694]]]}},{"type":"Feature","properties":{"id":"01514","name":"枝幸町","pref":"北海道"},"geometry":{"type":"MultiPolygon","coordinates":[[[[142.5498,44.9899],[142.5496,44.989],[142.5495,44.989],[142.5498,44.9899]]],[[[142.5474,44.9909],[142.5483,44.9903],[142.5482,44.9902],[142.5474,44.9909]]],[[[142.5406,44.9975],[142.541,44.9965],[142.5404,44.9976],[142.5406,44.9975]]],[[[142.5403,44.9977],[142.5403,44.9978],[142.5404,44.9978],[142.5403,44.9977]]],[[[142.5349,45.0278],[142.5343,45.0281],[142.535,45.0285],[142.5349,45.0278]]],[[[142.5345,45.0283],[142.5345,45.0286],[142.5346,45.0283],[142.5345,45.0283]]],[[[142.5116,45.0382],[142.5115,45.0383],[142.5117,45.0384],[142.5116,45.0382]]],[[[142.5116,45.0387],[142.5116,45.0389],[142.5117,45.0388],[142.5116,45.0387]]],[[[142.5117,45.0391],[142.5115,45.0391],[142.5117,45.0392],[142.5117,45.0391]]],[[[142.5164,45.0406],[142.5172,45.0403],[142.5184,45.0396],[142.5164,45.0406]]],[[[142.5056,45.0445],[142.5055,45.0446],[142.5057,45.0446],[142.5056,45.0445]]],[[[142.5046,45.0459],[142.5045,45.0461],[142.5046,45.0461],[142.5046,45.0459]]],[[[142.5019,45.0515],[142.5021,45.0515],[142.502,45.0514],[142.5019,45.0515]]],[[[142.5008,45.0514],[142.5007,45.0516],[142.501,45.0514],[142.5008,45.0514]]],[[[142.5005,45.0517],[142.5004,45.0515],[142.5003,45.0516],[142.5005,45.0517]]],[[[142.501,45.0516],[142.5009,45.0518],[142.5012,45.0517],[142.501,45.0516]]],[[[142.5015,45.0518],[142.5016,45.0519],[142.5017,45.0518],[142.5015,45.0518]]],[[[142.5043,45.0598],[142.5042,45.0596],[142.5041,45.0598],[142.5043,45.0598]]],[[[142.8308,44.7012],[142.8319,44.7003],[142.8307,44.7004],[142.8308,44.7012]]],[[[142.8152,44.7115],[142.8143,44.7113],[142.8143,44.7113],[142.8152,44.7115]]],[[[142.7759,44.7332],[142.7758,44.7334],[142.776,44.7333],[142.7759,44.7332]]],[[[142.7757,44.7343],[142.7755,44.7344],[142.7758,44.7344],[142.7757,44.7343]]],[[[142.7382,44.7781],[142.7384,44.7779],[142.7381,44.778],[142.7382,44.7781]]],[[[142.4919,44.5781],[142.4931,44.5893],[142.4798,44.5919],[142.4726,44.6185],[142.4408,44.6174],[142.413,44.6369],[142.4053,44.6494],[142.4186,44.6766],[142.3952,44.7007],[142.3275,44.7102],[142.3244,44.7268],[142.3026,44.7483],[142.3223,44.7949],[142.3119,44.824],[142.3312,44.8351],[142.3304,44.8445],[142.3575,44.8694],[142.3766,44.865],[142.3996,44.8759],[142.4154,44.9201],[142.4309,44.9323],[142.4201,44.9606],[142.4261,44.9678],[142.4158,44.9779],[142.4417,44.9983],[142.46,44.989],[142.4716,45.0039],[142.484,45.004],[142.4756,45.0172],[142.4915,45.0226],[142.4709,45.0506],[142.504,45.0597],[142.4985,45.0517],[142.5078,45.04],[142.5129,45.0373],[142.5155,45.0389],[142.5139,45.0375],[142.5184,45.0353],[142.5155,45.0384],[142.52,45.04],[142.5189,45.0321],[142.5341,45.0286],[142.5316,45.0124],[142.5418,45.0038],[142.5365,44.9997],[142.5401,44.9911],[142.5658,44.9692],[142.5783,44.9614],[142.5847,44.9615],[142.5791,44.9483],[142.5917,44.9389],[142.5853,44.9344],[142.5879,44.927],[142.5953,44.9306],[142.5907,44.9268],[142.5867,44.9267],[142.5895,44.9173],[142.614,44.894],[142.6324,44.8873],[142.6581,44.8418],[142.6808,44.8327],[142.6836,44.8207],[142.702,44.8078],[142.7015,44.7975],[142.7212,44.7863],[142.7378,44.7609],[142.8044,44.7091],[142.8189,44.7099],[142.8163,44.7026],[142.8421,44.6872],[142.7927,44.6404],[142.7626,44.6346],[142.7415,44.6418],[142.7025,44.6301],[142.6844,44.6156],[142.6899,44.6048],[142.6501,44.5904],[142.6418,44.5972],[142.5882,44.5937],[142.5639,44.6007],[142.5626,44.6151],[142.5367,44.6147],[142.5243,44.6091],[142.5098,44.5825],[142.4919,44.5781]]],[[[142.6816,44.8338],[142.6822,44.8333],[142.6824,44.8331],[142.6816,44.8338]]],[[[142.675,44.8417],[142.6753,44.8413],[142.675,44.8413],[142.675,44.8417]]],[[[142.661,44.8498],[142.6612,44.8486],[142.6611,44.8486],[142.661,44.8498]]],[[[142.6438,44.8718],[142.6437,44.8722],[142.6439,44.8719],[142.6438,44.8718]]],[[[142.6409,44.8758],[142.6406,44.8753],[142.6405,44.8757],[142.6409,44.8758]]],[[[142.6355,44.884],[142.6354,44.8844],[142.6358,44.8843],[142.6355,44.884]]],[[[142.598,44.9312],[142.5976,44.9313],[142.5954,44.9338],[142.598,44.9312]]],[[[142.5921,44.9352],[142.5954,44.9335],[142.5954,44.9334],[142.5921,44.9352]]],[[[142.5907,44.9371],[142.5904,44.9368],[142.5902,44.9369],[142.5907,44.9371]]],[[[142.5857,44.9566],[142.5864,44.9563],[142.5844,44.956],[142.5857,44.9566]]],[[[142.5769,44.9643],[142.5759,44.9642],[142.5759,44.9644],[142.5769,44.9643]]]]}},{"type":"Feature","properties":{"id":"01516","name":"豊富町","pref":"北海道"},"geometry":{"type":"MultiPolygon","coordinates":[[[[141.6239,45.0858],[141.624,45.0858],[141.6236,45.0847],[141.6239,45.0858]]],[[[141.6643,45.0317],[141.5843,45.16],[141.5793,45.1767],[141.6063,45.1702],[141.5986,45.1784],[141.6038,45.1875],[141.5931,45.1942],[141.5965,45.201],[141.6332,45.2101],[141.6688,45.2387],[141.6972,45.2405],[141.7103,45.2312],[141.7313,45.2361],[141.7344,45.265],[141.7639,45.2741],[141.7838,45.2381],[141.7699,45.228],[141.7987,45.1999],[141.822,45.2116],[141.8264,45.2016],[141.8366,45.2007],[141.8227,45.1936],[141.8311,45.1857],[141.8465,45.1934],[141.8633,45.1896],[141.863,45.1763],[141.902,45.1768],[141.899,45.1953],[141.9441,45.2261],[142.0001,45.2311],[142.0011,45.2213],[141.978,45.2044],[141.9922,45.184],[142.0055,45.1807],[142.0194,45.1464],[141.9875,45.1237],[141.9865,45.1083],[142.0043,45.1004],[141.9985,45.0837],[141.9881,45.0863],[141.9698,45.0726],[141.9324,45.0842],[141.8966,45.0775],[141.8681,45.0851],[141.8358,45.0511],[141.805,45.0485],[141.7689,45.0572],[141.7647,45.0743],[141.7347,45.0799],[141.6755,45.0493],[141.6643,45.0317]]]]}},{"type":"Feature","properties":{"id":"01517","name":"礼文町","pref":"北海道"},"geometry":{"type":"MultiPolygon","coordinates":[[[[140.963,45.4387],[140.963,45.4387],[140.963,45.4387],[140.963,45.4387]]],[[[140.9654,45.438],[140.9655,45.4394],[140.9662,45.4398],[140.9654,45.438]]],[[[140.9653,45.4395],[140.9653,45.44],[140.9655,45.4395],[140.9653,45.4395]]],[[[140.967,45.4538],[140.967,45.4537],[140.9669,45.4538],[140.967,45.4538]]],[[[140.967,45.454],[140.967,45.4539],[140.9669,45.4539],[140.967,45.454]]],[[[140.9667,45.4542],[140.9668,45.4541],[140.9666,45.4541],[140.9667,45.4542]]],[[[140.9663,45.4546],[140.9662,45.4548],[140.9663,45.4548],[140.9663,45.4546]]],[[[140.9662,45.4552],[140.9661,45.4552],[140.9662,45.4552],[140.9662,45.4552]]],[[[140.9655,45.455],[140.9655,45.4555],[140.9657,45.4553],[140.9655,45.455]]],[[[140.9662,45.4561],[140.966,45.4561],[140.9662,45.4562],[140.9662,45.4561]]],[[[140.9651,45.457],[140.9653,45.4567],[140.965,45.4569],[140.9651,45.457]]],[[[140.9647,45.4576],[140.9646,45.4576],[140.9648,45.4576],[140.9647,45.4576]]],[[[140.9654,45.4579],[140.9653,45.458],[140.9654,45.458],[140.9654,45.4579]]],[[[140.9654,45.459],[140.9659,45.4591],[140.9656,45.4588],[140.9654,45.459]]],[[[140.966,45.4593],[140.9661,45.4594],[140.9662,45.4593],[140.966,45.4593]]],[[[140.9659,45.4596],[140.9659,45.4598],[140.966,45.4596],[140.9659,45.4596]]],[[[140.9665,45.4597],[140.9664,45.4598],[140.9666,45.4598],[140.9665,45.4597]]],[[[140.9663,45.4608],[140.9664,45.4608],[140.9664,45.4608],[140.9663,45.4608]]],[[[140.9655,45.4608],[140.9654,45.4609],[140.9655,45.4609],[140.9655,45.4608]]],[[[140.967,45.4614],[140.9671,45.4614],[140.967,45.4614],[140.967,45.4614]]],[[[140.967,45.463],[140.9669,45.4631],[140.9669,45.4631],[140.967,45.463]]],[[[140.9671,45.4632],[140.9671,45.4631],[140.967,45.4631],[140.9671,45.4632]]],[[[140.9668,45.4634],[140.9665,45.4633],[140.9668,45.4634],[140.9668,45.4634]]],[[[140.9666,45.4637],[140.9663,45.4634],[140.9662,45.4636],[140.9666,45.4637]]],[[[140.9662,45.4638],[140.9662,45.4637],[140.9662,45.4637],[140.9662,45.4638]]],[[[140.9668,45.4639],[140.9668,45.4638],[140.9667,45.4639],[140.9668,45.4639]]],[[[140.9663,45.4639],[140.9665,45.464],[140.9665,45.4639],[140.9663,45.4639]]],[[[140.9667,45.4641],[140.9667,45.4641],[140.9666,45.4641],[140.9667,45.4641]]],[[[140.9661,45.4643],[140.966,45.4644],[140.9662,45.4644],[140.9661,45.4643]]],[[[140.9664,45.4644],[140.9664,45.4644],[140.9663,45.4644],[140.9664,45.4644]]],[[[140.9663,45.4645],[140.9664,45.4645],[140.9663,45.4645],[140.9663,45.4645]]],[[[140.9669,45.4644],[140.9667,45.4647],[140.967,45.4645],[140.9669,45.4644]]],[[[140.965,45.4687],[140.965,45.4686],[140.965,45.4686],[140.965,45.4687]]],[[[140.967,45.4692],[140.9669,45.4691],[140.9668,45.4692],[140.967,45.4692]]],[[[140.9613,45.4736],[140.9618,45.4745],[140.9627,45.474],[140.9613,45.4736]]],[[[140.9602,45.4749],[140.9601,45.4749],[140.9602,45.4749],[140.9602,45.4749]]],[[[140.9635,45.475],[140.9636,45.4751],[140.9636,45.4751],[140.9635,45.475]]],[[[140.9609,45.475],[140.961,45.4751],[140.9611,45.4752],[140.9609,45.475]]],[[[140.9632,45.4751],[140.9632,45.4751],[140.9633,45.4751],[140.9632,45.4751]]],[[[140.9609,45.4752],[140.9608,45.4753],[140.961,45.4753],[140.9609,45.4752]]],[[[140.9608,45.4754],[140.9607,45.4754],[140.9608,45.4755],[140.9608,45.4754]]],[[[140.963,45.4754],[140.9629,45.4754],[140.9629,45.4755],[140.963,45.4754]]],[[[140.9629,45.4763],[140.9628,45.4763],[140.9628,45.4763],[140.9629,45.4763]]],[[[140.9658,45.4757],[140.9635,45.4801],[140.9683,45.4778],[140.9709,45.4797],[140.9694,45.4753],[140.9658,45.4757]]],[[[140.9625,45.4778],[140.9624,45.478],[140.9625,45.478],[140.9625,45.4778]]],[[[140.963,45.478],[140.9631,45.478],[140.9631,45.478],[140.963,45.478]]],[[[140.9622,45.4781],[140.9622,45.4782],[140.9622,45.4781],[140.9622,45.4781]]],[[[140.9623,45.4782],[140.9625,45.4783],[140.9625,45.4782],[140.9623,45.4782]]],[[[140.962,45.4784],[140.962,45.4784],[140.9619,45.4784],[140.962,45.4784]]],[[[140.9623,45.4787],[140.9622,45.4788],[140.9623,45.4788],[140.9623,45.4787]]],[[[140.9631,45.4792],[140.9631,45.4791],[140.963,45.4791],[140.9631,45.4792]]],[[[140.9628,45.4794],[140.9629,45.4794],[140.9629,45.4793],[140.9628,45.4794]]],[[[140.9623,45.4793],[140.9622,45.4794],[140.9623,45.4794],[140.9623,45.4793]]],[[[140.963,45.4795],[140.963,45.4794],[140.963,45.4795],[140.963,45.4795]]],[[[140.9635,45.4794],[140.9634,45.4795],[140.9635,45.4795],[140.9635,45.4794]]],[[[140.9653,45.4796],[140.9655,45.4795],[140.9655,45.4794],[140.9653,45.4796]]],[[[140.9649,45.4797],[140.965,45.4798],[140.965,45.4798],[140.9649,45.4797]]],[[[140.9634,45.4804],[140.9638,45.4803],[140.9633,45.4804],[140.9634,45.4804]]],[[[140.9671,45.4828],[140.9671,45.4828],[140.9671,45.4828],[140.9671,45.4828]]],[[[140.9671,45.4832],[140.967,45.4831],[140.9669,45.4832],[140.9671,45.4832]]],[[[140.9668,45.4833],[140.9671,45.4835],[140.9671,45.4834],[140.9668,45.4833]]],[[[140.9667,45.4837],[140.9666,45.4837],[140.9666,45.4837],[140.9667,45.4837]]],[[[140.9668,45.484],[140.9671,45.4839],[140.9671,45.4839],[140.9668,45.484]]],[[[140.9662,45.4841],[140.9661,45.484],[140.9661,45.4841],[140.9662,45.4841]]],[[[140.9665,45.4843],[140.9666,45.4843],[140.9666,45.4843],[140.9665,45.4843]]],[[[140.9617,45.5037],[140.9613,45.5037],[140.9616,45.5039],[140.9617,45.5037]]],[[[140.9612,45.5038],[140.9611,45.5038],[140.9612,45.5038],[140.9612,45.5038]]],[[[140.961,45.504],[140.9611,45.5039],[140.961,45.5039],[140.961,45.504]]],[[[140.9615,45.5043],[140.9612,45.5042],[140.9611,45.5042],[140.9615,45.5043]]],[[[140.9614,45.5045],[140.9615,45.5048],[140.9618,45.5049],[140.9614,45.5045]]],[[[140.9619,45.5054],[140.9619,45.5053],[140.9618,45.5053],[140.9619,45.5054]]],[[[140.962,45.5056],[140.962,45.5055],[140.9619,45.5055],[140.962,45.5056]]],[[[140.9781,45.3992],[140.9782,45.3993],[140.9783,45.3994],[140.9781,45.3992]]],[[[140.9674,45.4539],[140.9675,45.4538],[140.9674,45.4538],[140.9674,45.4539]]],[[[140.9785,45.4543],[140.9786,45.4542],[140.9785,45.4542],[140.9785,45.4543]]],[[[140.9788,45.4544],[140.9789,45.4545],[140.9789,45.4544],[140.9788,45.4544]]],[[[140.9782,45.4544],[140.9782,45.4545],[140.9783,45.4545],[140.9782,45.4544]]],[[[140.9733,45.4581],[140.9732,45.458],[140.9731,45.4581],[140.9733,45.4581]]],[[[140.9706,45.46],[140.9706,45.4601],[140.9707,45.46],[140.9706,45.46]]],[[[140.9705,45.4602],[140.9705,45.4601],[140.9704,45.4601],[140.9705,45.4602]]],[[[140.9701,45.4606],[140.9701,45.4608],[140.9702,45.4607],[140.9701,45.4606]]],[[[140.9693,45.4626],[140.9693,45.4625],[140.9693,45.4625],[140.9693,45.4626]]],[[[140.9692,45.4626],[140.9691,45.4625],[140.9691,45.4626],[140.9692,45.4626]]],[[[140.9691,45.4628],[140.9692,45.4628],[140.9692,45.4628],[140.9691,45.4628]]],[[[140.9688,45.4634],[140.9688,45.4633],[140.9688,45.4633],[140.9688,45.4634]]],[[[140.9687,45.4648],[140.9686,45.4647],[140.9686,45.4647],[140.9687,45.4648]]],[[[140.9691,45.4649],[140.9691,45.4649],[140.9691,45.4649],[140.9691,45.4649]]],[[[140.9689,45.465],[140.969,45.465],[140.969,45.465],[140.9689,45.465]]],[[[140.9687,45.4651],[140.9687,45.465],[140.9687,45.4651],[140.9687,45.4651]]],[[[140.9695,45.4653],[140.9693,45.4654],[140.9696,45.4653],[140.9695,45.4653]]],[[[140.9697,45.4657],[140.9696,45.4655],[140.9694,45.4656],[140.9697,45.4657]]],[[[140.9699,45.4656],[140.97,45.4657],[140.97,45.4656],[140.9699,45.4656]]],[[[140.9696,45.4659],[140.9697,45.4658],[140.9696,45.4658],[140.9696,45.4659]]],[[[140.9702,45.4663],[140.9702,45.4662],[140.9702,45.4662],[140.9702,45.4663]]],[[[140.9702,45.4667],[140.9704,45.4667],[140.9702,45.4666],[140.9702,45.4667]]],[[[140.9704,45.4669],[140.9705,45.4668],[140.9704,45.4668],[140.9704,45.4669]]],[[[140.9705,45.467],[140.9704,45.467],[140.9704,45.467],[140.9705,45.467]]],[[[140.9705,45.4672],[140.9705,45.4672],[140.9706,45.4672],[140.9705,45.4672]]],[[[140.9708,45.4677],[140.9708,45.4676],[140.9707,45.4676],[140.9708,45.4677]]],[[[140.9708,45.4679],[140.971,45.468],[140.9709,45.4679],[140.9708,45.4679]]],[[[140.9711,45.4681],[140.971,45.4682],[140.9711,45.4681],[140.9711,45.4681]]],[[[140.9711,45.4683],[140.9711,45.4682],[140.9711,45.4683],[140.9711,45.4683]]],[[[140.9711,45.4685],[140.9711,45.4684],[140.971,45.4685],[140.9711,45.4685]]],[[[140.9712,45.4686],[140.9712,45.4685],[140.9712,45.4686],[140.9712,45.4686]]],[[[140.9712,45.4687],[140.9712,45.4687],[140.9711,45.4687],[140.9712,45.4687]]],[[[140.9713,45.4689],[140.9713,45.4689],[140.9713,45.4689],[140.9713,45.4689]]],[[[140.9712,45.4689],[140.9711,45.4689],[140.9712,45.4689],[140.9712,45.4689]]],[[[140.9713,45.469],[140.9713,45.469],[140.9713,45.469],[140.9713,45.469]]],[[[140.9672,45.4691],[140.9673,45.4691],[140.9674,45.469],[140.9672,45.4691]]],[[[140.9714,45.469],[140.9716,45.4692],[140.9715,45.469],[140.9714,45.469]]],[[[140.9698,45.4712],[140.9698,45.4711],[140.9697,45.4711],[140.9698,45.4712]]],[[[140.9719,45.4713],[140.972,45.4714],[140.972,45.4713],[140.9719,45.4713]]],[[[140.9697,45.4716],[140.9697,45.4715],[140.9696,45.4716],[140.9697,45.4716]]],[[[140.9715,45.4717],[140.9715,45.4715],[140.9714,45.4716],[140.9715,45.4717]]],[[[140.9719,45.4717],[140.972,45.4716],[140.9719,45.4717],[140.9719,45.4717]]],[[[140.9722,45.4718],[140.9721,45.4719],[140.9722,45.4719],[140.9722,45.4718]]],[[[140.9721,45.4721],[140.972,45.4722],[140.9721,45.4722],[140.9721,45.4721]]],[[[140.9723,45.4726],[140.9726,45.4724],[140.9724,45.4723],[140.9723,45.4726]]],[[[140.9676,45.4751],[140.9675,45.475],[140.9675,45.475],[140.9676,45.4751]]],[[[140.9676,45.4752],[140.9675,45.4752],[140.9676,45.4752],[140.9676,45.4752]]],[[[140.9686,45.4753],[140.9686,45.4752],[140.9685,45.4752],[140.9686,45.4753]]],[[[140.9699,45.4761],[140.97,45.476],[140.9698,45.4761],[140.9699,45.4761]]],[[[140.9703,45.4762],[140.9703,45.4761],[140.9702,45.4762],[140.9703,45.4762]]],[[[140.9702,45.4765],[140.9704,45.4765],[140.9702,45.4765],[140.9702,45.4765]]],[[[140.9707,45.4769],[140.9711,45.4769],[140.9711,45.4769],[140.9707,45.4769]]],[[[140.9711,45.4771],[140.971,45.4774],[140.9713,45.4773],[140.9711,45.4771]]],[[[140.9712,45.4777],[140.9714,45.4776],[140.9712,45.4776],[140.9712,45.4777]]],[[[140.9713,45.478],[140.9713,45.4781],[140.9714,45.4781],[140.9713,45.478]]],[[[140.9715,45.4784],[140.9714,45.4782],[140.9713,45.4784],[140.9715,45.4784]]],[[[140.9713,45.4786],[140.9713,45.4786],[140.9713,45.4786],[140.9713,45.4786]]],[[[140.968,45.4788],[140.968,45.4787],[140.9679,45.4787],[140.968,45.4788]]],[[[140.9715,45.4788],[140.9716,45.4788],[140.9714,45.4787],[140.9715,45.4788]]],[[[140.968,45.479],[140.9681,45.4789],[140.968,45.4789],[140.968,45.479]]],[[[140.9713,45.479],[140.9713,45.479],[140.9714,45.479],[140.9713,45.479]]],[[[140.9709,45.4791],[140.9708,45.4792],[140.9709,45.4793],[140.9709,45.4791]]],[[[140.9714,45.4793],[140.9713,45.4792],[140.9713,45.4792],[140.9714,45.4793]]],[[[140.9716,45.4794],[140.9716,45.4793],[140.9716,45.4793],[140.9716,45.4794]]],[[[140.9707,45.4797],[140.9706,45.4798],[140.9708,45.4798],[140.9707,45.4797]]],[[[140.9707,45.4799],[140.9706,45.48],[140.9708,45.48],[140.9707,45.4799]]],[[[140.9711,45.4802],[140.9712,45.4802],[140.9712,45.4802],[140.9711,45.4802]]],[[[140.9672,45.483],[140.9671,45.483],[140.9672,45.483],[140.9672,45.483]]],[[[140.9676,45.483],[140.9674,45.483],[140.9676,45.4831],[140.9676,45.483]]],[[[140.9678,45.4831],[140.9678,45.4832],[140.9679,45.4831],[140.9678,45.4831]]],[[[140.9678,45.4834],[140.9678,45.4837],[140.9681,45.4838],[140.9678,45.4834]]],[[[140.9867,45.3715],[140.9871,45.3713],[140.9868,45.3713],[140.9867,45.3715]]],[[[140.9864,45.372],[140.9863,45.3719],[140.9863,45.372],[140.9864,45.372]]],[[[140.9866,45.3723],[140.9865,45.3721],[140.9865,45.3723],[140.9866,45.3723]]],[[[140.9863,45.3733],[140.9867,45.3733],[140.9862,45.3731],[140.9863,45.3733]]],[[[140.9856,45.3742],[140.9858,45.3742],[140.9856,45.3742],[140.9856,45.3742]]],[[[140.9856,45.3746],[140.9854,45.3744],[140.9854,45.3746],[140.9856,45.3746]]],[[[140.9855,45.3747],[140.9854,45.3748],[140.9855,45.3748],[140.9855,45.3747]]],[[[140.9854,45.3749],[140.9855,45.3749],[140.9855,45.3749],[140.9854,45.3749]]],[[[140.9849,45.3753],[140.9851,45.375],[140.9848,45.3751],[140.9849,45.3753]]],[[[140.9847,45.3756],[140.9843,45.3756],[140.9842,45.3757],[140.9847,45.3756]]],[[[140.984,45.3762],[140.9842,45.3761],[140.9841,45.376],[140.984,45.3762]]],[[[140.9841,45.3766],[140.984,45.3765],[140.984,45.3765],[140.9841,45.3766]]],[[[140.9843,45.3767],[140.9844,45.3768],[140.9844,45.3767],[140.9843,45.3767]]],[[[140.9846,45.3768],[140.9846,45.3768],[140.9845,45.3768],[140.9846,45.3768]]],[[[140.984,45.3772],[140.9839,45.3773],[140.984,45.3773],[140.984,45.3772]]],[[[140.9843,45.3774],[140.9845,45.3774],[140.9843,45.3774],[140.9843,45.3774]]],[[[140.9831,45.3784],[140.9831,45.3783],[140.983,45.3783],[140.9831,45.3784]]],[[[140.9838,45.3786],[140.9839,45.3785],[140.9838,45.3785],[140.9838,45.3786]]],[[[140.9838,45.3789],[140.9839,45.3789],[140.9839,45.3789],[140.9838,45.3789]]],[[[140.9827,45.3793],[140.983,45.3794],[140.9829,45.3793],[140.9827,45.3793]]],[[[140.9829,45.3798],[140.9821,45.3802],[140.9825,45.3805],[140.9829,45.3798]]],[[[140.9832,45.3813],[140.983,45.3814],[140.9831,45.3815],[140.9832,45.3813]]],[[[140.9828,45.3819],[140.9832,45.3817],[140.9828,45.3817],[140.9828,45.3819]]],[[[140.9833,45.3822],[140.9829,45.3823],[140.9834,45.3823],[140.9833,45.3822]]],[[[140.982,45.383],[140.9821,45.3829],[140.982,45.3829],[140.982,45.383]]],[[[140.982,45.3832],[140.9821,45.3834],[140.9822,45.3833],[140.982,45.3832]]],[[[140.9851,45.3847],[140.985,45.3845],[140.9849,45.3846],[140.9851,45.3847]]],[[[140.9858,45.3847],[140.9857,45.3847],[140.9857,45.3847],[140.9858,45.3847]]],[[[140.9842,45.3848],[140.9843,45.3847],[140.9842,45.3846],[140.9842,45.3848]]],[[[140.987,45.3856],[140.987,45.3855],[140.9869,45.3856],[140.987,45.3856]]],[[[140.9873,45.3856],[140.9875,45.3856],[140.9872,45.3856],[140.9873,45.3856]]],[[[140.9868,45.3908],[140.9871,45.3908],[140.9869,45.3907],[140.9868,45.3908]]],[[[140.987,45.391],[140.9869,45.391],[140.9869,45.3911],[140.987,45.391]]],[[[140.9872,45.3929],[140.9873,45.393],[140.9874,45.3929],[140.9872,45.3929]]],[[[140.9866,45.3933],[140.9869,45.3936],[140.987,45.3933],[140.9866,45.3933]]],[[[140.9875,45.3934],[140.9875,45.3935],[140.9876,45.3935],[140.9875,45.3934]]],[[[140.9858,45.3942],[140.9858,45.3947],[140.986,45.3945],[140.9858,45.3942]]],[[[140.9845,45.395],[140.9843,45.3949],[140.9843,45.395],[140.9845,45.395]]],[[[140.9808,45.395],[140.9806,45.3951],[140.9808,45.3951],[140.9808,45.395]]],[[[140.9853,45.3953],[140.9853,45.3949],[140.9851,45.3952],[140.9853,45.3953]]],[[[140.9805,45.3952],[140.9802,45.3951],[140.9804,45.3954],[140.9805,45.3952]]],[[[140.9809,45.3952],[140.9811,45.3953],[140.981,45.3951],[140.9809,45.3952]]],[[[140.9806,45.3956],[140.9806,45.3956],[140.9807,45.3956],[140.9806,45.3956]]],[[[140.9833,45.3958],[140.9833,45.3956],[140.9832,45.3957],[140.9833,45.3958]]],[[[140.9824,45.3958],[140.9828,45.3959],[140.9825,45.3957],[140.9824,45.3958]]],[[[140.9853,45.397],[140.9852,45.3969],[140.9852,45.397],[140.9853,45.397]]],[[[140.9855,45.3974],[140.9855,45.3973],[140.9854,45.3974],[140.9855,45.3974]]],[[[140.9861,45.3999],[140.9862,45.3999],[140.9861,45.3999],[140.9861,45.3999]]],[[[140.986,45.4002],[140.9862,45.4002],[140.9862,45.4002],[140.986,45.4002]]],[[[140.9859,45.4005],[140.986,45.4005],[140.986,45.4005],[140.9859,45.4005]]],[[[140.9856,45.4007],[140.9855,45.4006],[140.9855,45.4007],[140.9856,45.4007]]],[[[140.9866,45.4049],[140.9866,45.405],[140.9867,45.405],[140.9866,45.4049]]],[[[140.9869,45.405],[140.9868,45.4049],[140.9867,45.405],[140.9869,45.405]]],[[[140.982,45.4106],[140.9823,45.4106],[140.9821,45.4105],[140.982,45.4106]]],[[[140.9836,45.4102],[140.9838,45.4111],[140.9841,45.4108],[140.9836,45.4102]]],[[[140.9829,45.4143],[140.983,45.4142],[140.9829,45.4142],[140.9829,45.4143]]],[[[140.984,45.4143],[140.9836,45.4144],[140.9841,45.4144],[140.984,45.4143]]],[[[140.9815,45.4148],[140.9818,45.4146],[140.9814,45.4147],[140.9815,45.4148]]],[[[140.985,45.4165],[140.985,45.4162],[140.9848,45.4163],[140.985,45.4165]]],[[[140.9874,45.4488],[140.9873,45.4488],[140.9874,45.4488],[140.9874,45.4488]]],[[[140.9872,45.4488],[140.987,45.4489],[140.9872,45.4488],[140.9872,45.4488]]],[[[140.9805,45.4506],[140.9805,45.4505],[140.9804,45.4505],[140.9805,45.4506]]],[[[140.9804,45.4512],[140.9805,45.4511],[140.9804,45.4511],[140.9804,45.4512]]],[[[140.9806,45.4513],[140.9806,45.4514],[140.9808,45.4514],[140.9806,45.4513]]],[[[140.9803,45.4517],[140.9803,45.4516],[140.9802,45.4516],[140.9803,45.4517]]],[[[140.9802,45.4527],[140.9801,45.4528],[140.9802,45.4527],[140.9802,45.4527]]],[[[140.9801,45.4529],[140.9803,45.453],[140.9803,45.4529],[140.9801,45.4529]]],[[[140.9803,45.4535],[140.9802,45.4534],[140.9802,45.4535],[140.9803,45.4535]]],[[[140.9792,45.4544],[140.9792,45.4543],[140.9792,45.4543],[140.9792,45.4544]]],[[[140.9789,45.4552],[140.9788,45.4552],[140.9788,45.4552],[140.9789,45.4552]]],[[[140.9802,45.4561],[140.9802,45.456],[140.9801,45.456],[140.9802,45.4561]]],[[[140.9829,45.4625],[140.983,45.4626],[140.983,45.4625],[140.9829,45.4625]]],[[[140.9986,45.3295],[140.999,45.3296],[140.9991,45.3295],[140.9986,45.3295]]],[[[140.9994,45.3432],[140.9993,45.3429],[140.9992,45.3431],[140.9994,45.3432]]],[[[140.9996,45.344],[140.9996,45.3439],[140.9995,45.3439],[140.9996,45.344]]],[[[140.999,45.3441],[140.9993,45.344],[140.999,45.344],[140.999,45.3441]]],[[[140.9996,45.3441],[140.9995,45.3442],[140.9996,45.3442],[140.9996,45.3441]]],[[[140.9972,45.3467],[140.9973,45.3465],[140.9971,45.3466],[140.9972,45.3467]]],[[[140.9972,45.3469],[140.9973,45.3469],[140.9972,45.3469],[140.9972,45.3469]]],[[[140.9991,45.3469],[140.9991,45.347],[140.9992,45.347],[140.9991,45.3469]]],[[[140.998,45.3468],[140.9981,45.3472],[140.9983,45.347],[140.998,45.3468]]],[[[140.9989,45.3472],[140.999,45.3472],[140.999,45.3472],[140.9989,45.3472]]],[[[140.999,45.3473],[140.9991,45.3475],[140.9991,45.3474],[140.999,45.3473]]],[[[140.999,45.3481],[140.999,45.348],[140.9989,45.348],[140.999,45.3481]]],[[[140.9985,45.349],[140.9986,45.3489],[140.9984,45.3489],[140.9985,45.349]]],[[[140.9985,45.3495],[140.9985,45.3496],[140.9986,45.3496],[140.9985,45.3495]]],[[[140.9984,45.35],[140.9983,45.3499],[140.9983,45.35],[140.9984,45.35]]],[[[140.998,45.3503],[140.9979,45.3502],[140.9978,45.3502],[140.998,45.3503]]],[[[140.9976,45.3517],[140.998,45.3521],[140.9981,45.3519],[140.9976,45.3517]]],[[[140.998,45.3529],[140.9981,45.3528],[140.998,45.3528],[140.998,45.3529]]],[[[140.9982,45.3527],[140.9986,45.353],[140.9986,45.3528],[140.9982,45.3527]]],[[[140.998,45.3534],[140.998,45.3535],[140.9981,45.3535],[140.998,45.3534]]],[[[140.997,45.3539],[140.9969,45.3537],[140.9969,45.3538],[140.997,45.3539]]],[[[140.9965,45.3539],[140.9966,45.354],[140.9966,45.3539],[140.9965,45.3539]]],[[[140.9974,45.3544],[140.9973,45.3543],[140.9972,45.3544],[140.9974,45.3544]]],[[[140.9973,45.3545],[140.997,45.3545],[140.9973,45.3545],[140.9973,45.3545]]],[[[140.9959,45.3555],[140.996,45.3559],[140.9962,45.3557],[140.9959,45.3555]]],[[[140.996,45.3566],[140.9961,45.3565],[140.996,45.3565],[140.996,45.3566]]],[[[140.996,45.3569],[140.996,45.357],[140.996,45.3569],[140.996,45.3569]]],[[[140.9961,45.3571],[140.9963,45.3572],[140.9963,45.3572],[140.9961,45.3571]]],[[[140.9964,45.3573],[140.9964,45.3573],[140.9964,45.3573],[140.9964,45.3573]]],[[[140.9961,45.3574],[140.996,45.3573],[140.996,45.3574],[140.9961,45.3574]]],[[[140.9959,45.3576],[140.9959,45.3575],[140.9959,45.3575],[140.9959,45.3576]]],[[[140.9958,45.3578],[140.9959,45.3579],[140.9959,45.3578],[140.9958,45.3578]]],[[[140.9958,45.3581],[140.9958,45.3581],[140.9958,45.3581],[140.9958,45.3581]]],[[[140.9949,45.3584],[140.9947,45.3585],[140.995,45.3585],[140.9949,45.3584]]],[[[140.996,45.3585],[140.9959,45.3585],[140.996,45.3586],[140.996,45.3585]]],[[[140.9951,45.3586],[140.9951,45.3587],[140.9952,45.3587],[140.9951,45.3586]]],[[[140.9957,45.3589],[140.9958,45.3588],[140.9958,45.3588],[140.9957,45.3589]]],[[[140.9957,45.3591],[140.9957,45.3592],[140.9958,45.3592],[140.9957,45.3591]]],[[[140.994,45.3606],[140.9943,45.3604],[140.9939,45.3605],[140.994,45.3606]]],[[[140.9941,45.3626],[140.9941,45.3625],[140.994,45.3625],[140.9941,45.3626]]],[[[140.9934,45.3632],[140.9936,45.3631],[140.9933,45.3631],[140.9934,45.3632]]],[[[140.9938,45.3633],[140.9938,45.3634],[140.9938,45.3634],[140.9938,45.3633]]],[[[140.9935,45.3634],[140.9933,45.3635],[140.9935,45.3635],[140.9935,45.3634]]],[[[140.9928,45.364],[140.9926,45.3639],[140.9925,45.3639],[140.9928,45.364]]],[[[140.9921,45.3644],[140.9919,45.3648],[140.9922,45.3645],[140.9921,45.3644]]],[[[140.9917,45.365],[140.9915,45.3653],[140.9918,45.3651],[140.9917,45.365]]],[[[140.9919,45.3654],[140.9916,45.3654],[140.9917,45.3655],[140.9919,45.3654]]],[[[140.9913,45.3655],[140.9912,45.3656],[140.9914,45.3655],[140.9913,45.3655]]],[[[140.9893,45.3684],[140.9894,45.3684],[140.9892,45.3684],[140.9893,45.3684]]],[[[140.9894,45.3686],[140.9895,45.3686],[140.9893,45.3686],[140.9894,45.3686]]],[[[140.9879,45.3715],[140.9878,45.3714],[140.9878,45.3715],[140.9879,45.3715]]],[[[140.9878,45.3717],[140.9879,45.3716],[140.9878,45.3717],[140.9878,45.3717]]],[[[140.9886,45.3857],[140.9885,45.3858],[140.9886,45.3858],[140.9886,45.3857]]],[[[140.9883,45.3859],[140.9883,45.3858],[140.9882,45.3859],[140.9883,45.3859]]],[[[140.9877,45.3898],[140.9879,45.3897],[140.9877,45.3897],[140.9877,45.3898]]],[[[140.9883,45.3911],[140.9882,45.391],[140.9882,45.3911],[140.9883,45.3911]]],[[[140.9875,45.3911],[140.9878,45.391],[140.9877,45.3909],[140.9875,45.3911]]],[[[140.9894,45.4043],[140.9893,45.4042],[140.9893,45.4043],[140.9894,45.4043]]],[[[140.9895,45.4044],[140.9895,45.4045],[140.9896,45.4045],[140.9895,45.4044]]],[[[140.9895,45.4046],[140.9895,45.4047],[140.9896,45.4047],[140.9895,45.4046]]],[[[140.9887,45.4053],[140.9887,45.4052],[140.9886,45.4052],[140.9887,45.4053]]],[[[140.9903,45.4092],[140.9902,45.4091],[140.9902,45.4092],[140.9903,45.4092]]],[[[140.9902,45.4097],[140.9901,45.4098],[140.9902,45.4098],[140.9902,45.4097]]],[[[140.9902,45.4101],[140.9897,45.4104],[140.9897,45.4104],[140.9902,45.4101]]],[[[140.9957,45.4384],[140.9957,45.4385],[140.9958,45.4385],[140.9957,45.4384]]],[[[140.9918,45.4386],[140.9918,45.4389],[140.9918,45.4389],[140.9918,45.4386]]],[[[140.989,45.4417],[140.9892,45.4419],[140.9892,45.4419],[140.989,45.4417]]],[[[140.9889,45.4473],[140.9886,45.4482],[140.9887,45.4482],[140.9889,45.4473]]],[[[140.9877,45.4489],[140.9873,45.449],[140.9878,45.4491],[140.9877,45.4489]]],[[[140.988,45.4491],[140.9882,45.4492],[140.9882,45.4491],[140.988,45.4491]]],[[[140.9877,45.4492],[140.9878,45.4492],[140.9878,45.4492],[140.9877,45.4492]]],[[[140.9879,45.4493],[140.9881,45.4493],[140.9881,45.4493],[140.9879,45.4493]]],[[[141.0192,45.2782],[141.0191,45.2781],[141.0191,45.2781],[141.0192,45.2782]]],[[[141.0184,45.2783],[141.0186,45.2782],[141.0184,45.2782],[141.0184,45.2783]]],[[[141.0178,45.279],[141.0181,45.2789],[141.0178,45.2789],[141.0178,45.279]]],[[[141.017,45.2794],[141.0168,45.2794],[141.0169,45.2795],[141.017,45.2794]]],[[[141.0173,45.2795],[141.0177,45.2795],[141.0176,45.2794],[141.0173,45.2795]]],[[[141.0154,45.2802],[141.0155,45.2812],[141.016,45.2803],[141.0154,45.2802]]],[[[141.0152,45.2814],[141.015,45.2813],[141.015,45.2814],[141.0152,45.2814]]],[[[141.0193,45.2881],[141.0195,45.2882],[141.0196,45.2881],[141.0193,45.2881]]],[[[141.0189,45.2882],[141.019,45.2883],[141.019,45.2883],[141.0189,45.2882]]],[[[141.0179,45.3041],[141.0179,45.3039],[141.0178,45.304],[141.0179,45.3041]]],[[[141.0175,45.3048],[141.0174,45.3046],[141.0173,45.3048],[141.0175,45.3048]]],[[[141.0171,45.3055],[141.0171,45.3051],[141.0169,45.3054],[141.0171,45.3055]]],[[[141.019,45.3054],[141.0189,45.3056],[141.0191,45.3056],[141.019,45.3054]]],[[[141.0194,45.3068],[141.0193,45.3067],[141.0193,45.3068],[141.0194,45.3068]]],[[[141.0185,45.3071],[141.0186,45.307],[141.0176,45.3065],[141.0185,45.3071]]],[[[141.017,45.3134],[141.0169,45.3133],[141.0168,45.3134],[141.017,45.3134]]],[[[141.0171,45.3134],[141.0172,45.3134],[141.0172,45.3134],[141.0171,45.3134]]],[[[141.0151,45.3138],[141.015,45.314],[141.0151,45.314],[141.0151,45.3138]]],[[[141.0161,45.314],[141.0161,45.3141],[141.0162,45.314],[141.0161,45.314]]],[[[141.0167,45.314],[141.0168,45.3141],[141.0168,45.314],[141.0167,45.314]]],[[[141.017,45.3142],[141.0171,45.314],[141.0169,45.3141],[141.017,45.3142]]],[[[141.0165,45.3142],[141.0163,45.3141],[141.0164,45.3142],[141.0165,45.3142]]],[[[141.0146,45.3157],[141.0146,45.3157],[141.0147,45.3157],[141.0146,45.3157]]],[[[141.0143,45.3157],[141.0142,45.3158],[141.0143,45.3158],[141.0143,45.3157]]],[[[141.0155,45.3159],[141.0154,45.3158],[141.0154,45.3159],[141.0155,45.3159]]],[[[141.0145,45.3158],[141.0144,45.3159],[141.0146,45.3159],[141.0145,45.3158]]],[[[141.015,45.3159],[141.0151,45.3159],[141.0151,45.3159],[141.015,45.3159]]],[[[141.0156,45.316],[141.0156,45.3161],[141.0157,45.3161],[141.0156,45.316]]],[[[141.0142,45.3161],[141.0143,45.3162],[141.0143,45.3161],[141.0142,45.3161]]],[[[141.0125,45.3164],[141.0126,45.3164],[141.0126,45.3164],[141.0125,45.3164]]],[[[141.0123,45.3163],[141.0124,45.3165],[141.0124,45.3164],[141.0123,45.3163]]],[[[141.0128,45.3168],[141.0128,45.3166],[141.0126,45.3166],[141.0128,45.3168]]],[[[141.012,45.317],[141.0119,45.317],[141.012,45.317],[141.012,45.317]]],[[[141.0124,45.3171],[141.0125,45.3169],[141.0123,45.317],[141.0124,45.3171]]],[[[141.0127,45.3171],[141.0126,45.3171],[141.0126,45.3171],[141.0127,45.3171]]],[[[141.013,45.317],[141.0132,45.3172],[141.0132,45.317],[141.013,45.317]]],[[[141.0132,45.3174],[141.0129,45.3174],[141.0132,45.3174],[141.0132,45.3174]]],[[[141.0096,45.3197],[141.0098,45.3196],[141.0096,45.3196],[141.0096,45.3197]]],[[[141.0099,45.3199],[141.0099,45.3198],[141.0098,45.3199],[141.0099,45.3199]]],[[[141.0103,45.3199],[141.0102,45.3198],[141.0102,45.3199],[141.0103,45.3199]]],[[[141.0106,45.32],[141.0105,45.3199],[141.0105,45.32],[141.0106,45.32]]],[[[141.0093,45.32],[141.0095,45.3202],[141.0096,45.3201],[141.0093,45.32]]],[[[141.0078,45.3227],[141.0077,45.3226],[141.0076,45.3226],[141.0078,45.3227]]],[[[141.0066,45.3238],[141.0064,45.3238],[141.0066,45.3239],[141.0066,45.3238]]],[[[141.0033,45.3246],[141.0034,45.3246],[141.0032,45.3245],[141.0033,45.3246]]],[[[141.0037,45.3249],[141.0037,45.3248],[141.0036,45.3248],[141.0037,45.3249]]],[[[141.0043,45.3249],[141.0042,45.3247],[141.0041,45.3248],[141.0043,45.3249]]],[[[141.0047,45.325],[141.0045,45.325],[141.0045,45.3251],[141.0047,45.325]]],[[[141.005,45.3252],[141.0049,45.325],[141.0048,45.3251],[141.005,45.3252]]],[[[141.0044,45.3254],[141.0044,45.3254],[141.0044,45.3254],[141.0044,45.3254]]],[[[141.0046,45.3255],[141.0048,45.3254],[141.0048,45.3253],[141.0046,45.3255]]],[[[141.005,45.3255],[141.0049,45.3256],[141.005,45.3255],[141.005,45.3255]]],[[[141.0042,45.3269],[141.0041,45.327],[141.0042,45.327],[141.0042,45.3269]]],[[[141.0037,45.3272],[141.0037,45.327],[141.0035,45.3272],[141.0037,45.3272]]],[[[141.0029,45.3281],[141.0027,45.3281],[141.0029,45.3281],[141.0029,45.3281]]],[[[140.9997,45.3291],[140.9997,45.3296],[141.0003,45.3294],[140.9997,45.3291]]],[[[141.0021,45.3295],[141.002,45.3294],[141.002,45.3295],[141.0021,45.3295]]],[[[141.002,45.3311],[141.002,45.3312],[141.0021,45.3312],[141.002,45.3311]]],[[[141.0029,45.3331],[141.0028,45.3332],[141.003,45.3332],[141.0029,45.3331]]],[[[141.0031,45.3337],[141.0032,45.3339],[141.0032,45.3338],[141.0031,45.3337]]],[[[141.0031,45.3342],[141.003,45.3341],[141.003,45.3341],[141.0031,45.3342]]],[[[141.003,45.3364],[141.0031,45.3363],[141.0029,45.3364],[141.003,45.3364]]],[[[141.0033,45.3365],[141.0033,45.3364],[141.0032,45.3364],[141.0033,45.3365]]],[[[141.0032,45.3368],[141.0031,45.3369],[141.0033,45.3369],[141.0032,45.3368]]],[[[141.0024,45.337],[141.0025,45.337],[141.0025,45.3369],[141.0024,45.337]]],[[[141.0033,45.3373],[141.0033,45.3371],[141.0032,45.3372],[141.0033,45.3373]]],[[[141.0032,45.3377],[141.0031,45.3375],[141.003,45.3376],[141.0032,45.3377]]],[[[141.001,45.339],[141.0008,45.339],[141.0008,45.3391],[141.001,45.339]]],[[[141.0003,45.3398],[141.0004,45.34],[141.0005,45.3398],[141.0003,45.3398]]],[[[141.0006,45.3412],[141.0008,45.3413],[141.0006,45.3412],[141.0006,45.3412]]],[[[141.0002,45.3417],[141.0002,45.342],[141.0004,45.3419],[141.0002,45.3417]]],[[[140.9913,45.4181],[140.9907,45.4298],[140.9664,45.4384],[140.9768,45.4476],[140.9676,45.4529],[140.9678,45.454],[140.9666,45.4555],[140.967,45.4568],[140.9659,45.4573],[140.9679,45.4603],[140.9671,45.4641],[140.9712,45.4586],[140.9738,45.457],[140.9754,45.4578],[140.9781,45.4564],[140.9758,45.4575],[140.9745,45.4567],[140.9813,45.4488],[140.9875,45.4477],[140.9851,45.4438],[140.9915,45.4384],[141.0127,45.433],[141.0349,45.4404],[141.0339,45.4608],[141.0674,45.424],[141.0618,45.4211],[141.0562,45.4068],[141.0544,45.3891],[141.0592,45.3781],[141.0581,45.3575],[141.0593,45.3531],[141.0492,45.3397],[141.0522,45.3382],[141.0512,45.3322],[141.0572,45.3188],[141.0457,45.298],[141.043,45.2739],[141.0262,45.2736],[141.0146,45.2841],[141.0256,45.2912],[141.0268,45.296],[141.025,45.3023],[141.0209,45.3039],[141.0192,45.3058],[141.0228,45.3096],[141.0043,45.3282],[141.0024,45.3282],[141.004,45.3359],[140.9995,45.3517],[140.9945,45.3632],[140.9829,45.3804],[140.9908,45.3863],[140.989,45.3927],[140.9852,45.3956],[140.9861,45.3978],[140.9847,45.3984],[140.9867,45.3997],[140.9861,45.4023],[140.9896,45.4038],[140.9917,45.4079],[140.9897,45.4113],[140.9844,45.4107],[140.9865,45.4141],[140.9826,45.4155],[140.9913,45.4181]]],[[[141.0273,45.2726],[141.0274,45.2726],[141.0273,45.2726],[141.0273,45.2726]]],[[[141.0268,45.2727],[141.0269,45.2726],[141.0268,45.2726],[141.0268,45.2727]]],[[[141.0267,45.2727],[141.0267,45.2728],[141.0267,45.2727],[141.0267,45.2727]]],[[[141.0234,45.2744],[141.0235,45.2744],[141.0234,45.2743],[141.0234,45.2744]]],[[[141.0228,45.2746],[141.0229,45.2747],[141.0229,45.2747],[141.0228,45.2746]]],[[[141.0224,45.2754],[141.0225,45.2753],[141.0224,45.2753],[141.0224,45.2754]]],[[[141.0221,45.2758],[141.022,45.2757],[141.022,45.2758],[141.0221,45.2758]]],[[[141.0223,45.2759],[141.0222,45.2758],[141.0221,45.2759],[141.0223,45.2759]]],[[[141.02,45.2767],[141.0199,45.2767],[141.0199,45.2768],[141.02,45.2767]]],[[[141.0199,45.2772],[141.0201,45.2773],[141.0201,45.2772],[141.0199,45.2772]]],[[[141.0199,45.2776],[141.0199,45.2775],[141.0198,45.2776],[141.0199,45.2776]]],[[[141.0199,45.2781],[141.0198,45.2781],[141.0198,45.2782],[141.0199,45.2781]]],[[[141.0208,45.2893],[141.0201,45.2894],[141.0209,45.2894],[141.0208,45.2893]]],[[[141.0251,45.2925],[141.0252,45.2925],[141.0251,45.2924],[141.0251,45.2925]]],[[[141.0255,45.2935],[141.0252,45.2935],[141.0255,45.2936],[141.0255,45.2935]]],[[[141.0543,45.2966],[141.0503,45.2947],[141.0477,45.2941],[141.0543,45.2966]]],[[[141.0512,45.3014],[141.0526,45.3015],[141.0514,45.297],[141.0512,45.3014]]],[[[141.053,45.3023],[141.0518,45.3035],[141.0531,45.3024],[141.053,45.3023]]],[[[141.0204,45.304],[141.0202,45.304],[141.0204,45.304],[141.0204,45.304]]],[[[141.0521,45.3316],[141.052,45.3316],[141.052,45.3316],[141.0521,45.3316]]],[[[141.0518,45.3333],[141.0518,45.3332],[141.0517,45.3333],[141.0518,45.3333]]],[[[141.0515,45.3333],[141.0515,45.3333],[141.0515,45.3332],[141.0515,45.3333]]],[[[141.0301,45.4461],[141.0318,45.4447],[141.0317,45.4447],[141.0301,45.4461]]],[[[141.0504,45.4504],[141.0503,45.4504],[141.0504,45.4504],[141.0504,45.4504]]],[[[141.0502,45.4506],[141.0501,45.4506],[141.0501,45.4506],[141.0502,45.4506]]],[[[141.0499,45.4509],[141.0499,45.4509],[141.0498,45.4509],[141.0499,45.4509]]],[[[141.0464,45.4544],[141.0465,45.4543],[141.0464,45.4543],[141.0464,45.4544]]],[[[141.0452,45.4548],[141.0454,45.4547],[141.0453,45.4547],[141.0452,45.4548]]],[[[141.0444,45.4551],[141.0445,45.4551],[141.0444,45.4551],[141.0444,45.4551]]],[[[141.0462,45.4552],[141.0454,45.4559],[141.0462,45.4552],[141.0462,45.4552]]],[[[141.0417,45.4573],[141.0417,45.4573],[141.0418,45.4573],[141.0417,45.4573]]],[[[141.0417,45.4574],[141.0416,45.4574],[141.0416,45.4574],[141.0417,45.4574]]],[[[141.0411,45.4575],[141.0411,45.4576],[141.0412,45.4575],[141.0411,45.4575]]],[[[141.0411,45.4577],[141.0411,45.4576],[141.0411,45.4576],[141.0411,45.4577]]],[[[141.041,45.4577],[141.041,45.4578],[141.0411,45.4577],[141.041,45.4577]]],[[[141.0409,45.4579],[141.0408,45.4579],[141.0409,45.4579],[141.0409,45.4579]]],[[[141.0388,45.4579],[141.0388,45.4578],[141.0387,45.4579],[141.0388,45.4579]]],[[[141.0389,45.4583],[141.0387,45.4583],[141.0389,45.4583],[141.0389,45.4583]]],[[[141.0314,45.4587],[141.0314,45.4586],[141.0314,45.4586],[141.0314,45.4587]]],[[[141.0315,45.4588],[141.0315,45.4588],[141.0314,45.4588],[141.0315,45.4588]]],[[[141.0314,45.4589],[141.0315,45.4589],[141.0315,45.4589],[141.0314,45.4589]]],[[[141.0314,45.4591],[141.0314,45.459],[141.0313,45.4591],[141.0314,45.4591]]],[[[141.0321,45.4593],[141.0321,45.4594],[141.0322,45.4594],[141.0321,45.4593]]],[[[141.0375,45.4593],[141.0374,45.4594],[141.0376,45.4594],[141.0375,45.4593]]],[[[141.0317,45.4595],[141.0318,45.4594],[141.0318,45.4594],[141.0317,45.4595]]],[[[141.0371,45.4595],[141.0373,45.4596],[141.0373,45.4595],[141.0371,45.4595]]],[[[141.0367,45.4596],[141.0366,45.4596],[141.0366,45.4596],[141.0367,45.4596]]],[[[141.0368,45.4597],[141.0368,45.4597],[141.0368,45.4597],[141.0368,45.4597]]],[[[141.0367,45.4599],[141.0367,45.4598],[141.0366,45.4599],[141.0367,45.4599]]],[[[141.0367,45.4601],[141.0366,45.4601],[141.0367,45.4601],[141.0367,45.4601]]],[[[141.0327,45.4602],[141.0326,45.4601],[141.0325,45.4601],[141.0327,45.4602]]],[[[141.0364,45.4603],[141.0364,45.4603],[141.0364,45.4603],[141.0364,45.4603]]],[[[141.0361,45.4603],[141.0361,45.4603],[141.0361,45.4603],[141.0361,45.4603]]],[[[141.0325,45.4606],[141.0327,45.4606],[141.0325,45.4606],[141.0325,45.4606]]],[[[141.0327,45.4608],[141.0326,45.4609],[141.0327,45.4609],[141.0327,45.4608]]],[[[141.0326,45.461],[141.0325,45.4611],[141.0326,45.4611],[141.0326,45.461]]],[[[141.0327,45.4612],[141.0328,45.4612],[141.0328,45.4612],[141.0327,45.4612]]],[[[141.0329,45.4612],[141.033,45.4613],[141.033,45.4612],[141.0329,45.4612]]],[[[141.0333,45.4616],[141.0333,45.4615],[141.0332,45.4615],[141.0333,45.4616]]],[[[141.0335,45.4615],[141.0334,45.4616],[141.0335,45.4616],[141.0335,45.4615]]],[[[141.0336,45.4618],[141.0338,45.4616],[141.0336,45.4617],[141.0336,45.4618]]],[[[141.0347,45.4618],[141.0346,45.4618],[141.0346,45.4618],[141.0347,45.4618]]],[[[141.0349,45.4619],[141.0349,45.4618],[141.0348,45.4618],[141.0349,45.4619]]],[[[141.0349,45.462],[141.035,45.4619],[141.0349,45.4619],[141.0349,45.462]]],[[[141.0347,45.462],[141.0348,45.4621],[141.0348,45.462],[141.0347,45.462]]],[[[141.034,45.4621],[141.034,45.4622],[141.0341,45.4622],[141.034,45.4621]]],[[[141.0337,45.4622],[141.0337,45.4622],[141.0337,45.4622],[141.0337,45.4622]]],[[[141.0342,45.4622],[141.0343,45.4623],[141.0343,45.4622],[141.0342,45.4622]]],[[[141.032,45.4627],[141.0319,45.4627],[141.032,45.4627],[141.032,45.4627]]],[[[141.0343,45.4631],[141.0343,45.4631],[141.0343,45.4631],[141.0343,45.4631]]],[[[141.0341,45.4633],[141.0342,45.4632],[141.0341,45.4633],[141.0341,45.4633]]],[[[141.0314,45.4644],[141.0312,45.4644],[141.0313,45.4644],[141.0314,45.4644]]],[[[141.0526,45.3096],[141.0527,45.3096],[141.0526,45.3095],[141.0526,45.3096]]],[[[141.0527,45.3097],[141.0527,45.3099],[141.0528,45.3099],[141.0527,45.3097]]],[[[141.0577,45.3194],[141.0575,45.3193],[141.0575,45.3194],[141.0577,45.3194]]],[[[141.0572,45.3213],[141.0573,45.3214],[141.0573,45.3213],[141.0572,45.3213]]],[[[141.0566,45.3215],[141.0565,45.3214],[141.0565,45.3215],[141.0566,45.3215]]],[[[141.0574,45.3216],[141.0571,45.3215],[141.0571,45.3215],[141.0574,45.3216]]],[[[141.0558,45.3237],[141.0556,45.3238],[141.0558,45.3238],[141.0558,45.3237]]],[[[141.0561,45.3238],[141.0562,45.3238],[141.0562,45.3238],[141.0561,45.3238]]],[[[141.0561,45.325],[141.0562,45.3251],[141.0562,45.325],[141.0561,45.325]]],[[[141.0549,45.3267],[141.0548,45.3266],[141.0547,45.3267],[141.0549,45.3267]]],[[[141.0531,45.3305],[141.0532,45.3305],[141.0532,45.3305],[141.0531,45.3305]]],[[[141.0542,45.3421],[141.0541,45.342],[141.0541,45.3421],[141.0542,45.3421]]],[[[141.0536,45.3422],[141.0538,45.3423],[141.0537,45.3422],[141.0536,45.3422]]],[[[141.0546,45.3427],[141.0546,45.3427],[141.0546,45.3427],[141.0546,45.3427]]],[[[141.055,45.3429],[141.0549,45.3428],[141.0549,45.3429],[141.055,45.3429]]],[[[141.0554,45.3432],[141.055,45.343],[141.0553,45.3432],[141.0554,45.3432]]],[[[141.0555,45.3436],[141.0552,45.3436],[141.0555,45.3437],[141.0555,45.3436]]],[[[141.0552,45.3438],[141.0552,45.3438],[141.0552,45.3438],[141.0552,45.3438]]],[[[141.0555,45.3441],[141.0557,45.3441],[141.0557,45.344],[141.0555,45.3441]]],[[[141.0552,45.3441],[141.0553,45.3442],[141.0554,45.3442],[141.0552,45.3441]]],[[[141.0555,45.345],[141.0554,45.345],[141.0555,45.345],[141.0555,45.345]]],[[[141.0557,45.3452],[141.0558,45.3451],[141.0557,45.3451],[141.0557,45.3452]]],[[[141.0564,45.3464],[141.0562,45.3464],[141.0563,45.3465],[141.0564,45.3464]]],[[[141.0569,45.3466],[141.057,45.3465],[141.0569,45.3465],[141.0569,45.3466]]],[[[141.057,45.3473],[141.057,45.3472],[141.057,45.3472],[141.057,45.3473]]],[[[141.0568,45.3477],[141.0568,45.3475],[141.0567,45.3475],[141.0568,45.3477]]],[[[141.0565,45.3476],[141.0565,45.3476],[141.0566,45.3476],[141.0565,45.3476]]],[[[141.0579,45.3493],[141.0577,45.3494],[141.0579,45.3495],[141.0579,45.3493]]],[[[141.0577,45.3498],[141.0577,45.3499],[141.0578,45.3499],[141.0577,45.3498]]],[[[141.0582,45.3505],[141.0583,45.3505],[141.0582,45.3505],[141.0582,45.3505]]],[[[141.0586,45.3508],[141.0587,45.3507],[141.0585,45.3507],[141.0586,45.3508]]],[[[141.0586,45.3576],[141.0586,45.3575],[141.0585,45.3575],[141.0586,45.3576]]],[[[141.0583,45.3577],[141.0585,45.3576],[141.0584,45.3576],[141.0583,45.3577]]],[[[141.0588,45.3577],[141.0587,45.3578],[141.0588,45.3578],[141.0588,45.3577]]],[[[141.0586,45.3585],[141.0586,45.3583],[141.0585,45.3583],[141.0586,45.3585]]],[[[141.0589,45.3592],[141.0588,45.3592],[141.0589,45.3592],[141.0589,45.3592]]],[[[141.0587,45.3666],[141.0588,45.3666],[141.0587,45.3666],[141.0587,45.3666]]],[[[141.0589,45.3799],[141.0588,45.3798],[141.0588,45.3799],[141.0589,45.3799]]],[[[141.0587,45.3801],[141.0589,45.38],[141.0587,45.38],[141.0587,45.3801]]],[[[141.0581,45.3819],[141.0581,45.3818],[141.058,45.3818],[141.0581,45.3819]]],[[[141.0589,45.3823],[141.0588,45.3824],[141.059,45.3824],[141.0589,45.3823]]],[[[141.0582,45.3824],[141.0583,45.3825],[141.0583,45.3824],[141.0582,45.3824]]],[[[141.0584,45.3825],[141.0585,45.3825],[141.0585,45.3825],[141.0584,45.3825]]],[[[141.0589,45.3826],[141.059,45.3825],[141.0589,45.3825],[141.0589,45.3826]]],[[[141.0584,45.3836],[141.0583,45.3835],[141.0582,45.3835],[141.0584,45.3836]]],[[[141.0582,45.3837],[141.0582,45.3836],[141.0581,45.3836],[141.0582,45.3837]]],[[[141.058,45.3841],[141.0581,45.3841],[141.0581,45.384],[141.058,45.3841]]],[[[141.0577,45.3843],[141.0578,45.3843],[141.0578,45.3843],[141.0577,45.3843]]],[[[141.058,45.3843],[141.0581,45.3844],[141.0582,45.3843],[141.058,45.3843]]],[[[141.0571,45.3861],[141.0573,45.386],[141.0572,45.386],[141.0571,45.3861]]],[[[141.0562,45.3875],[141.056,45.3876],[141.0563,45.3876],[141.0562,45.3875]]],[[[141.0573,45.3886],[141.0565,45.3882],[141.0565,45.3882],[141.0573,45.3886]]],[[[141.0589,45.3911],[141.059,45.391],[141.0589,45.391],[141.0589,45.3911]]],[[[141.0587,45.3913],[141.0586,45.3913],[141.0587,45.3914],[141.0587,45.3913]]],[[[141.0589,45.395],[141.059,45.3949],[141.0589,45.3949],[141.0589,45.395]]],[[[141.0589,45.3965],[141.0589,45.3964],[141.0589,45.3965],[141.0589,45.3965]]],[[[141.0568,45.4076],[141.0571,45.4076],[141.0569,45.4075],[141.0568,45.4076]]],[[[141.0585,45.411],[141.0586,45.4109],[141.0585,45.4109],[141.0585,45.411]]],[[[141.0563,45.4422],[141.0565,45.4421],[141.0564,45.4421],[141.0563,45.4422]]],[[[141.0586,45.4423],[141.0586,45.4423],[141.0587,45.4423],[141.0586,45.4423]]],[[[141.0585,45.4423],[141.0585,45.4424],[141.0585,45.4424],[141.0585,45.4423]]],[[[141.0586,45.4428],[141.0587,45.4428],[141.0586,45.4427],[141.0586,45.4428]]],[[[141.0559,45.4433],[141.0559,45.4432],[141.0558,45.4433],[141.0559,45.4433]]],[[[141.0557,45.4434],[141.0556,45.4434],[141.0556,45.4434],[141.0557,45.4434]]],[[[141.0555,45.4437],[141.0555,45.4436],[141.0555,45.4437],[141.0555,45.4437]]],[[[141.0552,45.4442],[141.0551,45.4443],[141.0551,45.4443],[141.0552,45.4442]]],[[[141.0548,45.4444],[141.0549,45.4444],[141.0549,45.4444],[141.0548,45.4444]]],[[[141.0544,45.4462],[141.0544,45.4462],[141.0544,45.4462],[141.0544,45.4462]]],[[[141.0545,45.4464],[141.0543,45.4465],[141.0544,45.4465],[141.0545,45.4464]]],[[[141.0538,45.4469],[141.0539,45.447],[141.0539,45.4469],[141.0538,45.4469]]],[[[141.0531,45.4482],[141.053,45.4482],[141.0531,45.4482],[141.0531,45.4482]]],[[[141.0528,45.4485],[141.0528,45.4486],[141.0529,45.4485],[141.0528,45.4485]]],[[[141.0591,45.351],[141.059,45.3511],[141.0592,45.3511],[141.0591,45.351]]],[[[141.0596,45.3514],[141.0597,45.3513],[141.0596,45.3513],[141.0596,45.3514]]],[[[141.0591,45.3512],[141.0593,45.3516],[141.0595,45.3514],[141.0591,45.3512]]],[[[141.06,45.3518],[141.06,45.3518],[141.0601,45.3518],[141.06,45.3518]]],[[[141.0599,45.3526],[141.06,45.3527],[141.0601,45.3527],[141.0599,45.3526]]],[[[141.0594,45.3539],[141.0595,45.3539],[141.0594,45.3539],[141.0594,45.3539]]],[[[141.0594,45.3545],[141.0595,45.3542],[141.0593,45.3541],[141.0594,45.3545]]],[[[141.0597,45.3547],[141.0598,45.3546],[141.0597,45.3546],[141.0597,45.3547]]],[[[141.0592,45.3554],[141.0591,45.3555],[141.0592,45.3555],[141.0592,45.3554]]],[[[141.0594,45.3554],[141.0596,45.3555],[141.0596,45.3554],[141.0594,45.3554]]],[[[141.0593,45.3561],[141.0593,45.356],[141.0592,45.356],[141.0593,45.3561]]],[[[141.0592,45.3564],[141.0593,45.3563],[141.0592,45.3564],[141.0592,45.3564]]],[[[141.0592,45.3567],[141.0591,45.3566],[141.0591,45.3567],[141.0592,45.3567]]],[[[141.0596,45.3568],[141.0595,45.3567],[141.0595,45.3568],[141.0596,45.3568]]],[[[141.0597,45.3569],[141.0597,45.357],[141.0597,45.357],[141.0597,45.3569]]],[[[141.0595,45.3595],[141.0595,45.3594],[141.0594,45.3595],[141.0595,45.3595]]],[[[141.0595,45.3604],[141.0594,45.3602],[141.0594,45.3603],[141.0595,45.3604]]],[[[141.0597,45.3615],[141.0598,45.3615],[141.0598,45.3614],[141.0597,45.3615]]],[[[141.0598,45.362],[141.0602,45.362],[141.06,45.3618],[141.0598,45.362]]],[[[141.0589,45.3666],[141.0591,45.3667],[141.059,45.3666],[141.0589,45.3666]]],[[[141.0596,45.367],[141.0597,45.3668],[141.0596,45.3669],[141.0596,45.367]]],[[[141.0593,45.367],[141.0592,45.3671],[141.0593,45.3671],[141.0593,45.367]]],[[[141.0595,45.3681],[141.0596,45.368],[141.0595,45.368],[141.0595,45.3681]]],[[[141.0597,45.3683],[141.0595,45.3684],[141.0596,45.3685],[141.0597,45.3683]]],[[[141.0602,45.3687],[141.0601,45.3689],[141.0602,45.3688],[141.0602,45.3687]]],[[[141.0599,45.3691],[141.0599,45.3691],[141.0598,45.3691],[141.0599,45.3691]]],[[[141.0609,45.3705],[141.0608,45.3704],[141.0608,45.3705],[141.0609,45.3705]]],[[[141.0602,45.3706],[141.0602,45.3706],[141.0601,45.3706],[141.0602,45.3706]]],[[[141.0609,45.3706],[141.061,45.3706],[141.061,45.3706],[141.0609,45.3706]]],[[[141.0609,45.3709],[141.061,45.3708],[141.0609,45.3708],[141.0609,45.3709]]],[[[141.0598,45.3713],[141.0599,45.3712],[141.0598,45.3712],[141.0598,45.3713]]],[[[141.06,45.3727],[141.06,45.3726],[141.0599,45.3727],[141.06,45.3727]]],[[[141.0597,45.3727],[141.0599,45.3728],[141.0599,45.3727],[141.0597,45.3727]]],[[[141.0597,45.3734],[141.0597,45.3733],[141.0596,45.3733],[141.0597,45.3734]]],[[[141.0596,45.374],[141.0598,45.374],[141.0598,45.374],[141.0596,45.374]]],[[[141.0599,45.374],[141.0599,45.3741],[141.06,45.3741],[141.0599,45.374]]],[[[141.0592,45.3745],[141.0594,45.3745],[141.0592,45.3744],[141.0592,45.3745]]],[[[141.0599,45.3745],[141.0598,45.3746],[141.06,45.3747],[141.0599,45.3745]]],[[[141.0596,45.3747],[141.0594,45.3748],[141.0595,45.3748],[141.0596,45.3747]]],[[[141.0597,45.375],[141.0594,45.375],[141.0597,45.375],[141.0597,45.375]]],[[[141.0595,45.3754],[141.0598,45.3753],[141.0595,45.3752],[141.0595,45.3754]]],[[[141.0596,45.3756],[141.0597,45.3756],[141.0597,45.3756],[141.0596,45.3756]]],[[[141.0597,45.3758],[141.0598,45.376],[141.0599,45.3759],[141.0597,45.3758]]],[[[141.0601,45.3759],[141.06,45.3759],[141.06,45.376],[141.0601,45.3759]]],[[[141.0597,45.3762],[141.0598,45.3763],[141.0598,45.3762],[141.0597,45.3762]]],[[[141.0602,45.3763],[141.0603,45.3762],[141.0602,45.3762],[141.0602,45.3763]]],[[[141.0599,45.3767],[141.0597,45.3765],[141.0596,45.3765],[141.0599,45.3767]]],[[[141.0597,45.3767],[141.0595,45.3767],[141.0597,45.3767],[141.0597,45.3767]]],[[[141.0594,45.3789],[141.0595,45.379],[141.0595,45.3789],[141.0594,45.3789]]],[[[141.0592,45.3822],[141.0592,45.3823],[141.0593,45.3822],[141.0592,45.3822]]],[[[141.0591,45.3942],[141.0593,45.3943],[141.0593,45.3942],[141.0591,45.3942]]],[[[141.0594,45.3943],[141.0594,45.3942],[141.0594,45.3943],[141.0594,45.3943]]],[[[141.0592,45.3949],[141.0592,45.395],[141.0593,45.395],[141.0592,45.3949]]],[[[141.0591,45.3952],[141.0592,45.3951],[141.0591,45.3951],[141.0591,45.3952]]],[[[141.0592,45.3955],[141.0592,45.3954],[141.0592,45.3954],[141.0592,45.3955]]],[[[141.0592,45.3957],[141.0592,45.3956],[141.0591,45.3957],[141.0592,45.3957]]],[[[141.0595,45.396],[141.0594,45.3959],[141.0594,45.3959],[141.0595,45.396]]],[[[141.059,45.396],[141.0591,45.396],[141.059,45.396],[141.059,45.396]]],[[[141.0693,45.4245],[141.0693,45.4244],[141.0692,45.4245],[141.0693,45.4245]]],[[[141.0697,45.4246],[141.0697,45.4246],[141.0696,45.4247],[141.0697,45.4246]]],[[[141.069,45.4247],[141.069,45.4246],[141.0689,45.4247],[141.069,45.4247]]],[[[141.0693,45.4249],[141.0694,45.4249],[141.0693,45.4249],[141.0693,45.4249]]],[[[141.0618,45.4332],[141.0616,45.4331],[141.0615,45.4332],[141.0618,45.4332]]],[[[141.0602,45.4343],[141.0602,45.4344],[141.0603,45.4344],[141.0602,45.4343]]],[[[141.0607,45.4363],[141.0608,45.4363],[141.0609,45.4363],[141.0607,45.4363]]],[[[141.0605,45.4364],[141.0606,45.4364],[141.0605,45.4364],[141.0605,45.4364]]]]}},{"type":"Feature","properties":{"id":"01518","name":"利尻町","pref":"北海道"},"geometry":{"type":"MultiPolygon","coordinates":[[[[141.2017,45.1154],[141.2014,45.1152],[141.2014,45.1153],[141.2017,45.1154]]],[[[141.2015,45.1157],[141.2015,45.1157],[141.2014,45.1157],[141.2015,45.1157]]],[[[141.2017,45.1159],[141.2017,45.1158],[141.2016,45.1158],[141.2017,45.1159]]],[[[141.2017,45.1161],[141.2016,45.1161],[141.2016,45.1161],[141.2017,45.1161]]],[[[141.1632,45.1425],[141.1631,45.1425],[141.1631,45.1426],[141.1632,45.1425]]],[[[141.1633,45.1428],[141.1633,45.1427],[141.1632,45.1427],[141.1633,45.1428]]],[[[141.1541,45.1499],[141.1542,45.1498],[141.1541,45.1498],[141.1541,45.1499]]],[[[141.1493,45.1537],[141.1503,45.1531],[141.1494,45.1534],[141.1493,45.1537]]],[[[141.1509,45.1562],[141.1508,45.1561],[141.1507,45.1561],[141.1509,45.1562]]],[[[141.1513,45.1562],[141.1513,45.1563],[141.1514,45.1562],[141.1513,45.1562]]],[[[141.151,45.1565],[141.1511,45.1565],[141.151,45.1565],[141.151,45.1565]]],[[[141.246,45.1001],[141.2324,45.0981],[141.2273,45.1053],[141.208,45.1136],[141.2049,45.1124],[141.2045,45.1146],[141.1934,45.1246],[141.166,45.1372],[141.1617,45.1463],[141.1502,45.1539],[141.1519,45.1552],[141.1513,45.1569],[141.1412,45.1616],[141.1397,45.1819],[141.1268,45.186],[141.1417,45.1904],[141.1324,45.2135],[141.1365,45.2196],[141.1362,45.2181],[141.1375,45.2177],[141.1491,45.2245],[141.1664,45.2107],[141.1969,45.2067],[141.2151,45.1895],[141.2411,45.1806],[141.2565,45.147],[141.246,45.1001]]],[[[141.1407,45.1624],[141.1407,45.1623],[141.1406,45.1623],[141.1407,45.1624]]],[[[141.1408,45.1626],[141.1407,45.1625],[141.1407,45.1626],[141.1408,45.1626]]],[[[141.1407,45.1629],[141.1406,45.1628],[141.1406,45.1629],[141.1407,45.1629]]],[[[141.1398,45.1643],[141.1398,45.1642],[141.1397,45.1642],[141.1398,45.1643]]],[[[141.1335,45.1893],[141.1335,45.1894],[141.1335,45.1893],[141.1335,45.1893]]],[[[141.1317,45.1937],[141.1318,45.1935],[141.1316,45.1935],[141.1317,45.1937]]],[[[141.1301,45.194],[141.1297,45.1938],[141.1298,45.194],[141.1301,45.194]]],[[[141.1353,45.2042],[141.1353,45.2041],[141.1352,45.2042],[141.1353,45.2042]]],[[[141.1347,45.2049],[141.1347,45.205],[141.1348,45.2049],[141.1347,45.2049]]],[[[141.1317,45.2129],[141.1318,45.2128],[141.1316,45.2128],[141.1317,45.2129]]],[[[141.1315,45.2129],[141.1313,45.2129],[141.1314,45.213],[141.1315,45.2129]]],[[[141.132,45.2135],[141.132,45.2133],[141.1319,45.2134],[141.132,45.2135]]],[[[141.1318,45.2136],[141.1317,45.2134],[141.1317,45.2135],[141.1318,45.2136]]],[[[141.132,45.2137],[141.1322,45.2136],[141.132,45.2136],[141.132,45.2137]]],[[[141.1318,45.2141],[141.132,45.214],[141.1318,45.214],[141.1318,45.2141]]],[[[141.1372,45.2187],[141.1371,45.2183],[141.137,45.2183],[141.1372,45.2187]]],[[[141.2202,45.1058],[141.2202,45.1058],[141.2202,45.1057],[141.2202,45.1058]]],[[[141.2182,45.1064],[141.2183,45.1064],[141.2182,45.1064],[141.2182,45.1064]]],[[[141.2184,45.1064],[141.2185,45.1064],[141.2184,45.1064],[141.2184,45.1064]]],[[[141.2193,45.1065],[141.2193,45.1065],[141.2193,45.1065],[141.2193,45.1065]]],[[[141.2175,45.1065],[141.2176,45.1066],[141.2176,45.1065],[141.2175,45.1065]]],[[[141.2191,45.1066],[141.2191,45.1065],[141.219,45.1066],[141.2191,45.1066]]],[[[141.2187,45.1066],[141.2187,45.1066],[141.2186,45.1066],[141.2187,45.1066]]],[[[141.2184,45.1067],[141.2184,45.1067],[141.2184,45.1067],[141.2184,45.1067]]],[[[141.2179,45.1068],[141.2181,45.1068],[141.218,45.1067],[141.2179,45.1068]]],[[[141.2176,45.1069],[141.2177,45.1068],[141.2176,45.1068],[141.2176,45.1069]]],[[[141.2175,45.1069],[141.2174,45.1068],[141.2174,45.1069],[141.2175,45.1069]]],[[[141.2131,45.1108],[141.2131,45.1107],[141.2131,45.1108],[141.2131,45.1108]]],[[[141.2127,45.1109],[141.2129,45.1108],[141.2127,45.1109],[141.2127,45.1109]]],[[[141.2063,45.1116],[141.2073,45.1103],[141.2061,45.1116],[141.2063,45.1116]]],[[[141.2113,45.111],[141.2114,45.111],[141.2113,45.1109],[141.2113,45.111]]],[[[141.2118,45.111],[141.2118,45.1112],[141.2119,45.1111],[141.2118,45.111]]],[[[141.2114,45.1114],[141.2114,45.1113],[141.2113,45.1114],[141.2114,45.1114]]],[[[141.2043,45.1127],[141.2043,45.1127],[141.2044,45.1127],[141.2043,45.1127]]],[[[141.204,45.1128],[141.204,45.1127],[141.2039,45.1127],[141.204,45.1128]]],[[[141.2044,45.1128],[141.2044,45.1128],[141.2043,45.1128],[141.2044,45.1128]]],[[[141.2037,45.1131],[141.2036,45.113],[141.2036,45.1131],[141.2037,45.1131]]],[[[141.2038,45.1131],[141.2038,45.1132],[141.2038,45.1131],[141.2038,45.1131]]],[[[141.2036,45.1133],[141.2037,45.1132],[141.2036,45.1132],[141.2036,45.1133]]],[[[141.204,45.1141],[141.2041,45.1141],[141.2041,45.114],[141.204,45.1141]]],[[[141.2042,45.1144],[141.2042,45.1143],[141.2042,45.1143],[141.2042,45.1144]]],[[[141.2037,45.1148],[141.2037,45.1148],[141.2036,45.1148],[141.2037,45.1148]]],[[[141.2029,45.115],[141.2031,45.115],[141.203,45.115],[141.2029,45.115]]],[[[141.2023,45.1151],[141.2024,45.1151],[141.2022,45.115],[141.2023,45.1151]]],[[[141.2355,45.0975],[141.2354,45.0975],[141.2354,45.0975],[141.2355,45.0975]]],[[[141.2354,45.0977],[141.2354,45.0976],[141.2353,45.0976],[141.2354,45.0977]]],[[[141.2352,45.0979],[141.2352,45.0978],[141.2352,45.0979],[141.2352,45.0979]]],[[[141.2321,45.0979],[141.2321,45.0978],[141.232,45.0979],[141.2321,45.0979]]],[[[141.2326,45.098],[141.2325,45.098],[141.2326,45.098],[141.2326,45.098]]],[[[141.2323,45.098],[141.2324,45.098],[141.2322,45.098],[141.2323,45.098]]],[[[141.2307,45.0988],[141.2308,45.0987],[141.2308,45.0987],[141.2307,45.0988]]],[[[141.2312,45.0988],[141.2311,45.0988],[141.2312,45.0988],[141.2312,45.0988]]],[[[141.2309,45.0989],[141.2308,45.0989],[141.2308,45.0989],[141.2309,45.0989]]],[[[141.2282,45.0991],[141.2283,45.099],[141.2282,45.099],[141.2282,45.0991]]],[[[141.228,45.0991],[141.228,45.099],[141.228,45.0991],[141.228,45.0991]]],[[[141.2301,45.0992],[141.2301,45.0991],[141.23,45.0991],[141.2301,45.0992]]],[[[141.2275,45.099],[141.2271,45.0993],[141.2275,45.0992],[141.2275,45.099]]],[[[141.2283,45.0992],[141.2284,45.0992],[141.2283,45.0991],[141.2283,45.0992]]],[[[141.2277,45.0994],[141.2277,45.0992],[141.2276,45.0993],[141.2277,45.0994]]],[[[141.227,45.0994],[141.2271,45.0996],[141.2272,45.0995],[141.227,45.0994]]],[[[141.2459,45.0997],[141.246,45.0995],[141.2459,45.0996],[141.2459,45.0997]]],[[[141.2268,45.0997],[141.2267,45.0996],[141.2267,45.0997],[141.2268,45.0997]]],[[[141.2266,45.0998],[141.2266,45.0998],[141.2265,45.0998],[141.2266,45.0998]]],[[[141.2267,45.1001],[141.2267,45.1],[141.2266,45.1],[141.2267,45.1001]]],[[[141.2273,45.101],[141.2273,45.1009],[141.2272,45.1009],[141.2273,45.101]]],[[[141.2276,45.1011],[141.2275,45.101],[141.2275,45.1011],[141.2276,45.1011]]],[[[141.2205,45.1056],[141.2206,45.1056],[141.2205,45.1056],[141.2205,45.1056]]],[[[141.2202,45.1056],[141.2202,45.1057],[141.2202,45.1056],[141.2202,45.1056]]],[[[141.2208,45.1057],[141.2208,45.1057],[141.2208,45.1057],[141.2208,45.1057]]],[[[141.2203,45.1058],[141.2204,45.1059],[141.2204,45.1058],[141.2203,45.1058]]]]}},{"type":"Feature","properties":{"id":"01519","name":"利尻富士町","pref":"北海道"},"geometry":{"type":"MultiPolygon","coordinates":[[[[141.1763,45.2439],[141.1759,45.2442],[141.1763,45.2442],[141.1763,45.2439]]],[[[141.1763,45.2447],[141.1755,45.2446],[141.1751,45.2446],[141.1763,45.2447]]],[[[141.1749,45.2468],[141.1744,45.2469],[141.175,45.247],[141.1749,45.2468]]],[[[141.178,45.2485],[141.1781,45.2487],[141.1782,45.2486],[141.178,45.2485]]],[[[141.1782,45.2493],[141.1783,45.2494],[141.1784,45.2492],[141.1782,45.2493]]],[[[141.1787,45.2513],[141.1783,45.2511],[141.1782,45.2513],[141.1787,45.2513]]],[[[141.1777,45.2514],[141.1779,45.2515],[141.1779,45.2514],[141.1777,45.2514]]],[[[141.1795,45.2515],[141.1796,45.2515],[141.1796,45.2515],[141.1795,45.2515]]],[[[141.1793,45.2514],[141.1791,45.2516],[141.1794,45.2516],[141.1793,45.2514]]],[[[141.1873,45.2535],[141.1866,45.2537],[141.1874,45.2535],[141.1873,45.2535]]],[[[141.1886,45.2553],[141.1887,45.2552],[141.1886,45.2553],[141.1886,45.2553]]],[[[141.275,45.1074],[141.2758,45.1073],[141.2749,45.1073],[141.275,45.1074]]],[[[141.286,45.1091],[141.2861,45.1091],[141.286,45.1091],[141.286,45.1091]]],[[[141.2973,45.1251],[141.2974,45.1252],[141.2974,45.1252],[141.2973,45.1251]]],[[[141.3172,45.1358],[141.3166,45.1378],[141.3165,45.1379],[141.3172,45.1358]]],[[[141.1493,45.2243],[141.1991,45.2597],[141.225,45.2448],[141.2322,45.2468],[141.23,45.2352],[141.2757,45.2338],[141.2806,45.2247],[141.303,45.2151],[141.3185,45.1971],[141.3303,45.1499],[141.2922,45.1227],[141.2858,45.1091],[141.2741,45.1106],[141.2461,45.1007],[141.2565,45.147],[141.2412,45.1804],[141.1493,45.2243]]],[[[141.2831,45.2264],[141.2837,45.2261],[141.2831,45.2263],[141.2831,45.2264]]],[[[141.2313,45.2388],[141.233,45.2408],[141.2332,45.2408],[141.2313,45.2388]]],[[[141.2338,45.2421],[141.2338,45.2422],[141.2351,45.2422],[141.2338,45.2421]]],[[[141.236,45.2429],[141.2367,45.2434],[141.2368,45.2433],[141.236,45.2429]]],[[[141.2079,45.2549],[141.2093,45.2558],[141.2099,45.2554],[141.2079,45.2549]]]]}},{"type":"Feature","properties":{"id":"01520","name":"幌延町","pref":"北海道"},"geometry":{"type":"Polygon","coordinates":[[[141.7146,44.9508],[141.7404,44.8819],[141.74,44.8797],[141.7366,44.8782],[141.718,44.9297],[141.6635,45.0313],[141.6755,45.0493],[141.7347,45.0799],[141.7649,45.0742],[141.7687,45.0574],[141.7809,45.052],[141.8198,45.0489],[141.8362,45.0513],[141.8681,45.0851],[141.8966,45.0775],[141.9324,45.0842],[141.97,45.0726],[142.016,45.0934],[142.0371,45.0871],[142.0514,45.0645],[142.0957,45.0921],[142.0961,45.1005],[142.107,45.0878],[142.1315,45.0853],[142.1331,45.0693],[142.1643,45.0512],[142.1564,45.0378],[142.1716,45.0375],[142.1529,45.0089],[142.1689,44.9741],[142.1414,44.9527],[142.1435,44.9336],[142.1263,44.913],[142.1352,44.9039],[142.1304,44.9003],[142.0312,44.8981],[142.0223,44.911],[141.9909,44.8975],[141.9861,44.9169],[141.9545,44.8975],[141.9475,44.9114],[141.9303,44.9082],[141.9263,44.8982],[141.9097,44.9074],[141.9169,44.9189],[141.8748,44.931],[141.8731,44.9681],[141.8555,44.9932],[141.7926,44.9912],[141.7291,44.9642],[141.7146,44.9508]]]}},{"type":"Feature","properties":{"id":"01543","name":"美幌町","pref":"北海道"},"geometry":{"type":"Polygon","coordinates":[[[144.1247,43.6446],[144.1293,43.6851],[144.1151,43.6944],[144.0908,43.7357],[144.0961,43.7383],[144.0649,43.7652],[144.0557,43.7678],[144.0077,43.7289],[143.953,43.7304],[143.9425,43.7234],[143.9117,43.7346],[143.9193,43.7462],[143.9412,43.7558],[143.947,43.7755],[143.9683,43.7635],[143.9725,43.7822],[143.9935,43.8029],[143.9888,43.8128],[144.0037,43.8185],[144.0117,43.851],[144.0283,43.8596],[144.0259,43.8658],[144.0541,43.8764],[144.0524,43.8878],[144.0694,43.8933],[144.0842,43.8844],[144.0958,43.8573],[144.1111,43.8574],[144.1312,43.8741],[144.1913,43.8555],[144.184,43.8461],[144.2169,43.8223],[144.2195,43.8012],[144.2361,43.7998],[144.2341,43.7864],[144.2457,43.7747],[144.247,43.7472],[144.2629,43.7154],[144.281,43.7071],[144.3317,43.7066],[144.275,43.6821],[144.2783,43.6673],[144.2307,43.6337],[144.2156,43.5982],[144.1878,43.6072],[144.1689,43.6252],[144.1385,43.6265],[144.1247,43.6446]]]}},{"type":"Feature","properties":{"id":"01544","name":"津別町","pref":"北海道"},"geometry":{"type":"Polygon","coordinates":[[[144.0721,43.4981],[144.0781,43.4904],[144.0716,43.4747],[144.0284,43.4614],[143.9595,43.4729],[143.9576,43.4828],[143.9402,43.4899],[143.9436,43.5013],[143.9284,43.504],[143.9281,43.5193],[143.8976,43.5314],[143.8771,43.5229],[143.837,43.5497],[143.82,43.5797],[143.7908,43.5916],[143.7885,43.6056],[143.7748,43.6162],[143.7789,43.6429],[143.8207,43.6458],[143.8343,43.6635],[143.8165,43.6719],[143.8226,43.6859],[143.8573,43.7093],[143.8983,43.7047],[143.9133,43.7337],[143.9425,43.7234],[143.953,43.7304],[144.0076,43.7289],[144.0557,43.7678],[144.0699,43.763],[144.0961,43.7383],[144.0908,43.7357],[144.1151,43.6944],[144.1293,43.6851],[144.1223,43.645],[144.1385,43.6265],[144.1689,43.6252],[144.1878,43.6072],[144.2177,43.599],[144.2354,43.545],[144.2196,43.5171],[144.1971,43.5253],[144.1804,43.5103],[144.1638,43.5253],[144.1422,43.5312],[144.1226,43.5118],[144.0823,43.5151],[144.0721,43.4981]]]}},{"type":"Feature","properties":{"id":"01545","name":"斜里町","pref":"北海道"},"geometry":{"type":"MultiPolygon","coordinates":[[[[144.7965,43.763],[144.7178,43.7637],[144.6546,43.8217],[144.6242,43.8336],[144.6164,43.8834],[144.5573,43.8806],[144.5542,43.9213],[144.6597,43.9169],[144.6618,43.9196],[144.6686,43.9231],[144.6618,43.9196],[144.6598,43.9157],[144.6603,43.9155],[144.6678,43.9218],[144.735,43.9216],[144.7953,43.9314],[144.8057,43.9426],[144.8341,43.9514],[144.8335,43.9606],[144.8487,43.9737],[144.9142,44.0074],[144.9356,44.0431],[144.9454,44.0396],[144.9764,44.0678],[144.9877,44.0667],[144.9908,44.0764],[144.9972,44.0726],[145.0051,44.079],[145.0099,44.0853],[145.0092,44.0951],[145.0153,44.1001],[145.041,44.1077],[145.0694,44.1238],[145.0795,44.1368],[145.083,44.1355],[145.0869,44.1371],[145.1182,44.1553],[145.1203,44.1637],[145.1234,44.1624],[145.1313,44.1646],[145.1919,44.1953],[145.2088,44.2154],[145.2167,44.2311],[145.2227,44.2361],[145.2298,44.2526],[145.2579,44.2695],[145.2809,44.2901],[145.2909,44.3094],[145.3063,44.3123],[145.3102,44.3188],[145.308,44.3244],[145.3197,44.3355],[145.3207,44.3405],[145.3368,44.343],[145.3173,44.2873],[145.3197,44.2658],[145.3,44.2529],[145.303,44.2469],[145.2773,44.2197],[145.2769,44.2059],[145.2854,44.1995],[145.2791,44.1895],[145.2876,44.1854],[145.2715,44.1778],[145.2741,44.1687],[145.245,44.1644],[145.2178,44.1467],[145.1806,44.1362],[145.1626,44.1132],[145.1495,44.1119],[145.1133,44.058],[145.0888,44.0428],[145.065,44.0431],[145.0494,44.008],[145.026,44.0063],[145.0155,43.9976],[144.9952,43.968],[145.0032,43.947],[144.9763,43.9264],[144.9229,43.9188],[144.9166,43.907],[144.905,43.9056],[144.8969,43.8868],[144.8767,43.8767],[144.9051,43.8671],[144.9051,43.8503],[144.877,43.8319],[144.8796,43.8224],[144.8636,43.8128],[144.8675,43.798],[144.8608,43.7871],[144.8439,43.7867],[144.839,43.7995],[144.8306,43.7994],[144.8076,43.7874],[144.8102,43.7748],[144.7965,43.763]]],[[[144.9497,44.0536],[144.9498,44.0537],[144.9498,44.0536],[144.9497,44.0536]]],[[[144.9591,44.0545],[144.959,44.0544],[144.9589,44.0545],[144.9591,44.0545]]],[[[144.9593,44.0548],[144.9589,44.0548],[144.9588,44.055],[144.9593,44.0548]]],[[[144.9553,44.0581],[144.9553,44.058],[144.9552,44.0581],[144.9553,44.0581]]],[[[144.9848,44.0689],[144.9852,44.0699],[144.9853,44.0698],[144.9848,44.0689]]],[[[144.9827,44.0717],[144.9812,44.0707],[144.9842,44.0725],[144.9827,44.0717]]],[[[144.9978,44.0739],[144.9976,44.074],[144.9979,44.0739],[144.9978,44.0739]]],[[[144.9977,44.0742],[144.9976,44.0743],[144.9978,44.0743],[144.9977,44.0742]]],[[[144.9972,44.0744],[144.9969,44.0744],[144.9969,44.0745],[144.9972,44.0744]]],[[[144.9976,44.0744],[144.9976,44.0746],[144.9977,44.0744],[144.9976,44.0744]]],[[[144.9991,44.0757],[144.9991,44.076],[144.9993,44.0758],[144.9991,44.0757]]],[[[145.0005,44.0766],[145.0004,44.0777],[145.0022,44.0776],[145.0005,44.0766]]],[[[145.0016,44.0783],[145.0015,44.0785],[145.0017,44.0784],[145.0016,44.0783]]],[[[145.003,44.0784],[145.003,44.0787],[145.0031,44.0786],[145.003,44.0784]]],[[[145.002,44.0786],[145.0018,44.0786],[145.0018,44.0786],[145.002,44.0786]]],[[[145.0028,44.0787],[145.0027,44.0788],[145.0029,44.0788],[145.0028,44.0787]]],[[[145.0033,44.0792],[145.004,44.0789],[145.0031,44.079],[145.0033,44.0792]]],[[[145.0055,44.0797],[145.0049,44.0796],[145.0048,44.0796],[145.0055,44.0797]]],[[[145.0057,44.0798],[145.0055,44.0799],[145.0057,44.0799],[145.0057,44.0798]]],[[[145.0052,44.0817],[145.0049,44.0816],[145.0048,44.0816],[145.0052,44.0817]]],[[[145.0061,44.0826],[145.0058,44.0824],[145.0056,44.0826],[145.0061,44.0826]]],[[[145.0073,44.0824],[145.0072,44.0826],[145.0076,44.0826],[145.0073,44.0824]]],[[[145.0069,44.0827],[145.0071,44.0828],[145.0071,44.0827],[145.0069,44.0827]]],[[[145.0069,44.0831],[145.0069,44.0833],[145.0071,44.0833],[145.0069,44.0831]]],[[[145.0266,44.1042],[145.0263,44.1039],[145.0262,44.1043],[145.0266,44.1042]]],[[[145.0307,44.1059],[145.0306,44.1057],[145.0305,44.1058],[145.0307,44.1059]]],[[[145.0706,44.1274],[145.0704,44.1272],[145.0704,44.1274],[145.0706,44.1274]]],[[[145.0839,44.1371],[145.0836,44.1368],[145.0835,44.1371],[145.0839,44.1371]]],[[[145.1243,44.163],[145.1244,44.163],[145.1244,44.1629],[145.1243,44.163]]],[[[145.1354,44.1708],[145.1354,44.1711],[145.1356,44.1709],[145.1354,44.1708]]],[[[145.1357,44.1712],[145.1355,44.1711],[145.1355,44.1712],[145.1357,44.1712]]],[[[145.1421,44.1728],[145.1423,44.1728],[145.1422,44.1727],[145.1421,44.1728]]],[[[145.183,44.1926],[145.1832,44.1925],[145.1831,44.1925],[145.183,44.1926]]],[[[145.1857,44.1932],[145.1859,44.1933],[145.1859,44.1932],[145.1857,44.1932]]],[[[145.1862,44.1935],[145.1861,44.1937],[145.1863,44.1935],[145.1862,44.1935]]],[[[145.1864,44.1938],[145.1862,44.1938],[145.1864,44.1938],[145.1864,44.1938]]],[[[145.1879,44.1942],[145.1878,44.1941],[145.1878,44.1942],[145.1879,44.1942]]],[[[145.187,44.1943],[145.1869,44.1942],[145.1869,44.1942],[145.187,44.1943]]],[[[145.1875,44.1945],[145.1873,44.1944],[145.1872,44.1945],[145.1875,44.1945]]],[[[145.2032,44.2104],[145.2031,44.2102],[145.203,44.2102],[145.2032,44.2104]]],[[[145.2026,44.2104],[145.2028,44.2103],[145.2026,44.2103],[145.2026,44.2104]]],[[[145.2095,44.218],[145.2097,44.2178],[145.2095,44.2179],[145.2095,44.218]]],[[[145.2222,44.2401],[145.2221,44.2403],[145.2224,44.2402],[145.2222,44.2401]]],[[[145.224,44.2416],[145.2236,44.2423],[145.2242,44.2418],[145.224,44.2416]]],[[[145.2252,44.2483],[145.2253,44.2481],[145.2251,44.2482],[145.2252,44.2483]]],[[[145.2324,44.2545],[145.2325,44.2546],[145.2325,44.2546],[145.2324,44.2545]]],[[[145.2333,44.255],[145.2321,44.2555],[145.2335,44.2554],[145.2333,44.255]]],[[[145.2394,44.2598],[145.239,44.2596],[145.2391,44.2598],[145.2394,44.2598]]],[[[145.2672,44.2837],[145.2673,44.284],[145.2671,44.2836],[145.2672,44.2837]]],[[[145.2667,44.2841],[145.2667,44.2839],[145.2666,44.2841],[145.2667,44.2841]]],[[[145.2665,44.2841],[145.2664,44.284],[145.2664,44.284],[145.2665,44.2841]]],[[[145.2667,44.2844],[145.2667,44.2843],[145.2666,44.2843],[145.2667,44.2844]]],[[[145.2669,44.2844],[145.267,44.2844],[145.2668,44.2844],[145.2669,44.2844]]],[[[145.2666,44.2851],[145.2675,44.2846],[145.2662,44.2844],[145.2666,44.2851]]],[[[145.2672,44.2856],[145.2671,44.2855],[145.2671,44.2856],[145.2672,44.2856]]],[[[145.2804,44.2925],[145.2797,44.292],[145.2799,44.2929],[145.2804,44.2925]]],[[[145.2795,44.293],[145.2792,44.2932],[145.2795,44.2932],[145.2795,44.293]]],[[[145.2798,44.2932],[145.2797,44.293],[145.2797,44.2931],[145.2798,44.2932]]],[[[145.2897,44.3076],[145.2897,44.3074],[145.2896,44.3075],[145.2897,44.3076]]],[[[145.2904,44.3093],[145.2906,44.3095],[145.2907,44.3094],[145.2904,44.3093]]],[[[145.2917,44.3099],[145.2919,44.31],[145.2919,44.3099],[145.2917,44.3099]]],[[[145.3081,44.3232],[145.3082,44.3233],[145.3083,44.3231],[145.3081,44.3232]]],[[[145.3131,44.3305],[145.3132,44.3303],[145.3131,44.3304],[145.3131,44.3305]]],[[[145.314,44.3306],[145.3142,44.3307],[145.3142,44.3307],[145.314,44.3306]]],[[[145.3136,44.3315],[145.3138,44.3317],[145.3139,44.3315],[145.3136,44.3315]]],[[[145.3133,44.3317],[145.3133,44.3319],[145.3135,44.3318],[145.3133,44.3317]]],[[[145.3138,44.3318],[145.3138,44.332],[145.3139,44.3319],[145.3138,44.3318]]],[[[145.319,44.3377],[145.3189,44.3375],[145.3188,44.3377],[145.319,44.3377]]],[[[145.319,44.3381],[145.3193,44.3379],[145.319,44.3379],[145.319,44.3381]]],[[[145.3184,44.3385],[145.3166,44.3378],[145.3165,44.338],[145.3184,44.3385]]],[[[145.3195,44.3391],[145.3197,44.3391],[145.3195,44.339],[145.3195,44.3391]]],[[[145.3261,44.3427],[145.3259,44.3425],[145.3259,44.3427],[145.3261,44.3427]]],[[[145.337,44.3428],[145.3368,44.3428],[145.337,44.3429],[145.337,44.3428]]],[[[145.3369,44.3431],[145.3367,44.3431],[145.3368,44.3432],[145.3369,44.3431]]],[[[145.3234,44.3437],[145.323,44.3436],[145.323,44.3437],[145.3234,44.3437]]],[[[145.3332,44.3447],[145.3329,44.3446],[145.3329,44.3447],[145.3332,44.3447]]],[[[145.3275,44.3445],[145.3269,44.3448],[145.3272,44.345],[145.3275,44.3445]]],[[[145.3328,44.345],[145.3329,44.3448],[145.3327,44.3448],[145.3328,44.345]]],[[[145.3318,44.3452],[145.3314,44.3452],[145.3316,44.3454],[145.3318,44.3452]]],[[[145.3312,44.3455],[145.3312,44.3452],[145.331,44.3453],[145.3312,44.3455]]],[[[145.3309,44.3467],[145.3305,44.3466],[145.3308,44.3468],[145.3309,44.3467]]],[[[145.3356,44.3468],[145.3358,44.3469],[145.3357,44.3468],[145.3356,44.3468]]]]}},{"type":"Feature","properties":{"id":"01546","name":"清里町","pref":"北海道"},"geometry":{"type":"Polygon","coordinates":[[[144.7051,43.6666],[144.7063,43.6599],[144.6788,43.6524],[144.6415,43.625],[144.6137,43.6344],[144.5917,43.619],[144.5928,43.6091],[144.5706,43.6007],[144.556,43.6113],[144.5303,43.6116],[144.5149,43.6529],[144.4863,43.6601],[144.481,43.6759],[144.4902,43.6856],[144.4851,43.7048],[144.4946,43.7535],[144.5129,43.7586],[144.5072,43.8232],[144.5208,43.8239],[144.5201,43.8338],[144.5613,43.8362],[144.5573,43.8806],[144.6164,43.8834],[144.6242,43.8336],[144.6546,43.8217],[144.7225,43.7618],[144.7235,43.7098],[144.7342,43.6865],[144.7051,43.6666]]]}},{"type":"Feature","properties":{"id":"01547","name":"小清水町","pref":"北海道"},"geometry":{"type":"Polygon","coordinates":[[[144.4817,43.6781],[144.4402,43.6981],[144.3903,43.6877],[144.3654,43.7004],[144.3319,43.7049],[144.3699,43.7268],[144.3916,43.8002],[144.3824,43.8184],[144.394,43.8404],[144.3915,43.852],[144.41,43.8561],[144.4075,43.8661],[144.4222,43.8798],[144.4334,43.9176],[144.4281,43.9311],[144.3868,43.9385],[144.3619,43.949],[144.3631,43.9558],[144.5542,43.9213],[144.5613,43.8362],[144.5201,43.8338],[144.5208,43.8239],[144.5072,43.8232],[144.5129,43.7586],[144.4947,43.7537],[144.4851,43.7048],[144.4902,43.6856],[144.4817,43.6781]]]}},{"type":"Feature","properties":{"id":"01549","name":"訓子府町","pref":"北海道"},"geometry":{"type":"Polygon","coordinates":[[[143.8294,43.6667],[143.8324,43.6573],[143.8224,43.647],[143.7789,43.643],[143.7787,43.6261],[143.7598,43.6163],[143.7403,43.6192],[143.736,43.6379],[143.7238,43.6406],[143.6957,43.6397],[143.6793,43.6258],[143.6168,43.6429],[143.6385,43.6612],[143.6745,43.6714],[143.6602,43.776],[143.6825,43.7699],[143.6986,43.7775],[143.7962,43.7838],[143.8034,43.7273],[143.7889,43.6951],[143.8104,43.6718],[143.8294,43.6667]]]}},{"type":"Feature","properties":{"id":"01550","name":"置戸町","pref":"北海道"},"geometry":{"type":"Polygon","coordinates":[[[143.4998,43.5499],[143.4723,43.5293],[143.4637,43.5082],[143.4252,43.5247],[143.4032,43.5451],[143.3756,43.5521],[143.3569,43.5465],[143.3339,43.5577],[143.3028,43.5465],[143.2615,43.5593],[143.2333,43.5515],[143.2235,43.5568],[143.226,43.5749],[143.2132,43.5753],[143.2079,43.5845],[143.1835,43.5825],[143.173,43.5949],[143.1872,43.6076],[143.1801,43.6128],[143.1881,43.6245],[143.2263,43.6398],[143.2549,43.6401],[143.2933,43.6537],[143.3513,43.6379],[143.3778,43.6558],[143.39,43.6554],[143.4034,43.6741],[143.422,43.6646],[143.4332,43.6927],[143.5257,43.7061],[143.5344,43.7445],[143.5468,43.741],[143.5868,43.7621],[143.6254,43.7577],[143.6595,43.7759],[143.6745,43.6714],[143.6385,43.6612],[143.6171,43.6435],[143.632,43.6225],[143.6173,43.606],[143.5704,43.5946],[143.5439,43.5984],[143.5282,43.5781],[143.53,43.5659],[143.5194,43.5479],[143.4998,43.5499]]]}},{"type":"Feature","properties":{"id":"01552","name":"佐呂間町","pref":"北海道"},"geometry":{"type":"Polygon","coordinates":[[[143.6709,43.9078],[143.686,43.9257],[143.6474,43.9221],[143.6503,43.9303],[143.6379,43.942],[143.6154,43.9339],[143.604,43.9478],[143.5747,43.9493],[143.5721,43.9621],[143.5891,43.9699],[143.5873,43.9893],[143.6012,43.9938],[143.6483,43.9881],[143.6641,44.011],[143.6825,44.0171],[143.7127,44.0067],[143.7468,44.0932],[143.7419,44.1207],[143.7757,44.1443],[143.911,44.1259],[143.9667,44.0849],[143.9459,44.0586],[143.9524,44.0363],[143.9387,44.0307],[143.9303,44.0137],[143.8935,43.9975],[143.878,43.9814],[143.8615,43.9767],[143.8138,43.988],[143.8031,43.9778],[143.7936,43.9839],[143.7824,43.9785],[143.7852,43.9704],[143.7691,43.9516],[143.7465,43.9559],[143.7579,43.9201],[143.7275,43.9003],[143.72,43.8787],[143.7009,43.8751],[143.6709,43.9078]]]}},{"type":"Feature","properties":{"id":"01555","name":"遠軽町","pref":"北海道"},"geometry":{"type":"Polygon","coordinates":[[[143.2512,43.7393],[143.2529,43.7094],[143.225,43.6967],[143.1718,43.7069],[143.169,43.7213],[143.1797,43.7351],[143.1605,43.7616],[143.1454,43.7627],[143.0799,43.7379],[143.0636,43.7482],[143.0244,43.7453],[143.0071,43.7597],[143.0137,43.7977],[143.0466,43.8125],[143.0103,43.8265],[143.009,43.8373],[143.018,43.8461],[143.0085,43.859],[143.0213,43.8648],[143.0197,43.8867],[143.0637,43.9148],[143.0634,43.9255],[143.1079,43.9601],[143.1019,43.978],[143.0915,43.9827],[143.0962,43.9957],[143.1256,44.0033],[143.1636,43.9918],[143.1774,44.0133],[143.2119,44.0172],[143.2229,44.0315],[143.2557,44.0414],[143.2888,44.028],[143.3028,44.031],[143.2993,44.0366],[143.3153,44.0516],[143.329,44.0524],[143.3344,44.0666],[143.3588,44.0797],[143.3767,44.1097],[143.3916,44.1122],[143.4927,44.0769],[143.4972,44.0896],[143.5068,44.0888],[143.5072,44.0794],[143.5413,44.0968],[143.5705,44.0962],[143.583,44.0873],[143.5739,44.0741],[143.5729,44.0376],[143.5602,44.0248],[143.565,43.9968],[143.5866,43.9922],[143.5897,43.9839],[143.5891,43.9699],[143.571,43.9571],[143.5908,43.9376],[143.5838,43.9208],[143.5873,43.8965],[143.5669,43.8758],[143.5725,43.845],[143.529,43.8352],[143.5301,43.8222],[143.5115,43.8131],[143.4567,43.8134],[143.4331,43.799],[143.3767,43.7979],[143.3534,43.7729],[143.3267,43.764],[143.3099,43.7682],[143.307,43.7595],[143.2891,43.7635],[143.2512,43.7393]]]}},{"type":"Feature","properties":{"id":"01559","name":"湧別町","pref":"北海道"},"geometry":{"type":"MultiPolygon","coordinates":[[[[143.5648,44.0],[143.5602,44.0248],[143.5729,44.0376],[143.5739,44.0741],[143.583,44.0873],[143.5705,44.0962],[143.5413,44.0968],[143.5072,44.0794],[143.5068,44.0888],[143.4972,44.0896],[143.4927,44.0769],[143.4108,44.102],[143.4167,44.1052],[143.4134,44.1507],[143.469,44.1831],[143.51,44.2265],[143.559,44.2525],[143.7765,44.1847],[143.7757,44.1443],[143.7419,44.1207],[143.7468,44.0932],[143.7127,44.0067],[143.682,44.017],[143.6641,44.011],[143.652,44.0],[143.6547,43.9918],[143.6435,43.987],[143.6134,43.9956],[143.5873,43.9893],[143.5648,44.0]]],[[[143.6317,44.2355],[143.633,44.235],[143.6316,44.2354],[143.6317,44.2355]]]]}},{"type":"Feature","properties":{"id":"01560","name":"滝上町","pref":"北海道"},"geometry":{"type":"Polygon","coordinates":[[[143.0575,43.9137],[143.0371,43.9281],[143.0123,43.9219],[142.9816,43.9438],[142.9405,43.9275],[142.8885,43.9264],[142.8857,43.9346],[142.8935,43.9403],[142.8796,43.9478],[142.8908,43.9658],[142.8888,43.9764],[142.9026,43.9897],[142.8943,44.0035],[142.8982,44.0099],[142.8898,44.0207],[142.8742,44.0191],[142.8765,44.0328],[142.8665,44.0403],[142.8788,44.0517],[142.8604,44.0693],[142.8705,44.0849],[142.8568,44.0905],[142.8605,44.1087],[142.8417,44.1275],[142.838,44.1563],[142.8634,44.1548],[142.8822,44.1662],[142.8787,44.1826],[142.8681,44.1887],[142.8725,44.2038],[142.8647,44.2184],[142.8711,44.2264],[142.9068,44.2292],[142.9176,44.2155],[142.9626,44.2188],[142.9896,44.2339],[142.9985,44.2628],[143.0814,44.2918],[143.0954,44.2868],[143.1066,44.2666],[143.1307,44.2583],[143.1541,44.2302],[143.1712,44.2338],[143.1951,44.2244],[143.1979,44.2021],[143.1744,44.1859],[143.1696,44.1631],[143.1571,44.1481],[143.1417,44.1456],[143.1332,44.1344],[143.1522,44.091],[143.1236,44.0584],[143.1352,44.0442],[143.1266,44.0329],[143.1347,44.0209],[143.1256,44.0033],[143.096,43.9955],[143.0915,43.9827],[143.1019,43.978],[143.1079,43.9601],[143.0575,43.9137]]]}},{"type":"Feature","properties":{"id":"01561","name":"興部町","pref":"北海道"},"geometry":{"type":"MultiPolygon","coordinates":[[[[143.0638,44.2891],[143.0256,44.341],[143.0331,44.3485],[143.0275,44.3604],[143.0323,44.3727],[143.011,44.3979],[142.9333,44.3851],[142.9179,44.396],[142.8877,44.4006],[142.8708,44.4257],[142.8563,44.4297],[142.8621,44.44],[142.8949,44.4416],[142.8918,44.4493],[142.9148,44.4683],[142.9288,44.4468],[142.945,44.4515],[142.9916,44.4426],[143.0233,44.4605],[143.0449,44.4508],[143.0523,44.4608],[143.0853,44.4732],[143.1005,44.4979],[143.2141,44.4406],[143.2204,44.439],[143.2213,44.4394],[143.2231,44.4416],[143.232,44.423],[143.2761,44.4008],[143.2751,44.3837],[143.2471,44.3652],[143.2435,44.3512],[143.208,44.3482],[143.2046,44.334],[143.192,44.3273],[143.1576,44.3322],[143.1439,44.3163],[143.1202,44.3137],[143.1095,44.2892],[143.0638,44.2891]]],[[[143.2284,44.4361],[143.2284,44.436],[143.2284,44.436],[143.2284,44.4361]]],[[[143.2284,44.4361],[143.2284,44.4362],[143.2284,44.4361],[143.2284,44.4361]]],[[[143.2284,44.4362],[143.2284,44.4362],[143.2284,44.4362],[143.2284,44.4362]]],[[[143.2284,44.4363],[143.2283,44.4363],[143.2284,44.4363],[143.2284,44.4363]]],[[[143.2284,44.4363],[143.2284,44.4363],[143.2284,44.4363],[143.2284,44.4363]]],[[[143.2284,44.4371],[143.2283,44.437],[143.2284,44.4371],[143.2284,44.4371]]],[[[143.2283,44.4372],[143.2281,44.4372],[143.2281,44.4372],[143.2283,44.4372]]],[[[143.2284,44.4372],[143.2284,44.4372],[143.2283,44.4371],[143.2284,44.4372]]],[[[143.2278,44.438],[143.2277,44.4377],[143.2275,44.4378],[143.2278,44.438]]],[[[143.2281,44.4385],[143.2277,44.4389],[143.2282,44.4387],[143.2281,44.4385]]],[[[143.2262,44.4392],[143.226,44.4391],[143.2262,44.4393],[143.2262,44.4392]]],[[[143.226,44.4393],[143.226,44.4394],[143.2261,44.4394],[143.226,44.4393]]],[[[143.2247,44.4403],[143.2247,44.4406],[143.2248,44.4405],[143.2247,44.4403]]],[[[143.2228,44.4413],[143.2228,44.4413],[143.2228,44.4413],[143.2228,44.4413]]],[[[143.2297,44.4339],[143.2296,44.4338],[143.2296,44.4339],[143.2297,44.4339]]],[[[143.2296,44.434],[143.2295,44.434],[143.2296,44.4341],[143.2296,44.434]]],[[[143.2295,44.4345],[143.2294,44.4348],[143.2296,44.4348],[143.2295,44.4345]]],[[[143.2296,44.4347],[143.2297,44.4349],[143.2296,44.4347],[143.2296,44.4347]]],[[[143.2297,44.4351],[143.2296,44.4352],[143.2297,44.4352],[143.2297,44.4351]]],[[[143.2291,44.4357],[143.229,44.4355],[143.2291,44.4357],[143.2291,44.4357]]],[[[143.2284,44.4361],[143.2284,44.4362],[143.2285,44.4362],[143.2284,44.4361]]],[[[143.2286,44.4363],[143.2289,44.4364],[143.2285,44.4362],[143.2286,44.4363]]],[[[143.229,44.4363],[143.2289,44.4363],[143.2289,44.4364],[143.229,44.4363]]],[[[143.2294,44.4364],[143.2295,44.4365],[143.2295,44.4364],[143.2294,44.4364]]],[[[143.2294,44.4367],[143.2294,44.4367],[143.2294,44.4367],[143.2294,44.4367]]],[[[143.2291,44.4368],[143.2292,44.4368],[143.2292,44.4367],[143.2291,44.4368]]],[[[143.2294,44.4367],[143.2293,44.4368],[143.2294,44.4369],[143.2294,44.4367]]],[[[143.229,44.4367],[143.2288,44.4369],[143.229,44.4368],[143.229,44.4367]]],[[[143.2296,44.4369],[143.2296,44.437],[143.2296,44.437],[143.2296,44.4369]]],[[[143.2301,44.4333],[143.2301,44.4332],[143.2301,44.4332],[143.2301,44.4333]]],[[[143.2302,44.4333],[143.2304,44.4333],[143.2302,44.4333],[143.2302,44.4333]]],[[[143.2301,44.4333],[143.2301,44.4333],[143.2301,44.4333],[143.2301,44.4333]]],[[[143.23,44.4335],[143.2301,44.4335],[143.23,44.4335],[143.23,44.4335]]],[[[143.2309,44.4336],[143.231,44.4337],[143.2311,44.4337],[143.2309,44.4336]]],[[[143.2297,44.4337],[143.2298,44.4337],[143.2297,44.4337],[143.2297,44.4337]]],[[[143.23,44.4339],[143.2302,44.4336],[143.2299,44.4338],[143.23,44.4339]]],[[[143.2309,44.4339],[143.2308,44.4337],[143.2307,44.4337],[143.2309,44.4339]]],[[[143.2298,44.4341],[143.2297,44.4341],[143.2298,44.4342],[143.2298,44.4341]]],[[[143.2299,44.4352],[143.2298,44.4351],[143.2299,44.4353],[143.2299,44.4352]]],[[[143.2314,44.4357],[143.2313,44.4357],[143.2313,44.4357],[143.2314,44.4357]]],[[[143.2301,44.4361],[143.2302,44.4362],[143.2302,44.4361],[143.2301,44.4361]]],[[[143.2299,44.4369],[143.2299,44.437],[143.23,44.437],[143.2299,44.4369]]],[[[143.23,44.4371],[143.2301,44.4371],[143.23,44.4371],[143.23,44.4371]]]]}},{"type":"Feature","properties":{"id":"01562","name":"西興部村","pref":"北海道"},"geometry":{"type":"Polygon","coordinates":[[[142.8746,44.2292],[142.8593,44.2573],[142.8264,44.2724],[142.8242,44.3288],[142.8026,44.3314],[142.8025,44.3426],[142.8155,44.3501],[142.8169,44.3666],[142.8289,44.3788],[142.8231,44.3875],[142.8305,44.397],[142.8188,44.4191],[142.8584,44.4389],[142.8563,44.4297],[142.8708,44.4257],[142.8877,44.4006],[142.9179,44.396],[142.9333,44.3851],[143.011,44.3979],[143.0323,44.3727],[143.0268,44.3303],[143.0638,44.2891],[142.9985,44.2628],[142.9896,44.2339],[142.9626,44.2188],[142.9176,44.2155],[142.907,44.2292],[142.8926,44.2238],[142.8746,44.2292]]]}},{"type":"Feature","properties":{"id":"01563","name":"雄武町","pref":"北海道"},"geometry":{"type":"MultiPolygon","coordinates":[[[[142.5861,44.4331],[142.6006,44.4855],[142.6183,44.5001],[142.6279,44.523],[142.6461,44.5306],[142.6325,44.5431],[142.6571,44.5763],[142.6447,44.581],[142.647,44.59],[142.6879,44.6032],[142.6844,44.6156],[142.7025,44.6301],[142.7415,44.6418],[142.7626,44.6346],[142.7927,44.6404],[142.8421,44.6872],[142.9174,44.629],[142.9275,44.6289],[142.9324,44.6145],[142.9457,44.6089],[142.9483,44.6057],[142.943,44.608],[142.9433,44.6021],[142.9643,44.5907],[142.9692,44.5862],[142.9637,44.5892],[142.964,44.5844],[142.9898,44.5606],[143.0454,44.5295],[143.063,44.532],[143.0634,44.5193],[143.1005,44.4979],[143.0853,44.4732],[143.0523,44.4608],[143.0481,44.4521],[143.0233,44.4605],[142.9916,44.4426],[142.945,44.4515],[142.9288,44.4468],[142.9148,44.4683],[142.8918,44.4493],[142.8949,44.4416],[142.8513,44.4383],[142.8402,44.4468],[142.8484,44.4599],[142.7894,44.4535],[142.7671,44.4669],[142.7504,44.4549],[142.7392,44.4632],[142.7209,44.4609],[142.712,44.486],[142.6834,44.4735],[142.6505,44.4377],[142.5861,44.4331]]],[[[142.9682,44.5828],[142.9681,44.5828],[142.9681,44.5829],[142.9682,44.5828]]],[[[142.966,44.5838],[142.9664,44.5835],[142.9663,44.5834],[142.966,44.5838]]],[[[142.9661,44.584],[142.966,44.584],[142.966,44.5841],[142.9661,44.584]]],[[[142.9673,44.5864],[142.9669,44.5858],[142.9668,44.5859],[142.9673,44.5864]]],[[[142.9595,44.5964],[142.9592,44.5965],[142.9594,44.5966],[142.9595,44.5964]]],[[[142.951,44.6043],[142.9519,44.6049],[142.9502,44.6034],[142.951,44.6043]]],[[[142.9486,44.606],[142.9505,44.6058],[142.9486,44.606],[142.9486,44.606]]],[[[142.8778,44.6624],[142.8778,44.6626],[142.878,44.6625],[142.8778,44.6624]]]]}},{"type":"Feature","properties":{"id":"01564","name":"大空町","pref":"北海道"},"geometry":{"type":"Polygon","coordinates":[[[144.3322,43.7071],[144.281,43.7071],[144.2629,43.7154],[144.247,43.7472],[144.2457,43.7747],[144.2341,43.7864],[144.2361,43.7998],[144.2195,43.8012],[144.2169,43.8223],[144.184,43.8461],[144.1913,43.8555],[144.1312,43.8741],[144.1111,43.8574],[144.0961,43.8572],[144.0833,43.8851],[144.0704,43.8935],[144.0485,43.89],[144.0751,43.9359],[144.0908,43.9438],[144.1259,43.9328],[144.1732,43.968],[144.2106,43.9518],[144.2094,43.9409],[144.2352,43.9184],[144.2626,43.8691],[144.3047,43.8733],[144.2962,43.8852],[144.3013,43.8941],[144.3778,43.8711],[144.3725,43.8618],[144.3823,43.8445],[144.3666,43.8407],[144.3646,43.827],[144.3836,43.791],[144.3749,43.7765],[144.388,43.7829],[144.3863,43.7723],[144.3684,43.7246],[144.3322,43.7071]]]}},{"type":"Feature","properties":{"id":"01571","name":"豊浦町","pref":"北海道"},"geometry":{"type":"MultiPolygon","coordinates":[[[[140.5643,42.5746],[140.5644,42.5745],[140.5643,42.5746],[140.5643,42.5746]]],[[[140.5631,42.5749],[140.5632,42.575],[140.5633,42.575],[140.5631,42.5749]]],[[[140.5625,42.5752],[140.5623,42.5751],[140.5623,42.5752],[140.5625,42.5752]]],[[[140.5514,42.5787],[140.5513,42.5787],[140.5513,42.5787],[140.5514,42.5787]]],[[[140.5515,42.5789],[140.5515,42.5789],[140.5515,42.5789],[140.5515,42.5789]]],[[[140.551,42.579],[140.551,42.5789],[140.5509,42.579],[140.551,42.579]]],[[[140.5503,42.579],[140.5502,42.5791],[140.5503,42.579],[140.5503,42.579]]],[[[140.5473,42.5806],[140.5473,42.5807],[140.5474,42.5806],[140.5473,42.5806]]],[[[140.5473,42.5809],[140.5472,42.5808],[140.5472,42.5809],[140.5473,42.5809]]],[[[140.5469,42.581],[140.5468,42.581],[140.5469,42.581],[140.5469,42.581]]],[[[140.5469,42.5812],[140.5468,42.5811],[140.5468,42.5812],[140.5469,42.5812]]],[[[140.5457,42.5818],[140.5457,42.5817],[140.5456,42.5818],[140.5457,42.5818]]],[[[140.5459,42.5819],[140.5458,42.5819],[140.5459,42.5819],[140.5459,42.5819]]],[[[140.5451,42.5824],[140.545,42.5825],[140.5451,42.5824],[140.5451,42.5824]]],[[[140.545,42.5826],[140.5448,42.5827],[140.545,42.5827],[140.545,42.5826]]],[[[140.574,42.5683],[140.5739,42.5683],[140.5738,42.5683],[140.574,42.5683]]],[[[140.5736,42.5685],[140.5736,42.5684],[140.5736,42.5685],[140.5736,42.5685]]],[[[140.5734,42.5686],[140.5733,42.5687],[140.5734,42.5686],[140.5734,42.5686]]],[[[140.5731,42.5688],[140.5732,42.5688],[140.5732,42.5688],[140.5731,42.5688]]],[[[140.5713,42.5697],[140.5712,42.5696],[140.5712,42.5697],[140.5713,42.5697]]],[[[140.571,42.5699],[140.5711,42.5698],[140.571,42.5698],[140.571,42.5699]]],[[[140.5667,42.5704],[140.567,42.5703],[140.5668,42.5703],[140.5667,42.5704]]],[[[140.5667,42.5706],[140.5667,42.5707],[140.5668,42.5707],[140.5667,42.5706]]],[[[140.5665,42.5707],[140.5664,42.5708],[140.5665,42.5708],[140.5665,42.5707]]],[[[140.5662,42.5708],[140.5661,42.5708],[140.5662,42.5709],[140.5662,42.5708]]],[[[140.5662,42.571],[140.5662,42.5711],[140.5663,42.571],[140.5662,42.571]]],[[[140.5662,42.5712],[140.5661,42.5712],[140.5661,42.5712],[140.5662,42.5712]]],[[[140.5661,42.5714],[140.566,42.5713],[140.566,42.5714],[140.5661,42.5714]]],[[[140.5656,42.572],[140.5656,42.572],[140.5657,42.572],[140.5656,42.572]]],[[[140.5658,42.5722],[140.5656,42.5722],[140.5657,42.5722],[140.5658,42.5722]]],[[[140.5824,42.5658],[140.5831,42.5655],[140.5824,42.5653],[140.5824,42.5658]]],[[[140.5869,42.5676],[140.5863,42.5676],[140.5866,42.5678],[140.5869,42.5676]]],[[[140.5754,42.5677],[140.5755,42.5679],[140.5756,42.5677],[140.5754,42.5677]]],[[[140.5899,42.5698],[140.59,42.5697],[140.5899,42.5697],[140.5899,42.5698]]],[[[140.5999,42.5728],[140.5987,42.5722],[140.5986,42.5722],[140.5995,42.5727],[140.5999,42.5728]]],[[[140.6082,42.5738],[140.608,42.5745],[140.6088,42.574],[140.6082,42.5738]]],[[[140.6061,42.5742],[140.6063,42.5743],[140.6063,42.5742],[140.6061,42.5742]]],[[[140.6038,42.5744],[140.6041,42.5743],[140.6038,42.5743],[140.6038,42.5744]]],[[[140.6062,42.5744],[140.6062,42.5746],[140.6063,42.5745],[140.6062,42.5744]]],[[[140.6058,42.5746],[140.606,42.5745],[140.6059,42.5745],[140.6058,42.5746]]],[[[140.6048,42.5747],[140.6046,42.5745],[140.6045,42.5746],[140.6048,42.5747]]],[[[140.7082,42.579],[140.7083,42.5789],[140.7082,42.5789],[140.7082,42.579]]],[[[140.7098,42.58],[140.71,42.5796],[140.7099,42.5795],[140.7098,42.58]]],[[[140.6895,42.5871],[140.5914,42.5731],[140.5827,42.5662],[140.5371,42.5874],[140.5465,42.599],[140.5332,42.6161],[140.5671,42.649],[140.5601,42.6581],[140.5773,42.6647],[140.5623,42.7172],[140.5908,42.7076],[140.6349,42.7072],[140.724,42.7175],[140.7606,42.702],[140.7503,42.663],[140.755,42.6522],[140.7283,42.6351],[140.7374,42.6322],[140.7518,42.6018],[140.7623,42.6013],[140.7598,42.594],[140.7483,42.5946],[140.7481,42.5845],[140.7257,42.5718],[140.712,42.5737],[140.7105,42.5813],[140.7088,42.5795],[140.704,42.5815],[140.7077,42.5812],[140.7086,42.5826],[140.6895,42.5871]]]]}},{"type":"Feature","properties":{"id":"01575","name":"壮瞥町","pref":"北海道"},"geometry":{"type":"Polygon","coordinates":[[[140.8738,42.5323],[140.8256,42.5425],[140.843,42.6031],[140.9071,42.6231],[140.9187,42.6452],[140.9607,42.6446],[141.0246,42.6112],[141.0272,42.5922],[141.0676,42.5937],[141.0864,42.5739],[141.0856,42.5544],[141.0651,42.5448],[141.0691,42.5295],[141.0537,42.5291],[141.0233,42.5114],[140.9706,42.505],[140.9577,42.5366],[140.9401,42.5431],[140.8738,42.5323]]]}},{"type":"Feature","properties":{"id":"01578","name":"白老町","pref":"北海道"},"geometry":{"type":"MultiPolygon","coordinates":[[[[141.1895,42.448],[141.1893,42.4487],[141.1895,42.4487],[141.1895,42.448]]],[[[141.1971,42.4512],[141.1969,42.4513],[141.1971,42.4513],[141.1971,42.4512]]],[[[141.1981,42.4514],[141.198,42.4513],[141.198,42.4514],[141.1981,42.4514]]],[[[141.1955,42.4514],[141.1954,42.4514],[141.1955,42.4515],[141.1955,42.4514]]],[[[141.1974,42.4514],[141.1973,42.4513],[141.1973,42.4514],[141.1974,42.4514]]],[[[141.193,42.4521],[141.193,42.4521],[141.193,42.4521],[141.193,42.4521]]],[[[141.3171,42.5085],[141.3227,42.5161],[141.3229,42.516],[141.3171,42.5085]]],[[[141.1231,42.523],[141.1215,42.5415],[141.0853,42.5542],[141.0885,42.5886],[141.1138,42.6124],[141.1495,42.6248],[141.1437,42.637],[141.1554,42.6425],[141.1622,42.6649],[141.1839,42.6832],[141.2097,42.7006],[141.2435,42.6978],[141.2583,42.7137],[141.2702,42.7038],[141.2843,42.7053],[141.3114,42.6842],[141.3603,42.6816],[141.3432,42.6762],[141.3391,42.6503],[141.3451,42.6327],[141.4248,42.5802],[141.3258,42.5287],[141.3267,42.5242],[141.3213,42.5161],[141.3266,42.5242],[141.3236,42.5268],[141.3195,42.517],[141.3122,42.5213],[141.3074,42.5179],[141.3127,42.5135],[141.301,42.5148],[141.206,42.4534],[141.1919,42.4522],[141.1864,42.4461],[141.1899,42.4527],[141.1617,42.497],[141.1615,42.5082],[141.1712,42.5125],[141.1667,42.52],[141.1231,42.523]]]]}},{"type":"Feature","properties":{"id":"01581","name":"厚真町","pref":"北海道"},"geometry":{"type":"MultiPolygon","coordinates":[[[[141.7714,42.5803],[141.7766,42.5828],[141.8008,42.5851],[141.8093,42.5947],[141.8008,42.5849],[141.7714,42.5803]]],[[[141.8094,42.595],[141.8154,42.6018],[141.8155,42.6018],[141.8094,42.595]]],[[[141.88,42.591],[141.8177,42.601],[141.8161,42.6133],[141.7989,42.6022],[141.8149,42.6251],[141.8129,42.666],[141.8297,42.6746],[141.8236,42.7171],[141.8484,42.7311],[141.844,42.7409],[141.8595,42.7488],[141.8625,42.7671],[141.882,42.7762],[141.9228,42.8181],[141.9283,42.8361],[141.9525,42.8538],[141.9817,42.837],[141.9935,42.8495],[142.0064,42.8449],[142.0436,42.8624],[142.0548,42.8603],[142.0644,42.8741],[142.088,42.8661],[142.095,42.8501],[142.1058,42.8511],[142.1002,42.8372],[142.1123,42.8122],[142.0943,42.8016],[142.0891,42.7767],[142.0461,42.7373],[142.0437,42.7239],[141.9974,42.7005],[141.994,42.6748],[142.0031,42.6525],[141.9977,42.6422],[141.9313,42.6407],[141.9244,42.618],[141.8978,42.6101],[141.88,42.591]]]]}},{"type":"Feature","properties":{"id":"01584","name":"洞爺湖町","pref":"北海道"},"geometry":{"type":"MultiPolygon","coordinates":[[[[140.726,42.5708],[140.7259,42.5708],[140.7258,42.5708],[140.726,42.5708]]],[[[140.7259,42.5709],[140.7258,42.5709],[140.7258,42.571],[140.7259,42.5709]]],[[[140.7748,42.5352],[140.7259,42.5725],[140.7623,42.6013],[140.7518,42.6018],[140.7374,42.6322],[140.7283,42.6351],[140.7541,42.6509],[140.7576,42.6623],[140.778,42.6609],[140.7794,42.6697],[140.8378,42.6838],[140.8573,42.6995],[140.8906,42.6877],[140.9438,42.6841],[140.9703,42.6693],[140.9579,42.6414],[140.9187,42.6452],[140.9071,42.6231],[140.8432,42.6036],[140.8256,42.5425],[140.773,42.5202],[140.7748,42.5352]]]]}},{"type":"Feature","properties":{"id":"01585","name":"安平町","pref":"北海道"},"geometry":{"type":"Polygon","coordinates":[[[141.7952,42.6969],[141.7488,42.7286],[141.7366,42.7455],[141.7446,42.7545],[141.7426,42.7877],[141.7569,42.792],[141.7543,42.7984],[141.7758,42.8134],[141.7761,42.8232],[141.7644,42.8327],[141.7897,42.8404],[141.7908,42.876],[141.8062,42.8926],[141.8728,42.9214],[141.9371,42.8829],[141.9544,42.8544],[141.9283,42.8361],[141.9228,42.8181],[141.882,42.7762],[141.8625,42.7671],[141.8595,42.7488],[141.844,42.7409],[141.8484,42.7311],[141.8236,42.7171],[141.8258,42.6991],[141.7952,42.6969]]]}},{"type":"Feature","properties":{"id":"01586","name":"むかわ町","pref":"北海道"},"geometry":{"type":"Polygon","coordinates":[[[142.0114,42.5399],[141.9823,42.5452],[141.9669,42.5285],[141.918,42.5603],[141.9051,42.5767],[141.8768,42.5865],[141.8783,42.5954],[141.9244,42.618],[141.9313,42.6407],[141.9977,42.6422],[142.0031,42.6525],[141.994,42.6748],[141.9974,42.7005],[142.0437,42.7239],[142.0461,42.7373],[142.0891,42.7767],[142.0943,42.8016],[142.1123,42.8122],[142.1002,42.8372],[142.1058,42.8511],[142.095,42.8501],[142.0811,42.8709],[142.1071,42.8939],[142.1105,42.9148],[142.1449,42.9264],[142.1445,42.9489],[142.1777,42.9593],[142.1862,42.9515],[142.2019,42.9523],[142.2386,42.9742],[142.2553,42.9666],[142.2625,42.9823],[142.2737,42.9866],[142.2842,42.9731],[142.2728,42.9502],[142.2843,42.9412],[142.3018,42.9409],[142.3125,42.9181],[142.334,42.9075],[142.313,42.8812],[142.318,42.865],[142.3045,42.8424],[142.3118,42.8249],[142.2989,42.7732],[142.2426,42.7421],[142.2197,42.7448],[142.2125,42.7241],[142.1896,42.7202],[142.1857,42.7008],[142.1671,42.6924],[142.1368,42.6522],[142.1194,42.5933],[142.0897,42.5851],[142.0842,42.5747],[142.0606,42.5732],[142.0114,42.5399]]]}},{"type":"Feature","properties":{"id":"01601","name":"日高町","pref":"北海道"},"geometry":{"type":"MultiPolygon","coordinates":[[[[142.206,42.4309],[142.2072,42.4308],[142.206,42.4308],[142.206,42.4309]]],[[[142.075,42.4678],[142.0751,42.4678],[142.075,42.4677],[142.075,42.4678]]],[[[142.3055,42.4981],[142.3054,42.4699],[142.2829,42.4426],[142.2248,42.4213],[142.1691,42.4593],[142.0758,42.47],[142.0686,42.4784],[142.0273,42.4851],[141.9669,42.5285],[141.9823,42.5452],[142.0114,42.5399],[142.0471,42.5604],[142.0596,42.5493],[142.0539,42.5398],[142.0758,42.5399],[142.1134,42.522],[142.1568,42.5563],[142.1743,42.5605],[142.1954,42.5922],[142.2124,42.5986],[142.2253,42.6165],[142.2541,42.6231],[142.2567,42.6309],[142.2726,42.6209],[142.2978,42.6356],[142.3108,42.6184],[142.3374,42.6146],[142.4351,42.6245],[142.4723,42.6136],[142.4845,42.6211],[142.5044,42.6014],[142.4664,42.5941],[142.4553,42.5746],[142.4344,42.5647],[142.4096,42.565],[142.386,42.5423],[142.3345,42.5465],[142.3347,42.5227],[142.3209,42.5193],[142.3055,42.4981]]],[[[142.3736,42.8768],[142.4043,42.9143],[142.4012,42.9325],[142.425,42.9286],[142.4432,42.9115],[142.4746,42.9146],[142.4865,42.9235],[142.5031,42.914],[142.5216,42.9233],[142.5348,42.9106],[142.5462,42.9109],[142.5722,42.9292],[142.571,42.9419],[142.5875,42.9663],[142.6319,42.9863],[142.6662,42.982],[142.6781,42.9908],[142.7026,42.9902],[142.7278,43.0098],[142.7636,42.9891],[142.7496,42.9645],[142.7594,42.9425],[142.778,42.9256],[142.7561,42.8978],[142.7703,42.8728],[142.7879,42.8635],[142.7722,42.851],[142.7441,42.8473],[142.7321,42.8357],[142.7327,42.8229],[142.7202,42.8043],[142.7198,42.7757],[142.6977,42.7675],[142.6871,42.7504],[142.6591,42.7511],[142.6436,42.7552],[142.6353,42.7729],[142.5817,42.7929],[142.5681,42.8164],[142.5128,42.7985],[142.5076,42.7827],[142.4848,42.7734],[142.4555,42.7718],[142.4467,42.7815],[142.3843,42.7896],[142.3807,42.7995],[142.4017,42.8426],[142.399,42.8527],[142.3776,42.8618],[142.3736,42.8768]]]]}},{"type":"Feature","properties":{"id":"01602","name":"平取町","pref":"北海道"},"geometry":{"type":"Polygon","coordinates":[[[142.0472,42.5605],[142.0606,42.5732],[142.0842,42.5747],[142.0896,42.585],[142.1219,42.5955],[142.1204,42.6135],[142.1368,42.6522],[142.1671,42.6924],[142.1857,42.7008],[142.1896,42.7202],[142.2125,42.7241],[142.2197,42.7448],[142.2426,42.7421],[142.2989,42.7732],[142.3118,42.8249],[142.3045,42.8424],[142.318,42.865],[142.3131,42.8814],[142.3234,42.8907],[142.3394,42.8838],[142.3601,42.8915],[142.3782,42.8865],[142.3736,42.8768],[142.3794,42.8583],[142.3991,42.8524],[142.3955,42.821],[142.3798,42.7965],[142.3843,42.7896],[142.4467,42.7815],[142.4555,42.7718],[142.4848,42.7734],[142.5076,42.7827],[142.5128,42.7985],[142.5683,42.8164],[142.5834,42.7917],[142.6353,42.7729],[142.6438,42.7551],[142.6871,42.7504],[142.6951,42.7387],[142.6921,42.726],[142.6804,42.7185],[142.6588,42.7278],[142.6162,42.7252],[142.6083,42.7372],[142.5715,42.7277],[142.5449,42.6908],[142.5454,42.6395],[142.5308,42.6324],[142.4955,42.6343],[142.4723,42.6136],[142.4351,42.6245],[142.3374,42.6146],[142.3108,42.6184],[142.2978,42.6356],[142.2726,42.6209],[142.2567,42.6309],[142.2541,42.6231],[142.2253,42.6165],[142.2124,42.5986],[142.1954,42.5922],[142.1743,42.5605],[142.1568,42.5563],[142.1134,42.522],[142.0758,42.5399],[142.0539,42.5398],[142.0596,42.5493],[142.0472,42.5605]]]}},{"type":"Feature","properties":{"id":"01604","name":"新冠町","pref":"北海道"},"geometry":{"type":"MultiPolygon","coordinates":[[[[142.3206,42.35],[142.3206,42.3501],[142.3207,42.35],[142.3206,42.35]]],[[[142.2729,42.3775],[142.273,42.3774],[142.2729,42.3774],[142.2729,42.3775]]],[[[142.2707,42.3775],[142.2707,42.378],[142.2708,42.3775],[142.2707,42.3775]]],[[[142.2528,42.3881],[142.2524,42.3881],[142.2525,42.3882],[142.2528,42.3881]]],[[[142.2524,42.3883],[142.2522,42.3886],[142.2525,42.3885],[142.2524,42.3883]]],[[[142.2249,42.4167],[142.2246,42.4166],[142.2246,42.4169],[142.2249,42.4167]]],[[[142.3354,42.346],[142.2744,42.3764],[142.266,42.3906],[142.2222,42.4226],[142.2742,42.4357],[142.2976,42.4574],[142.3091,42.4827],[142.3053,42.5006],[142.3209,42.5193],[142.3347,42.5227],[142.3342,42.5463],[142.386,42.5423],[142.4096,42.565],[142.4344,42.5647],[142.4553,42.5746],[142.4664,42.5941],[142.5042,42.5992],[142.4843,42.6209],[142.4955,42.6343],[142.5308,42.6324],[142.5454,42.6395],[142.5424,42.6521],[142.5501,42.6595],[142.542,42.6669],[142.5498,42.6744],[142.5449,42.6903],[142.5521,42.6942],[142.5507,42.7047],[142.5622,42.7068],[142.5689,42.7258],[142.5878,42.7361],[142.6083,42.7372],[142.6162,42.7252],[142.6588,42.7278],[142.6777,42.7183],[142.6921,42.726],[142.6951,42.7387],[142.715,42.7383],[142.7329,42.7216],[142.7558,42.7219],[142.756,42.6908],[142.7641,42.6839],[142.7518,42.6638],[142.6913,42.6596],[142.6738,42.6532],[142.62,42.6063],[142.5718,42.6001],[142.5555,42.5545],[142.566,42.5437],[142.5604,42.5351],[142.5665,42.5201],[142.5529,42.5107],[142.551,42.498],[142.506,42.4798],[142.4743,42.4456],[142.4736,42.4361],[142.4523,42.4281],[142.4482,42.4191],[142.4387,42.4205],[142.4212,42.3972],[142.3354,42.346]]]]}},{"type":"Feature","properties":{"id":"01607","name":"浦河町","pref":"北海道"},"geometry":{"type":"MultiPolygon","coordinates":[[[[142.6544,42.1979],[142.657,42.1969],[142.6544,42.1979],[142.6544,42.1979]]],[[[142.6551,42.1987],[142.6553,42.1994],[142.6554,42.1993],[142.6551,42.1987]]],[[[142.8847,42.1587],[142.8638,42.1361],[142.815,42.1415],[142.7556,42.1648],[142.7735,42.1616],[142.7577,42.167],[142.7638,42.1708],[142.7594,42.175],[142.6705,42.1916],[142.649,42.2125],[142.6706,42.2222],[142.669,42.2311],[142.6839,42.2414],[142.7102,42.2436],[142.7314,42.2595],[142.7506,42.3019],[142.7682,42.3139],[142.7628,42.3333],[142.7697,42.3515],[142.7933,42.3792],[142.777,42.4119],[142.7786,42.4321],[142.8664,42.4525],[142.8686,42.4638],[142.8801,42.467],[142.8987,42.4492],[142.906,42.4287],[142.9249,42.4343],[142.9471,42.4274],[142.9702,42.3916],[142.9998,42.3715],[143.0101,42.353],[143.0389,42.3294],[143.048,42.329],[143.0548,42.3093],[143.074,42.3027],[143.0762,42.2909],[143.1121,42.2804],[143.117,42.2602],[143.0998,42.2474],[143.075,42.2432],[143.0636,42.2262],[143.0266,42.2305],[142.9903,42.2142],[142.933,42.2077],[142.8935,42.1839],[142.8804,42.1646],[142.8847,42.1587]]]]}},{"type":"Feature","properties":{"id":"01608","name":"様似町","pref":"北海道"},"geometry":{"type":"MultiPolygon","coordinates":[[[[143.002,42.0845],[143.0019,42.0843],[143.0019,42.0845],[143.002,42.0845]]],[[[143.003,42.0847],[143.0029,42.0849],[143.003,42.0848],[143.003,42.0847]]],[[[143.0022,42.0849],[143.0019,42.085],[143.002,42.0851],[143.0022,42.0849]]],[[[143.0003,42.0868],[143.0001,42.0867],[143.0001,42.0868],[143.0003,42.0868]]],[[[142.9996,42.0871],[142.9996,42.0869],[142.9995,42.087],[142.9996,42.0871]]],[[[142.9985,42.0922],[142.9986,42.0924],[142.9986,42.0922],[142.9985,42.0922]]],[[[142.9859,42.0986],[142.9842,42.0984],[142.9842,42.0984],[142.9859,42.0986]]],[[[142.9183,42.1247],[142.9185,42.1239],[142.9185,42.1239],[142.9183,42.1247]]],[[[142.9025,42.1287],[142.9035,42.1278],[142.9021,42.1283],[142.9025,42.1287]]],[[[142.9011,42.129],[142.9018,42.1283],[142.9009,42.1288],[142.9011,42.129]]],[[[142.9009,42.129],[142.9008,42.1291],[142.901,42.1291],[142.9009,42.129]]],[[[142.8747,42.1297],[142.8747,42.1298],[142.8748,42.1297],[142.8747,42.1297]]],[[[142.8971,42.1317],[142.897,42.1315],[142.8969,42.1317],[142.8971,42.1317]]],[[[143.0317,42.0746],[143.0317,42.0748],[143.0318,42.0747],[143.0317,42.0746]]],[[[143.0291,42.0757],[143.0292,42.0757],[143.0293,42.0757],[143.0291,42.0757]]],[[[143.0271,42.0765],[143.0268,42.0764],[143.0269,42.0766],[143.0271,42.0765]]],[[[143.0275,42.0764],[143.0274,42.0766],[143.0275,42.0765],[143.0275,42.0764]]],[[[143.0187,42.0773],[143.0185,42.0771],[143.0185,42.0772],[143.0187,42.0773]]],[[[143.0148,42.0787],[143.0149,42.0789],[143.0149,42.0788],[143.0148,42.0787]]],[[[143.0152,42.0794],[143.0152,42.0796],[143.0153,42.0795],[143.0152,42.0794]]],[[[143.0163,42.0799],[143.0162,42.0798],[143.0161,42.0798],[143.0163,42.0799]]],[[[143.0105,42.0804],[143.0104,42.0803],[143.0103,42.0804],[143.0105,42.0804]]],[[[143.0103,42.0805],[143.0102,42.0807],[143.0103,42.0805],[143.0103,42.0805]]],[[[143.0094,42.0807],[143.0092,42.0807],[143.0093,42.0808],[143.0094,42.0807]]],[[[142.8638,42.1361],[142.8935,42.1839],[142.933,42.2077],[142.9903,42.2142],[143.0266,42.2305],[143.0635,42.2262],[143.0752,42.2433],[143.0998,42.2474],[143.117,42.2602],[143.1325,42.2584],[143.1492,42.2519],[143.1475,42.2407],[143.1605,42.2263],[143.1861,42.219],[143.1992,42.191],[143.1747,42.1798],[143.1716,42.1708],[143.1898,42.1384],[143.1712,42.1211],[143.2033,42.1043],[143.197,42.0905],[143.19,42.1014],[143.1763,42.096],[143.1636,42.0777],[143.0937,42.0778],[143.0635,42.0614],[143.0374,42.0748],[143.0177,42.0804],[143.0089,42.081],[142.9982,42.094],[142.9779,42.102],[142.9613,42.1199],[142.9304,42.1259],[142.9217,42.1198],[142.9092,42.1226],[142.9183,42.1228],[142.9195,42.126],[142.9111,42.124],[142.9073,42.1329],[142.8638,42.1361]]]]}},{"type":"Feature","properties":{"id":"01609","name":"えりも町","pref":"北海道"},"geometry":{"type":"MultiPolygon","coordinates":[[[[143.2105,41.9508],[143.2104,41.9508],[143.2104,41.9508],[143.2105,41.9508]]],[[[143.2109,41.9509],[143.2109,41.9508],[143.2109,41.9508],[143.2109,41.9509]]],[[[143.2102,41.951],[143.2102,41.9509],[143.2102,41.951],[143.2102,41.951]]],[[[143.2103,41.9512],[143.2105,41.9514],[143.2106,41.9513],[143.2103,41.9512]]],[[[143.2092,41.9528],[143.209,41.953],[143.2092,41.9529],[143.2092,41.9528]]],[[[143.2033,41.9537],[143.203,41.9537],[143.2031,41.9539],[143.2033,41.9537]]],[[[143.2024,41.9544],[143.2027,41.9541],[143.2023,41.9543],[143.2024,41.9544]]],[[[143.205,41.9545],[143.2051,41.9545],[143.2051,41.9545],[143.205,41.9545]]],[[[143.1979,41.956],[143.1978,41.9562],[143.198,41.9561],[143.1979,41.956]]],[[[143.1934,41.9561],[143.1935,41.9562],[143.1936,41.9561],[143.1934,41.9561]]],[[[143.1956,41.9567],[143.1959,41.9568],[143.1958,41.9567],[143.1956,41.9567]]],[[[143.1958,41.957],[143.1957,41.9572],[143.1959,41.9571],[143.1958,41.957]]],[[[143.1948,41.9584],[143.1948,41.9583],[143.1946,41.9584],[143.1948,41.9584]]],[[[143.1949,41.9588],[143.1948,41.9587],[143.1948,41.9588],[143.1949,41.9588]]],[[[143.1955,41.9595],[143.1955,41.9593],[143.1955,41.9594],[143.1955,41.9595]]],[[[143.1945,41.9609],[143.1946,41.9611],[143.1946,41.9609],[143.1945,41.9609]]],[[[143.1942,41.9614],[143.1942,41.9613],[143.1941,41.9613],[143.1942,41.9614]]],[[[143.1939,41.9614],[143.194,41.9615],[143.194,41.9614],[143.1939,41.9614]]],[[[143.1888,41.964],[143.1888,41.9641],[143.1889,41.964],[143.1888,41.964]]],[[[143.1902,41.9644],[143.1902,41.9645],[143.1903,41.9644],[143.1902,41.9644]]],[[[143.1796,41.9699],[143.1799,41.9696],[143.1795,41.9699],[143.1796,41.9699]]],[[[143.1793,41.9719],[143.1792,41.9718],[143.1792,41.9719],[143.1793,41.9719]]],[[[143.1788,41.9724],[143.1788,41.9725],[143.1789,41.9724],[143.1788,41.9724]]],[[[143.1753,41.9757],[143.1753,41.9756],[143.1752,41.9756],[143.1753,41.9757]]],[[[143.1745,41.9759],[143.1744,41.9758],[143.1744,41.9759],[143.1745,41.9759]]],[[[143.1726,41.9762],[143.1726,41.9764],[143.1727,41.9763],[143.1726,41.9762]]],[[[143.171,41.9772],[143.1712,41.9772],[143.1713,41.9771],[143.171,41.9772]]],[[[143.169,41.9782],[143.169,41.9784],[143.1691,41.9783],[143.169,41.9782]]],[[[143.163,41.9829],[143.1629,41.9828],[143.1628,41.9829],[143.163,41.9829]]],[[[143.158,41.9934],[143.1573,41.9944],[143.158,41.9934],[143.158,41.9934]]],[[[143.1578,41.9979],[143.1579,41.9978],[143.1578,41.9979],[143.1578,41.9979]]],[[[143.1573,41.9983],[143.1573,41.9982],[143.1572,41.9982],[143.1573,41.9983]]],[[[143.1571,41.9989],[143.157,41.9989],[143.1571,41.9989],[143.1571,41.9989]]],[[[143.1565,42.0024],[143.1566,42.0023],[143.1565,42.0024],[143.1565,42.0024]]],[[[143.1409,42.0143],[143.1417,42.0141],[143.1432,42.0136],[143.1409,42.0143]]],[[[143.1396,42.0183],[143.1395,42.0182],[143.1395,42.0184],[143.1396,42.0183]]],[[[143.1388,42.0186],[143.1388,42.0185],[143.1388,42.0186],[143.1388,42.0186]]],[[[143.1388,42.0188],[143.1387,42.0188],[143.1387,42.019],[143.1388,42.0188]]],[[[143.0984,42.0459],[143.0985,42.0458],[143.0982,42.0446],[143.0984,42.0459]]],[[[143.0937,42.0778],[143.1649,42.0782],[143.1763,42.096],[143.1894,42.1014],[143.197,42.0905],[143.2032,42.1041],[143.1717,42.1193],[143.1898,42.1384],[143.1716,42.1708],[143.1775,42.184],[143.1992,42.191],[143.2202,42.1784],[143.24,42.1816],[143.2695,42.1607],[143.2938,42.1686],[143.3241,42.16],[143.3168,42.123],[143.3208,42.1209],[143.3173,42.1223],[143.3171,42.1217],[143.3173,42.12],[143.3231,42.1155],[143.3167,42.1051],[143.3075,42.0758],[143.3079,42.0699],[143.3108,42.0637],[143.3123,42.0634],[143.3106,42.0621],[143.3117,42.0599],[143.3094,42.059],[143.3121,42.0539],[143.2989,42.04],[143.2999,42.0439],[143.2941,42.043],[143.2897,42.0283],[143.2711,42.0185],[143.2564,41.998],[143.2406,41.9483],[143.2407,41.9419],[143.2494,41.9244],[143.2417,41.9245],[143.2417,41.927],[143.2291,41.9391],[143.2257,41.9411],[143.2242,41.9415],[143.223,41.9416],[143.2227,41.9418],[143.2201,41.9476],[143.2156,41.9474],[143.2153,41.9514],[143.1963,41.9576],[143.1953,41.9585],[143.1957,41.959],[143.1955,41.9601],[143.1936,41.9638],[143.1825,41.9673],[143.1776,41.9751],[143.1636,41.9827],[143.1585,42.0008],[143.1343,42.0278],[143.0951,42.0502],[143.0679,42.061],[143.0937,42.0778]]],[[[143.2401,41.926],[143.2402,41.926],[143.2401,41.9259],[143.2401,41.926]]],[[[143.2406,41.9269],[143.2407,41.9269],[143.2407,41.9268],[143.2406,41.9269]]],[[[143.2374,41.9279],[143.2375,41.9278],[143.2374,41.9277],[143.2374,41.9279]]],[[[143.2384,41.9284],[143.2384,41.9286],[143.2385,41.9284],[143.2384,41.9284]]],[[[143.2374,41.9285],[143.2375,41.9287],[143.2375,41.9285],[143.2374,41.9285]]],[[[143.2365,41.9287],[143.2367,41.9287],[143.2366,41.9286],[143.2365,41.9287]]],[[[143.2373,41.9299],[143.2375,41.9301],[143.2376,41.9299],[143.2373,41.9299]]],[[[143.2366,41.9311],[143.2366,41.9312],[143.2367,41.9311],[143.2366,41.9311]]],[[[143.236,41.9317],[143.2357,41.9317],[143.2359,41.9318],[143.236,41.9317]]],[[[143.2354,41.932],[143.2353,41.9317],[143.2351,41.9317],[143.2354,41.932]]],[[[143.2347,41.9331],[143.2348,41.9333],[143.2349,41.9332],[143.2347,41.9331]]],[[[143.2343,41.9338],[143.2343,41.9337],[143.2342,41.9337],[143.2343,41.9338]]],[[[143.233,41.9339],[143.2335,41.934],[143.2333,41.9338],[143.233,41.9339]]],[[[143.2301,41.9357],[143.2302,41.9357],[143.2302,41.9356],[143.2301,41.9357]]],[[[143.2303,41.9361],[143.2304,41.936],[143.2302,41.936],[143.2303,41.9361]]],[[[143.2296,41.9368],[143.2298,41.9365],[143.2295,41.9365],[143.2296,41.9368]]],[[[143.2291,41.9381],[143.2289,41.938],[143.2289,41.9381],[143.2291,41.9381]]],[[[143.2445,41.9379],[143.2446,41.9379],[143.2449,41.9374],[143.2445,41.9379]]],[[[143.2432,41.939],[143.2433,41.9392],[143.2434,41.9391],[143.2432,41.939]]],[[[143.2266,41.9392],[143.2266,41.9391],[143.2266,41.9391],[143.2266,41.9392]]],[[[143.2437,41.9397],[143.2433,41.9397],[143.2433,41.9399],[143.2437,41.9397]]],[[[143.2267,41.9399],[143.2265,41.9397],[143.2265,41.9399],[143.2267,41.9399]]],[[[143.2439,41.94],[143.2439,41.9398],[143.2438,41.94],[143.2439,41.94]]],[[[143.2435,41.9406],[143.2436,41.9406],[143.2436,41.9405],[143.2435,41.9406]]],[[[143.2436,41.9409],[143.2435,41.9408],[143.2435,41.9408],[143.2436,41.9409]]],[[[143.2451,41.9409],[143.2452,41.9408],[143.2451,41.9408],[143.2451,41.9409]]],[[[143.2225,41.9409],[143.2225,41.941],[143.2226,41.941],[143.2225,41.9409]]],[[[143.2247,41.941],[143.2246,41.9411],[143.2247,41.9411],[143.2247,41.941]]],[[[143.2239,41.9414],[143.2241,41.9414],[143.2239,41.9414],[143.2239,41.9414]]],[[[143.2225,41.9415],[143.2226,41.9417],[143.2227,41.9416],[143.2225,41.9415]]],[[[143.2225,41.9418],[143.2223,41.9418],[143.2225,41.9419],[143.2225,41.9418]]],[[[143.2192,41.944],[143.2193,41.9439],[143.2192,41.9439],[143.2192,41.944]]],[[[143.2192,41.9441],[143.2192,41.9441],[143.2192,41.9441],[143.2192,41.9441]]],[[[143.2208,41.9441],[143.2205,41.9442],[143.2208,41.9441],[143.2208,41.9441]]],[[[143.2191,41.9442],[143.2192,41.9443],[143.2192,41.9443],[143.2191,41.9442]]],[[[143.2185,41.9444],[143.2186,41.9444],[143.2185,41.9443],[143.2185,41.9444]]],[[[143.2419,41.9448],[143.2417,41.9449],[143.2418,41.9449],[143.2419,41.9448]]],[[[143.2424,41.9457],[143.2423,41.9458],[143.2424,41.9457],[143.2424,41.9457]]],[[[143.2157,41.947],[143.2159,41.9467],[143.2156,41.9469],[143.2157,41.947]]],[[[143.2149,41.9491],[143.2148,41.9489],[143.2148,41.949],[143.2149,41.9491]]],[[[143.2578,41.9155],[143.2576,41.9153],[143.2575,41.9154],[143.2578,41.9155]]],[[[143.2575,41.9159],[143.2574,41.9156],[143.2572,41.9158],[143.2575,41.9159]]],[[[143.2563,41.9166],[143.2563,41.9162],[143.256,41.9166],[143.2563,41.9166]]],[[[143.2573,41.9167],[143.2572,41.9166],[143.2572,41.9167],[143.2573,41.9167]]],[[[143.256,41.9176],[143.256,41.9177],[143.2562,41.9175],[143.256,41.9176]]],[[[143.2552,41.9176],[143.2548,41.9176],[143.2547,41.9179],[143.2552,41.9176]]],[[[143.2557,41.9182],[143.2559,41.9181],[143.2556,41.9182],[143.2557,41.9182]]],[[[143.2539,41.9187],[143.254,41.9182],[143.2536,41.9186],[143.2539,41.9187]]],[[[143.2548,41.9187],[143.2546,41.919],[143.2549,41.9188],[143.2548,41.9187]]],[[[143.2539,41.9195],[143.2538,41.9193],[143.2537,41.9194],[143.2539,41.9195]]],[[[143.254,41.9202],[143.2537,41.9204],[143.254,41.9204],[143.254,41.9202]]],[[[143.2514,41.9205],[143.2514,41.9207],[143.2515,41.9205],[143.2514,41.9205]]],[[[143.251,41.9209],[143.2512,41.9211],[143.2512,41.9208],[143.251,41.9209]]],[[[143.2522,41.9212],[143.2517,41.9212],[143.2518,41.9215],[143.2522,41.9212]]],[[[143.2524,41.9217],[143.2525,41.9216],[143.2524,41.9216],[143.2524,41.9217]]],[[[143.2508,41.9218],[143.2504,41.9217],[143.2503,41.9219],[143.2508,41.9218]]],[[[143.2502,41.9222],[143.25,41.9222],[143.2502,41.9223],[143.2502,41.9222]]],[[[143.2511,41.9231],[143.251,41.9227],[143.2509,41.9231],[143.2511,41.9231]]],[[[143.2502,41.923],[143.2499,41.9229],[143.25,41.9231],[143.2502,41.923]]],[[[143.2516,41.9231],[143.2517,41.923],[143.2516,41.923],[143.2516,41.9231]]],[[[143.2489,41.9231],[143.2491,41.9231],[143.2489,41.923],[143.2489,41.9231]]],[[[143.2504,41.9231],[143.2505,41.9232],[143.2505,41.9231],[143.2504,41.9231]]],[[[143.2488,41.9233],[143.2485,41.9236],[143.2489,41.9234],[143.2488,41.9233]]],[[[143.2511,41.9235],[143.2513,41.9235],[143.2511,41.9234],[143.2511,41.9235]]],[[[143.2495,41.9239],[143.2495,41.9234],[143.249,41.9239],[143.2495,41.9239]]],[[[143.2475,41.9243],[143.2475,41.9244],[143.2476,41.9244],[143.2475,41.9243]]],[[[143.2505,41.9248],[143.2504,41.9252],[143.2506,41.925],[143.2505,41.9248]]],[[[143.251,41.9252],[143.2508,41.9251],[143.2508,41.9251],[143.251,41.9252]]],[[[143.2504,41.9254],[143.2505,41.9254],[143.2506,41.9254],[143.2504,41.9254]]],[[[143.2498,41.9253],[143.2499,41.9256],[143.2501,41.9254],[143.2498,41.9253]]],[[[143.2484,41.9281],[143.2483,41.928],[143.2482,41.9281],[143.2484,41.9281]]],[[[143.2454,41.9325],[143.2456,41.9324],[143.2456,41.9324],[143.2454,41.9325]]],[[[143.246,41.9347],[143.246,41.9349],[143.2461,41.9349],[143.246,41.9347]]],[[[143.2466,41.9356],[143.2464,41.9356],[143.2465,41.9357],[143.2466,41.9356]]],[[[143.2463,41.9369],[143.2463,41.9368],[143.2462,41.9368],[143.2463,41.9369]]],[[[143.2456,41.9369],[143.2458,41.9377],[143.2459,41.9376],[143.2456,41.9369]]],[[[143.2829,42.0225],[143.2829,42.0226],[143.283,42.0226],[143.2829,42.0225]]],[[[143.2832,42.0232],[143.2837,42.0229],[143.2832,42.023],[143.2832,42.0232]]],[[[143.2843,42.023],[143.2842,42.0232],[143.2845,42.0231],[143.2843,42.023]]],[[[143.2851,42.0237],[143.2853,42.0238],[143.2854,42.0237],[143.2851,42.0237]]],[[[143.2911,42.0291],[143.2909,42.0292],[143.2911,42.0292],[143.2911,42.0291]]],[[[143.2974,42.0383],[143.2985,42.0383],[143.2985,42.0383],[143.2974,42.0383]]],[[[143.2995,42.0399],[143.2994,42.0399],[143.2999,42.0403],[143.2995,42.0399]]],[[[143.3024,42.0426],[143.3023,42.0425],[143.3023,42.0426],[143.3024,42.0426]]],[[[143.3048,42.0451],[143.3047,42.0451],[143.3047,42.0452],[143.3048,42.0451]]],[[[143.3061,42.0454],[143.306,42.0454],[143.3061,42.0454],[143.3061,42.0454]]],[[[143.3108,42.0489],[143.3107,42.0488],[143.3107,42.049],[143.3108,42.0489]]],[[[143.3131,42.0552],[143.3129,42.0552],[143.313,42.0552],[143.3131,42.0552]]],[[[143.3113,42.0557],[143.3112,42.0558],[143.3112,42.0558],[143.3113,42.0557]]],[[[143.3112,42.0566],[143.3113,42.0565],[143.3111,42.0566],[143.3112,42.0566]]],[[[143.3111,42.0578],[143.3111,42.0579],[143.3111,42.0578],[143.3111,42.0578]]],[[[143.3112,42.0617],[143.311,42.0616],[143.3109,42.0617],[143.3112,42.0617]]],[[[143.3113,42.0646],[143.3114,42.0647],[143.3114,42.0646],[143.3113,42.0646]]],[[[143.3111,42.0647],[143.3106,42.0649],[143.3108,42.065],[143.3111,42.0647]]],[[[143.3112,42.065],[143.3111,42.065],[143.3111,42.065],[143.3112,42.065]]],[[[143.3104,42.0663],[143.3103,42.0664],[143.3105,42.0663],[143.3104,42.0663]]],[[[143.3102,42.0681],[143.3101,42.0682],[143.3102,42.0682],[143.3102,42.0681]]],[[[143.309,42.0714],[143.3089,42.0713],[143.3089,42.0714],[143.309,42.0714]]],[[[143.3095,42.0721],[143.3096,42.072],[143.3096,42.072],[143.3095,42.0721]]],[[[143.3096,42.0725],[143.3096,42.0724],[143.3095,42.0724],[143.3096,42.0725]]],[[[143.3092,42.0734],[143.3091,42.0734],[143.3091,42.0735],[143.3092,42.0734]]],[[[143.3164,42.098],[143.3163,42.0979],[143.3163,42.098],[143.3164,42.098]]],[[[143.3167,42.0994],[143.3164,42.0992],[143.3164,42.0995],[143.3167,42.0994]]],[[[143.3234,42.1146],[143.3237,42.1146],[143.3236,42.1146],[143.3234,42.1146]]],[[[143.3245,42.1146],[143.3245,42.1148],[143.3248,42.1147],[143.3245,42.1146]]],[[[143.3235,42.1154],[143.3235,42.1156],[143.3236,42.1154],[143.3235,42.1154]]],[[[143.324,42.1159],[143.3239,42.1158],[143.3239,42.1159],[143.324,42.1159]]],[[[143.3244,42.1162],[143.3245,42.1161],[143.3245,42.1161],[143.3244,42.1162]]],[[[143.3238,42.1163],[143.3237,42.1163],[143.3238,42.1163],[143.3238,42.1163]]],[[[143.321,42.1178],[143.321,42.118],[143.3212,42.1178],[143.321,42.1178]]],[[[143.3199,42.1186],[143.3199,42.1183],[143.3198,42.1185],[143.3199,42.1186]]],[[[143.3216,42.1198],[143.3217,42.121],[143.3218,42.121],[143.3216,42.1198]]],[[[143.3204,42.1333],[143.3204,42.1334],[143.3205,42.1334],[143.3204,42.1333]]],[[[143.32,42.1336],[143.32,42.1333],[143.3199,42.1333],[143.32,42.1336]]],[[[143.3206,42.1363],[143.3208,42.1364],[143.3208,42.1363],[143.3206,42.1363]]],[[[143.3269,42.1521],[143.3267,42.152],[143.3268,42.1522],[143.3269,42.1521]]],[[[143.3265,42.1522],[143.3263,42.1523],[143.3265,42.1523],[143.3265,42.1522]]]]}},{"type":"Feature","properties":{"id":"01610","name":"新ひだか町","pref":"北海道"},"geometry":{"type":"MultiPolygon","coordinates":[[[[142.4551,42.2908],[142.4547,42.2908],[142.4547,42.291],[142.4551,42.2908]]],[[[142.448,42.2956],[142.4471,42.2957],[142.448,42.2956],[142.448,42.2956]]],[[[142.4498,42.2957],[142.4497,42.2959],[142.4499,42.2958],[142.4498,42.2957]]],[[[142.4508,42.2963],[142.4508,42.2965],[142.4509,42.2964],[142.4508,42.2963]]],[[[142.4082,42.3064],[142.4074,42.3064],[142.4079,42.3068],[142.4082,42.3064]]],[[[142.405,42.3066],[142.4046,42.3063],[142.4045,42.3065],[142.405,42.3066]]],[[[142.4084,42.3068],[142.4082,42.3072],[142.4087,42.3071],[142.4084,42.3068]]],[[[142.4122,42.3084],[142.4126,42.3075],[142.4119,42.3084],[142.4122,42.3084]]],[[[142.4115,42.3091],[142.4111,42.309],[142.411,42.3092],[142.4115,42.3091]]],[[[142.4027,42.3112],[142.4022,42.3107],[142.4021,42.311],[142.4027,42.3112]]],[[[142.3867,42.313],[142.3867,42.3131],[142.3867,42.313],[142.3867,42.313]]],[[[142.3889,42.3166],[142.3882,42.3164],[142.3879,42.3168],[142.3889,42.3166]]],[[[142.3874,42.3171],[142.3866,42.3171],[142.3863,42.3172],[142.3874,42.3171]]],[[[142.3831,42.3195],[142.3824,42.3195],[142.3821,42.3198],[142.3831,42.3195]]],[[[142.6124,42.224],[142.612,42.2249],[142.6125,42.224],[142.6124,42.224]]],[[[142.5507,42.244],[142.5488,42.2433],[142.5487,42.2434],[142.5507,42.244]]],[[[142.5489,42.2447],[142.5486,42.245],[142.5487,42.245],[142.5489,42.2447]]],[[[142.548,42.2469],[142.5491,42.2452],[142.5491,42.2452],[142.548,42.2469]]],[[[142.4954,42.2645],[142.4943,42.2654],[142.4943,42.2655],[142.4954,42.2645]]],[[[142.481,42.2693],[142.4808,42.2693],[142.481,42.2693],[142.481,42.2693]]],[[[142.4816,42.2701],[142.4818,42.27],[142.4817,42.27],[142.4816,42.2701]]],[[[142.4803,42.2701],[142.4802,42.2711],[142.4804,42.2701],[142.4803,42.2701]]],[[[142.4687,42.2801],[142.4685,42.2804],[142.4688,42.2802],[142.4687,42.2801]]],[[[142.4663,42.2809],[142.4659,42.2812],[142.4662,42.2811],[142.4663,42.2809]]],[[[142.4639,42.2834],[142.4637,42.2838],[142.464,42.2835],[142.4639,42.2834]]],[[[142.4559,42.2894],[142.4561,42.2891],[142.4559,42.2893],[142.4559,42.2894]]],[[[142.4557,42.2901],[142.4553,42.2901],[142.4553,42.2903],[142.4557,42.2901]]],[[[142.5123,42.2658],[142.4954,42.2656],[142.4899,42.2682],[142.4835,42.2691],[142.4821,42.2698],[142.4469,42.3029],[142.4303,42.3082],[142.4179,42.3096],[142.4121,42.3096],[142.4065,42.3085],[142.4024,42.3124],[142.395,42.3159],[142.3731,42.3241],[142.3713,42.3228],[142.3678,42.3235],[142.3621,42.3339],[142.3345,42.345],[142.4212,42.3972],[142.4387,42.4205],[142.4482,42.4191],[142.4523,42.4281],[142.4736,42.4361],[142.4743,42.4456],[142.506,42.4798],[142.551,42.498],[142.5529,42.5107],[142.5665,42.5201],[142.5604,42.5351],[142.566,42.5437],[142.5555,42.5545],[142.5718,42.6001],[142.62,42.6063],[142.6738,42.6532],[142.6913,42.6596],[142.7518,42.6638],[142.755,42.6448],[142.7691,42.6348],[142.7666,42.625],[142.7939,42.6157],[142.8117,42.5776],[142.8249,42.5709],[142.8282,42.5488],[142.8638,42.5416],[142.856,42.5135],[142.8887,42.4939],[142.8845,42.4677],[142.8686,42.4639],[142.8664,42.4525],[142.7786,42.4321],[142.777,42.4119],[142.7933,42.3792],[142.7697,42.3515],[142.7628,42.3333],[142.7682,42.3139],[142.7506,42.3019],[142.7314,42.2595],[142.7102,42.2436],[142.6839,42.2414],[142.6491,42.2089],[142.5839,42.2437],[142.5503,42.2457],[142.5123,42.2658]]]]}},{"type":"Feature","properties":{"id":"01631","name":"音更町","pref":"北海道"},"geometry":{"type":"Polygon","coordinates":[[[143.2496,42.9333],[143.2415,42.9394],[143.2004,42.9359],[143.1837,42.9489],[143.1504,42.9448],[143.101,43.0001],[143.0702,43.011],[143.0634,43.0623],[143.0404,43.0698],[143.0748,43.1665],[143.2126,43.1409],[143.2171,43.1249],[143.2029,43.0887],[143.241,43.0842],[143.2497,43.1235],[143.3249,43.1142],[143.3294,43.0969],[143.3241,43.087],[143.344,43.08],[143.3408,43.0594],[143.3573,43.0342],[143.3519,43.0274],[143.3637,43.0209],[143.3753,42.9917],[143.3707,42.9757],[143.3255,42.9632],[143.3135,42.9258],[143.2824,42.9359],[143.2496,42.9333]]]}},{"type":"Feature","properties":{"id":"01632","name":"士幌町","pref":"北海道"},"geometry":{"type":"Polygon","coordinates":[[[143.3869,43.0858],[143.3306,43.082],[143.3241,43.087],[143.3294,43.0969],[143.3247,43.1143],[143.2497,43.1235],[143.241,43.0842],[143.2027,43.0887],[143.2171,43.1249],[143.2126,43.1408],[143.1505,43.1524],[143.1228,43.1733],[143.1218,43.1982],[143.0996,43.2411],[143.1021,43.2485],[143.2603,43.2201],[143.2557,43.214],[143.373,43.2002],[143.3722,43.1898],[143.3919,43.1876],[143.3902,43.1416],[143.4158,43.1154],[143.3869,43.0858]]]}},{"type":"Feature","properties":{"id":"01633","name":"上士幌町","pref":"北海道"},"geometry":{"type":"Polygon","coordinates":[[[143.1035,43.2501],[143.1196,43.3029],[143.1435,43.3188],[143.1433,43.3286],[143.1126,43.3568],[143.0958,43.386],[143.0599,43.3844],[143.0319,43.3964],[143.026,43.4272],[143.0353,43.4446],[143.0323,43.4571],[143.0455,43.4733],[143.0085,43.5201],[143.0361,43.5616],[143.0599,43.5552],[143.1425,43.5951],[143.1731,43.5948],[143.1835,43.5825],[143.2079,43.5845],[143.2132,43.5753],[143.226,43.5749],[143.2235,43.5568],[143.2356,43.551],[143.2266,43.5328],[143.2384,43.4959],[143.2245,43.4888],[143.2112,43.4492],[143.2366,43.4303],[143.2314,43.4201],[143.2441,43.4092],[143.2369,43.3869],[143.247,43.3865],[143.251,43.3767],[143.2829,43.3709],[143.2916,43.351],[143.3188,43.3316],[143.3128,43.3141],[143.3818,43.3061],[143.4121,43.2881],[143.4021,43.2451],[143.411,43.2446],[143.4014,43.2286],[143.4068,43.2148],[143.3947,43.2079],[143.399,43.1998],[143.3919,43.1876],[143.3749,43.1893],[143.3729,43.2002],[143.2557,43.214],[143.2603,43.2201],[143.1035,43.2501]]]}},{"type":"Feature","properties":{"id":"01634","name":"鹿追町","pref":"北海道"},"geometry":{"type":"Polygon","coordinates":[[[143.0702,43.011],[142.9682,43.0681],[142.9328,43.1036],[142.9225,43.1528],[142.9337,43.1731],[142.9488,43.179],[142.9531,43.1996],[142.97,43.1996],[142.9739,43.2124],[142.9657,43.2192],[142.9886,43.2334],[142.9719,43.251],[142.9803,43.2601],[142.9745,43.2853],[142.9924,43.3171],[143.0123,43.3277],[143.0007,43.3493],[143.0067,43.3757],[143.0224,43.3804],[143.0319,43.3964],[143.0609,43.3843],[143.0879,43.3887],[143.1433,43.3286],[143.1435,43.3188],[143.1196,43.3029],[143.1165,43.2772],[143.0996,43.2412],[143.1218,43.1982],[143.1187,43.1792],[143.1505,43.1524],[143.0748,43.1665],[143.0404,43.0698],[143.0634,43.0623],[143.0702,43.011]]]}},{"type":"Feature","properties":{"id":"01635","name":"新得町","pref":"北海道"},"geometry":{"type":"Polygon","coordinates":[[[142.7531,43.0162],[142.7468,43.0583],[142.7268,43.076],[142.7437,43.0874],[142.7369,43.0952],[142.7512,43.1099],[142.7453,43.115],[142.7652,43.1246],[142.7646,43.1619],[142.7792,43.1737],[142.767,43.1808],[142.7629,43.201],[142.7364,43.2195],[142.7332,43.233],[142.7421,43.2406],[142.7339,43.2492],[142.7471,43.2655],[142.7349,43.2978],[142.7363,43.3186],[142.7486,43.3401],[142.769,43.3466],[142.761,43.3574],[142.7469,43.3507],[142.7201,43.3601],[142.6718,43.4051],[142.7106,43.4328],[142.7145,43.4518],[142.8133,43.5139],[142.8087,43.5294],[142.8389,43.5221],[142.8508,43.5283],[142.8502,43.5489],[142.8615,43.5654],[142.9064,43.5648],[142.9577,43.5263],[142.9757,43.5393],[143.0122,43.5293],[143.0104,43.5147],[143.0239,43.5079],[143.0455,43.4733],[143.0323,43.4571],[143.0353,43.4446],[143.026,43.4272],[143.0324,43.3975],[143.0224,43.3804],[143.0067,43.3757],[143.0006,43.3495],[143.0135,43.3348],[143.0098,43.3221],[142.9926,43.3173],[142.9746,43.2856],[142.9803,43.2601],[142.9719,43.251],[142.9886,43.2334],[142.9657,43.2192],[142.9739,43.2122],[142.9689,43.1983],[142.9531,43.1996],[142.9488,43.179],[142.9258,43.162],[142.9294,43.1209],[142.9159,43.1172],[142.9198,43.0931],[142.8865,43.0878],[142.8957,43.0702],[142.8557,43.0615],[142.8612,43.0536],[142.8521,43.0431],[142.8579,43.0376],[142.8139,43.0352],[142.7758,43.0151],[142.7531,43.0162]]]}},{"type":"Feature","properties":{"id":"01636","name":"清水町","pref":"北海道"},"geometry":{"type":"Polygon","coordinates":[[[142.8916,42.8442],[142.8427,42.8526],[142.8074,42.8744],[142.77,42.873],[142.7561,42.8979],[142.778,42.9256],[142.7594,42.9425],[142.7496,42.9645],[142.7636,42.9891],[142.7409,43.005],[142.8139,43.0352],[142.8584,43.0379],[142.8521,43.043],[142.8612,43.0536],[142.8556,43.0614],[142.8957,43.0702],[142.8865,43.0878],[142.9198,43.0931],[142.9159,43.1172],[142.9294,43.1204],[142.9328,43.1036],[142.9593,43.0755],[143.0212,43.0348],[143.0242,43.0127],[142.995,43.0105],[143.0012,42.9626],[142.9599,42.9594],[142.9996,42.9294],[142.9818,42.9313],[142.983,42.9194],[142.9682,42.9274],[142.9452,42.9219],[142.9635,42.923],[142.9504,42.9105],[142.9624,42.906],[142.922,42.8788],[142.9388,42.8722],[142.9332,42.8648],[142.945,42.86],[142.9289,42.8389],[142.9057,42.8501],[142.8916,42.8442]]]}},{"type":"Feature","properties":{"id":"01637","name":"芽室町","pref":"北海道"},"geometry":{"type":"Polygon","coordinates":[[[142.8969,42.7404],[142.8943,42.7542],[142.7817,42.7636],[142.767,42.776],[142.7448,42.7707],[142.7198,42.7757],[142.7202,42.8043],[142.7327,42.8229],[142.7321,42.8357],[142.7441,42.8473],[142.7722,42.851],[142.7865,42.8611],[142.7854,42.8688],[142.8074,42.8744],[142.8427,42.8526],[142.8916,42.8442],[142.9057,42.8501],[142.9289,42.8389],[142.945,42.86],[142.9332,42.8648],[142.9388,42.8722],[142.922,42.8788],[142.9624,42.906],[142.9504,42.9105],[142.9635,42.923],[142.9452,42.9219],[142.9682,42.9274],[142.983,42.9194],[142.9818,42.9313],[142.9996,42.9294],[142.9599,42.9594],[143.0012,42.9626],[142.995,43.0105],[143.0242,43.0127],[143.0213,43.0348],[143.0953,43.0045],[143.1473,42.9507],[143.13,42.9526],[143.1145,42.9432],[143.1088,42.9295],[143.1132,42.8953],[143.1468,42.8975],[143.137,42.8785],[143.074,42.808],[143.033,42.7867],[142.9963,42.7793],[142.9363,42.7221],[142.8969,42.7404]]]}},{"type":"Feature","properties":{"id":"01638","name":"中札内村","pref":"北海道"},"geometry":{"type":"Polygon","coordinates":[[[142.996,42.5792],[142.9514,42.579],[142.9231,42.5602],[142.8659,42.5769],[142.817,42.5728],[142.7939,42.6157],[142.7666,42.625],[142.7692,42.6347],[142.755,42.6449],[142.753,42.6685],[142.7639,42.6838],[142.793,42.6941],[142.8279,42.687],[142.8595,42.6954],[142.8705,42.6835],[142.8637,42.6746],[142.8625,42.6381],[142.9007,42.6148],[142.9194,42.6269],[142.9625,42.619],[143.0312,42.6373],[143.0314,42.6467],[143.0455,42.6509],[143.082,42.6934],[143.0725,42.7018],[143.1022,42.7313],[143.1397,42.721],[143.1586,42.7326],[143.1969,42.7245],[143.191,42.6995],[143.1227,42.6267],[143.1289,42.621],[143.1058,42.607],[143.1111,42.6008],[143.0986,42.5931],[143.0909,42.5998],[143.0298,42.5862],[143.0227,42.5908],[142.996,42.5792]]]}},{"type":"Feature","properties":{"id":"01639","name":"更別村","pref":"北海道"},"geometry":{"type":"Polygon","coordinates":[[[143.2219,42.5708],[143.0559,42.5787],[143.0405,42.5883],[143.0909,42.5998],[143.0986,42.5931],[143.1111,42.6008],[143.1058,42.607],[143.1289,42.621],[143.1227,42.6267],[143.139,42.6367],[143.1875,42.6989],[143.2076,42.7023],[143.2076,42.7078],[143.2401,42.7018],[143.2484,42.7256],[143.2847,42.7186],[143.2614,42.642],[143.2694,42.6341],[143.3023,42.6309],[143.2953,42.5926],[143.2219,42.5708]]]}},{"type":"Feature","properties":{"id":"01641","name":"大樹町","pref":"北海道"},"geometry":{"type":"MultiPolygon","coordinates":[[[[143.4368,42.4716],[143.4359,42.4708],[143.4367,42.4717],[143.4368,42.4716]]],[[[142.9826,42.3796],[142.9471,42.4274],[142.9255,42.4343],[142.906,42.4287],[142.8987,42.4492],[142.8826,42.4642],[142.8887,42.4939],[142.856,42.5135],[142.8638,42.5416],[142.8282,42.5488],[142.8251,42.5704],[142.8659,42.5769],[142.9266,42.5605],[142.9514,42.579],[143.0031,42.578],[143.0229,42.5908],[143.0559,42.5787],[143.2055,42.5738],[143.2224,42.5707],[143.2186,42.5656],[143.2302,42.561],[143.2238,42.5522],[143.2991,42.5284],[143.3387,42.541],[143.3611,42.5337],[143.378,42.5093],[143.4526,42.5276],[143.4112,42.5599],[143.4072,42.5901],[143.3727,42.5926],[143.3633,42.6101],[143.3708,42.648],[143.3906,42.6483],[143.3887,42.6588],[143.4108,42.677],[143.4402,42.6653],[143.4446,42.6476],[143.4633,42.6326],[143.4746,42.6394],[143.4841,42.6346],[143.4794,42.6218],[143.4979,42.615],[143.5046,42.6004],[143.5206,42.5999],[143.5155,42.5898],[143.5242,42.5735],[143.4352,42.4727],[143.4319,42.4768],[143.3891,42.4149],[143.3675,42.4306],[143.2939,42.4484],[143.2067,42.4424],[143.1895,42.4302],[143.1544,42.4292],[143.1347,42.4198],[143.0639,42.428],[143.0325,42.4152],[143.0324,42.3981],[142.9998,42.3715],[142.9826,42.3796]]]]}},{"type":"Feature","properties":{"id":"01642","name":"広尾町","pref":"北海道"},"geometry":{"type":"MultiPolygon","coordinates":[[[[143.3113,42.2395],[143.3113,42.2396],[143.3114,42.2395],[143.3113,42.2395]]],[[[143.3115,42.2399],[143.3115,42.2399],[143.3114,42.2399],[143.3115,42.2399]]],[[[143.3112,42.2402],[143.3113,42.2401],[143.3111,42.2401],[143.3112,42.2402]]],[[[143.3114,42.2405],[143.3115,42.2404],[143.3114,42.2404],[143.3114,42.2405]]],[[[143.3111,42.2406],[143.3111,42.2405],[143.311,42.2405],[143.3111,42.2406]]],[[[143.3108,42.2411],[143.3108,42.241],[143.3106,42.2411],[143.3108,42.2411]]],[[[143.3104,42.2412],[143.3103,42.2412],[143.3103,42.2412],[143.3104,42.2412]]],[[[143.3104,42.2414],[143.3106,42.2414],[143.3105,42.2414],[143.3104,42.2414]]],[[[143.3103,42.2414],[143.3102,42.2414],[143.3102,42.2415],[143.3103,42.2414]]],[[[143.3107,42.2416],[143.3107,42.2417],[143.3108,42.2416],[143.3107,42.2416]]],[[[143.3101,42.2417],[143.3103,42.2417],[143.3102,42.2416],[143.3101,42.2417]]],[[[143.3099,42.2418],[143.3099,42.2419],[143.31,42.2418],[143.3099,42.2418]]],[[[143.3106,42.2419],[143.3106,42.2418],[143.3105,42.2419],[143.3106,42.2419]]],[[[143.3096,42.242],[143.3097,42.242],[143.3096,42.242],[143.3096,42.242]]],[[[143.3099,42.2422],[143.3098,42.2422],[143.3098,42.2422],[143.3099,42.2422]]],[[[143.3094,42.2425],[143.3094,42.2424],[143.3093,42.2425],[143.3094,42.2425]]],[[[143.311,42.2454],[143.3111,42.2454],[143.311,42.2453],[143.311,42.2454]]],[[[143.3114,42.2455],[143.3114,42.2453],[143.3113,42.2454],[143.3114,42.2455]]],[[[143.3104,42.2456],[143.3106,42.2456],[143.3106,42.2455],[143.3104,42.2456]]],[[[143.3102,42.246],[143.3098,42.246],[143.3101,42.2461],[143.3102,42.246]]],[[[143.3095,42.2463],[143.3094,42.2462],[143.3093,42.2463],[143.3095,42.2463]]],[[[143.3098,42.2463],[143.3098,42.2465],[143.3099,42.2464],[143.3098,42.2463]]],[[[143.309,42.2465],[143.3091,42.2464],[143.309,42.2465],[143.309,42.2465]]],[[[143.31,42.2468],[143.31,42.2467],[143.31,42.2467],[143.31,42.2468]]],[[[143.3088,42.2467],[143.3087,42.2468],[143.3089,42.2468],[143.3088,42.2467]]],[[[143.3089,42.2473],[143.3088,42.2472],[143.3088,42.2472],[143.3089,42.2473]]],[[[143.3101,42.2482],[143.3099,42.2482],[143.3101,42.2482],[143.3101,42.2482]]],[[[143.3092,42.2483],[143.3093,42.2483],[143.3093,42.2483],[143.3092,42.2483]]],[[[143.3095,42.2485],[143.3095,42.2486],[143.3095,42.2485],[143.3095,42.2485]]],[[[143.3099,42.2486],[143.3098,42.2486],[143.3099,42.2486],[143.3099,42.2486]]],[[[143.3091,42.2487],[143.3092,42.2485],[143.309,42.2486],[143.3091,42.2487]]],[[[143.2665,42.1683],[143.2018,42.189],[143.1861,42.219],[143.1656,42.2232],[143.1476,42.2406],[143.149,42.252],[143.117,42.2602],[143.1068,42.2854],[143.0762,42.2909],[143.074,42.3027],[143.0548,42.3093],[143.048,42.329],[143.0101,42.353],[142.9998,42.3715],[143.0324,42.3981],[143.0325,42.4152],[143.0639,42.428],[143.1347,42.4198],[143.1544,42.4292],[143.1895,42.4302],[143.2067,42.4424],[143.2939,42.4484],[143.3675,42.4306],[143.3888,42.4175],[143.328,42.3158],[143.326,42.3077],[143.3355,42.3039],[143.3401,42.3009],[143.3277,42.3069],[143.333,42.3028],[143.3241,42.2994],[143.3287,42.2949],[143.3208,42.2976],[143.3197,42.2886],[143.3477,42.3024],[143.3259,42.2908],[143.3091,42.2577],[143.3081,42.2437],[143.3155,42.2274],[143.321,42.2269],[143.3237,42.2228],[143.3221,42.2235],[143.3198,42.2222],[143.3188,42.2142],[143.3205,42.2094],[143.3243,42.2066],[143.336,42.2016],[143.3329,42.1931],[143.3336,42.1747],[143.3314,42.1736],[143.3299,42.1718],[143.3241,42.16],[143.2938,42.1686],[143.2698,42.1607],[143.2665,42.1683]]],[[[143.3289,42.1667],[143.3289,42.1668],[143.3289,42.1667],[143.3289,42.1667]]],[[[143.329,42.167],[143.329,42.1671],[143.329,42.1671],[143.329,42.167]]],[[[143.3305,42.167],[143.3302,42.1672],[143.3305,42.1671],[143.3305,42.167]]],[[[143.3302,42.1689],[143.3301,42.1689],[143.3303,42.1689],[143.3302,42.1689]]],[[[143.3309,42.1697],[143.331,42.1695],[143.3307,42.1696],[143.3309,42.1697]]],[[[143.3325,42.1738],[143.3325,42.1737],[143.3324,42.1738],[143.3325,42.1738]]],[[[143.3323,42.1741],[143.3327,42.174],[143.3322,42.174],[143.3323,42.1741]]],[[[143.3324,42.204],[143.3324,42.2038],[143.3322,42.2039],[143.3324,42.204]]],[[[143.3242,42.2071],[143.3242,42.2073],[143.3243,42.2072],[143.3242,42.2071]]],[[[143.3236,42.2075],[143.3239,42.2075],[143.3239,42.2075],[143.3236,42.2075]]],[[[143.3235,42.2077],[143.3234,42.2077],[143.3233,42.2077],[143.3235,42.2077]]],[[[143.3228,42.2083],[143.3229,42.2085],[143.323,42.2084],[143.3228,42.2083]]],[[[143.3226,42.2086],[143.3226,42.2087],[143.3227,42.2086],[143.3226,42.2086]]],[[[143.3206,42.2107],[143.3206,42.2105],[143.3205,42.2107],[143.3206,42.2107]]],[[[143.3204,42.2169],[143.3205,42.2168],[143.3203,42.2169],[143.3204,42.2169]]],[[[143.32,42.217],[143.3201,42.2168],[143.32,42.2169],[143.32,42.217]]],[[[143.3209,42.2207],[143.3209,42.2206],[143.3208,42.2206],[143.3209,42.2207]]],[[[143.3207,42.2209],[143.3209,42.221],[143.3209,42.2209],[143.3207,42.2209]]],[[[143.3206,42.2213],[143.3205,42.2212],[143.3205,42.2213],[143.3206,42.2213]]],[[[143.3231,42.2228],[143.3232,42.2228],[143.322,42.2222],[143.3231,42.2228]]],[[[143.3162,42.2307],[143.3162,42.2304],[143.316,42.2305],[143.3162,42.2307]]],[[[143.3155,42.2353],[143.3154,42.2352],[143.3154,42.2353],[143.3155,42.2353]]],[[[143.3157,42.2357],[143.3156,42.2356],[143.3155,42.2357],[143.3157,42.2357]]],[[[143.3155,42.236],[143.3154,42.2359],[143.3154,42.236],[143.3155,42.236]]],[[[143.3142,42.2372],[143.3141,42.2371],[143.3141,42.2372],[143.3142,42.2372]]],[[[143.3138,42.2374],[143.3139,42.2373],[143.3137,42.2373],[143.3138,42.2374]]],[[[143.3129,42.2391],[143.3128,42.2393],[143.313,42.2391],[143.3129,42.2391]]],[[[143.3117,42.2396],[143.3116,42.2396],[143.3117,42.2396],[143.3117,42.2396]]],[[[143.3116,42.2451],[143.3118,42.2451],[143.3118,42.2451],[143.3116,42.2451]]],[[[143.3135,42.2654],[143.3134,42.2653],[143.3134,42.2654],[143.3135,42.2654]]],[[[143.3141,42.2669],[143.314,42.2667],[143.314,42.2669],[143.3141,42.2669]]],[[[143.3248,42.2863],[143.3249,42.286],[143.3246,42.2863],[143.3248,42.2863]]],[[[143.3333,42.1738],[143.3336,42.1738],[143.3336,42.1737],[143.3333,42.1738]]],[[[143.335,42.174],[143.3352,42.1739],[143.3351,42.1738],[143.335,42.174]]],[[[143.3334,42.174],[143.3336,42.1741],[143.3336,42.174],[143.3334,42.174]]],[[[143.3339,42.1749],[143.3342,42.1747],[143.3341,42.1746],[143.3339,42.1749]]],[[[143.336,42.177],[143.3361,42.1769],[143.3359,42.1769],[143.336,42.177]]],[[[143.3355,42.1769],[143.3354,42.177],[143.3355,42.177],[143.3355,42.1769]]],[[[143.334,42.1769],[143.3343,42.177],[143.334,42.1769],[143.334,42.1769]]],[[[143.3346,42.1781],[143.3347,42.1779],[143.3345,42.1779],[143.3346,42.1781]]],[[[143.3343,42.1783],[143.3343,42.1781],[143.3342,42.1781],[143.3343,42.1783]]],[[[143.3346,42.1783],[143.3344,42.1786],[143.3347,42.1784],[143.3346,42.1783]]],[[[143.335,42.1786],[143.3348,42.1787],[143.3352,42.1787],[143.335,42.1786]]],[[[143.336,42.1787],[143.3358,42.1788],[143.3361,42.1787],[143.336,42.1787]]],[[[143.3355,42.1788],[143.3356,42.1787],[143.3354,42.1787],[143.3355,42.1788]]],[[[143.3351,42.1791],[143.3352,42.1792],[143.3353,42.1791],[143.3351,42.1791]]],[[[143.3345,42.1796],[143.3346,42.1794],[143.3344,42.1795],[143.3345,42.1796]]],[[[143.3342,42.1797],[143.3341,42.1797],[143.3342,42.1797],[143.3342,42.1797]]],[[[143.3358,42.1833],[143.3356,42.1834],[143.3358,42.1833],[143.3358,42.1833]]],[[[143.3356,42.1838],[143.3357,42.184],[143.3358,42.1839],[143.3356,42.1838]]],[[[143.3359,42.1859],[143.3359,42.1858],[143.3357,42.1858],[143.3359,42.1859]]],[[[143.3353,42.1859],[143.3354,42.186],[143.3355,42.186],[143.3353,42.1859]]],[[[143.3357,42.1907],[143.3355,42.1906],[143.3357,42.1908],[143.3357,42.1907]]],[[[143.3348,42.1908],[143.3349,42.1908],[143.3349,42.1908],[143.3348,42.1908]]],[[[143.3346,42.1912],[143.3346,42.1911],[143.3345,42.1911],[143.3346,42.1912]]],[[[143.3349,42.1971],[143.3349,42.1969],[143.3348,42.197],[143.3349,42.1971]]],[[[143.3356,42.2023],[143.3359,42.202],[143.3355,42.2021],[143.3356,42.2023]]],[[[143.3346,42.2028],[143.3346,42.203],[143.3348,42.2029],[143.3346,42.2028]]],[[[143.3351,42.2032],[143.3349,42.2031],[143.335,42.2033],[143.3351,42.2032]]],[[[143.3353,42.2032],[143.3353,42.2033],[143.3354,42.2033],[143.3353,42.2032]]],[[[143.3334,42.2035],[143.3336,42.2035],[143.3337,42.2033],[143.3334,42.2035]]],[[[143.3351,42.2034],[143.3353,42.2035],[143.3353,42.2034],[143.3351,42.2034]]],[[[143.3328,42.2038],[143.3328,42.2037],[143.3325,42.2037],[143.3328,42.2038]]],[[[143.3336,42.204],[143.3336,42.2042],[143.3337,42.2041],[143.3336,42.204]]],[[[143.3367,42.1767],[143.3365,42.1769],[143.3367,42.1769],[143.3367,42.1767]]],[[[143.3379,42.177],[143.3378,42.177],[143.3378,42.177],[143.3379,42.177]]],[[[143.3368,42.1774],[143.3368,42.1772],[143.3367,42.1773],[143.3368,42.1774]]],[[[143.3375,42.1819],[143.3372,42.1819],[143.3373,42.1821],[143.3375,42.1819]]],[[[143.3365,42.1835],[143.3364,42.1836],[143.3365,42.1836],[143.3365,42.1835]]],[[[143.3362,42.1841],[143.3361,42.1842],[143.3362,42.1842],[143.3362,42.1841]]],[[[143.3378,42.1864],[143.3377,42.1862],[143.3376,42.1863],[143.3378,42.1864]]],[[[143.337,42.1862],[143.3371,42.1864],[143.3371,42.1863],[143.337,42.1862]]],[[[143.3374,42.1865],[143.3373,42.1864],[143.3373,42.1864],[143.3374,42.1865]]],[[[143.3367,42.1866],[143.3369,42.1865],[143.3367,42.1865],[143.3367,42.1866]]],[[[143.3376,42.1865],[143.3377,42.1866],[143.3376,42.1865],[143.3376,42.1865]]],[[[143.3367,42.1871],[143.3364,42.1869],[143.3364,42.1869],[143.3367,42.1871]]],[[[143.3371,42.187],[143.3369,42.187],[143.3369,42.1871],[143.3371,42.187]]],[[[143.3368,42.1873],[143.3367,42.1872],[143.3366,42.1873],[143.3368,42.1873]]],[[[143.3361,42.1888],[143.3364,42.1889],[143.3363,42.1887],[143.3361,42.1888]]],[[[143.3376,42.1891],[143.3375,42.1893],[143.3377,42.1892],[143.3376,42.1891]]],[[[143.338,42.1893],[143.338,42.1892],[143.3379,42.1892],[143.338,42.1893]]],[[[143.337,42.1895],[143.3371,42.1893],[143.3368,42.1893],[143.337,42.1895]]],[[[143.3374,42.1894],[143.3373,42.1895],[143.3375,42.1895],[143.3374,42.1894]]],[[[143.3365,42.1896],[143.3365,42.1895],[143.3364,42.1895],[143.3365,42.1896]]],[[[143.3382,42.1897],[143.3382,42.1898],[143.3383,42.1898],[143.3382,42.1897]]],[[[143.3377,42.1899],[143.3377,42.1897],[143.3374,42.1897],[143.3377,42.1899]]],[[[143.3359,42.1899],[143.3362,42.19],[143.3362,42.1898],[143.3359,42.1899]]],[[[143.3364,42.1902],[143.3363,42.1902],[143.3365,42.1902],[143.3364,42.1902]]],[[[143.3369,42.1904],[143.337,42.1905],[143.337,42.1904],[143.3369,42.1904]]],[[[143.3373,42.1904],[143.3372,42.1905],[143.3374,42.1904],[143.3373,42.1904]]],[[[143.3368,42.2009],[143.3368,42.2008],[143.3367,42.2008],[143.3368,42.2009]]],[[[143.3363,42.2008],[143.3364,42.201],[143.3364,42.2009],[143.3363,42.2008]]],[[[143.3369,42.2012],[143.3368,42.2012],[143.3368,42.2013],[143.3369,42.2012]]],[[[143.3364,42.2012],[143.3364,42.2015],[143.3367,42.2015],[143.3364,42.2012]]],[[[143.3375,42.2015],[143.3374,42.2016],[143.3375,42.2015],[143.3375,42.2015]]],[[[143.3515,42.3028],[143.3535,42.3042],[143.3494,42.3011],[143.3515,42.3028]]]]}},{"type":"Feature","properties":{"id":"01643","name":"幕別町","pref":"北海道"},"geometry":{"type":"Polygon","coordinates":[[[143.2236,42.5726],[143.2953,42.5926],[143.3042,42.6258],[143.2617,42.6399],[143.2847,42.7186],[143.2484,42.7256],[143.2683,42.7632],[143.2334,42.7698],[143.2461,42.7917],[143.2215,42.7996],[143.2286,42.8117],[143.2033,42.8199],[143.2185,42.8421],[143.2128,42.8445],[143.2257,42.8717],[143.2258,42.8899],[143.2141,42.8956],[143.2396,42.9325],[143.2784,42.9364],[143.3086,42.925],[143.3321,42.9397],[143.3744,42.9429],[143.3839,42.925],[143.4172,42.9062],[143.4434,42.8738],[143.3895,42.8702],[143.3965,42.8173],[143.351,42.7817],[143.3497,42.737],[143.3362,42.7206],[143.328,42.6907],[143.3377,42.6569],[143.3585,42.6574],[143.3693,42.6452],[143.3641,42.6376],[143.3713,42.6255],[143.3633,42.6101],[143.37,42.5943],[143.4072,42.5901],[143.4112,42.5599],[143.4526,42.5276],[143.378,42.5093],[143.3694,42.5303],[143.3387,42.541],[143.2991,42.5284],[143.2238,42.5522],[143.2302,42.561],[143.2186,42.5656],[143.2236,42.5726]]]}},{"type":"Feature","properties":{"id":"01644","name":"池田町","pref":"北海道"},"geometry":{"type":"Polygon","coordinates":[[[143.3927,42.9193],[143.3744,42.9429],[143.3209,42.9363],[143.3255,42.9632],[143.3672,42.97],[143.3753,42.9914],[143.3637,43.0209],[143.3519,43.0274],[143.3573,43.0342],[143.3408,43.0594],[143.3435,43.0789],[143.3869,43.0858],[143.4158,43.1154],[143.5107,43.0567],[143.5575,43.076],[143.5621,43.0721],[143.5651,43.0494],[143.5912,43.0289],[143.5744,43.002],[143.5829,42.9753],[143.5652,42.9654],[143.5784,42.9278],[143.551,42.894],[143.49,42.8762],[143.4434,42.8738],[143.4196,42.9041],[143.3927,42.9193]]]}},{"type":"Feature","properties":{"id":"01645","name":"豊頃町","pref":"北海道"},"geometry":{"type":"Polygon","coordinates":[[[143.4989,42.6069],[143.4979,42.615],[143.4794,42.6218],[143.4841,42.6346],[143.4746,42.6394],[143.4633,42.6326],[143.4446,42.6476],[143.4402,42.6653],[143.4136,42.677],[143.3889,42.6591],[143.3906,42.6483],[143.3693,42.6452],[143.3585,42.6574],[143.3377,42.6569],[143.328,42.6908],[143.331,42.7081],[143.3497,42.737],[143.351,42.7817],[143.3965,42.8173],[143.3895,42.8702],[143.4816,42.8747],[143.551,42.894],[143.5854,42.8686],[143.559,42.8458],[143.5804,42.82],[143.5808,42.8086],[143.5957,42.8028],[143.5883,42.7494],[143.5928,42.728],[143.6047,42.7235],[143.597,42.7137],[143.6059,42.7012],[143.6294,42.6995],[143.6297,42.7075],[143.6739,42.7046],[143.6908,42.713],[143.642,42.676],[143.6473,42.6698],[143.6468,42.665],[143.6415,42.6758],[143.6367,42.6726],[143.6433,42.6677],[143.6317,42.6699],[143.5242,42.5735],[143.5155,42.5898],[143.5206,42.5999],[143.4989,42.6069]]]}},{"type":"Feature","properties":{"id":"01646","name":"本別町","pref":"北海道"},"geometry":{"type":"Polygon","coordinates":[[[143.6942,43.1502],[143.5107,43.0567],[143.4696,43.0781],[143.4486,43.1008],[143.4056,43.1194],[143.3902,43.1416],[143.3884,43.1763],[143.399,43.1995],[143.3947,43.2079],[143.4068,43.2148],[143.4014,43.2286],[143.411,43.2446],[143.4966,43.2392],[143.5257,43.2277],[143.5386,43.2361],[143.5635,43.2072],[143.5695,43.1887],[143.5824,43.1951],[143.5808,43.2027],[143.66,43.2399],[143.7158,43.2006],[143.7749,43.2118],[143.7927,43.2036],[143.7899,43.1931],[143.777,43.1865],[143.782,43.1676],[143.6942,43.1502]]]}},{"type":"Feature","properties":{"id":"01647","name":"足寄町","pref":"北海道"},"geometry":{"type":"Polygon","coordinates":[[[143.66,43.2399],[143.5808,43.2027],[143.5824,43.1951],[143.5694,43.1887],[143.5635,43.2072],[143.5386,43.2361],[143.5257,43.2277],[143.4966,43.2392],[143.4022,43.2451],[143.4121,43.2881],[143.3818,43.3061],[143.3127,43.3141],[143.3188,43.3316],[143.2916,43.351],[143.2829,43.3709],[143.237,43.3868],[143.2441,43.4092],[143.2314,43.4201],[143.2366,43.4303],[143.2112,43.4492],[143.2245,43.4888],[143.2384,43.4959],[143.2266,43.5328],[143.2355,43.5512],[143.2615,43.5593],[143.3076,43.5463],[143.3339,43.5577],[143.3569,43.5465],[143.374,43.5522],[143.4032,43.5451],[143.4252,43.5247],[143.4637,43.5082],[143.4563,43.4477],[143.5456,43.4602],[143.5807,43.4496],[143.6118,43.4694],[143.6482,43.4585],[143.6769,43.4379],[143.7284,43.4438],[143.7348,43.4396],[143.7192,43.4178],[143.7073,43.4158],[143.7031,43.394],[143.67,43.3867],[143.6577,43.3684],[143.6633,43.3609],[143.6756,43.3624],[143.6806,43.3486],[143.6954,43.3459],[143.7476,43.3642],[143.7478,43.3749],[143.7648,43.3847],[143.7844,43.3875],[143.7885,43.4027],[143.8084,43.4159],[143.8015,43.426],[143.8115,43.446],[143.8241,43.4531],[143.8168,43.4704],[143.8349,43.4784],[143.825,43.4915],[143.8318,43.4957],[143.8929,43.4747],[143.9501,43.4857],[143.9597,43.4728],[143.9988,43.4649],[144.0038,43.4356],[144.0282,43.4266],[144.0222,43.3958],[144.0271,43.3921],[144.0041,43.387],[144.0068,43.3741],[143.9526,43.3582],[143.9326,43.3372],[143.9101,43.3349],[143.8961,43.3245],[143.8958,43.3141],[143.8659,43.3053],[143.845,43.2841],[143.8306,43.2937],[143.8221,43.2888],[143.8273,43.2623],[143.8114,43.2469],[143.8005,43.2476],[143.7999,43.2313],[143.7894,43.2205],[143.7976,43.2101],[143.7927,43.2036],[143.7749,43.2118],[143.7158,43.2006],[143.66,43.2399]]]}},{"type":"Feature","properties":{"id":"01648","name":"陸別町","pref":"北海道"},"geometry":{"type":"Polygon","coordinates":[[[143.7061,43.4139],[143.7348,43.4396],[143.7141,43.4469],[143.6769,43.4379],[143.6482,43.4585],[143.6118,43.4694],[143.5807,43.4496],[143.5456,43.4602],[143.4563,43.4477],[143.4652,43.5132],[143.4723,43.5293],[143.4986,43.5505],[143.5194,43.5479],[143.53,43.5659],[143.5282,43.5781],[143.5439,43.5984],[143.5704,43.5946],[143.6171,43.6059],[143.632,43.6221],[143.6262,43.6378],[143.6432,43.6392],[143.6584,43.6269],[143.6795,43.6257],[143.6957,43.6397],[143.7237,43.6406],[143.736,43.6379],[143.7428,43.6182],[143.7746,43.6229],[143.7908,43.5916],[143.82,43.5797],[143.837,43.5497],[143.8771,43.5229],[143.8976,43.5314],[143.9281,43.5193],[143.9284,43.504],[143.9436,43.5013],[143.9402,43.4899],[143.9496,43.4859],[143.8929,43.4747],[143.8318,43.4957],[143.825,43.4915],[143.8349,43.4784],[143.8168,43.4704],[143.8241,43.4531],[143.8115,43.446],[143.8015,43.426],[143.8084,43.4159],[143.7885,43.4027],[143.7844,43.3875],[143.7643,43.3844],[143.7478,43.3749],[143.7478,43.3643],[143.7198,43.3592],[143.7137,43.3485],[143.6807,43.3486],[143.6756,43.3624],[143.6615,43.3617],[143.6608,43.3763],[143.67,43.3867],[143.7027,43.3935],[143.7061,43.4139]]]}},{"type":"Feature","properties":{"id":"01649","name":"浦幌町","pref":"北海道"},"geometry":{"type":"MultiPolygon","coordinates":[[[[143.8248,42.8],[143.825,42.7999],[143.8248,42.7999],[143.8248,42.8]]],[[[143.5884,42.749],[143.5957,42.8028],[143.5769,42.8132],[143.5804,42.82],[143.5589,42.8472],[143.5854,42.8686],[143.549,42.8967],[143.5784,42.9278],[143.5652,42.9654],[143.5829,42.9753],[143.5744,43.002],[143.5912,43.0291],[143.5651,43.0494],[143.5599,43.0741],[143.5717,43.0893],[143.5873,43.0886],[143.6031,43.1046],[143.6754,43.1347],[143.6942,43.1502],[143.7386,43.1636],[143.7671,43.1634],[143.775,43.1508],[143.753,43.1184],[143.7592,43.1064],[143.7521,43.0945],[143.7563,43.0836],[143.7427,43.0733],[143.7401,43.059],[143.7246,43.0565],[143.7105,43.043],[143.7031,43.0035],[143.7126,42.9909],[143.7339,42.9914],[143.7665,42.9605],[143.7614,42.9381],[143.7837,42.902],[143.7774,42.8959],[143.8693,42.8423],[143.8215,42.8073],[143.825,42.8003],[143.821,42.8075],[143.8193,42.8067],[143.8242,42.7995],[143.8126,42.7999],[143.6749,42.7048],[143.6297,42.7075],[143.6297,42.6995],[143.6081,42.6994],[143.597,42.7137],[143.6047,42.7235],[143.5928,42.728],[143.5884,42.749]]]]}},{"type":"Feature","properties":{"id":"01661","name":"釧路町","pref":"北海道"},"geometry":{"type":"MultiPolygon","coordinates":[[[[144.7152,42.933],[144.7162,42.9325],[144.7151,42.9329],[144.7152,42.933]]],[[[144.7812,42.934],[144.7815,42.9338],[144.7811,42.9339],[144.7812,42.934]]],[[[144.7073,42.9367],[144.7073,42.9369],[144.7074,42.9368],[144.7073,42.9367]]],[[[144.7714,42.9451],[144.7714,42.9449],[144.7713,42.945],[144.7714,42.9451]]],[[[144.6398,42.9455],[144.6396,42.9453],[144.6396,42.9455],[144.6398,42.9455]]],[[[144.596,42.9478],[144.5964,42.9478],[144.5963,42.9474],[144.596,42.9478]]],[[[144.5845,42.9483],[144.5843,42.9485],[144.5846,42.9484],[144.5845,42.9483]]],[[[144.4409,42.9953],[144.4042,42.9969],[144.3976,43.0072],[144.4255,43.026],[144.4179,43.0455],[144.427,43.0474],[144.3986,43.0715],[144.4024,43.1092],[144.4902,43.1187],[144.5247,43.1135],[144.5333,43.1005],[144.5418,43.105],[144.5493,43.0591],[144.5587,43.05],[144.5501,43.0337],[144.5569,43.022],[144.5661,43.0261],[144.5768,43.0189],[144.5698,42.9987],[144.5821,42.9829],[144.647,42.9765],[144.7162,42.9907],[144.7126,42.9963],[144.7279,43.0031],[144.7244,42.9738],[144.7479,42.9555],[144.7856,42.9367],[144.7165,42.933],[144.7195,42.9351],[144.6302,42.9515],[144.5284,42.9513],[144.4857,42.9394],[144.476,42.9673],[144.4514,42.9794],[144.4409,42.9953]]]]}},{"type":"Feature","properties":{"id":"01662","name":"厚岸町","pref":"北海道"},"geometry":{"type":"MultiPolygon","coordinates":[[[[144.8677,42.947],[144.8679,42.9469],[144.8677,42.9468],[144.8677,42.947]]],[[[144.8683,42.9475],[144.8683,42.9472],[144.868,42.9472],[144.8683,42.9475]]],[[[144.8717,42.9486],[144.8712,42.9484],[144.8712,42.9486],[144.8717,42.9486]]],[[[144.8803,42.9575],[144.8638,42.9467],[144.8731,42.965],[144.8738,42.9617],[144.8803,42.9575]]],[[[144.8793,42.9587],[144.8788,42.9588],[144.8793,42.9588],[144.8793,42.9587]]],[[[144.8786,42.9588],[144.8785,42.9589],[144.8787,42.9589],[144.8786,42.9588]]],[[[144.8808,42.9753],[144.8783,42.9743],[144.8784,42.9758],[144.8808,42.9753]]],[[[144.8933,42.9852],[144.8932,42.9852],[144.8931,42.9852],[144.8933,42.9852]]],[[[144.8858,42.9852],[144.886,42.9853],[144.886,42.9852],[144.8858,42.9852]]],[[[144.8931,42.9855],[144.8936,42.9856],[144.8936,42.9854],[144.8931,42.9855]]],[[[144.8572,42.9983],[144.857,42.9981],[144.857,42.9982],[144.8572,42.9983]]],[[[144.8523,42.9984],[144.852,42.9983],[144.8522,42.9985],[144.8523,42.9984]]],[[[144.8538,43.0017],[144.8537,43.0018],[144.8538,43.0017],[144.8538,43.0017]]],[[[144.8535,43.002],[144.8535,43.0021],[144.8536,43.002],[144.8535,43.002]]],[[[144.8318,43.0143],[144.8319,43.0143],[144.8318,43.0143],[144.8318,43.0143]]],[[[144.8368,43.0212],[144.8368,43.0211],[144.8367,43.0212],[144.8368,43.0212]]],[[[144.8367,43.0213],[144.8366,43.0214],[144.8367,43.0214],[144.8367,43.0213]]],[[[144.8301,43.0408],[144.8303,43.0353],[144.8302,43.0353],[144.8301,43.0408]]],[[[144.5977,42.9808],[144.5717,42.9931],[144.5771,43.0123],[144.5704,43.0252],[144.6002,43.0547],[144.635,43.0608],[144.6569,43.1017],[144.6792,43.1034],[144.66,43.1502],[144.6764,43.1531],[144.6756,43.1388],[144.6822,43.1393],[144.7092,43.1604],[144.7169,43.1588],[144.7149,43.1472],[144.7322,43.1656],[144.7315,43.177],[144.7523,43.1883],[144.8168,43.1718],[144.8095,43.1766],[144.8165,43.1831],[144.802,43.1965],[144.7541,43.2148],[144.7503,43.2203],[144.7601,43.231],[144.7491,43.2706],[144.6949,43.2878],[144.6831,43.3145],[144.6707,43.3207],[144.6706,43.3518],[144.7127,43.3352],[144.7276,43.3161],[144.8287,43.2974],[144.8525,43.28],[144.8787,43.2788],[144.9102,43.2576],[144.9124,43.2413],[144.9525,43.2111],[144.9354,43.1957],[144.9461,43.1894],[144.9244,43.1697],[144.9472,43.1493],[145.008,43.1241],[144.9845,43.1038],[144.9914,43.0781],[144.9759,43.0742],[144.9657,43.0601],[144.9986,43.0129],[144.9955,42.9937],[144.9737,42.9813],[144.9289,42.9905],[144.9227,42.9808],[144.9193,42.986],[144.904,42.9897],[144.8761,42.9863],[144.8542,43.0014],[144.859,43.0053],[144.8538,43.0122],[144.8323,43.0142],[144.8376,43.0216],[144.8384,43.0242],[144.831,43.0356],[144.8543,43.0487],[144.8147,43.0592],[144.7782,43.0519],[144.7302,43.0017],[144.7147,42.9984],[144.7162,42.9907],[144.647,42.9765],[144.5977,42.9808]]],[[[144.9614,42.9797],[144.9616,42.9798],[144.9616,42.9797],[144.9614,42.9797]]],[[[144.9628,42.9799],[144.9623,42.9798],[144.9628,42.98],[144.9628,42.9799]]],[[[144.9585,42.9814],[144.9586,42.9811],[144.9583,42.9813],[144.9585,42.9814]]],[[[144.9497,42.9821],[144.9501,42.9822],[144.9501,42.9821],[144.9497,42.9821]]],[[[144.9576,42.9829],[144.9573,42.9825],[144.9571,42.9828],[144.9576,42.9829]]],[[[144.8934,42.9846],[144.8935,42.9848],[144.8937,42.9846],[144.8934,42.9846]]],[[[144.8945,42.9849],[144.8945,42.9851],[144.8947,42.9851],[144.8945,42.9849]]],[[[144.9141,42.9853],[144.9138,42.9855],[144.9141,42.9854],[144.9141,42.9853]]],[[[144.8944,42.9856],[144.8944,42.9854],[144.8941,42.9855],[144.8944,42.9856]]],[[[144.9135,42.9855],[144.9131,42.9857],[144.9137,42.9857],[144.9135,42.9855]]],[[[144.8949,42.9857],[144.8947,42.9859],[144.8949,42.9858],[144.8949,42.9857]]],[[[144.9056,42.986],[144.9057,42.9863],[144.9058,42.9862],[144.9056,42.986]]],[[[144.9063,42.9867],[144.906,42.9865],[144.906,42.9866],[144.9063,42.9867]]],[[[144.9849,42.9867],[144.9848,42.9869],[144.985,42.9869],[144.9849,42.9867]]],[[[144.988,42.9884],[144.9881,42.9885],[144.9882,42.9884],[144.988,42.9884]]],[[[144.9879,42.9886],[144.9878,42.9887],[144.988,42.9887],[144.9879,42.9886]]],[[[144.9878,42.9888],[144.9879,42.989],[144.9879,42.9888],[144.9878,42.9888]]],[[[144.989,42.9889],[144.9891,42.989],[144.9891,42.9889],[144.989,42.9889]]],[[[144.9891,42.9892],[144.989,42.9895],[144.9892,42.9895],[144.9891,42.9892]]]]}},{"type":"Feature","properties":{"id":"01663","name":"浜中町","pref":"北海道"},"geometry":{"type":"MultiPolygon","coordinates":[[[[145.0031,42.9918],[145.003,42.9917],[145.0029,42.9918],[145.0031,42.9918]]],[[[145.0045,42.9922],[145.0045,42.9924],[145.0046,42.9923],[145.0045,42.9922]]],[[[145.0043,42.9926],[145.0043,42.993],[145.0044,42.9927],[145.0043,42.9926]]],[[[145.0111,42.9937],[145.0112,42.9939],[145.0113,42.9938],[145.0111,42.9937]]],[[[145.0117,42.9942],[145.0118,42.9941],[145.0116,42.9941],[145.0117,42.9942]]],[[[145.013,42.9946],[145.0127,42.9947],[145.0131,42.9946],[145.013,42.9946]]],[[[145.0132,42.9949],[145.0133,42.9948],[145.0132,42.9948],[145.0132,42.9949]]],[[[145.0132,42.9952],[145.0134,42.9953],[145.0134,42.9951],[145.0132,42.9952]]],[[[145.0161,42.9961],[145.0161,42.9959],[145.016,42.996],[145.0161,42.9961]]],[[[145.0174,42.997],[145.0174,42.9971],[145.0175,42.997],[145.0174,42.997]]],[[[145.0208,42.9974],[145.0201,42.9969],[145.02,42.9971],[145.0208,42.9974]]],[[[145.024,42.9991],[145.0239,42.999],[145.0239,42.9991],[145.024,42.9991]]],[[[145.0252,42.9993],[145.0254,42.9994],[145.0255,42.9993],[145.0252,42.9993]]],[[[145.0251,43.0004],[145.0253,43.0003],[145.0251,43.0003],[145.0251,43.0004]]],[[[145.0251,43.0013],[145.0251,43.0012],[145.025,43.0012],[145.0251,43.0013]]],[[[145.0267,43.0041],[145.0271,43.0041],[145.0267,43.004],[145.0267,43.0041]]],[[[145.0287,43.0063],[145.0289,43.0062],[145.0287,43.0062],[145.0287,43.0063]]],[[[145.0305,43.0098],[145.0307,43.0097],[145.0305,43.0097],[145.0305,43.0098]]],[[[145.03,43.0099],[145.03,43.0097],[145.03,43.0097],[145.03,43.0099]]],[[[145.0256,43.0154],[145.0258,43.0153],[145.0256,43.0153],[145.0256,43.0154]]],[[[145.0251,43.0162],[145.025,43.0164],[145.0252,43.0163],[145.0251,43.0162]]],[[[145.0258,43.0163],[145.0254,43.0166],[145.0258,43.0165],[145.0258,43.0163]]],[[[145.0252,43.0168],[145.0251,43.0167],[145.025,43.0168],[145.0252,43.0168]]],[[[145.0249,43.0174],[145.0254,43.0171],[145.0251,43.017],[145.0249,43.0174]]],[[[145.0264,43.0183],[145.026,43.0183],[145.0261,43.0185],[145.0264,43.0183]]],[[[145.0245,43.0191],[145.0246,43.0193],[145.0246,43.0192],[145.0245,43.0191]]],[[[145.0256,43.0194],[145.0257,43.0192],[145.0255,43.0193],[145.0256,43.0194]]],[[[145.0256,43.0199],[145.0263,43.0207],[145.0264,43.0206],[145.0256,43.0199]]],[[[145.0324,43.0215],[145.0325,43.0214],[145.0324,43.0214],[145.0324,43.0215]]],[[[145.0292,43.0217],[145.0293,43.0218],[145.0292,43.0216],[145.0292,43.0217]]],[[[145.0317,43.0221],[145.0317,43.0222],[145.0319,43.0222],[145.0317,43.0221]]],[[[145.0311,43.0224],[145.0313,43.0223],[145.0311,43.0223],[145.0311,43.0224]]],[[[145.0308,43.0226],[145.0306,43.0226],[145.0308,43.0227],[145.0308,43.0226]]],[[[145.0505,43.0307],[145.0507,43.0307],[145.0505,43.0307],[145.0505,43.0307]]],[[[145.0624,43.0287],[145.0618,43.0291],[145.0626,43.0288],[145.0624,43.0287]]],[[[145.0596,43.0289],[145.0593,43.0289],[145.0594,43.029],[145.0596,43.0289]]],[[[145.0607,43.029],[145.0609,43.0289],[145.0607,43.0289],[145.0607,43.029]]],[[[145.0676,43.0301],[145.0676,43.0299],[145.0675,43.0301],[145.0676,43.0301]]],[[[145.0606,43.0303],[145.0602,43.0301],[145.0598,43.0303],[145.0606,43.0303]]],[[[145.051,43.031],[145.0511,43.0309],[145.051,43.0309],[145.051,43.031]]],[[[145.0517,43.0311],[145.0519,43.031],[145.0517,43.031],[145.0517,43.0311]]],[[[145.0815,43.0431],[145.0818,43.0431],[145.0818,43.0431],[145.0815,43.0431]]],[[[145.0837,43.0443],[145.0837,43.0445],[145.0839,43.0443],[145.0837,43.0443]]],[[[145.0861,43.0446],[145.0863,43.0449],[145.0864,43.0447],[145.0861,43.0446]]],[[[145.0979,43.045],[145.0976,43.0446],[145.0974,43.0448],[145.0979,43.045]]],[[[145.0985,43.0449],[145.0982,43.045],[145.0985,43.0449],[145.0985,43.0449]]],[[[145.0952,43.0454],[145.0947,43.0455],[145.0952,43.0455],[145.0952,43.0454]]],[[[145.0994,43.0458],[145.0995,43.0457],[145.0993,43.0457],[145.0994,43.0458]]],[[[145.0941,43.0456],[145.0941,43.0459],[145.0943,43.0457],[145.0941,43.0456]]],[[[145.0872,43.0464],[145.0872,43.0463],[145.0871,43.0463],[145.0872,43.0464]]],[[[145.0879,43.0475],[145.088,43.0476],[145.088,43.0475],[145.0879,43.0475]]],[[[145.0961,43.045],[145.0977,43.0524],[145.1168,43.0524],[145.0961,43.045]]],[[[145.1159,43.0501],[145.1161,43.0503],[145.1162,43.0501],[145.1159,43.0501]]],[[[145.0904,43.0503],[145.0903,43.0502],[145.0903,43.0503],[145.0904,43.0503]]],[[[145.1171,43.0522],[145.1172,43.0522],[145.1171,43.0521],[145.1171,43.0522]]],[[[145.1188,43.0524],[145.1185,43.0522],[145.1185,43.0524],[145.1188,43.0524]]],[[[145.1214,43.0623],[145.1216,43.0623],[145.1215,43.0622],[145.1214,43.0623]]],[[[145.1232,43.0623],[145.1229,43.0625],[145.1231,43.0625],[145.1232,43.0623]]],[[[145.125,43.0627],[145.1248,43.0624],[145.1248,43.0626],[145.125,43.0627]]],[[[145.1212,43.0627],[145.1212,43.0629],[145.1214,43.0628],[145.1212,43.0627]]],[[[145.1208,43.0629],[145.1206,43.0629],[145.1206,43.0629],[145.1208,43.0629]]],[[[145.1246,43.0632],[145.1244,43.063],[145.1244,43.0632],[145.1246,43.0632]]],[[[145.1247,43.0635],[145.1249,43.0632],[145.1247,43.0633],[145.1247,43.0635]]],[[[145.1205,43.0636],[145.12,43.0634],[145.1199,43.0635],[145.1205,43.0636]]],[[[145.1215,43.0638],[145.1242,43.0635],[145.1212,43.0632],[145.1215,43.0638]]],[[[145.1243,43.0674],[145.1246,43.0673],[145.1243,43.0673],[145.1243,43.0674]]],[[[145.1239,43.0841],[145.1332,43.0845],[145.1226,43.0832],[145.1239,43.0841]]],[[[145.0247,42.9999],[144.9955,42.9937],[144.9946,43.0223],[144.9657,43.06],[144.9759,43.0742],[144.9914,43.0781],[144.9845,43.1038],[145.0079,43.1242],[144.9472,43.1493],[144.9244,43.1697],[144.9461,43.1894],[144.9354,43.1957],[144.9525,43.2111],[144.9259,43.227],[144.9302,43.2308],[144.916,43.2447],[144.9471,43.2485],[145.0237,43.215],[145.0652,43.2441],[145.1245,43.2333],[145.1777,43.2609],[145.1956,43.2577],[145.2256,43.206],[145.2677,43.2273],[145.2839,43.2114],[145.3138,43.2027],[145.3262,43.1735],[145.3243,43.1707],[145.3224,43.1711],[145.3176,43.1669],[145.3058,43.1717],[145.2888,43.1716],[145.245,43.1576],[145.2082,43.1371],[145.1834,43.1397],[145.1686,43.1504],[145.1217,43.1319],[145.1097,43.1107],[145.1145,43.085],[145.1229,43.0841],[145.117,43.0819],[145.1622,43.0842],[145.1726,43.076],[145.1607,43.0781],[145.1567,43.0777],[145.1507,43.0701],[145.125,43.0674],[145.1245,43.0773],[145.0968,43.0762],[145.0871,43.0655],[145.0859,43.0449],[145.0613,43.0406],[145.0501,43.0307],[145.0316,43.0296],[145.0238,43.0196],[145.0255,43.0133],[145.0305,43.0108],[145.0257,43.006],[145.0247,42.9999]]],[[[145.1379,43.0651],[145.1379,43.0655],[145.1382,43.0651],[145.1379,43.0651]]],[[[145.1284,43.0675],[145.1283,43.0674],[145.1282,43.0675],[145.1284,43.0675]]],[[[145.1365,43.068],[145.1364,43.0679],[145.1364,43.068],[145.1365,43.068]]],[[[145.14,43.0683],[145.1399,43.0683],[145.1399,43.0683],[145.14,43.0683]]],[[[145.1426,43.0688],[145.1425,43.0687],[145.1425,43.0688],[145.1426,43.0688]]],[[[145.151,43.0703],[145.1516,43.0703],[145.1509,43.0703],[145.151,43.0703]]],[[[145.1525,43.0705],[145.1525,43.0704],[145.1523,43.0705],[145.1525,43.0705]]],[[[145.169,43.0757],[145.1691,43.0756],[145.1689,43.0756],[145.169,43.0757]]],[[[145.1729,43.0757],[145.1729,43.0757],[145.1729,43.0757],[145.1729,43.0757]]],[[[145.1731,43.0758],[145.1731,43.0758],[145.1731,43.0758],[145.1731,43.0758]]],[[[145.1738,43.0759],[145.1734,43.0763],[145.1739,43.0762],[145.1738,43.0759]]],[[[145.175,43.0758],[145.1751,43.0765],[145.1757,43.076],[145.175,43.0758]]],[[[145.1742,43.0766],[145.1742,43.0764],[145.174,43.0765],[145.1742,43.0766]]],[[[145.1647,43.0766],[145.1646,43.0765],[145.1645,43.0766],[145.1647,43.0766]]],[[[145.1739,43.0766],[145.1738,43.0767],[145.1739,43.0767],[145.1739,43.0766]]],[[[145.1735,43.0766],[145.1735,43.0767],[145.1735,43.0767],[145.1735,43.0766]]],[[[145.175,43.0768],[145.1749,43.0767],[145.1749,43.0768],[145.175,43.0768]]],[[[145.1721,43.0766],[145.1722,43.077],[145.1725,43.0768],[145.1721,43.0766]]],[[[145.1649,43.077],[145.1648,43.0769],[145.1647,43.077],[145.1649,43.077]]],[[[145.1631,43.0771],[145.1631,43.0773],[145.1631,43.0772],[145.1631,43.0771]]],[[[145.1641,43.0836],[145.164,43.0837],[145.1641,43.0837],[145.1641,43.0836]]],[[[145.1633,43.084],[145.1633,43.0839],[145.1632,43.084],[145.1633,43.084]]],[[[145.1873,43.087],[145.1872,43.0874],[145.1875,43.0873],[145.1873,43.087]]],[[[145.1892,43.0872],[145.1892,43.0873],[145.1892,43.0872],[145.1892,43.0872]]],[[[145.1878,43.0873],[145.1877,43.0874],[145.1878,43.0873],[145.1878,43.0873]]],[[[145.1897,43.0878],[145.1897,43.0879],[145.1898,43.0878],[145.1897,43.0878]]],[[[145.1911,43.0882],[145.1911,43.0882],[145.1912,43.0882],[145.1911,43.0882]]],[[[145.19,43.0882],[145.1901,43.0882],[145.1901,43.0882],[145.19,43.0882]]],[[[145.1904,43.0882],[145.1904,43.0883],[145.1904,43.0883],[145.1904,43.0882]]],[[[145.1596,43.146],[145.1596,43.1459],[145.1596,43.146],[145.1596,43.146]]],[[[145.1594,43.146],[145.1594,43.1461],[145.1595,43.146],[145.1594,43.146]]],[[[145.1681,43.1464],[145.1689,43.1459],[145.168,43.1463],[145.1681,43.1464]]],[[[145.1599,43.1465],[145.16,43.1465],[145.1599,43.1465],[145.1599,43.1465]]],[[[145.1593,43.1465],[145.1594,43.1465],[145.1594,43.1465],[145.1593,43.1465]]],[[[145.199,43.0876],[145.199,43.0877],[145.199,43.0876],[145.199,43.0876]]],[[[145.1999,43.0881],[145.1999,43.0882],[145.1999,43.0881],[145.1999,43.0881]]],[[[145.2002,43.0884],[145.2001,43.0884],[145.2002,43.0884],[145.2002,43.0884]]],[[[145.2003,43.0884],[145.2003,43.0885],[145.2004,43.0885],[145.2003,43.0884]]],[[[145.2024,43.0886],[145.2023,43.0885],[145.2023,43.0886],[145.2024,43.0886]]],[[[145.2017,43.0887],[145.202,43.0887],[145.202,43.0886],[145.2017,43.0887]]],[[[145.2014,43.0887],[145.2005,43.0888],[145.2014,43.0892],[145.2014,43.0887]]],[[[145.2058,43.1368],[145.2055,43.1368],[145.2056,43.137],[145.2058,43.1368]]],[[[145.2062,43.1368],[145.2063,43.1369],[145.2063,43.1369],[145.2062,43.1368]]],[[[145.211,43.1381],[145.2109,43.1379],[145.2107,43.138],[145.211,43.1381]]],[[[145.2366,43.1495],[145.2365,43.1494],[145.2365,43.1495],[145.2366,43.1495]]],[[[145.2375,43.1495],[145.2372,43.1496],[145.2375,43.1496],[145.2375,43.1495]]],[[[145.2374,43.1497],[145.2374,43.1498],[145.2374,43.1498],[145.2374,43.1497]]],[[[145.2379,43.1498],[145.2378,43.1498],[145.238,43.1499],[145.2379,43.1498]]],[[[145.2388,43.1498],[145.2389,43.1499],[145.2389,43.1498],[145.2388,43.1498]]],[[[145.2384,43.1498],[145.2384,43.1499],[145.2384,43.1499],[145.2384,43.1498]]],[[[145.2395,43.15],[145.2397,43.1499],[145.2395,43.1498],[145.2395,43.15]]],[[[145.2391,43.1499],[145.2391,43.15],[145.2393,43.1499],[145.2391,43.1499]]],[[[145.2397,43.1502],[145.2396,43.1504],[145.2397,43.1504],[145.2397,43.1502]]],[[[145.2403,43.1506],[145.2407,43.1505],[145.2405,43.1504],[145.2403,43.1506]]],[[[145.2391,43.1526],[145.2392,43.1525],[145.2391,43.1525],[145.2391,43.1526]]],[[[145.2395,43.1527],[145.2394,43.1526],[145.2394,43.1526],[145.2395,43.1527]]],[[[145.24,43.1527],[145.24,43.1526],[145.2399,43.1527],[145.24,43.1527]]],[[[145.3145,43.1665],[145.3143,43.1667],[145.3147,43.1666],[145.3145,43.1665]]],[[[145.314,43.1667],[145.3141,43.1671],[145.3143,43.1669],[145.314,43.1667]]],[[[145.3149,43.1667],[145.3144,43.1671],[145.3152,43.1669],[145.3149,43.1667]]],[[[145.3091,43.1669],[145.309,43.1672],[145.3093,43.167],[145.3091,43.1669]]],[[[145.3102,43.1674],[145.3103,43.1677],[145.3104,43.1675],[145.3102,43.1674]]],[[[145.3215,43.1698],[145.3214,43.1697],[145.3214,43.1698],[145.3215,43.1698]]],[[[145.3043,43.1701],[145.304,43.1701],[145.3042,43.1702],[145.3043,43.1701]]],[[[145.2993,43.1703],[145.2994,43.1702],[145.2993,43.1702],[145.2993,43.1703]]],[[[145.2991,43.1705],[145.2986,43.1706],[145.2986,43.1706],[145.2991,43.1705]]],[[[145.2985,43.1713],[145.2986,43.1712],[145.2985,43.1713],[145.2985,43.1713]]]]}},{"type":"Feature","properties":{"id":"01664","name":"標茶町","pref":"北海道"},"geometry":{"type":"Polygon","coordinates":[[[144.5248,43.1134],[144.4024,43.1092],[144.4383,43.1306],[144.4513,43.1527],[144.4319,43.183],[144.4473,43.2007],[144.4433,43.2155],[144.4215,43.2459],[144.4038,43.2496],[144.3724,43.2763],[144.3672,43.3249],[144.3359,43.359],[144.2922,43.3716],[144.3052,43.3915],[144.2884,43.4231],[144.2377,43.4538],[144.2722,43.4379],[144.3098,43.4385],[144.3272,43.4253],[144.3512,43.4278],[144.378,43.396],[144.3986,43.3924],[144.4307,43.4076],[144.4212,43.4196],[144.4303,43.4166],[144.4432,43.426],[144.5079,43.4067],[144.5267,43.3884],[144.5417,43.389],[144.5318,43.4092],[144.5596,43.4211],[144.5544,43.4248],[144.5642,43.434],[144.561,43.4518],[144.5789,43.4632],[144.5727,43.4674],[144.5805,43.4875],[144.571,43.5016],[144.5949,43.5005],[144.5542,43.5552],[144.5771,43.5763],[144.5915,43.577],[144.6687,43.5471],[144.7453,43.4861],[144.679,43.442],[144.6524,43.4467],[144.6416,43.4367],[144.6467,43.4278],[144.6386,43.4267],[144.6384,43.4189],[144.6639,43.3809],[144.6714,43.3196],[144.6831,43.3145],[144.6956,43.2873],[144.7491,43.2706],[144.7601,43.231],[144.7505,43.2194],[144.802,43.1965],[144.8165,43.1831],[144.8095,43.1766],[144.8168,43.1718],[144.7523,43.1883],[144.7315,43.177],[144.7322,43.1656],[144.7149,43.1472],[144.7169,43.1588],[144.7092,43.1604],[144.6822,43.1393],[144.6756,43.1388],[144.6764,43.1531],[144.6604,43.1506],[144.679,43.1032],[144.6581,43.1026],[144.6328,43.0589],[144.6002,43.0547],[144.5704,43.0251],[144.5584,43.0221],[144.5499,43.0345],[144.5582,43.0543],[144.5493,43.0591],[144.5418,43.105],[144.5333,43.1005],[144.5248,43.1134]]]}},{"type":"Feature","properties":{"id":"01665","name":"弟子屈町","pref":"北海道"},"geometry":{"type":"Polygon","coordinates":[[[144.3779,43.396],[144.3512,43.4278],[144.3272,43.4253],[144.3098,43.4385],[144.2669,43.4392],[144.2286,43.4661],[144.2372,43.4724],[144.2306,43.4812],[144.2337,43.495],[144.2471,43.511],[144.222,43.5211],[144.2354,43.545],[144.2351,43.5606],[144.2271,43.5643],[144.2168,43.5949],[144.2271,43.6292],[144.2782,43.6673],[144.273,43.6756],[144.2781,43.6846],[144.3319,43.7049],[144.3654,43.7004],[144.379,43.6887],[144.4399,43.6981],[144.4747,43.6864],[144.4864,43.6601],[144.5149,43.6528],[144.5303,43.6116],[144.556,43.6113],[144.572,43.5988],[144.579,43.5769],[144.5543,43.5539],[144.5949,43.5005],[144.571,43.5016],[144.5805,43.4875],[144.5727,43.4674],[144.5789,43.4632],[144.561,43.4518],[144.5642,43.434],[144.5544,43.4248],[144.5596,43.4211],[144.5318,43.4092],[144.5417,43.389],[144.5267,43.3884],[144.5079,43.4067],[144.4432,43.426],[144.4303,43.4166],[144.4212,43.4196],[144.4307,43.4076],[144.3986,43.3924],[144.3779,43.396]]]}},{"type":"Feature","properties":{"id":"01667","name":"鶴居村","pref":"北海道"},"geometry":{"type":"Polygon","coordinates":[[[144.325,43.0831],[144.3209,43.0766],[144.3034,43.0772],[144.2832,43.0871],[144.2643,43.1147],[144.265,43.129],[144.2513,43.1423],[144.2535,43.1605],[144.2426,43.1642],[144.2199,43.2252],[144.1985,43.2514],[144.1614,43.2697],[144.1282,43.3056],[144.1295,43.3204],[144.1485,43.3198],[144.1426,43.3367],[144.1498,43.3386],[144.1519,43.3587],[144.1755,43.3767],[144.1801,43.391],[144.238,43.4345],[144.2298,43.4449],[144.2377,43.4538],[144.2884,43.4231],[144.3052,43.3915],[144.2922,43.3716],[144.3358,43.3591],[144.3658,43.3274],[144.3724,43.2763],[144.4038,43.2496],[144.4263,43.2416],[144.447,43.2073],[144.4319,43.183],[144.4513,43.1527],[144.4383,43.1306],[144.4085,43.118],[144.3997,43.1057],[144.3992,43.0726],[144.325,43.0831]]]}},{"type":"Feature","properties":{"id":"01668","name":"白糠町","pref":"北海道"},"geometry":{"type":"MultiPolygon","coordinates":[[[[144.1119,42.9604],[144.112,42.9603],[144.1119,42.9604],[144.1119,42.9604]]],[[[144.1117,42.9603],[144.1117,42.9604],[144.1118,42.9604],[144.1117,42.9603]]],[[[144.1121,42.9604],[144.1121,42.9604],[144.1121,42.9604],[144.1121,42.9604]]],[[[143.9022,42.9967],[143.8989,43.011],[143.9188,43.0249],[143.9157,43.0449],[143.928,43.0521],[143.9102,43.0733],[143.9037,43.0704],[143.884,43.0892],[143.8482,43.0884],[143.8201,43.0987],[143.8031,43.1233],[143.7547,43.1204],[143.775,43.1506],[143.7678,43.1631],[143.7823,43.1681],[143.777,43.1866],[143.7973,43.2076],[143.7894,43.2205],[143.7999,43.2313],[143.8005,43.2476],[143.8114,43.2469],[143.8273,43.2623],[143.8221,43.2888],[143.8306,43.2937],[143.845,43.2841],[143.8659,43.3053],[143.8958,43.3141],[143.8961,43.3245],[143.9101,43.3349],[143.9328,43.3373],[143.9526,43.3582],[144.0168,43.3741],[144.0336,43.3513],[144.0175,43.333],[144.021,43.3268],[144.0099,43.322],[144.0086,43.3079],[143.9917,43.3061],[143.9873,43.2923],[143.9691,43.2827],[143.9603,43.2664],[143.9639,43.2459],[143.9843,43.2275],[143.9928,43.1824],[144.0343,43.1627],[144.0362,43.136],[144.0791,43.1175],[144.0814,43.091],[144.0964,43.0626],[144.1132,43.0547],[144.1244,43.0608],[144.1469,43.0549],[144.1548,43.0615],[144.1671,43.0422],[144.2231,43.0283],[144.2137,43.0065],[144.2286,42.9973],[144.1447,42.9767],[144.0047,42.9207],[143.9921,42.9245],[143.991,42.939],[143.9747,42.954],[143.95,42.9691],[143.925,42.9716],[143.9022,42.9967]]]]}},{"type":"Feature","properties":{"id":"01691","name":"別海町","pref":"北海道"},"geometry":{"type":"MultiPolygon","coordinates":[[[[145.1776,43.2609],[145.1245,43.2333],[145.0652,43.2441],[145.0237,43.215],[144.9471,43.2485],[144.9165,43.2444],[144.9105,43.2574],[144.8725,43.2815],[144.8616,43.2771],[144.8287,43.2974],[144.7276,43.3161],[144.7019,43.3418],[144.6806,43.3435],[144.6698,43.3515],[144.6608,43.3881],[144.6385,43.4187],[144.6386,43.4267],[144.6467,43.4278],[144.6416,43.4367],[144.6524,43.4467],[144.679,43.442],[144.7556,43.4924],[144.7742,43.4808],[144.816,43.4758],[144.9005,43.4879],[144.935,43.4613],[144.9756,43.4687],[145.035,43.5131],[145.01,43.5353],[145.1186,43.5658],[145.1408,43.5655],[145.1571,43.5821],[145.171,43.5838],[145.1756,43.6034],[145.1922,43.6143],[145.1989,43.6078],[145.1954,43.5995],[145.2188,43.5876],[145.2143,43.5774],[145.2238,43.5625],[145.2262,43.5677],[145.2221,43.5579],[145.2452,43.5242],[145.2632,43.4354],[145.291,43.3804],[145.3257,43.3416],[145.3909,43.2945],[145.3709,43.2906],[145.2964,43.3296],[145.2532,43.3303],[145.2588,43.2923],[145.2442,43.2788],[145.2231,43.2776],[145.2167,43.2699],[145.2201,43.2548],[145.2096,43.249],[145.1776,43.2609]]],[[[145.2369,43.5429],[145.237,43.5412],[145.2364,43.5424],[145.2369,43.5429]]],[[[145.2981,43.5551],[145.298,43.555],[145.298,43.555],[145.2981,43.5551]]],[[[145.2765,43.5596],[145.2767,43.5603],[145.2775,43.56],[145.2765,43.5596]]],[[[145.2773,43.563],[145.2773,43.5629],[145.2764,43.5619],[145.2773,43.563]]],[[[145.2893,43.5717],[145.2873,43.5727],[145.2869,43.5729],[145.2888,43.5722],[145.2893,43.5717]]],[[[145.2283,43.5725],[145.2286,43.5725],[145.2283,43.5724],[145.2283,43.5725]]],[[[145.2534,43.5755],[145.242,43.5708],[145.2385,43.5704],[145.2312,43.5726],[145.2534,43.5755]]],[[[145.2839,43.5733],[145.2839,43.5737],[145.2841,43.5735],[145.2839,43.5733]]],[[[145.2732,43.6037],[145.2414,43.5914],[145.2692,43.608],[145.2456,43.6151],[145.3089,43.6024],[145.3277,43.5958],[145.34,43.5876],[145.3501,43.5664],[145.3315,43.5512],[145.2868,43.5503],[145.311,43.5521],[145.2836,43.5615],[145.3041,43.5573],[145.3054,43.5651],[145.3354,43.5644],[145.3306,43.566],[145.3417,43.5727],[145.3399,43.5849],[145.3397,43.582],[145.3385,43.5804],[145.3365,43.5858],[145.3331,43.5804],[145.3202,43.582],[145.3316,43.5838],[145.335,43.5899],[145.3294,43.5862],[145.3277,43.5938],[145.3072,43.6006],[145.2796,43.5916],[145.288,43.603],[145.2706,43.5932],[145.263,43.5964],[145.2732,43.6037]]],[[[145.3307,43.5677],[145.3187,43.5667],[145.3228,43.5678],[145.3229,43.5672],[145.3291,43.5682],[145.3307,43.5677]]],[[[145.3237,43.5681],[145.3284,43.5706],[145.3309,43.5702],[145.3237,43.5681]]],[[[145.3193,43.577],[145.3247,43.5797],[145.3259,43.5796],[145.3213,43.5762],[145.3193,43.577]]],[[[145.3181,43.5848],[145.3151,43.5852],[145.3221,43.585],[145.3181,43.5848]]],[[[145.3214,43.5836],[145.3197,43.584],[145.3192,43.584],[145.3206,43.584],[145.3214,43.5836]]],[[[145.3238,43.5841],[145.3269,43.5857],[145.3262,43.5845],[145.3238,43.5841]]],[[[145.3095,43.5887],[145.3085,43.5897],[145.3085,43.5899],[145.3095,43.5887]]],[[[145.3095,43.597],[145.3052,43.5947],[145.305,43.5949],[145.3095,43.597]]],[[[145.3102,43.5982],[145.3127,43.5975],[145.3115,43.5973],[145.3102,43.5982]]]]}},{"type":"Feature","properties":{"id":"01692","name":"中標津町","pref":"北海道"},"geometry":{"type":"Polygon","coordinates":[[[144.8749,43.4805],[144.8462,43.4834],[144.8159,43.4759],[144.7742,43.4808],[144.7556,43.4924],[144.7453,43.4857],[144.6687,43.5471],[144.6138,43.5708],[144.5793,43.5766],[144.5706,43.6007],[144.5928,43.6091],[144.5917,43.619],[144.6137,43.6344],[144.6415,43.625],[144.6788,43.6524],[144.7063,43.6599],[144.7047,43.6681],[144.7181,43.679],[144.7438,43.6824],[144.7741,43.7009],[144.8088,43.6937],[144.828,43.7021],[144.8739,43.6907],[144.8863,43.6726],[145.0203,43.6259],[145.0567,43.64],[145.0796,43.6363],[145.0808,43.6274],[145.0608,43.6055],[145.1137,43.5626],[145.01,43.5353],[145.035,43.5131],[144.9756,43.4687],[144.935,43.4613],[144.9005,43.4879],[144.8749,43.4805]]]}},{"type":"Feature","properties":{"id":"01693","name":"標津町","pref":"北海道"},"geometry":{"type":"Polygon","coordinates":[[[145.0203,43.6259],[144.8793,43.6793],[144.8762,43.6898],[144.828,43.7021],[144.8088,43.6937],[144.7741,43.7009],[144.744,43.6825],[144.7329,43.6839],[144.7202,43.7583],[144.7963,43.763],[144.8102,43.7748],[144.8076,43.7874],[144.8306,43.7994],[144.839,43.7995],[144.8439,43.7867],[144.8598,43.7864],[144.8675,43.798],[144.8632,43.812],[144.8796,43.8224],[144.877,43.8319],[144.9051,43.8503],[144.9051,43.8671],[144.8768,43.8768],[144.9511,43.9024],[144.996,43.8886],[145.0335,43.8646],[145.0985,43.8609],[145.0837,43.8209],[145.0611,43.8061],[145.0691,43.748],[145.1384,43.6659],[145.1392,43.6647],[145.132,43.6696],[145.1275,43.67],[145.136,43.6656],[145.1397,43.6491],[145.2456,43.6137],[145.1968,43.6228],[145.2017,43.6092],[145.1915,43.6144],[145.1795,43.607],[145.1709,43.5837],[145.1571,43.5821],[145.1407,43.5654],[145.1148,43.5635],[145.0608,43.6055],[145.0808,43.6274],[145.0796,43.6363],[145.0567,43.64],[145.0203,43.6259]]]}},{"type":"Feature","properties":{"id":"01694","name":"羅臼町","pref":"北海道"},"geometry":{"type":"MultiPolygon","coordinates":[[[[145.215,44.033],[145.2152,44.0329],[145.215,44.033],[145.215,44.033]]],[[[145.2163,44.0341],[145.2164,44.034],[145.2163,44.034],[145.2163,44.0341]]],[[[145.2169,44.0342],[145.217,44.0341],[145.2169,44.0341],[145.2169,44.0342]]],[[[145.2171,44.0343],[145.2172,44.0344],[145.2172,44.0344],[145.2171,44.0343]]],[[[145.2229,44.0371],[145.223,44.0373],[145.2231,44.0372],[145.2229,44.0371]]],[[[145.2377,44.0547],[145.2378,44.0546],[145.2376,44.0546],[145.2377,44.0547]]],[[[145.2384,44.0547],[145.2385,44.0548],[145.2386,44.0547],[145.2384,44.0547]]],[[[145.2399,44.0583],[145.24,44.0582],[145.2399,44.0582],[145.2399,44.0583]]],[[[145.2393,44.0634],[145.2393,44.0635],[145.2394,44.0634],[145.2393,44.0634]]],[[[145.2419,44.0646],[145.242,44.0645],[145.2419,44.0645],[145.2419,44.0646]]],[[[145.2416,44.0647],[145.2416,44.0646],[145.2416,44.0646],[145.2416,44.0647]]],[[[145.2414,44.0647],[145.2413,44.0647],[145.2413,44.0648],[145.2414,44.0647]]],[[[145.245,44.0651],[145.2451,44.0651],[145.2452,44.0651],[145.245,44.0651]]],[[[145.2423,44.0652],[145.2423,44.0653],[145.2424,44.0652],[145.2423,44.0652]]],[[[145.2458,44.0683],[145.2459,44.0684],[145.2459,44.0683],[145.2458,44.0683]]],[[[145.2452,44.07],[145.2452,44.0699],[145.2451,44.07],[145.2452,44.07]]],[[[145.2444,44.0708],[145.2445,44.0707],[145.2444,44.0708],[145.2444,44.0708]]],[[[145.2439,44.0749],[145.2441,44.0751],[145.2441,44.0749],[145.2439,44.0749]]],[[[145.2436,44.0753],[145.2433,44.0755],[145.2438,44.0753],[145.2436,44.0753]]],[[[145.2434,44.0757],[145.2436,44.0757],[145.2433,44.0757],[145.2434,44.0757]]],[[[145.243,44.076],[145.2429,44.0759],[145.2429,44.076],[145.243,44.076]]],[[[145.2421,44.079],[145.2422,44.0789],[145.2421,44.0789],[145.2421,44.079]]],[[[145.2416,44.0829],[145.2416,44.0828],[145.2416,44.0829],[145.2416,44.0829]]],[[[145.2417,44.083],[145.2418,44.0831],[145.2418,44.083],[145.2417,44.083]]],[[[145.2433,44.0843],[145.2432,44.0842],[145.2431,44.0843],[145.2433,44.0843]]],[[[145.2429,44.0843],[145.2427,44.0844],[145.2429,44.0844],[145.2429,44.0843]]],[[[145.2423,44.0843],[145.2425,44.0844],[145.2425,44.0843],[145.2423,44.0843]]],[[[145.2457,44.0994],[145.2464,44.0997],[145.2464,44.0996],[145.2457,44.0994]]],[[[145.1422,43.9685],[145.0939,43.8909],[145.0985,43.8609],[145.0335,43.8646],[144.996,43.8886],[144.9509,43.9024],[144.8768,43.8768],[144.895,43.885],[144.9049,43.9055],[144.9166,43.907],[144.9228,43.9187],[144.9649,43.9221],[145.0032,43.947],[144.9952,43.968],[145.0155,43.9976],[145.026,44.0063],[145.0494,44.008],[145.065,44.0431],[145.0888,44.0428],[145.1133,44.058],[145.1495,44.1119],[145.1626,44.1132],[145.1805,44.1362],[145.2178,44.1467],[145.245,44.1644],[145.2741,44.1687],[145.2715,44.1778],[145.2876,44.1854],[145.2791,44.1895],[145.2854,44.1995],[145.2769,44.2059],[145.2773,44.2197],[145.303,44.2469],[145.3,44.2529],[145.3197,44.2657],[145.3258,44.3255],[145.3376,44.3413],[145.3408,44.3397],[145.3443,44.3394],[145.3409,44.3267],[145.3446,44.3227],[145.3489,44.3212],[145.3502,44.3211],[145.3518,44.3159],[145.3462,44.3108],[145.3488,44.2946],[145.3601,44.2737],[145.3618,44.2721],[145.3678,44.2706],[145.365,44.2623],[145.3668,44.2582],[145.3644,44.2579],[145.3645,44.2555],[145.3612,44.2553],[145.3617,44.251],[145.3589,44.2505],[145.3523,44.2466],[145.3486,44.2435],[145.3474,44.2413],[145.348,44.2375],[145.3498,44.2354],[145.3495,44.2341],[145.3501,44.2337],[145.3459,44.2285],[145.3482,44.223],[145.343,44.2202],[145.3374,44.2134],[145.3326,44.205],[145.3325,44.1989],[145.3329,44.1969],[145.3289,44.1915],[145.3193,44.1879],[145.3066,44.1688],[145.2595,44.133],[145.2401,44.0894],[145.2416,44.0779],[145.2424,44.0765],[145.244,44.0744],[145.2449,44.0743],[145.2451,44.0739],[145.2453,44.073],[145.239,44.064],[145.2387,44.0575],[145.1422,43.9685]]],[[[145.3075,44.1694],[145.3076,44.1693],[145.3075,44.1693],[145.3075,44.1694]]],[[[145.3071,44.1693],[145.3073,44.1696],[145.3073,44.1693],[145.3071,44.1693]]],[[[145.3075,44.1696],[145.3077,44.1695],[145.3075,44.1695],[145.3075,44.1696]]],[[[145.3079,44.1696],[145.3081,44.1697],[145.3081,44.1696],[145.3079,44.1696]]],[[[145.3166,44.1805],[145.3166,44.1804],[145.3165,44.1804],[145.3166,44.1805]]],[[[145.3175,44.1812],[145.3176,44.1811],[145.3175,44.1812],[145.3175,44.1812]]],[[[145.3175,44.1814],[145.3176,44.1814],[145.3175,44.1814],[145.3175,44.1814]]],[[[145.3172,44.1814],[145.3173,44.1814],[145.3173,44.1814],[145.3172,44.1814]]],[[[145.3175,44.1817],[145.3175,44.1816],[145.3174,44.1817],[145.3175,44.1817]]],[[[145.3184,44.186],[145.3185,44.1861],[145.3185,44.186],[145.3184,44.186]]],[[[145.3188,44.1862],[145.3188,44.1861],[145.3187,44.1861],[145.3188,44.1862]]],[[[145.3188,44.1867],[145.3187,44.1865],[145.3187,44.1866],[145.3188,44.1867]]],[[[145.3198,44.1868],[145.3199,44.1867],[145.3197,44.1867],[145.3198,44.1868]]],[[[145.3234,44.1892],[145.3235,44.1893],[145.3235,44.1892],[145.3234,44.1892]]],[[[145.3289,44.1907],[145.329,44.1907],[145.3288,44.1907],[145.3289,44.1907]]],[[[145.3283,44.1908],[145.3283,44.1908],[145.3282,44.1908],[145.3283,44.1908]]],[[[145.3292,44.1912],[145.3293,44.1913],[145.3293,44.1913],[145.3292,44.1912]]],[[[145.3298,44.1924],[145.33,44.1924],[145.3298,44.1923],[145.3298,44.1924]]],[[[145.3328,44.2006],[145.3328,44.2005],[145.3328,44.2005],[145.3328,44.2006]]],[[[145.3327,44.2008],[145.3328,44.2008],[145.3328,44.2007],[145.3327,44.2008]]],[[[145.3328,44.2011],[145.3327,44.2011],[145.3327,44.2012],[145.3328,44.2011]]],[[[145.3328,44.2028],[145.3329,44.2028],[145.3328,44.2028],[145.3328,44.2028]]],[[[145.3336,44.2028],[145.3337,44.2029],[145.3336,44.2028],[145.3336,44.2028]]],[[[145.3339,44.203],[145.3339,44.2029],[145.3338,44.2029],[145.3339,44.203]]],[[[145.3332,44.2031],[145.3332,44.2031],[145.3331,44.203],[145.3332,44.2031]]],[[[145.3338,44.2065],[145.3339,44.2065],[145.3337,44.2065],[145.3338,44.2065]]],[[[145.3341,44.2066],[145.3341,44.2065],[145.334,44.2065],[145.3341,44.2066]]],[[[145.3339,44.2068],[145.3339,44.2067],[145.3338,44.2067],[145.3339,44.2068]]],[[[145.3341,44.2073],[145.3342,44.2073],[145.3341,44.2073],[145.3341,44.2073]]],[[[145.3342,44.2077],[145.3343,44.2076],[145.3342,44.2076],[145.3342,44.2077]]],[[[145.3365,44.2109],[145.3366,44.2108],[145.3365,44.2108],[145.3365,44.2109]]],[[[145.3367,44.2112],[145.3366,44.2112],[145.3366,44.2112],[145.3367,44.2112]]],[[[145.3368,44.2116],[145.3368,44.2115],[145.3367,44.2115],[145.3368,44.2116]]],[[[145.3395,44.215],[145.3396,44.2149],[145.3394,44.2149],[145.3395,44.215]]],[[[145.3413,44.2162],[145.3412,44.2161],[145.3411,44.2161],[145.3413,44.2162]]],[[[145.3418,44.2165],[145.3419,44.2165],[145.3418,44.2164],[145.3418,44.2165]]],[[[145.3422,44.2182],[145.3421,44.2183],[145.3422,44.2183],[145.3422,44.2182]]],[[[145.3424,44.2185],[145.3423,44.2185],[145.3423,44.2186],[145.3424,44.2185]]],[[[145.3425,44.2188],[145.3425,44.2187],[145.3424,44.2187],[145.3425,44.2188]]],[[[145.3424,44.2192],[145.3425,44.2191],[145.3424,44.2191],[145.3424,44.2192]]],[[[145.3426,44.2195],[145.3426,44.2194],[145.3426,44.2194],[145.3426,44.2195]]],[[[145.3432,44.3307],[145.3432,44.3305],[145.343,44.3306],[145.3432,44.3307]]],[[[145.3429,44.3325],[145.3431,44.3324],[145.3428,44.3324],[145.3429,44.3325]]],[[[145.3435,44.3334],[145.3437,44.3335],[145.3437,44.3333],[145.3435,44.3334]]],[[[145.3434,44.3337],[145.3437,44.3336],[145.3435,44.3335],[145.3434,44.3337]]],[[[145.3435,44.3397],[145.3432,44.3397],[145.3432,44.3397],[145.3435,44.3397]]],[[[145.3421,44.3401],[145.3419,44.3402],[145.3421,44.3402],[145.3421,44.3401]]],[[[145.3437,44.3405],[145.3433,44.3406],[145.3433,44.3407],[145.3437,44.3405]]],[[[145.3402,44.3416],[145.3404,44.3418],[145.3404,44.3416],[145.3402,44.3416]]],[[[145.3447,44.2208],[145.3446,44.2208],[145.3446,44.2208],[145.3447,44.2208]]],[[[145.3451,44.2209],[145.345,44.221],[145.3451,44.2209],[145.3451,44.2209]]],[[[145.3485,44.2222],[145.3482,44.2222],[145.3485,44.2223],[145.3485,44.2222]]],[[[145.3487,44.2228],[145.3486,44.2229],[145.3488,44.2228],[145.3487,44.2228]]],[[[145.3484,44.2233],[145.3487,44.2231],[145.3484,44.2231],[145.3484,44.2233]]],[[[145.3482,44.2238],[145.3483,44.2239],[145.3483,44.2237],[145.3482,44.2238]]],[[[145.3484,44.2239],[145.3486,44.224],[145.3484,44.2239],[145.3484,44.2239]]],[[[145.3477,44.2245],[145.3478,44.2245],[145.3477,44.2245],[145.3477,44.2245]]],[[[145.3498,44.233],[145.3498,44.2329],[145.3497,44.233],[145.3498,44.233]]],[[[145.35,44.2339],[145.3501,44.2338],[145.35,44.2339],[145.35,44.2339]]],[[[145.3498,44.234],[145.3499,44.2339],[145.3498,44.2339],[145.3498,44.234]]],[[[145.3499,44.2342],[145.35,44.2341],[145.3499,44.2341],[145.3499,44.2342]]],[[[145.3484,44.2382],[145.3484,44.2381],[145.3483,44.2382],[145.3484,44.2382]]],[[[145.3483,44.2384],[145.3482,44.2383],[145.3482,44.2384],[145.3483,44.2384]]],[[[145.3492,44.2388],[145.3491,44.2387],[145.3491,44.2388],[145.3492,44.2388]]],[[[145.3496,44.2404],[145.3497,44.2403],[145.3496,44.2403],[145.3496,44.2404]]],[[[145.3491,44.2405],[145.3491,44.2404],[145.349,44.2404],[145.3491,44.2405]]],[[[145.3485,44.2431],[145.3484,44.2431],[145.3484,44.2431],[145.3485,44.2431]]],[[[145.3489,44.2433],[145.3489,44.2432],[145.3488,44.2433],[145.3489,44.2433]]],[[[145.35,44.2445],[145.3501,44.2446],[145.3501,44.2445],[145.35,44.2445]]],[[[145.3488,44.3025],[145.3489,44.3023],[145.3488,44.3023],[145.3488,44.3025]]],[[[145.3497,44.3023],[145.3496,44.3025],[145.3497,44.3025],[145.3497,44.3023]]],[[[145.3484,44.3056],[145.3485,44.3061],[145.3488,44.3058],[145.3484,44.3056]]],[[[145.3492,44.3215],[145.3491,44.3213],[145.349,44.3214],[145.3492,44.3215]]],[[[145.3481,44.322],[145.3482,44.3222],[145.3484,44.3222],[145.3481,44.322]]],[[[145.348,44.3222],[145.3478,44.3227],[145.348,44.3227],[145.348,44.3222]]],[[[145.347,44.3225],[145.3471,44.3224],[145.347,44.3225],[145.347,44.3225]]],[[[145.3442,44.3232],[145.3445,44.3232],[145.3444,44.3231],[145.3442,44.3232]]],[[[145.3442,44.3239],[145.344,44.3241],[145.3442,44.324],[145.3442,44.3239]]],[[[145.344,44.3243],[145.3441,44.3241],[145.3439,44.3242],[145.344,44.3243]]],[[[145.3461,44.3385],[145.3459,44.3383],[145.3459,44.3385],[145.3461,44.3385]]],[[[145.3465,44.3389],[145.3465,44.3383],[145.3463,44.3383],[145.3465,44.3389]]],[[[145.3444,44.3397],[145.3441,44.3396],[145.3441,44.3396],[145.3444,44.3397]]],[[[145.3448,44.3399],[145.3446,44.3395],[145.3446,44.3396],[145.3448,44.3399]]],[[[145.3446,44.34],[145.3444,44.3399],[145.3444,44.34],[145.3446,44.34]]],[[[145.3457,44.3402],[145.3454,44.3402],[145.3456,44.3405],[145.3457,44.3402]]],[[[145.3457,44.3407],[145.3455,44.3406],[145.3455,44.3408],[145.3457,44.3407]]],[[[145.3468,44.3406],[145.3466,44.3406],[145.3468,44.3409],[145.3468,44.3406]]],[[[145.3444,44.3413],[145.3441,44.3413],[145.3441,44.3414],[145.3444,44.3413]]],[[[145.3504,44.2338],[145.3503,44.2337],[145.3503,44.2338],[145.3504,44.2338]]],[[[145.3514,44.2343],[145.3515,44.2342],[145.3514,44.2342],[145.3514,44.2343]]],[[[145.351,44.2347],[145.3511,44.2346],[145.351,44.2346],[145.351,44.2347]]],[[[145.3502,44.2351],[145.3503,44.235],[145.3502,44.235],[145.3502,44.2351]]],[[[145.3503,44.2353],[145.3503,44.2352],[145.3503,44.2352],[145.3503,44.2353]]],[[[145.3504,44.2357],[145.3504,44.2356],[145.3503,44.2357],[145.3504,44.2357]]],[[[145.3507,44.2447],[145.3507,44.2446],[145.3506,44.2447],[145.3507,44.2447]]],[[[145.3504,44.2448],[145.3503,44.2448],[145.3503,44.2449],[145.3504,44.2448]]],[[[145.3514,44.2457],[145.3516,44.2456],[145.3514,44.2455],[145.3514,44.2457]]],[[[145.3517,44.2458],[145.3517,44.2458],[145.3517,44.2458],[145.3517,44.2458]]],[[[145.3518,44.246],[145.3518,44.2459],[145.3517,44.246],[145.3518,44.246]]],[[[145.3542,44.2469],[145.354,44.247],[145.3542,44.247],[145.3542,44.2469]]],[[[145.3554,44.2475],[145.3552,44.2475],[145.3553,44.2475],[145.3554,44.2475]]],[[[145.3557,44.2477],[145.3557,44.2476],[145.3556,44.2477],[145.3557,44.2477]]],[[[145.356,44.2478],[145.3559,44.2477],[145.3559,44.2478],[145.356,44.2478]]],[[[145.3568,44.2483],[145.3568,44.2482],[145.3567,44.2482],[145.3568,44.2483]]],[[[145.3574,44.2484],[145.3576,44.2484],[145.3575,44.2483],[145.3574,44.2484]]],[[[145.3571,44.2486],[145.357,44.2485],[145.357,44.2485],[145.3571,44.2486]]],[[[145.3575,44.249],[145.3574,44.2489],[145.3574,44.2489],[145.3575,44.249]]],[[[145.3595,44.2501],[145.3596,44.2502],[145.3596,44.2501],[145.3595,44.2501]]],[[[145.3611,44.2503],[145.3612,44.2503],[145.3611,44.2503],[145.3611,44.2503]]],[[[145.3592,44.2504],[145.3593,44.2503],[145.3592,44.2503],[145.3592,44.2504]]],[[[145.3615,44.2504],[145.3613,44.2506],[145.3616,44.2505],[145.3615,44.2504]]],[[[145.3575,44.2832],[145.3573,44.2833],[145.3576,44.2834],[145.3575,44.2832]]],[[[145.3578,44.2831],[145.3578,44.2835],[145.3579,44.2835],[145.3578,44.2831]]],[[[145.356,44.2849],[145.3562,44.2847],[145.356,44.2847],[145.356,44.2849]]],[[[145.3557,44.2852],[145.356,44.2854],[145.356,44.2853],[145.3557,44.2852]]],[[[145.3565,44.2857],[145.3566,44.2858],[145.3567,44.2857],[145.3565,44.2857]]],[[[145.3555,44.2856],[145.3559,44.286],[145.356,44.2857],[145.3555,44.2856]]],[[[145.3502,44.2967],[145.3504,44.297],[145.3505,44.2968],[145.3502,44.2967]]],[[[145.3511,44.2985],[145.351,44.2984],[145.351,44.2985],[145.3511,44.2985]]],[[[145.3506,44.2985],[145.3508,44.2984],[145.3507,44.2984],[145.3506,44.2985]]],[[[145.3513,44.2984],[145.3514,44.2986],[145.3515,44.2985],[145.3513,44.2984]]],[[[145.3525,44.2986],[145.3526,44.2989],[145.3527,44.2987],[145.3525,44.2986]]],[[[145.3502,44.3044],[145.3504,44.3043],[145.3503,44.3042],[145.3502,44.3044]]],[[[145.3505,44.3045],[145.3507,44.3044],[145.3505,44.3044],[145.3505,44.3045]]],[[[145.353,44.3165],[145.3528,44.316],[145.3523,44.3163],[145.353,44.3165]]],[[[145.353,44.3167],[145.3531,44.3166],[145.3529,44.3167],[145.353,44.3167]]],[[[145.3505,44.3214],[145.3504,44.3212],[145.3503,44.3213],[145.3505,44.3214]]],[[[145.3621,44.2508],[145.3619,44.2509],[145.3621,44.2508],[145.3621,44.2508]]],[[[145.3619,44.2513],[145.3618,44.2513],[145.3618,44.2514],[145.3619,44.2513]]],[[[145.3629,44.2532],[145.3628,44.2531],[145.3627,44.2532],[145.3629,44.2532]]],[[[145.3626,44.2551],[145.3628,44.2549],[145.3626,44.2549],[145.3626,44.2551]]],[[[145.3636,44.2552],[145.3639,44.2553],[145.3639,44.2552],[145.3636,44.2552]]],[[[145.3648,44.2553],[145.3645,44.2555],[145.3648,44.2554],[145.3648,44.2553]]],[[[145.3659,44.2563],[145.3658,44.2561],[145.3658,44.2563],[145.3659,44.2563]]],[[[145.368,44.2574],[145.368,44.2577],[145.3682,44.2576],[145.368,44.2574]]],[[[145.3685,44.2577],[145.3683,44.2576],[145.3683,44.2577],[145.3685,44.2577]]],[[[145.3678,44.2578],[145.3678,44.2582],[145.368,44.258],[145.3678,44.2578]]],[[[145.3666,44.258],[145.3665,44.2581],[145.3666,44.2581],[145.3666,44.258]]],[[[145.3684,44.258],[145.3686,44.2581],[145.3687,44.258],[145.3684,44.258]]],[[[145.3669,44.258],[145.367,44.2583],[145.3674,44.2581],[145.3669,44.258]]],[[[145.3678,44.2583],[145.3677,44.2582],[145.3676,44.2583],[145.3678,44.2583]]],[[[145.3672,44.2584],[145.3676,44.2585],[145.3672,44.2584],[145.3672,44.2584]]],[[[145.3673,44.2588],[145.3672,44.2587],[145.3672,44.2588],[145.3673,44.2588]]],[[[145.368,44.2591],[145.3681,44.2589],[145.3679,44.259],[145.368,44.2591]]],[[[145.3667,44.259],[145.3671,44.259],[145.3671,44.2589],[145.3667,44.259]]],[[[145.3676,44.2612],[145.3678,44.2605],[145.3667,44.2611],[145.3676,44.2612]]],[[[145.3676,44.2617],[145.3675,44.2617],[145.3676,44.2617],[145.3676,44.2617]]],[[[145.3679,44.262],[145.3678,44.2619],[145.3677,44.262],[145.3679,44.262]]],[[[145.3662,44.2632],[145.3662,44.263],[145.3661,44.2631],[145.3662,44.2632]]],[[[145.3664,44.2642],[145.3663,44.264],[145.3662,44.2641],[145.3664,44.2642]]],[[[145.3668,44.2673],[145.3671,44.2674],[145.3671,44.2673],[145.3668,44.2673]]],[[[145.3673,44.2675],[145.3675,44.2674],[145.3673,44.2673],[145.3673,44.2675]]],[[[145.3679,44.2673],[145.3681,44.2677],[145.3683,44.2673],[145.3679,44.2673]]],[[[145.3659,44.2717],[145.3657,44.2717],[145.3658,44.2718],[145.3659,44.2717]]],[[[145.3657,44.272],[145.3657,44.2718],[145.3656,44.2719],[145.3657,44.272]]],[[[145.3667,44.2717],[145.3664,44.2726],[145.3672,44.2718],[145.3667,44.2717]]],[[[145.3642,44.2727],[145.3643,44.2725],[145.3641,44.2725],[145.3642,44.2727]]],[[[145.3633,44.2726],[145.3632,44.2729],[145.3634,44.2728],[145.3633,44.2726]]],[[[145.3661,44.273],[145.3664,44.273],[145.3662,44.2729],[145.3661,44.273]]],[[[145.3627,44.2732],[145.3626,44.2731],[145.3626,44.2731],[145.3627,44.2732]]],[[[145.3671,44.2733],[145.3671,44.2731],[145.367,44.2732],[145.3671,44.2733]]],[[[145.3661,44.2734],[145.3661,44.2732],[145.366,44.2734],[145.3661,44.2734]]],[[[145.3661,44.2736],[145.366,44.2736],[145.366,44.2737],[145.3661,44.2736]]]]}},{"type":"Feature","properties":{"id":"01695","name":"色丹村","pref":"北海道"},"geometry":{"type":"MultiPolygon","coordinates":[[[[146.6479,43.7016],[146.6471,43.7023],[146.6484,43.702],[146.6479,43.7016]]],[[[146.6387,43.7035],[146.6395,43.7041],[146.6396,43.7037],[146.6387,43.7035]]],[[[146.6763,43.7065],[146.6768,43.7078],[146.6774,43.7079],[146.6763,43.7065]]],[[[146.6727,43.7073],[146.6734,43.7068],[146.6724,43.707],[146.6727,43.7073]]],[[[146.6391,43.7068],[146.6396,43.7075],[146.6399,43.7071],[146.6391,43.7068]]],[[[146.6706,43.7071],[146.6708,43.7079],[146.6714,43.7078],[146.6706,43.7071]]],[[[146.6787,43.7088],[146.6779,43.709],[146.6794,43.7095],[146.6787,43.7088]]],[[[146.678,43.7124],[146.6784,43.7137],[146.6791,43.7127],[146.678,43.7124]]],[[[146.6857,43.7187],[146.6856,43.718],[146.6852,43.7182],[146.6857,43.7187]]],[[[146.6904,43.7272],[146.6904,43.7266],[146.6901,43.7268],[146.6904,43.7272]]],[[[146.6847,43.7293],[146.691,43.7335],[146.7054,43.7284],[146.6954,43.7209],[146.694,43.7272],[146.6847,43.7293]]],[[[146.6242,43.728],[146.6239,43.7268],[146.6233,43.7271],[146.6242,43.728]]],[[[146.7057,43.7298],[146.7061,43.7291],[146.7055,43.7293],[146.7057,43.7298]]],[[[146.7143,43.7328],[146.7146,43.7316],[146.7138,43.7319],[146.7143,43.7328]]],[[[146.7154,43.7339],[146.7107,43.7328],[146.7118,43.7363],[146.7154,43.7339]]],[[[146.7292,43.7351],[146.7301,43.736],[146.7306,43.7352],[146.7292,43.7351]]],[[[146.6076,43.7359],[146.6075,43.7354],[146.6072,43.7357],[146.6076,43.7359]]],[[[146.5934,43.7364],[146.594,43.7356],[146.5933,43.7358],[146.5934,43.7364]]],[[[146.5911,43.7364],[146.5924,43.7377],[146.5934,43.7369],[146.5911,43.7364]]],[[[146.7345,43.7399],[146.7339,43.741],[146.7352,43.741],[146.7345,43.7399]]],[[[146.7349,43.7448],[146.7329,43.7447],[146.7351,43.7456],[146.7349,43.7448]]],[[[146.7526,43.7494],[146.7515,43.7489],[146.7526,43.7498],[146.7526,43.7494]]],[[[146.7926,43.7449],[146.7926,43.7455],[146.7929,43.7454],[146.7926,43.7449]]],[[[146.7971,43.7466],[146.7953,43.7462],[146.7971,43.7472],[146.7971,43.7466]]],[[[146.8033,43.7501],[146.804,43.7507],[146.8036,43.7498],[146.8033,43.7501]]],[[[146.7641,43.7507],[146.7651,43.7508],[146.7638,43.7504],[146.7641,43.7507]]],[[[146.8045,43.7514],[146.8051,43.7518],[146.8045,43.7513],[146.8045,43.7514]]],[[[146.8054,43.7575],[146.789,43.7454],[146.7947,43.7603],[146.8054,43.7575]]],[[[146.8082,43.7545],[146.8087,43.7548],[146.8087,43.7546],[146.8082,43.7545]]],[[[146.7853,43.7563],[146.7862,43.7566],[146.7856,43.7559],[146.7853,43.7563]]],[[[146.7976,43.7615],[146.797,43.7615],[146.7976,43.7618],[146.7976,43.7615]]],[[[146.7944,43.7676],[146.795,43.7682],[146.7952,43.7681],[146.7944,43.7676]]],[[[146.7956,43.7723],[146.7954,43.7715],[146.795,43.7717],[146.7956,43.7723]]],[[[146.8097,43.7781],[146.8095,43.7788],[146.81,43.7788],[146.8097,43.7781]]],[[[146.809,43.7794],[146.8102,43.7797],[146.8089,43.7791],[146.809,43.7794]]],[[[146.8074,43.7804],[146.808,43.7793],[146.8068,43.7792],[146.8074,43.7804]]],[[[146.8026,43.78],[146.8027,43.7795],[146.8021,43.7797],[146.8026,43.78]]],[[[146.8336,43.7807],[146.8344,43.7809],[146.8337,43.7804],[146.8336,43.7807]]],[[[146.8331,43.7817],[146.8338,43.7817],[146.8331,43.7815],[146.8331,43.7817]]],[[[146.8108,43.7836],[146.8103,43.783],[146.8097,43.7832],[146.8108,43.7836]]],[[[146.8463,43.7864],[146.8452,43.7863],[146.8464,43.7866],[146.8463,43.7864]]],[[[146.7499,43.7482],[146.7284,43.7465],[146.7333,43.7374],[146.7211,43.7336],[146.6956,43.7459],[146.6776,43.7247],[146.6899,43.7225],[146.6765,43.7151],[146.6762,43.7074],[146.6746,43.7065],[146.6706,43.7084],[146.663,43.7079],[146.6422,43.7016],[146.6398,43.7084],[146.6507,43.7139],[146.6338,43.7182],[146.6218,43.7313],[146.6187,43.7494],[146.6251,43.756],[146.6075,43.7532],[146.6143,43.7436],[146.6085,43.7352],[146.6055,43.7398],[146.5929,43.7377],[146.5968,43.7462],[146.5856,43.7442],[146.5974,43.7646],[146.6076,43.7675],[146.5858,43.8067],[146.6132,43.8213],[146.626,43.8172],[146.6989,43.8305],[146.7088,43.8231],[146.7092,43.8302],[146.721,43.8323],[146.7426,43.8253],[146.7487,43.8146],[146.7485,43.8281],[146.7213,43.8362],[146.7217,43.8459],[146.7754,43.8765],[146.7965,43.8585],[146.8029,43.862],[146.7893,43.8788],[146.8057,43.8705],[146.8136,43.8776],[146.8135,43.8677],[146.8236,43.8671],[146.8274,43.8728],[146.8182,43.8857],[146.8247,43.8904],[146.8455,43.8877],[146.8492,43.8771],[146.874,43.8693],[146.8926,43.8473],[146.9147,43.8473],[146.9092,43.8424],[146.9196,43.836],[146.9025,43.8299],[146.9059,43.8114],[146.8985,43.8059],[146.8791,43.8146],[146.863,43.8106],[146.8596,43.8062],[146.8595,43.8071],[146.8535,43.808],[146.8507,43.8074],[146.8467,43.812],[146.8257,43.7996],[146.8497,43.7868],[146.8439,43.7894],[146.8352,43.7818],[146.8104,43.7921],[146.8072,43.7805],[146.7981,43.7866],[146.7882,43.7811],[146.7941,43.7713],[146.7867,43.7585],[146.7699,43.7667],[146.7732,43.7583],[146.7647,43.7517],[146.7514,43.7559],[146.7499,43.7482]]],[[[146.8428,43.7994],[146.8401,43.8018],[146.8435,43.7999],[146.8428,43.7994]]],[[[146.8469,43.805],[146.8459,43.8051],[146.8469,43.8051],[146.8469,43.805]]],[[[146.8506,43.7884],[146.8492,43.7932],[146.8541,43.7915],[146.8506,43.7884]]],[[[146.8521,43.7932],[146.8515,43.7929],[146.8515,43.7933],[146.8521,43.7932]]],[[[146.8844,43.8064],[146.8858,43.8052],[146.884,43.8058],[146.8844,43.8064]]],[[[146.8575,43.8064],[146.8585,43.8061],[146.8573,43.8062],[146.8575,43.8064]]],[[[146.8864,43.8095],[146.8857,43.8079],[146.8856,43.8096],[146.8864,43.8095]]],[[[146.8817,43.8085],[146.8823,43.809],[146.8821,43.8085],[146.8817,43.8085]]],[[[146.8677,43.8081],[146.8687,43.8103],[146.8701,43.8092],[146.8677,43.8081]]],[[[146.873,43.8098],[146.8728,43.8103],[146.8732,43.8102],[146.873,43.8098]]],[[[146.8719,43.8107],[146.8721,43.8102],[146.8715,43.8104],[146.8719,43.8107]]],[[[146.8801,43.8114],[146.8788,43.8101],[146.8784,43.8108],[146.8801,43.8114]]],[[[146.878,43.8105],[146.877,43.8114],[146.8784,43.8113],[146.878,43.8105]]],[[[146.9063,43.8106],[146.907,43.8108],[146.9072,43.8106],[146.9063,43.8106]]],[[[146.9131,43.8168],[146.9139,43.8164],[146.913,43.8165],[146.9131,43.8168]]],[[[146.9127,43.8192],[146.9107,43.8177],[146.9115,43.8204],[146.9127,43.8192]]],[[[146.9151,43.8219],[146.9155,43.8208],[146.914,43.8209],[146.9151,43.8219]]],[[[146.9153,43.8302],[146.9143,43.83],[146.9153,43.8304],[146.9153,43.8302]]],[[[146.9118,43.8431],[146.913,43.8429],[146.9119,43.8426],[146.9118,43.8431]]],[[[146.9117,43.8476],[146.9124,43.8475],[146.9116,43.8475],[146.9117,43.8476]]],[[[146.9132,43.849],[146.9127,43.8487],[146.9124,43.8491],[146.9132,43.849]]],[[[146.8657,43.8753],[146.8654,43.8759],[146.8659,43.8758],[146.8657,43.8753]]]]}},{"type":"Feature","properties":{"id":"01696","name":"泊村","pref":"北海道"},"geometry":{"type":"MultiPolygon","coordinates":[[[[145.4999,43.7332],[145.5006,43.7335],[145.5008,43.7334],[145.4999,43.7332]]],[[[145.4429,43.8567],[145.4422,43.8563],[145.4423,43.857],[145.4429,43.8567]]],[[[145.4756,43.8999],[145.4755,43.8997],[145.4754,43.8999],[145.4756,43.8999]]],[[[145.4825,43.9057],[145.4825,43.9055],[145.4824,43.9055],[145.4825,43.9057]]],[[[145.4939,43.9069],[145.4934,43.9067],[145.4938,43.9071],[145.4939,43.9069]]],[[[145.4943,43.907],[145.4941,43.9072],[145.4943,43.9072],[145.4943,43.907]]],[[[145.4957,43.907],[145.4946,43.907],[145.4945,43.9071],[145.4951,43.9072],[145.4957,43.907]]],[[[145.4959,43.9071],[145.496,43.9073],[145.4961,43.9071],[145.4959,43.9071]]],[[[145.4982,43.9073],[145.4976,43.9071],[145.4973,43.9071],[145.4982,43.9073]]],[[[145.4956,43.9075],[145.4954,43.9074],[145.4954,43.9075],[145.4956,43.9075]]],[[[145.506,43.9109],[145.5061,43.911],[145.5062,43.9109],[145.506,43.9109]]],[[[145.5152,43.9154],[145.5154,43.9153],[145.515,43.9154],[145.5152,43.9154]]],[[[145.5129,43.9154],[145.5132,43.9154],[145.5129,43.9153],[145.5129,43.9154]]],[[[145.5119,43.9153],[145.5118,43.9155],[145.5121,43.9154],[145.5119,43.9153]]],[[[145.5101,43.9155],[145.5101,43.9157],[145.5103,43.9155],[145.5101,43.9155]]],[[[145.514,43.916],[145.5141,43.9161],[145.5141,43.916],[145.514,43.916]]],[[[145.5171,43.9168],[145.5174,43.9168],[145.517,43.9168],[145.5171,43.9168]]],[[[145.5174,43.917],[145.5173,43.9171],[145.5174,43.9171],[145.5174,43.917]]],[[[145.517,43.9173],[145.5169,43.9172],[145.5168,43.9173],[145.517,43.9173]]],[[[145.5212,43.9179],[145.5212,43.9182],[145.5213,43.9181],[145.5212,43.9179]]],[[[145.533,43.9268],[145.5327,43.927],[145.5329,43.9269],[145.533,43.9268]]],[[[145.543,43.934],[145.5429,43.934],[145.543,43.934],[145.543,43.934]]],[[[145.547,43.936],[145.5468,43.936],[145.5469,43.936],[145.547,43.936]]],[[[145.5468,43.9364],[145.5469,43.9363],[145.5468,43.9363],[145.5468,43.9364]]],[[[145.5526,43.9371],[145.5525,43.937],[145.5524,43.9371],[145.5526,43.9371]]],[[[145.4992,43.7338],[145.4337,43.7198],[145.4182,43.7518],[145.4257,43.7818],[145.4102,43.8186],[145.3987,43.8281],[145.4047,43.8405],[145.4441,43.8527],[145.4731,43.8986],[145.4769,43.9],[145.4836,43.9033],[145.4855,43.9048],[145.4996,43.9074],[145.5331,43.9206],[145.5344,43.9311],[145.5528,43.9359],[145.561,43.9441],[145.5893,43.9512],[145.599,43.972],[145.6768,44.012],[145.6762,44.0257],[145.7328,44.045],[145.7483,44.0643],[145.7763,44.0666],[145.7842,44.095],[145.8003,44.1146],[145.8848,44.1066],[145.8897,44.0895],[145.8803,44.0856],[145.8635,44.0505],[145.8657,44.0296],[145.8781,44.0209],[145.8512,44.0202],[145.855,44.0294],[145.8418,44.0321],[145.8176,44.0214],[145.8027,43.9968],[145.8056,43.9927],[145.791,43.9796],[145.7918,43.9594],[145.7787,43.9356],[145.7811,43.9319],[145.7792,43.9325],[145.7783,43.9315],[145.7728,43.9324],[145.7651,43.932],[145.7172,43.9137],[145.7142,43.9109],[145.6884,43.9102],[145.6743,43.9054],[145.6636,43.9106],[145.659,43.9108],[145.6494,43.9085],[145.6041,43.868],[145.5934,43.8706],[145.5851,43.8624],[145.5754,43.8412],[145.5547,43.6719],[145.5454,43.6535],[145.5383,43.6536],[145.5351,43.6719],[145.5506,43.7308],[145.4992,43.7338]]],[[[145.6982,43.9083],[145.6972,43.9083],[145.6979,43.9087],[145.6982,43.9083]]],[[[145.7043,43.9092],[145.704,43.9086],[145.7032,43.9087],[145.7043,43.9092]]],[[[145.7099,43.9085],[145.7104,43.9097],[145.711,43.9094],[145.7099,43.9085]]],[[[145.6661,43.9092],[145.6642,43.9092],[145.6633,43.9097],[145.6661,43.9092]]],[[[145.7145,43.9095],[145.7136,43.9105],[145.715,43.9101],[145.7145,43.9095]]],[[[145.6617,43.9101],[145.6599,43.91],[145.6596,43.9102],[145.6617,43.9101]]],[[[145.7126,43.9101],[145.7108,43.9099],[145.7105,43.9103],[145.7126,43.9101]]],[[[145.6622,43.9103],[145.6617,43.9105],[145.6623,43.9104],[145.6622,43.9103]]],[[[145.7155,43.9106],[145.7154,43.9111],[145.7158,43.9108],[145.7155,43.9106]]],[[[145.7234,43.9127],[145.7215,43.9119],[145.7206,43.9132],[145.7229,43.9135],[145.7234,43.9127]]],[[[145.7237,43.913],[145.7243,43.9133],[145.7245,43.9129],[145.7237,43.913]]],[[[145.7234,43.9144],[145.7229,43.9136],[145.7225,43.914],[145.7234,43.9144]]],[[[145.7245,43.9142],[145.724,43.915],[145.7249,43.9143],[145.7245,43.9142]]],[[[145.725,43.9149],[145.7256,43.9156],[145.726,43.9152],[145.725,43.9149]]],[[[145.7267,43.9155],[145.7273,43.9164],[145.7281,43.9159],[145.7267,43.9155]]],[[[145.7283,43.9167],[145.7284,43.9162],[145.7279,43.9164],[145.7283,43.9167]]],[[[145.7316,43.9177],[145.7306,43.9157],[145.729,43.9163],[145.7316,43.9177]]],[[[145.7331,43.919],[145.7332,43.9183],[145.7323,43.9185],[145.7331,43.919]]],[[[145.5892,43.9572],[145.5894,43.9574],[145.5895,43.9571],[145.5892,43.9572]]],[[[145.588,43.9591],[145.5878,43.9594],[145.588,43.9594],[145.588,43.9591]]],[[[145.5911,43.9646],[145.5908,43.9645],[145.5909,43.9647],[145.5911,43.9646]]],[[[145.6347,43.9912],[145.635,43.9907],[145.6346,43.9909],[145.6347,43.9912]]],[[[145.6513,44.0039],[145.652,44.0051],[145.6526,44.0044],[145.6513,44.0039]]],[[[145.6489,44.0054],[145.649,44.0053],[145.6489,44.0053],[145.6489,44.0054]]],[[[145.7355,43.9183],[145.7353,43.919],[145.7369,43.9196],[145.7355,43.9183]]],[[[145.7441,43.9214],[145.7387,43.9195],[145.7374,43.9201],[145.7441,43.9214]]],[[[145.7413,43.9213],[145.7417,43.9216],[145.7419,43.9213],[145.7413,43.9213]]],[[[145.7459,43.9222],[145.7478,43.9241],[145.7499,43.924],[145.7459,43.9222]]],[[[145.7501,43.9236],[145.7546,43.9254],[145.7552,43.9247],[145.7501,43.9236]]],[[[145.7577,43.9269],[145.7578,43.9275],[145.7581,43.9272],[145.7577,43.9269]]],[[[145.7583,43.9273],[145.7583,43.9278],[145.7587,43.9276],[145.7583,43.9273]]],[[[145.762,43.9294],[145.7619,43.9288],[145.7617,43.9293],[145.762,43.9294]]],[[[145.7687,43.9316],[145.7695,43.9317],[145.7686,43.9314],[145.7687,43.9316]]],[[[145.7716,43.9322],[145.7709,43.9318],[145.7706,43.9321],[145.7716,43.9322]]],[[[145.7807,43.9348],[145.781,43.9352],[145.7814,43.935],[145.7807,43.9348]]],[[[145.78,43.936],[145.7803,43.9365],[145.7807,43.9362],[145.78,43.936]]],[[[145.7901,43.9463],[145.7908,43.9461],[145.7899,43.946],[145.7901,43.9463]]],[[[145.8057,43.9934],[145.8061,43.993],[145.8055,43.9932],[145.8057,43.9934]]],[[[145.8104,43.9928],[145.8093,43.9938],[145.8112,43.9932],[145.8104,43.9928]]],[[[145.8065,43.9959],[145.8077,43.9954],[145.807,43.9952],[145.8065,43.9959]]],[[[145.8299,44.0248],[145.8295,44.0243],[145.8294,44.0247],[145.8299,44.0248]]],[[[145.7325,44.0474],[145.7333,44.0477],[145.7328,44.0472],[145.7325,44.0474]]],[[[145.735,44.0573],[145.7348,44.0569],[145.7345,44.0571],[145.735,44.0573]]],[[[145.7419,44.0573],[145.7411,44.0589],[145.7423,44.0575],[145.7419,44.0573]]],[[[145.8747,44.0708],[145.8746,44.0712],[145.8749,44.071],[145.8747,44.0708]]],[[[145.884,44.0802],[145.8841,44.0805],[145.8842,44.0803],[145.884,44.0802]]],[[[145.8834,44.0806],[145.8832,44.0803],[145.8831,44.0805],[145.8834,44.0806]]],[[[145.8851,44.0807],[145.8847,44.0804],[145.8846,44.0806],[145.8851,44.0807]]]]}},{"type":"Feature","properties":{"id":"01697","name":"留夜別村","pref":"北海道"},"geometry":{"type":"MultiPolygon","coordinates":[[[[145.7442,44.0728],[145.7446,44.0715],[145.7437,44.072],[145.7442,44.0728]]],[[[145.905,44.1057],[145.9028,44.1057],[145.9024,44.1063],[145.905,44.1057]]],[[[145.905,44.1113],[145.9032,44.1108],[145.9023,44.1116],[145.905,44.1113]]],[[[145.7546,44.1126],[145.755,44.1122],[145.7546,44.1121],[145.7546,44.1126]]],[[[145.9072,44.1131],[145.9076,44.1128],[145.9071,44.1128],[145.9072,44.1131]]],[[[145.9067,44.1128],[145.9063,44.1134],[145.907,44.1131],[145.9067,44.1128]]],[[[145.9046,44.115],[145.9051,44.1152],[145.9051,44.115],[145.9046,44.115]]],[[[145.9041,44.1152],[145.9034,44.1149],[145.9033,44.1152],[145.9041,44.1152]]],[[[145.9042,44.1159],[145.9048,44.1155],[145.9041,44.1156],[145.9042,44.1159]]],[[[146.049,44.1814],[146.0501,44.1789],[146.0477,44.1809],[146.049,44.1814]]],[[[146.0479,44.1865],[146.0475,44.1852],[146.0469,44.1856],[146.0479,44.1865]]],[[[146.007,44.3836],[146.007,44.3828],[146.0062,44.3835],[146.007,44.3836]]],[[[146.028,44.4021],[146.0274,44.4016],[146.0279,44.4022],[146.028,44.4021]]],[[[146.0335,44.4025],[146.0323,44.4016],[146.0324,44.402],[146.0335,44.4025]]],[[[146.0349,44.4039],[146.0336,44.4034],[146.035,44.4041],[146.0349,44.4039]]],[[[146.0604,44.4336],[146.06,44.4337],[146.0605,44.4337],[146.0604,44.4336]]],[[[146.0643,44.44],[146.0646,44.4396],[146.064,44.4398],[146.0643,44.44]]],[[[146.0645,44.4402],[146.0645,44.44],[146.0642,44.4403],[146.0645,44.4402]]],[[[146.0647,44.4406],[146.0647,44.4401],[146.0644,44.4406],[146.0647,44.4406]]],[[[145.747,44.0674],[145.7441,44.1045],[145.7536,44.1089],[145.7792,44.1352],[145.7881,44.1499],[145.8375,44.1824],[145.8891,44.2516],[145.9461,44.2789],[145.988,44.3189],[146.0008,44.3376],[146.0072,44.3821],[146.0234,44.3905],[146.0519,44.4184],[146.0717,44.4499],[146.0817,44.4741],[146.1318,44.5091],[146.1594,44.5117],[146.1711,44.5173],[146.1694,44.5089],[146.176,44.5053],[146.1877,44.5056],[146.1942,44.4935],[146.2018,44.4903],[146.2097,44.4889],[146.2117,44.4869],[146.2154,44.4849],[146.2263,44.4819],[146.2338,44.4646],[146.2407,44.4546],[146.3377,44.4174],[146.4767,44.4211],[146.5343,44.4328],[146.5516,44.4456],[146.5728,44.4554],[146.5759,44.4561],[146.5774,44.4549],[146.5514,44.4271],[146.5336,44.3801],[146.4921,44.3545],[146.4851,44.3521],[146.4535,44.3771],[146.4315,44.3759],[146.3882,44.3592],[146.366,44.338],[146.3623,44.3269],[146.3699,44.3216],[146.3444,44.3173],[146.343,44.3091],[146.3062,44.2896],[146.2961,44.2757],[146.1109,44.2627],[146.0653,44.2308],[146.048,44.1996],[146.0549,44.1942],[146.044,44.1904],[146.0466,44.184],[145.9852,44.1713],[145.9658,44.1527],[145.9432,44.1517],[145.9061,44.1209],[145.8991,44.107],[145.9029,44.0943],[145.8902,44.0946],[145.8843,44.1071],[145.8005,44.1147],[145.7842,44.095],[145.7763,44.0666],[145.747,44.0674]]],[[[146.066,44.4418],[146.0663,44.4417],[146.066,44.4417],[146.066,44.4418]]],[[[146.0717,44.4525],[146.0713,44.4519],[146.0711,44.4525],[146.0717,44.4525]]],[[[146.0722,44.4563],[146.0725,44.4562],[146.0722,44.456],[146.0722,44.4563]]],[[[146.0738,44.4585],[146.074,44.4582],[146.0737,44.4584],[146.0738,44.4585]]],[[[146.2344,44.4657],[146.2348,44.4659],[146.2345,44.4656],[146.2344,44.4657]]],[[[146.2347,44.4706],[146.2343,44.4704],[146.2341,44.4705],[146.2347,44.4706]]],[[[146.2331,44.4713],[146.2328,44.4716],[146.2329,44.4717],[146.2331,44.4713]]],[[[146.2321,44.4724],[146.2325,44.4718],[146.2317,44.4723],[146.2321,44.4724]]],[[[146.2279,44.4789],[146.2279,44.4785],[146.2277,44.4789],[146.2279,44.4789]]],[[[146.228,44.4793],[146.2277,44.4792],[146.2278,44.4793],[146.228,44.4793]]],[[[146.2263,44.4825],[146.2261,44.4824],[146.2259,44.4826],[146.2263,44.4825]]],[[[146.2209,44.4842],[146.2213,44.4841],[146.2207,44.484],[146.2209,44.4842]]],[[[146.2124,44.4875],[146.2123,44.4872],[146.2118,44.4874],[146.2124,44.4875]]],[[[146.1999,44.4912],[146.2001,44.4916],[146.2002,44.4914],[146.1999,44.4912]]],[[[146.1929,44.498],[146.1928,44.4974],[146.1926,44.4978],[146.1929,44.498]]],[[[146.173,44.5085],[146.1749,44.5075],[146.1715,44.5086],[146.173,44.5085]]],[[[146.1567,44.5132],[146.1569,44.5126],[146.1565,44.5131],[146.1567,44.5132]]],[[[146.1686,44.5179],[146.1689,44.5169],[146.1684,44.5177],[146.1686,44.5179]]],[[[146.2579,44.2666],[146.2569,44.2663],[146.2566,44.2671],[146.2579,44.2666]]],[[[146.2987,44.2741],[146.2989,44.2739],[146.2986,44.2739],[146.2987,44.2741]]],[[[146.3911,44.4213],[146.3916,44.4212],[146.3911,44.4211],[146.3911,44.4213]]],[[[146.4144,44.4215],[146.4148,44.4213],[146.4148,44.4213],[146.4144,44.4215]]],[[[146.414,44.4221],[146.415,44.4216],[146.4143,44.4217],[146.414,44.4221]]],[[[146.3949,44.4222],[146.3951,44.4219],[146.3948,44.4221],[146.3949,44.4222]]],[[[146.4058,44.4216],[146.4079,44.4228],[146.4083,44.4225],[146.4058,44.4216]]],[[[146.4137,44.4231],[146.4133,44.4227],[146.4125,44.4232],[146.4137,44.4231]]],[[[146.3966,44.4243],[146.397,44.4243],[146.397,44.4242],[146.3966,44.4243]]],[[[146.3989,44.4246],[146.3988,44.4242],[146.3987,44.4242],[146.3989,44.4246]]],[[[146.2487,44.4534],[146.2483,44.4532],[146.2483,44.4534],[146.2487,44.4534]]],[[[146.5837,44.4589],[146.583,44.4595],[146.585,44.4609],[146.5837,44.4589]]],[[[146.236,44.4623],[146.2357,44.4625],[146.2361,44.4624],[146.236,44.4623]]],[[[146.2357,44.4632],[146.2354,44.4633],[146.2356,44.4635],[146.2357,44.4632]]],[[[146.5768,44.4634],[146.5767,44.4633],[146.5767,44.4634],[146.5768,44.4634]]],[[[146.5894,44.465],[146.5888,44.4653],[146.5895,44.4653],[146.5894,44.465]]],[[[146.2349,44.4679],[146.2348,44.4684],[146.2352,44.4682],[146.2349,44.4679]]],[[[146.235,44.4688],[146.2347,44.4687],[146.2345,44.4689],[146.235,44.4688]]]]}},{"type":"Feature","properties":{"id":"01698","name":"留別村","pref":"北海道"},"geometry":{"type":"MultiPolygon","coordinates":[[[[146.9838,44.4434],[146.9846,44.443],[146.9832,44.443],[146.9838,44.4434]]],[[[146.9843,44.4439],[146.9846,44.4446],[146.9849,44.444],[146.9843,44.4439]]],[[[147.1869,44.5686],[147.1879,44.5679],[147.1864,44.5686],[147.1869,44.5686]]],[[[147.1841,44.5688],[147.1845,44.568],[147.1836,44.5688],[147.1841,44.5688]]],[[[147.1833,44.5685],[147.1831,44.5689],[147.1833,44.5689],[147.1833,44.5685]]],[[[147.2083,44.5673],[147.2098,44.5704],[147.2109,44.5691],[147.2083,44.5673]]],[[[147.2178,44.5775],[147.218,44.5768],[147.2174,44.577],[147.2178,44.5775]]],[[[147.2217,44.581],[147.2226,44.58],[147.2224,44.5797],[147.2217,44.581]]],[[[147.2375,44.5933],[147.2383,44.5925],[147.2373,44.5928],[147.2375,44.5933]]],[[[146.9327,44.6065],[146.9327,44.6064],[146.9327,44.6065],[146.9327,44.6065]]],[[[147.2682,44.6057],[147.2667,44.6084],[147.2697,44.6071],[147.2682,44.6057]]],[[[146.9405,44.6253],[146.9406,44.6253],[146.9406,44.6253],[146.9405,44.6253]]],[[[146.9767,44.6493],[146.9782,44.6545],[146.9799,44.6524],[146.9767,44.6493]]],[[[146.9852,44.6533],[146.9853,44.6537],[146.9859,44.6536],[146.9852,44.6533]]],[[[146.9879,44.6542],[146.9877,44.6556],[146.9881,44.6556],[146.9879,44.6542]]],[[[147.2924,44.661],[147.294,44.6602],[147.2923,44.6598],[147.2924,44.661]]],[[[147.3021,44.6651],[147.3032,44.6656],[147.3034,44.6645],[147.3021,44.6651]]],[[[147.302,44.666],[147.3023,44.6658],[147.3019,44.6659],[147.302,44.666]]],[[[147.3049,44.667],[147.3021,44.6674],[147.3039,44.668],[147.3049,44.667]]],[[[147.3011,44.6671],[147.3006,44.6674],[147.3012,44.6675],[147.3011,44.6671]]],[[[147.3038,44.6692],[147.3038,44.6695],[147.304,44.6693],[147.3038,44.6692]]],[[[147.3077,44.6781],[147.309,44.6783],[147.3092,44.6781],[147.3077,44.6781]]],[[[147.3199,44.6952],[147.3196,44.695],[147.3195,44.6952],[147.3199,44.6952]]],[[[147.3197,44.6959],[147.3201,44.6958],[147.3198,44.6956],[147.3197,44.6959]]],[[[147.3276,44.6977],[147.3283,44.6969],[147.3268,44.6975],[147.3276,44.6977]]],[[[147.3265,44.6977],[147.3261,44.6981],[147.3268,44.6978],[147.3265,44.6977]]],[[[147.3284,44.6985],[147.3288,44.6977],[147.3281,44.6983],[147.3284,44.6985]]],[[[147.3622,44.7189],[147.3643,44.7181],[147.3644,44.718],[147.3622,44.7189]]],[[[147.356,44.7197],[147.356,44.719],[147.3552,44.7197],[147.356,44.7197]]],[[[147.3557,44.7201],[147.3557,44.7207],[147.3562,44.7204],[147.3557,44.7201]]],[[[147.365,44.722],[147.366,44.7217],[147.3649,44.7218],[147.365,44.722]]],[[[147.37,44.7275],[147.3701,44.7279],[147.3702,44.7275],[147.37,44.7275]]],[[[147.3761,44.7324],[147.3757,44.7319],[147.3756,44.7324],[147.3761,44.7324]]],[[[147.3784,44.7335],[147.377,44.7324],[147.3768,44.7326],[147.3784,44.7335]]],[[[147.3973,44.7473],[147.3986,44.7464],[147.3988,44.7461],[147.3973,44.7473]]],[[[147.398,44.748],[147.3988,44.7482],[147.3989,44.7479],[147.398,44.748]]],[[[147.3983,44.749],[147.3992,44.7495],[147.3986,44.7487],[147.3983,44.749]]],[[[147.4012,44.7512],[147.4024,44.751],[147.403,44.7506],[147.4012,44.7512]]],[[[147.41,44.7559],[147.4114,44.756],[147.4102,44.7551],[147.41,44.7559]]],[[[147.435,44.7623],[147.4347,44.7617],[147.4343,44.7625],[147.435,44.7623]]],[[[147.4369,44.7632],[147.4365,44.7637],[147.4369,44.7636],[147.4369,44.7632]]],[[[146.8753,44.4983],[146.8969,44.5203],[146.9222,44.5246],[146.9521,44.5493],[146.9308,44.5904],[146.9481,44.6315],[146.9582,44.5961],[146.9759,44.5789],[146.993,44.5754],[147.0254,44.5975],[147.0335,44.6164],[147.0336,44.6381],[147.0074,44.651],[147.0064,44.6593],[147.0469,44.6596],[147.0603,44.6553],[147.0588,44.648],[147.0736,44.6372],[147.0965,44.6386],[147.1298,44.6523],[147.1835,44.6937],[147.1989,44.7318],[147.1949,44.7609],[147.1258,44.7704],[147.1012,44.8005],[147.0999,44.8158],[147.1073,44.8223],[147.1326,44.8298],[147.1545,44.8246],[147.1936,44.7971],[147.2386,44.8065],[147.2635,44.8487],[147.2656,44.8681],[147.3817,44.9107],[147.4191,44.9382],[147.4492,44.9645],[147.4538,44.9722],[147.5172,44.9974],[147.5136,45.0074],[147.5204,45.0096],[147.5111,45.0261],[147.5241,45.0364],[147.5228,45.0602],[147.5347,45.0713],[147.5269,45.0989],[147.4957,45.1094],[147.5048,45.1177],[147.5368,45.1058],[147.5553,45.1101],[147.571,45.1042],[147.5689,45.0952],[147.5812,45.0856],[147.6386,45.0754],[147.6619,45.0827],[147.683,45.0937],[147.6868,45.0932],[147.6947,45.1],[147.6989,45.1234],[147.6929,45.1418],[147.7052,45.1516],[147.7053,45.1676],[147.7235,45.1732],[147.917,45.0286],[147.9155,44.9717],[147.9133,44.9722],[147.91,44.9707],[147.9044,44.961],[147.8903,44.9687],[147.8784,44.9621],[147.8752,44.9623],[147.8742,44.9644],[147.8668,44.9661],[147.8507,44.9654],[147.7853,44.9476],[147.7301,44.9769],[147.7224,45.0041],[147.6856,45.0052],[147.6496,44.9914],[147.6194,44.9649],[147.611,44.9406],[147.6516,44.9191],[147.6161,44.8896],[147.597,44.8534],[147.5608,44.8226],[147.5119,44.811],[147.4868,44.7814],[147.4212,44.7646],[147.3803,44.7424],[147.3686,44.7297],[147.3688,44.7228],[147.3494,44.721],[147.3473,44.7126],[147.3351,44.7143],[147.3068,44.6818],[147.3058,44.6723],[147.2831,44.659],[147.2661,44.638],[147.253,44.6005],[147.2413,44.5993],[147.207,44.5686],[147.1913,44.572],[147.1457,44.5594],[147.1083,44.5688],[147.0743,44.5557],[147.0239,44.5143],[146.9878,44.4583],[146.9906,44.4513],[146.9582,44.428],[146.9105,44.4281],[146.864,44.4438],[146.8581,44.4533],[146.8753,44.4983]]],[[[147.412,44.9338],[147.4121,44.9339],[147.4122,44.9338],[147.412,44.9338]]],[[[147.7822,44.9472],[147.7819,44.947],[147.7819,44.9473],[147.7822,44.9472]]],[[[147.7846,44.9471],[147.7846,44.9473],[147.7847,44.9472],[147.7846,44.9471]]],[[[147.7836,44.9475],[147.784,44.9472],[147.7838,44.9471],[147.7836,44.9475]]],[[[147.7928,44.9477],[147.7928,44.9474],[147.7926,44.9476],[147.7928,44.9477]]],[[[147.7961,44.9478],[147.7956,44.9478],[147.7959,44.9479],[147.7961,44.9478]]],[[[147.7966,44.9482],[147.7963,44.948],[147.7963,44.9483],[147.7966,44.9482]]],[[[147.7976,44.9483],[147.7973,44.9482],[147.7974,44.9484],[147.7976,44.9483]]],[[[147.8066,44.9508],[147.8068,44.9505],[147.8067,44.9505],[147.8066,44.9508]]],[[[147.6209,44.9615],[147.6203,44.962],[147.621,44.9618],[147.6209,44.9615]]],[[[147.4448,44.9615],[147.4441,44.962],[147.4443,44.9623],[147.4448,44.9615]]],[[[147.5058,44.9962],[147.5042,44.9963],[147.504,44.9968],[147.5058,44.9962]]],[[[147.5277,45.0708],[147.5272,45.0716],[147.5279,45.0708],[147.5277,45.0708]]],[[[147.5313,45.0777],[147.5312,45.0782],[147.5314,45.0777],[147.5313,45.0777]]],[[[147.6603,45.0831],[147.6598,45.0839],[147.6604,45.083],[147.6603,45.0831]]],[[[147.5748,45.0925],[147.5753,45.093],[147.5755,45.0926],[147.5748,45.0925]]],[[[147.4947,45.1095],[147.4932,45.1094],[147.4949,45.1098],[147.4947,45.1095]]],[[[147.5207,45.1123],[147.5198,45.1131],[147.5203,45.1133],[147.5207,45.1123]]],[[[147.8118,44.9512],[147.8116,44.9511],[147.8116,44.9513],[147.8118,44.9512]]],[[[147.8266,44.9552],[147.8271,44.9551],[147.8265,44.955],[147.8266,44.9552]]],[[[147.825,44.9554],[147.8258,44.9551],[147.8248,44.9554],[147.825,44.9554]]],[[[147.8995,44.958],[147.8998,44.9577],[147.8993,44.9579],[147.8995,44.958]]],[[[147.9049,44.9597],[147.9051,44.9595],[147.9048,44.9596],[147.9049,44.9597]]],[[[147.9006,44.9604],[147.9004,44.9605],[147.9006,44.9605],[147.9006,44.9604]]],[[[147.9045,44.9606],[147.9046,44.9604],[147.9043,44.9604],[147.9045,44.9606]]],[[[147.8987,44.9607],[147.8985,44.9606],[147.8985,44.9607],[147.8987,44.9607]]],[[[147.9054,44.9609],[147.9049,44.9605],[147.9048,44.9607],[147.9054,44.9609]]],[[[147.9003,44.9607],[147.9001,44.9607],[147.9003,44.9608],[147.9003,44.9607]]],[[[147.8787,44.9613],[147.8786,44.9611],[147.8784,44.9612],[147.8787,44.9613]]],[[[147.9061,44.9612],[147.906,44.9613],[147.9061,44.9612],[147.9061,44.9612]]],[[[147.8798,44.9614],[147.8799,44.9612],[147.8798,44.9613],[147.8798,44.9614]]],[[[147.9057,44.9616],[147.9056,44.9615],[147.9056,44.9615],[147.9057,44.9616]]],[[[147.8802,44.9617],[147.8802,44.9618],[147.8802,44.9618],[147.8802,44.9617]]],[[[147.9072,44.9618],[147.907,44.9619],[147.9072,44.9619],[147.9072,44.9618]]],[[[147.8788,44.9619],[147.8791,44.9618],[147.8787,44.9618],[147.8788,44.9619]]],[[[147.9104,44.962],[147.9108,44.9621],[147.9108,44.962],[147.9104,44.962]]],[[[147.8809,44.9622],[147.8809,44.9619],[147.8807,44.962],[147.8809,44.9622]]],[[[147.9095,44.9629],[147.9096,44.9628],[147.9094,44.9629],[147.9095,44.9629]]],[[[147.9103,44.9628],[147.9103,44.963],[147.9104,44.9628],[147.9103,44.9628]]],[[[147.9104,44.964],[147.9116,44.9647],[147.9103,44.9636],[147.9104,44.964]]],[[[147.8688,44.9649],[147.8685,44.9646],[147.8686,44.9649],[147.8688,44.9649]]],[[[147.8676,44.965],[147.8674,44.9653],[147.8677,44.9652],[147.8676,44.965]]],[[[147.8699,44.965],[147.8703,44.9652],[147.8702,44.9651],[147.8699,44.965]]],[[[147.8689,44.9652],[147.8682,44.9652],[147.8682,44.9653],[147.8689,44.9652]]],[[[147.8867,44.9653],[147.8872,44.9657],[147.8875,44.9656],[147.8867,44.9653]]],[[[147.9114,44.9705],[147.9111,44.97],[147.911,44.9705],[147.9114,44.9705]]],[[[147.9128,44.971],[147.9127,44.9714],[147.9131,44.9712],[147.9128,44.971]]]]}},{"type":"Feature","properties":{"id":"01699","name":"紗那村","pref":"北海道"},"geometry":{"type":"MultiPolygon","coordinates":[[[[147.9207,44.9683],[147.9216,44.9688],[147.922,44.9684],[147.9207,44.9683]]],[[[147.9188,44.9693],[147.9189,44.9688],[147.9186,44.969],[147.9188,44.9693]]],[[[147.922,44.9728],[147.9217,44.9726],[147.9217,44.9728],[147.922,44.9728]]],[[[147.9464,44.9905],[147.9464,44.9904],[147.9463,44.9904],[147.9464,44.9905]]],[[[147.9464,44.9908],[147.9464,44.9906],[147.9463,44.9907],[147.9464,44.9908]]],[[[147.7801,45.2091],[147.7806,45.2086],[147.7799,45.209],[147.7801,45.2091]]],[[[147.7906,45.2092],[147.7908,45.2089],[147.7905,45.2088],[147.7906,45.2092]]],[[[147.868,45.2623],[147.8683,45.2624],[147.8684,45.2623],[147.868,45.2623]]],[[[147.8666,45.2813],[147.8668,45.2815],[147.8668,45.2812],[147.8666,45.2813]]],[[[147.8661,45.3036],[147.8665,45.3034],[147.8661,45.3035],[147.8661,45.3036]]],[[[147.8528,45.3567],[147.8527,45.3569],[147.8529,45.3568],[147.8528,45.3567]]],[[[147.8526,45.3576],[147.8529,45.3574],[147.8525,45.3575],[147.8526,45.3576]]],[[[147.8504,45.3605],[147.8506,45.3603],[147.8503,45.3604],[147.8504,45.3605]]],[[[147.85,45.3611],[147.8498,45.3609],[147.8497,45.361],[147.85,45.3611]]],[[[147.8492,45.3624],[147.8492,45.3623],[147.8491,45.3623],[147.8492,45.3624]]],[[[147.8482,45.3637],[147.8483,45.3637],[147.8481,45.3637],[147.8482,45.3637]]],[[[147.8493,45.3673],[147.8488,45.3673],[147.8487,45.3676],[147.8493,45.3673]]],[[[147.8488,45.3684],[147.8487,45.3677],[147.8485,45.3682],[147.8488,45.3684]]],[[[147.8501,45.3693],[147.8509,45.3697],[147.8512,45.3692],[147.8501,45.3693]]],[[[147.8509,45.371],[147.851,45.3708],[147.8508,45.371],[147.8509,45.371]]],[[[147.8513,45.3711],[147.8513,45.3713],[147.8514,45.3712],[147.8513,45.3711]]],[[[147.8497,45.3719],[147.8496,45.3717],[147.8495,45.3719],[147.8497,45.3719]]],[[[147.8518,45.3721],[147.8514,45.3721],[147.8513,45.3721],[147.8518,45.3721]]],[[[147.8605,45.3845],[147.8601,45.3848],[147.8607,45.3846],[147.8605,45.3845]]],[[[147.8615,45.3857],[147.8616,45.3854],[147.8614,45.3856],[147.8615,45.3857]]],[[[147.8625,45.3858],[147.8625,45.3856],[147.8624,45.3857],[147.8625,45.3858]]],[[[147.8624,45.3861],[147.8622,45.3861],[147.8622,45.3861],[147.8624,45.3861]]],[[[147.8623,45.3867],[147.8626,45.3864],[147.8621,45.3867],[147.8623,45.3867]]],[[[147.861,45.3871],[147.8615,45.3872],[147.8615,45.387],[147.861,45.3871]]],[[[147.8629,45.3872],[147.8625,45.3872],[147.8625,45.3872],[147.8629,45.3872]]],[[[147.8606,45.3874],[147.8609,45.3874],[147.8609,45.3873],[147.8606,45.3874]]],[[[147.9471,44.9908],[147.9469,44.9907],[147.9469,44.9907],[147.9471,44.9908]]],[[[147.9482,44.9908],[147.9482,44.9909],[147.9483,44.9908],[147.9482,44.9908]]],[[[147.9472,44.991],[147.9475,44.9909],[147.9473,44.9908],[147.9472,44.991]]],[[[147.9484,44.9913],[147.9482,44.9916],[147.9487,44.9915],[147.9484,44.9913]]],[[[147.9488,44.9918],[147.9482,44.9919],[147.9482,44.992],[147.9488,44.9918]]],[[[147.9486,44.9926],[147.9483,44.9925],[147.9484,44.9926],[147.9486,44.9926]]],[[[147.9483,44.9926],[147.9481,44.9927],[147.9481,44.9928],[147.9483,44.9926]]],[[[147.9484,44.9931],[147.9483,44.9932],[147.9484,44.9932],[147.9484,44.9931]]],[[[147.951,44.9938],[147.9514,44.9934],[147.951,44.9937],[147.951,44.9938]]],[[[147.9503,44.9943],[147.9503,44.9936],[147.9501,44.9944],[147.9503,44.9943]]],[[[147.9492,44.9941],[147.9494,44.9941],[147.9494,44.994],[147.9492,44.9941]]],[[[147.951,44.994],[147.951,44.9943],[147.9511,44.9942],[147.951,44.994]]],[[[147.951,44.9948],[147.9517,44.9947],[147.9518,44.9944],[147.951,44.9948]]],[[[147.9551,44.9957],[147.9556,44.9959],[147.9559,44.9956],[147.9551,44.9957]]],[[[147.9573,44.9961],[147.9564,44.9969],[147.9575,44.9962],[147.9573,44.9961]]],[[[147.9665,44.9996],[147.9663,44.9999],[147.9666,44.9997],[147.9665,44.9996]]],[[[147.9795,45.0011],[147.9795,45.001],[147.9794,45.001],[147.9795,45.0011]]],[[[147.9786,45.0012],[147.9787,45.0014],[147.9788,45.0012],[147.9786,45.0012]]],[[[147.9792,45.0012],[147.9793,45.0016],[147.9796,45.0016],[147.9792,45.0012]]],[[[147.9846,45.0033],[147.9848,45.0036],[147.9852,45.0036],[147.9846,45.0033]]],[[[147.9854,45.0036],[147.9846,45.0041],[147.9855,45.0038],[147.9854,45.0036]]],[[[147.9848,45.0045],[147.9851,45.0046],[147.9852,45.0045],[147.9848,45.0045]]],[[[147.9866,45.008],[147.9868,45.0081],[147.9868,45.008],[147.9866,45.008]]],[[[147.9755,45.3892],[147.9755,45.3891],[147.9754,45.3891],[147.9755,45.3892]]],[[[147.9673,45.398],[147.9669,45.3979],[147.9673,45.3981],[147.9673,45.398]]],[[[147.9645,45.4014],[147.9642,45.4014],[147.9645,45.4014],[147.9645,45.4014]]],[[[147.9648,45.4021],[147.9645,45.4019],[147.9645,45.402],[147.9648,45.4021]]],[[[147.9646,45.4099],[147.9642,45.4096],[147.9645,45.4099],[147.9646,45.4099]]],[[[147.9634,45.4111],[147.9635,45.4108],[147.9634,45.4108],[147.9634,45.4111]]],[[[147.9633,45.4119],[147.9634,45.4127],[147.9637,45.4121],[147.9633,45.4119]]],[[[147.9629,45.4145],[147.9629,45.4146],[147.963,45.4146],[147.9629,45.4145]]],[[[147.9867,45.0071],[147.9869,45.0076],[147.9869,45.0071],[147.9867,45.0071]]],[[[147.9931,45.0137],[147.9921,45.0137],[147.992,45.014],[147.9931,45.0137]]],[[[147.993,45.0144],[147.9932,45.0148],[147.9936,45.0146],[147.993,45.0144]]],[[[148.0002,45.0208],[148.0001,45.0208],[148.0,45.0209],[148.0002,45.0208]]],[[[147.9985,45.0212],[147.9986,45.0214],[147.9988,45.0212],[147.9985,45.0212]]],[[[148.006,45.0277],[148.0064,45.0276],[148.0064,45.0275],[148.006,45.0277]]],[[[148.0069,45.0278],[148.0072,45.0278],[148.0072,45.0278],[148.0069,45.0278]]],[[[148.0084,45.0282],[148.0081,45.0282],[148.0081,45.0282],[148.0084,45.0282]]],[[[148.0071,45.0282],[148.0051,45.0283],[148.0071,45.029],[148.0071,45.0282]]],[[[148.0078,45.0288],[148.0077,45.0287],[148.0076,45.0288],[148.0078,45.0288]]],[[[148.0073,45.0291],[148.0076,45.0294],[148.0077,45.0291],[148.0073,45.0291]]],[[[148.0074,45.0301],[148.0082,45.0301],[148.0083,45.03],[148.0074,45.0301]]],[[[148.0097,45.031],[148.0095,45.0309],[148.0095,45.031],[148.0097,45.031]]],[[[148.0084,45.0313],[148.0087,45.031],[148.0083,45.0311],[148.0084,45.0313]]],[[[148.0084,45.0316],[148.0091,45.0314],[148.0091,45.0311],[148.0084,45.0316]]],[[[148.0085,45.0323],[148.0086,45.0318],[148.0082,45.0323],[148.0085,45.0323]]],[[[148.022,45.0461],[148.0216,45.0459],[148.0219,45.0461],[148.022,45.0461]]],[[[148.0225,45.0463],[148.0223,45.0464],[148.0226,45.0465],[148.0225,45.0463]]],[[[148.0269,45.0471],[148.0269,45.0474],[148.0272,45.0473],[148.0269,45.0471]]],[[[148.0302,45.0534],[148.0304,45.0535],[148.0305,45.0533],[148.0302,45.0534]]],[[[148.0305,45.0539],[148.03,45.0539],[148.03,45.054],[148.0305,45.0539]]],[[[148.0036,45.318],[148.0038,45.3183],[148.0039,45.3183],[148.0036,45.318]]],[[[148.003,45.3189],[148.0031,45.3194],[148.0034,45.3191],[148.003,45.3189]]],[[[148.0055,45.3352],[148.0057,45.3351],[148.0053,45.335],[148.0055,45.3352]]],[[[148.0022,45.3375],[148.0022,45.3374],[148.0019,45.3376],[148.0022,45.3375]]],[[[148.0011,45.3378],[148.0012,45.3377],[148.001,45.3377],[148.0011,45.3378]]],[[[148.0015,45.338],[148.002,45.3382],[148.0021,45.3382],[148.0015,45.338]]],[[[148.0029,45.3383],[148.0028,45.3382],[148.0027,45.3382],[148.0029,45.3383]]],[[[148.001,45.3401],[148.0018,45.3402],[148.0009,45.3399],[148.001,45.3401]]],[[[148.0021,45.3403],[148.0024,45.3405],[148.0024,45.3404],[148.0021,45.3403]]],[[[147.995,45.3435],[147.995,45.3434],[147.9949,45.3434],[147.995,45.3435]]],[[[148.0327,45.0572],[148.0328,45.0573],[148.0329,45.0572],[148.0327,45.0572]]],[[[148.0326,45.0576],[148.0325,45.0575],[148.0324,45.0576],[148.0326,45.0576]]],[[[148.0338,45.0578],[148.0342,45.0577],[148.0336,45.0575],[148.0338,45.0578]]],[[[148.0539,45.0661],[148.0542,45.0663],[148.0542,45.066],[148.0539,45.0661]]],[[[148.0548,45.0666],[148.0544,45.0666],[148.0544,45.0667],[148.0548,45.0666]]],[[[148.0555,45.0689],[148.0558,45.0686],[148.0554,45.0688],[148.0555,45.0689]]],[[[148.0556,45.0694],[148.0559,45.0692],[148.0556,45.0691],[148.0556,45.0694]]],[[[148.1359,45.1225],[148.1364,45.12],[148.1344,45.1211],[148.1359,45.1225]]],[[[148.1347,45.122],[148.1346,45.1224],[148.1348,45.1224],[148.1347,45.122]]],[[[148.1343,45.1231],[148.1352,45.124],[148.1357,45.1239],[148.1343,45.1231]]],[[[148.1317,45.1247],[148.1307,45.1242],[148.1302,45.1244],[148.1317,45.1247]]],[[[148.1322,45.126],[148.1328,45.1257],[148.1328,45.1257],[148.1322,45.126]]],[[[148.1982,45.154],[148.1991,45.1538],[148.1981,45.1536],[148.1982,45.154]]],[[[148.1996,45.1543],[148.1999,45.154],[148.1997,45.154],[148.1996,45.1543]]],[[[148.2647,45.1889],[148.2649,45.1892],[148.2649,45.1889],[148.2647,45.1889]]],[[[148.2703,45.1919],[148.2706,45.1923],[148.2708,45.1922],[148.2703,45.1919]]],[[[148.2709,45.1927],[148.271,45.1929],[148.2712,45.1928],[148.2709,45.1927]]],[[[148.2717,45.1934],[148.2712,45.1935],[148.2717,45.1937],[148.2717,45.1934]]],[[[147.917,45.0286],[147.7213,45.1735],[147.7348,45.1937],[147.7665,45.1951],[147.7794,45.209],[147.7844,45.2074],[147.7907,45.2087],[147.7912,45.2068],[147.8257,45.2176],[147.8424,45.207],[147.8698,45.2242],[147.868,45.2343],[147.8817,45.256],[147.8664,45.2644],[147.872,45.2973],[147.8683,45.3033],[147.8606,45.3074],[147.8555,45.3539],[147.8489,45.3658],[147.8716,45.3955],[147.8762,45.406],[147.9135,45.4342],[147.9255,45.438],[147.9648,45.4202],[147.9617,45.4158],[147.9637,45.401],[147.9755,45.3884],[147.9691,45.3832],[147.9783,45.3605],[147.9897,45.3451],[148.0048,45.3352],[147.9951,45.3302],[148.0086,45.2905],[148.0385,45.2664],[148.0904,45.2574],[148.1635,45.2584],[148.2214,45.2642],[148.274,45.2723],[148.3427,45.2911],[148.3482,45.2872],[148.3507,45.2308],[148.366,45.2273],[148.3217,45.2218],[148.3017,45.2149],[148.2785,45.2017],[148.2804,45.196],[148.2729,45.195],[148.2641,45.1893],[148.2663,45.185],[148.2402,45.1839],[148.1993,45.158],[148.1933,45.1493],[148.1674,45.1468],[148.0996,45.1126],[148.0669,45.0863],[148.0619,45.0733],[148.0554,45.0715],[148.055,45.067],[148.0294,45.0565],[148.0264,45.0479],[148.0191,45.0457],[148.0085,45.0358],[148.0069,45.0294],[147.9993,45.0257],[147.9948,45.0166],[147.9876,45.0118],[147.984,45.0042],[147.9587,44.9984],[147.9348,44.9883],[147.9186,44.9697],[147.917,45.0286]]],[[[148.3306,45.2189],[148.3306,45.2181],[148.3299,45.2183],[148.3306,45.2189]]],[[[148.3349,45.2187],[148.3357,45.2183],[148.3348,45.2185],[148.3349,45.2187]]],[[[148.338,45.2202],[148.338,45.2199],[148.3379,45.2202],[148.338,45.2202]]],[[[148.3375,45.22],[148.3376,45.2202],[148.3377,45.2201],[148.3375,45.22]]],[[[148.3368,45.2221],[148.3376,45.2217],[148.3367,45.2218],[148.3368,45.2221]]],[[[148.3369,45.2224],[148.3365,45.2221],[148.3365,45.2222],[148.3369,45.2224]]],[[[148.1444,45.262],[148.1451,45.2616],[148.1443,45.2618],[148.1444,45.262]]],[[[148.2119,45.2638],[148.2117,45.2641],[148.212,45.2641],[148.2119,45.2638]]],[[[148.0306,45.2824],[148.0305,45.2825],[148.0307,45.2825],[148.0306,45.2824]]]]}},{"type":"Feature","properties":{"id":"01700","name":"蘂取村","pref":"北海道"},"geometry":{"type":"MultiPolygon","coordinates":[[[[148.377,45.2263],[148.3767,45.2264],[148.3769,45.2265],[148.377,45.2263]]],[[[148.3762,45.2267],[148.376,45.2266],[148.3759,45.2267],[148.3762,45.2267]]],[[[148.3724,45.2268],[148.3726,45.2268],[148.3723,45.2268],[148.3724,45.2268]]],[[[148.376,45.2269],[148.3758,45.2269],[148.3757,45.2271],[148.376,45.2269]]],[[[148.3867,45.2303],[148.3877,45.2303],[148.3866,45.23],[148.3867,45.2303]]],[[[148.394,45.2321],[148.3943,45.2322],[148.3942,45.2321],[148.394,45.2321]]],[[[148.3955,45.2323],[148.3954,45.2321],[148.3954,45.2322],[148.3955,45.2323]]],[[[148.3948,45.2323],[148.3948,45.2324],[148.3949,45.2323],[148.3948,45.2323]]],[[[148.4002,45.2325],[148.4004,45.2324],[148.4002,45.2325],[148.4002,45.2325]]],[[[148.3957,45.233],[148.3959,45.2329],[148.3958,45.2329],[148.3957,45.233]]],[[[148.4073,45.2355],[148.4077,45.2352],[148.4072,45.2354],[148.4073,45.2355]]],[[[148.4134,45.2367],[148.4135,45.2373],[148.4137,45.237],[148.4134,45.2367]]],[[[148.414,45.2377],[148.4142,45.238],[148.4144,45.2378],[148.414,45.2377]]],[[[148.4125,45.2384],[148.413,45.2385],[148.4126,45.2382],[148.4125,45.2384]]],[[[148.4132,45.2386],[148.4131,45.2388],[148.4133,45.2387],[148.4132,45.2386]]],[[[148.4132,45.2396],[148.4133,45.2393],[148.4131,45.2396],[148.4132,45.2396]]],[[[148.4179,45.2411],[148.4179,45.2409],[148.4178,45.241],[148.4179,45.2411]]],[[[148.4162,45.2411],[148.4164,45.2411],[148.4164,45.2411],[148.4162,45.2411]]],[[[148.4153,45.2413],[148.4149,45.2412],[148.4149,45.2413],[148.4153,45.2413]]],[[[148.416,45.2416],[148.4162,45.2416],[148.4162,45.2416],[148.416,45.2416]]],[[[148.3392,45.2925],[148.3391,45.2923],[148.3391,45.2925],[148.3392,45.2925]]],[[[148.3415,45.2944],[148.3416,45.2945],[148.3417,45.2944],[148.3415,45.2944]]],[[[148.3415,45.295],[148.3418,45.2949],[148.3418,45.2949],[148.3415,45.295]]],[[[148.3416,45.2952],[148.3415,45.2952],[148.3416,45.2952],[148.3416,45.2952]]],[[[148.3412,45.2954],[148.3414,45.2955],[148.3412,45.2954],[148.3412,45.2954]]],[[[148.3412,45.296],[148.3413,45.2961],[148.3414,45.2961],[148.3412,45.296]]],[[[148.3407,45.2964],[148.3411,45.2964],[148.3413,45.2962],[148.3407,45.2964]]],[[[148.3418,45.2964],[148.3418,45.2965],[148.342,45.2964],[148.3418,45.2964]]],[[[148.3432,45.2993],[148.343,45.2995],[148.3433,45.2995],[148.3432,45.2993]]],[[[148.343,45.3001],[148.343,45.3],[148.3428,45.3001],[148.343,45.3001]]],[[[148.3425,45.3005],[148.3425,45.3006],[148.3426,45.3006],[148.3425,45.3005]]],[[[148.3445,45.3004],[148.3424,45.3007],[148.3423,45.3008],[148.3445,45.3004]]],[[[148.345,45.3008],[148.3459,45.3008],[148.345,45.3007],[148.345,45.3008]]],[[[148.34,45.3009],[148.3402,45.3006],[148.3398,45.3008],[148.34,45.3009]]],[[[148.3514,45.3026],[148.3512,45.3028],[148.3514,45.3029],[148.3514,45.3026]]],[[[148.3514,45.3036],[148.3512,45.3034],[148.3512,45.3035],[148.3514,45.3036]]],[[[148.3608,45.3122],[148.3608,45.3127],[148.361,45.3127],[148.3608,45.3122]]],[[[148.3698,45.3156],[148.3703,45.3158],[148.3703,45.3154],[148.3698,45.3156]]],[[[148.3769,45.3164],[148.3773,45.3169],[148.3774,45.3164],[148.3769,45.3164]]],[[[148.4115,45.3285],[148.4114,45.3287],[148.4116,45.3287],[148.4115,45.3285]]],[[[148.4109,45.3301],[148.4104,45.3303],[148.4112,45.3304],[148.4109,45.3301]]],[[[148.4099,45.3307],[148.4096,45.3311],[148.4101,45.3307],[148.4099,45.3307]]],[[[148.4162,45.3336],[148.4162,45.3334],[148.4161,45.3335],[148.4162,45.3336]]],[[[148.4167,45.3338],[148.417,45.3337],[148.4167,45.3337],[148.4167,45.3338]]],[[[148.4159,45.3341],[148.4158,45.3339],[148.4157,45.3341],[148.4159,45.3341]]],[[[148.4133,45.3343],[148.414,45.3344],[148.4143,45.3339],[148.4133,45.3343]]],[[[148.4161,45.3345],[148.4162,45.3347],[148.4163,45.3345],[148.4161,45.3345]]],[[[148.4144,45.3348],[148.4147,45.3347],[148.4146,45.3343],[148.4144,45.3348]]],[[[148.4154,45.3355],[148.4152,45.3357],[148.4154,45.3356],[148.4154,45.3355]]],[[[148.4162,45.3372],[148.4162,45.337],[148.416,45.3372],[148.4162,45.3372]]],[[[148.4158,45.3375],[148.4158,45.3373],[148.4157,45.3374],[148.4158,45.3375]]],[[[148.4162,45.3378],[148.4161,45.3379],[148.4165,45.3379],[148.4162,45.3378]]],[[[148.4175,45.338],[148.4175,45.3378],[148.4175,45.3378],[148.4175,45.338]]],[[[148.4182,45.3384],[148.4184,45.3387],[148.4185,45.3385],[148.4182,45.3384]]],[[[148.429,45.2473],[148.429,45.2472],[148.4289,45.2472],[148.429,45.2473]]],[[[148.4289,45.2476],[148.4289,45.2475],[148.4288,45.2475],[148.4289,45.2476]]],[[[148.4297,45.2482],[148.4301,45.2478],[148.4296,45.2481],[148.4297,45.2482]]],[[[148.4569,45.2488],[148.4568,45.2493],[148.4572,45.2489],[148.4569,45.2488]]],[[[148.4588,45.2492],[148.4585,45.2492],[148.4588,45.2493],[148.4588,45.2492]]],[[[148.4599,45.2491],[148.4597,45.2493],[148.4599,45.2493],[148.4599,45.2491]]],[[[148.4606,45.2498],[148.4606,45.25],[148.4607,45.2499],[148.4606,45.2498]]],[[[148.462,45.2506],[148.462,45.2504],[148.4619,45.2505],[148.462,45.2506]]],[[[148.4622,45.2511],[148.4624,45.2507],[148.4621,45.251],[148.4622,45.2511]]],[[[148.4617,45.2509],[148.4616,45.251],[148.4617,45.251],[148.4617,45.2509]]],[[[148.4448,45.2509],[148.4452,45.2511],[148.4453,45.2509],[148.4448,45.2509]]],[[[148.4473,45.2512],[148.4474,45.2514],[148.4475,45.2513],[148.4473,45.2512]]],[[[148.4621,45.2517],[148.4619,45.2516],[148.4619,45.2517],[148.4621,45.2517]]],[[[148.4461,45.2519],[148.4462,45.2518],[148.446,45.2519],[148.4461,45.2519]]],[[[148.438,45.252],[148.4388,45.2521],[148.4389,45.2518],[148.438,45.252]]],[[[148.4395,45.2521],[148.4391,45.2524],[148.4394,45.2525],[148.4395,45.2521]]],[[[148.4697,45.2545],[148.4689,45.2538],[148.4684,45.2544],[148.4697,45.2545]]],[[[148.4649,45.2543],[148.465,45.2542],[148.4648,45.2542],[148.4649,45.2543]]],[[[148.4657,45.2544],[148.4661,45.2543],[148.4658,45.2542],[148.4657,45.2544]]],[[[148.4693,45.256],[148.4693,45.255],[148.469,45.2549],[148.4693,45.256]]],[[[148.4702,45.2567],[148.47,45.2565],[148.4699,45.2566],[148.4702,45.2567]]],[[[148.4729,45.2587],[148.4727,45.2591],[148.473,45.259],[148.4729,45.2587]]],[[[148.4198,45.3421],[148.4196,45.3418],[148.4196,45.3422],[148.4198,45.3421]]],[[[148.4296,45.3463],[148.4298,45.3468],[148.43,45.3466],[148.4296,45.3463]]],[[[148.4248,45.3469],[148.4249,45.3471],[148.425,45.347],[148.4248,45.3469]]],[[[148.429,45.3479],[148.4292,45.3481],[148.4294,45.3479],[148.429,45.3479]]],[[[148.45,45.3616],[148.4499,45.3613],[148.4498,45.3617],[148.45,45.3616]]],[[[148.4495,45.3618],[148.4494,45.3621],[148.4498,45.3619],[148.4495,45.3618]]],[[[148.4483,45.3623],[148.4485,45.3626],[148.4486,45.3623],[148.4483,45.3623]]],[[[148.4515,45.363],[148.4516,45.3631],[148.4517,45.363],[148.4515,45.363]]],[[[148.4499,45.3637],[148.4499,45.3636],[148.4499,45.3637],[148.4499,45.3637]]],[[[148.4498,45.3637],[148.4497,45.3638],[148.4498,45.3638],[148.4498,45.3637]]],[[[148.4498,45.3641],[148.4497,45.3639],[148.4496,45.364],[148.4498,45.3641]]],[[[148.4537,45.3674],[148.4535,45.3672],[148.4535,45.3674],[148.4537,45.3674]]],[[[148.4752,45.3839],[148.4748,45.3839],[148.4748,45.384],[148.4752,45.3839]]],[[[148.476,45.3839],[148.4763,45.3841],[148.4764,45.3841],[148.476,45.3839]]],[[[148.4713,45.4035],[148.4711,45.4038],[148.4714,45.4037],[148.4713,45.4035]]],[[[148.4714,45.4038],[148.4719,45.4039],[148.4719,45.4038],[148.4714,45.4038]]],[[[148.4743,45.4057],[148.4744,45.406],[148.4746,45.4059],[148.4743,45.4057]]],[[[148.474,45.4064],[148.4743,45.4064],[148.4742,45.4063],[148.474,45.4064]]],[[[148.4743,45.4086],[148.4747,45.4085],[148.4743,45.4083],[148.4743,45.4086]]],[[[148.4774,45.4088],[148.4779,45.4089],[148.4782,45.4086],[148.4774,45.4088]]],[[[148.4785,45.4089],[148.4786,45.4086],[148.4784,45.4088],[148.4785,45.4089]]],[[[148.4763,45.4088],[148.4763,45.4091],[148.4771,45.409],[148.4763,45.4088]]],[[[148.4793,45.4129],[148.4793,45.4135],[148.4798,45.4133],[148.4793,45.4129]]],[[[148.4781,45.4137],[148.4781,45.4135],[148.4779,45.4137],[148.4781,45.4137]]],[[[148.4812,45.4159],[148.4815,45.416],[148.4814,45.4158],[148.4812,45.4159]]],[[[148.4823,45.4169],[148.4822,45.4172],[148.4825,45.4171],[148.4823,45.4169]]],[[[148.483,45.4186],[148.483,45.419],[148.4833,45.4188],[148.483,45.4186]]],[[[148.4835,45.419],[148.4835,45.4189],[148.4835,45.419],[148.4835,45.419]]],[[[148.4851,45.4197],[148.4853,45.4198],[148.4853,45.4197],[148.4851,45.4197]]],[[[148.4842,45.4196],[148.4845,45.4199],[148.4843,45.4196],[148.4842,45.4196]]],[[[148.4855,45.4199],[148.4857,45.4202],[148.4857,45.4199],[148.4855,45.4199]]],[[[148.4868,45.4225],[148.4872,45.4221],[148.4867,45.4223],[148.4868,45.4225]]],[[[148.4963,45.2485],[148.4957,45.2488],[148.4964,45.2488],[148.4963,45.2485]]],[[[148.4952,45.2499],[148.4952,45.2497],[148.4951,45.2498],[148.4952,45.2499]]],[[[148.496,45.2508],[148.4958,45.2503],[148.4952,45.2506],[148.496,45.2508]]],[[[148.495,45.2525],[148.4949,45.2527],[148.4952,45.2526],[148.495,45.2525]]],[[[148.4933,45.2531],[148.4929,45.2525],[148.4926,45.253],[148.4933,45.2531]]],[[[148.4918,45.2533],[148.4928,45.2548],[148.4927,45.2534],[148.4918,45.2533]]],[[[148.4935,45.2546],[148.494,45.2537],[148.4932,45.2539],[148.4935,45.2546]]],[[[148.4933,45.2548],[148.493,45.255],[148.4934,45.255],[148.4933,45.2548]]],[[[148.5015,45.2556],[148.5013,45.256],[148.5017,45.2557],[148.5015,45.2556]]],[[[148.4915,45.2562],[148.4917,45.2558],[148.4913,45.2559],[148.4915,45.2562]]],[[[148.502,45.257],[148.502,45.2567],[148.5014,45.2568],[148.502,45.257]]],[[[148.4949,45.2572],[148.4945,45.257],[148.4945,45.2572],[148.4949,45.2572]]],[[[148.4956,45.2576],[148.4967,45.2568],[148.4952,45.2574],[148.4956,45.2576]]],[[[148.5068,45.259],[148.5056,45.259],[148.5053,45.2593],[148.5068,45.259]]],[[[148.5024,45.2601],[148.5022,45.2602],[148.5024,45.2603],[148.5024,45.2601]]],[[[148.503,45.2608],[148.5028,45.2611],[148.5036,45.2609],[148.503,45.2608]]],[[[148.5035,45.2616],[148.5038,45.2616],[148.5039,45.2615],[148.5035,45.2616]]],[[[148.5137,45.2772],[148.5135,45.2775],[148.5139,45.2772],[148.5137,45.2772]]],[[[148.5146,45.2779],[148.5151,45.2782],[148.5147,45.2777],[148.5146,45.2779]]],[[[148.5153,45.2782],[148.5155,45.2781],[148.5155,45.278],[148.5153,45.2782]]],[[[148.5154,45.2789],[148.5162,45.2787],[148.5151,45.2784],[148.5154,45.2789]]],[[[148.5293,45.2854],[148.5286,45.2854],[148.5286,45.2856],[148.5293,45.2854]]],[[[148.5255,45.2855],[148.5255,45.2857],[148.5256,45.2856],[148.5255,45.2855]]],[[[148.5266,45.2862],[148.5263,45.2861],[148.5265,45.2863],[148.5266,45.2862]]],[[[148.5282,45.2879],[148.5285,45.2878],[148.5284,45.2877],[148.5282,45.2879]]],[[[148.5304,45.2893],[148.53,45.2896],[148.5305,45.2893],[148.5304,45.2893]]],[[[148.5317,45.2912],[148.5315,45.2911],[148.5316,45.2912],[148.5317,45.2912]]],[[[148.5309,45.2911],[148.5311,45.2912],[148.531,45.2911],[148.5309,45.2911]]],[[[148.532,45.2921],[148.5322,45.292],[148.5317,45.292],[148.532,45.2921]]],[[[148.534,45.2927],[148.5347,45.2927],[148.5349,45.2925],[148.534,45.2927]]],[[[148.5437,45.2935],[148.5438,45.2938],[148.544,45.2935],[148.5437,45.2935]]],[[[148.5384,45.2939],[148.5388,45.2936],[148.5382,45.2936],[148.5384,45.2939]]],[[[148.538,45.2939],[148.538,45.2941],[148.5381,45.294],[148.538,45.2939]]],[[[148.5395,45.2947],[148.5393,45.2946],[148.5392,45.2947],[148.5395,45.2947]]],[[[148.5434,45.2952],[148.5437,45.2949],[148.5434,45.2948],[148.5434,45.2952]]],[[[148.5448,45.2955],[148.545,45.2958],[148.5452,45.2957],[148.5448,45.2955]]],[[[148.5482,45.2988],[148.5484,45.2987],[148.548,45.2988],[148.5482,45.2988]]],[[[148.4904,45.4218],[148.4905,45.4221],[148.4906,45.4218],[148.4904,45.4218]]],[[[148.4928,45.4217],[148.4926,45.4218],[148.4922,45.4228],[148.4928,45.4217]]],[[[148.4962,45.4222],[148.4963,45.4221],[148.496,45.4222],[148.4962,45.4222]]],[[[148.4908,45.4223],[148.4912,45.4226],[148.4911,45.4222],[148.4908,45.4223]]],[[[148.4965,45.4256],[148.4966,45.4253],[148.4964,45.4254],[148.4965,45.4256]]],[[[148.4992,45.4253],[148.4993,45.4256],[148.4994,45.4255],[148.4992,45.4253]]],[[[148.5004,45.4278],[148.5003,45.4282],[148.5005,45.4281],[148.5004,45.4278]]],[[[148.5164,45.4424],[148.5168,45.4422],[148.5163,45.4423],[148.5164,45.4424]]],[[[148.5172,45.4423],[148.5168,45.4427],[148.5173,45.4423],[148.5172,45.4423]]],[[[148.5166,45.4452],[148.5166,45.445],[148.5165,45.4451],[148.5166,45.4452]]],[[[148.5331,45.4498],[148.5334,45.4499],[148.5333,45.4498],[148.5331,45.4498]]],[[[148.5317,45.4505],[148.5318,45.4508],[148.5321,45.4507],[148.5317,45.4505]]],[[[148.5359,45.4513],[148.5369,45.4504],[148.5358,45.4512],[148.5359,45.4513]]],[[[148.5416,45.4523],[148.5404,45.4525],[148.5418,45.4524],[148.5416,45.4523]]],[[[148.5479,45.4551],[148.5475,45.4555],[148.548,45.4552],[148.5479,45.4551]]],[[[148.546,45.4563],[148.5465,45.4564],[148.5466,45.4563],[148.546,45.4563]]],[[[148.5459,45.4565],[148.5458,45.4568],[148.5461,45.4567],[148.5459,45.4565]]],[[[148.5495,45.2986],[148.5493,45.2988],[148.5496,45.2986],[148.5495,45.2986]]],[[[148.5499,45.2992],[148.5499,45.299],[148.5498,45.2991],[148.5499,45.2992]]],[[[148.5505,45.2993],[148.5505,45.2992],[148.5503,45.2993],[148.5505,45.2993]]],[[[148.5531,45.3009],[148.553,45.3007],[148.5528,45.3008],[148.5531,45.3009]]],[[[148.5533,45.3015],[148.5531,45.302],[148.5535,45.3015],[148.5533,45.3015]]],[[[148.5549,45.3018],[148.5545,45.3025],[148.5553,45.302],[148.5549,45.3018]]],[[[148.554,45.3023],[148.5542,45.3023],[148.5541,45.3022],[148.554,45.3023]]],[[[148.5573,45.3035],[148.5573,45.3033],[148.5572,45.3035],[148.5573,45.3035]]],[[[148.5542,45.3035],[148.5541,45.3034],[148.554,45.3035],[148.5542,45.3035]]],[[[148.5571,45.3036],[148.5571,45.3038],[148.5572,45.3037],[148.5571,45.3036]]],[[[148.5586,45.3042],[148.5608,45.3039],[148.5584,45.3036],[148.5586,45.3042]]],[[[148.554,45.304],[148.554,45.3038],[148.5538,45.304],[148.554,45.304]]],[[[148.5565,45.3039],[148.5567,45.304],[148.5567,45.3039],[148.5565,45.3039]]],[[[148.5575,45.304],[148.5575,45.3044],[148.5576,45.304],[148.5575,45.304]]],[[[148.5556,45.3046],[148.5559,45.3049],[148.556,45.3047],[148.5556,45.3046]]],[[[148.56,45.3053],[148.5592,45.3056],[148.5602,45.3053],[148.56,45.3053]]],[[[148.5607,45.3062],[148.5609,45.3064],[148.5611,45.3063],[148.5607,45.3062]]],[[[148.5614,45.3074],[148.5614,45.3077],[148.5618,45.3076],[148.5614,45.3074]]],[[[148.5638,45.3101],[148.5637,45.3094],[148.5635,45.3101],[148.5638,45.3101]]],[[[148.5676,45.3107],[148.5679,45.3109],[148.5681,45.3107],[148.5676,45.3107]]],[[[148.567,45.3109],[148.5674,45.3108],[148.5675,45.3108],[148.567,45.3109]]],[[[148.5666,45.3114],[148.5665,45.3113],[148.5664,45.3114],[148.5666,45.3114]]],[[[148.5669,45.3114],[148.5665,45.3117],[148.5671,45.3115],[148.5669,45.3114]]],[[[148.5644,45.3117],[148.565,45.3116],[148.5651,45.3116],[148.5644,45.3117]]],[[[148.5821,45.3169],[148.5818,45.3165],[148.5818,45.317],[148.5821,45.3169]]],[[[148.5919,45.3172],[148.5918,45.3171],[148.5916,45.3172],[148.5919,45.3172]]],[[[148.5937,45.317],[148.5931,45.3173],[148.5931,45.3174],[148.5937,45.317]]],[[[148.594,45.3176],[148.5941,45.3175],[148.5938,45.3175],[148.594,45.3176]]],[[[148.5934,45.3178],[148.5932,45.3177],[148.5931,45.3178],[148.5934,45.3178]]],[[[148.5949,45.3178],[148.5949,45.3179],[148.595,45.3178],[148.5949,45.3178]]],[[[148.5952,45.318],[148.5952,45.3178],[148.5951,45.3179],[148.5952,45.318]]],[[[148.5484,45.4548],[148.5484,45.455],[148.5488,45.4548],[148.5484,45.4548]]],[[[148.5491,45.4564],[148.5486,45.4566],[148.5492,45.4565],[148.5491,45.4564]]],[[[148.568,45.4762],[148.5684,45.4759],[148.568,45.4762],[148.568,45.4762]]],[[[148.5708,45.4814],[148.5711,45.4812],[148.5707,45.4812],[148.5708,45.4814]]],[[[148.5719,45.4814],[148.5723,45.4813],[148.5718,45.4813],[148.5719,45.4814]]],[[[148.5702,45.4815],[148.5705,45.4815],[148.5706,45.4814],[148.5702,45.4815]]],[[[148.572,45.4816],[148.5717,45.4816],[148.572,45.4816],[148.572,45.4816]]],[[[148.5696,45.4841],[148.5699,45.4839],[148.5696,45.4839],[148.5696,45.4841]]],[[[148.5702,45.4839],[148.5701,45.4843],[148.5703,45.4839],[148.5702,45.4839]]],[[[148.5713,45.4848],[148.5705,45.4845],[148.5705,45.4847],[148.5713,45.4848]]],[[[148.5695,45.4852],[148.5698,45.4849],[148.5695,45.4848],[148.5695,45.4852]]],[[[148.5706,45.4849],[148.5708,45.4851],[148.5708,45.4849],[148.5706,45.4849]]],[[[148.5701,45.4853],[148.5702,45.4851],[148.57,45.4852],[148.5701,45.4853]]],[[[148.5737,45.4875],[148.5736,45.4873],[148.5736,45.4874],[148.5737,45.4875]]],[[[148.5743,45.4878],[148.5743,45.4879],[148.5744,45.4879],[148.5743,45.4878]]],[[[148.5736,45.4881],[148.5741,45.4884],[148.5738,45.4879],[148.5736,45.4881]]],[[[148.5781,45.4905],[148.5781,45.4908],[148.5783,45.4907],[148.5781,45.4905]]],[[[148.5783,45.4922],[148.5786,45.4914],[148.5772,45.4915],[148.5783,45.4922]]],[[[148.5842,45.4928],[148.5841,45.493],[148.5842,45.4929],[148.5842,45.4928]]],[[[148.5852,45.493],[148.5854,45.4929],[148.5852,45.4929],[148.5852,45.493]]],[[[148.5923,45.4932],[148.5921,45.4931],[148.5921,45.4932],[148.5923,45.4932]]],[[[148.5928,45.4936],[148.5925,45.4936],[148.5925,45.4937],[148.5928,45.4936]]],[[[148.5941,45.4937],[148.5943,45.4936],[148.5941,45.4937],[148.5941,45.4937]]],[[[148.5986,45.3202],[148.5985,45.3195],[148.5981,45.3202],[148.5986,45.3202]]],[[[148.6011,45.3201],[148.6008,45.3198],[148.6006,45.3201],[148.6011,45.3201]]],[[[148.6006,45.3204],[148.6007,45.3205],[148.6007,45.3205],[148.6006,45.3204]]],[[[148.6025,45.3206],[148.6023,45.3207],[148.6025,45.3208],[148.6025,45.3206]]],[[[148.6003,45.3207],[148.6003,45.3206],[148.6002,45.3206],[148.6003,45.3207]]],[[[148.6051,45.3209],[148.6048,45.3207],[148.6047,45.3209],[148.6051,45.3209]]],[[[148.6006,45.3207],[148.6008,45.321],[148.6009,45.321],[148.6006,45.3207]]],[[[148.6123,45.324],[148.6121,45.3238],[148.612,45.3239],[148.6123,45.324]]],[[[148.6136,45.3246],[148.6132,45.3245],[148.6135,45.3247],[148.6136,45.3246]]],[[[148.6147,45.3259],[148.615,45.3255],[148.6146,45.3257],[148.6147,45.3259]]],[[[148.6152,45.3262],[148.6152,45.3259],[148.615,45.3261],[148.6152,45.3262]]],[[[148.6185,45.3262],[148.6181,45.326],[148.6181,45.3263],[148.6185,45.3262]]],[[[148.6167,45.3265],[148.6166,45.3262],[148.6166,45.3265],[148.6167,45.3265]]],[[[148.6197,45.3265],[148.6203,45.3263],[148.6195,45.3264],[148.6197,45.3265]]],[[[148.618,45.3266],[148.6184,45.3269],[148.6185,45.3268],[148.618,45.3266]]],[[[148.6164,45.3267],[148.6165,45.327],[148.6167,45.3267],[148.6164,45.3267]]],[[[148.6271,45.3286],[148.6265,45.3291],[148.6271,45.329],[148.6271,45.3286]]],[[[148.6485,45.329],[148.6482,45.329],[148.6483,45.3291],[148.6485,45.329]]],[[[148.6273,45.3294],[148.627,45.3299],[148.6274,45.3295],[148.6273,45.3294]]],[[[148.6488,45.3301],[148.6482,45.3303],[148.6488,45.3303],[148.6488,45.3301]]],[[[148.6349,45.3306],[148.6348,45.3308],[148.635,45.3307],[148.6349,45.3306]]],[[[148.6477,45.3306],[148.648,45.3311],[148.6481,45.331],[148.6477,45.3306]]],[[[148.6493,45.3309],[148.6491,45.3306],[148.6486,45.3312],[148.6493,45.3309]]],[[[148.6483,45.3312],[148.6482,45.3314],[148.6484,45.3313],[148.6483,45.3312]]],[[[148.6365,45.3315],[148.6342,45.331],[148.6342,45.3316],[148.6365,45.3315]]],[[[148.647,45.3315],[148.6471,45.3314],[148.6469,45.3314],[148.647,45.3315]]],[[[148.6593,45.3322],[148.6591,45.332],[148.6587,45.3322],[148.6593,45.3322]]],[[[148.6302,45.3322],[148.6302,45.3321],[148.6301,45.3322],[148.6302,45.3322]]],[[[148.6324,45.3318],[148.6314,45.3323],[148.6313,45.3325],[148.6319,45.3324],[148.6324,45.3318]]],[[[148.6576,45.3322],[148.6576,45.3324],[148.6577,45.3324],[148.6576,45.3322]]],[[[148.6598,45.3325],[148.6599,45.3327],[148.6601,45.3326],[148.6598,45.3325]]],[[[148.6587,45.3328],[148.6586,45.3325],[148.6584,45.3328],[148.6587,45.3328]]],[[[148.6579,45.3328],[148.658,45.3328],[148.658,45.3328],[148.6579,45.3328]]],[[[148.6575,45.3329],[148.6575,45.3328],[148.6575,45.3328],[148.6575,45.3329]]],[[[148.6612,45.3328],[148.6613,45.333],[148.6613,45.3329],[148.6612,45.3328]]],[[[148.6572,45.3329],[148.6573,45.3331],[148.6573,45.333],[148.6572,45.3329]]],[[[148.6592,45.333],[148.6597,45.3332],[148.6597,45.3328],[148.6592,45.333]]],[[[148.6781,45.3329],[148.6776,45.3332],[148.6782,45.3331],[148.6781,45.3329]]],[[[148.6611,45.3333],[148.6609,45.3333],[148.6611,45.3333],[148.6611,45.3333]]],[[[148.657,45.3339],[148.657,45.3338],[148.657,45.3339],[148.657,45.3339]]],[[[148.6568,45.3339],[148.6568,45.3338],[148.6567,45.3338],[148.6568,45.3339]]],[[[148.3721,45.2274],[148.3507,45.2308],[148.342,45.2977],[148.4078,45.3307],[148.4094,45.3306],[148.4112,45.3285],[148.4155,45.3265],[148.4186,45.3275],[148.4243,45.3458],[148.4295,45.3449],[148.4438,45.3524],[148.4482,45.3595],[148.46,45.3601],[148.4535,45.3687],[148.4786,45.3836],[148.4703,45.3999],[148.4807,45.4095],[148.4863,45.4206],[148.4972,45.4222],[148.5111,45.4311],[148.5205,45.4472],[148.5451,45.4512],[148.5568,45.4579],[148.5783,45.4896],[148.6297,45.5015],[148.6513,45.5373],[148.6726,45.5368],[148.7169,45.5427],[148.7484,45.5514],[148.7522,45.5572],[148.7606,45.5534],[148.7837,45.5568],[148.7986,45.5523],[148.8301,45.5482],[148.8383,45.5507],[148.8897,45.5176],[148.8863,45.4819],[148.884,45.4824],[148.8815,45.4815],[148.8765,45.4778],[148.8773,45.476],[148.8746,45.4746],[148.8338,45.4612],[148.8268,45.4491],[148.8292,45.4274],[148.8552,45.4177],[148.8766,45.3944],[148.8611,45.3674],[148.8432,45.3548],[148.8487,45.3452],[148.8418,45.3362],[148.809,45.3374],[148.7768,45.3226],[148.7441,45.3373],[148.6544,45.3364],[148.6504,45.3305],[148.639,45.3353],[148.5635,45.312],[148.5455,45.299],[148.5431,45.2964],[148.5432,45.2939],[148.5394,45.2951],[148.5319,45.2931],[148.5177,45.2798],[148.505,45.2786],[148.508,45.2725],[148.4994,45.2721],[148.5014,45.2615],[148.4939,45.2574],[148.4944,45.2562],[148.478,45.2611],[148.4707,45.2592],[148.4579,45.2492],[148.4487,45.2526],[148.436,45.253],[148.4088,45.2382],[148.4043,45.2308],[148.3976,45.2338],[148.3919,45.2338],[148.3721,45.2274]]],[[[148.5954,45.4979],[148.5953,45.4979],[148.5953,45.498],[148.5954,45.4979]]],[[[148.612,45.4993],[148.6118,45.4992],[148.6118,45.4993],[148.612,45.4993]]],[[[148.6127,45.4996],[148.613,45.4994],[148.6127,45.4995],[148.6127,45.4996]]],[[[148.6174,45.5005],[148.6175,45.5002],[148.6172,45.5002],[148.6174,45.5005]]],[[[148.6109,45.5008],[148.6097,45.5004],[148.6093,45.5007],[148.6109,45.5008]]],[[[148.6477,45.5347],[148.6477,45.5346],[148.6476,45.5347],[148.6477,45.5347]]],[[[148.6479,45.535],[148.6482,45.5348],[148.6481,45.5347],[148.6479,45.535]]],[[[148.6497,45.5362],[148.6495,45.5363],[148.6497,45.5363],[148.6497,45.5362]]],[[[148.6663,45.5393],[148.6658,45.539],[148.6657,45.5395],[148.6663,45.5393]]],[[[148.6626,45.5391],[148.6621,45.5392],[148.6624,45.5395],[148.6626,45.5391]]],[[[148.6606,45.5413],[148.6606,45.5418],[148.6608,45.5414],[148.6606,45.5413]]],[[[148.6571,45.5428],[148.6568,45.542],[148.6561,45.5427],[148.6571,45.5428]]],[[[148.776,45.3219],[148.7762,45.322],[148.7762,45.3219],[148.776,45.3219]]],[[[148.7772,45.3224],[148.7772,45.3225],[148.7773,45.3225],[148.7772,45.3224]]],[[[148.6851,45.3317],[148.6848,45.332],[148.685,45.3321],[148.6851,45.3317]]],[[[148.6853,45.3322],[148.6855,45.3323],[148.6855,45.3322],[148.6853,45.3322]]],[[[148.8296,45.3326],[148.8298,45.3322],[148.8295,45.3324],[148.8296,45.3326]]],[[[148.6922,45.3327],[148.6918,45.3327],[148.6916,45.3331],[148.6922,45.3327]]],[[[148.6874,45.3332],[148.6872,45.3329],[148.6871,45.3331],[148.6874,45.3332]]],[[[148.6913,45.3331],[148.6913,45.3332],[148.6914,45.3331],[148.6913,45.3331]]],[[[148.7036,45.3332],[148.7028,45.3336],[148.704,45.3337],[148.7036,45.3332]]],[[[148.6782,45.3334],[148.6786,45.3337],[148.6786,45.3332],[148.6782,45.3334]]],[[[148.6845,45.3333],[148.6849,45.3336],[148.6848,45.3333],[148.6845,45.3333]]],[[[148.7267,45.3331],[148.7285,45.334],[148.7289,45.3338],[148.7267,45.3331]]],[[[148.6893,45.3336],[148.6892,45.3335],[148.689,45.3336],[148.6893,45.3336]]],[[[148.6865,45.3336],[148.6868,45.3337],[148.6868,45.3336],[148.6865,45.3336]]],[[[148.6893,45.3338],[148.6894,45.3337],[148.6891,45.3337],[148.6893,45.3338]]],[[[148.6876,45.3338],[148.6872,45.3338],[148.6872,45.3339],[148.6876,45.3338]]],[[[148.829,45.3337],[148.8294,45.3338],[148.8294,45.3337],[148.829,45.3337]]],[[[148.7237,45.334],[148.7242,45.3337],[148.7236,45.3337],[148.7237,45.334]]],[[[148.7208,45.3346],[148.7212,45.3337],[148.7205,45.3341],[148.7208,45.3346]]],[[[148.7202,45.3344],[148.7196,45.3344],[148.7196,45.3346],[148.7202,45.3344]]],[[[148.731,45.3347],[148.7302,45.3344],[148.7297,45.3348],[148.731,45.3347]]],[[[148.7137,45.3346],[148.7154,45.3351],[148.716,45.3345],[148.7137,45.3346]]],[[[148.7189,45.3347],[148.7186,45.3347],[148.7186,45.3347],[148.7189,45.3347]]],[[[148.8387,45.3349],[148.8385,45.3348],[148.8384,45.3349],[148.8387,45.3349]]],[[[148.7342,45.3355],[148.735,45.3348],[148.7338,45.3351],[148.7342,45.3355]]],[[[148.708,45.3352],[148.7076,45.3352],[148.7076,45.3354],[148.708,45.3352]]],[[[148.8381,45.3351],[148.8382,45.3355],[148.839,45.3351],[148.8381,45.3351]]],[[[148.8351,45.3354],[148.8356,45.3354],[148.8357,45.3353],[148.8351,45.3354]]],[[[148.8374,45.3357],[148.8372,45.3356],[148.8371,45.3357],[148.8374,45.3357]]],[[[148.8416,45.3359],[148.8413,45.3358],[148.8414,45.336],[148.8416,45.3359]]],[[[148.7371,45.3365],[148.7374,45.3357],[148.7366,45.336],[148.7371,45.3365]]],[[[148.8792,45.4791],[148.8796,45.4785],[148.8788,45.4789],[148.8792,45.4791]]],[[[148.8832,45.4817],[148.883,45.4819],[148.8832,45.4818],[148.8832,45.4817]]],[[[148.8842,45.4818],[148.8841,45.482],[148.8843,45.4819],[148.8842,45.4818]]],[[[148.8892,45.4843],[148.8888,45.4841],[148.8888,45.4842],[148.8892,45.4843]]],[[[148.8909,45.4856],[148.8896,45.4845],[148.8889,45.4849],[148.8909,45.4856]]],[[[148.8912,45.4864],[148.8911,45.4861],[148.8908,45.4863],[148.8912,45.4864]]],[[[148.8913,45.4869],[148.891,45.4871],[148.8913,45.4871],[148.8913,45.4869]]],[[[148.8944,45.5023],[148.8944,45.5023],[148.8943,45.5023],[148.8944,45.5023]]],[[[148.8773,45.5272],[148.8772,45.5275],[148.8774,45.5275],[148.8773,45.5272]]],[[[148.6856,45.5402],[148.6863,45.5404],[148.6864,45.5401],[148.6856,45.5402]]],[[[148.6952,45.5411],[148.6956,45.5419],[148.6958,45.5409],[148.6952,45.5411]]],[[[148.7125,45.5435],[148.7118,45.5436],[148.7126,45.5436],[148.7125,45.5435]]],[[[148.711,45.544],[148.7108,45.5442],[148.711,45.5441],[148.711,45.544]]],[[[148.7472,45.5517],[148.747,45.5515],[148.747,45.5517],[148.7472,45.5517]]],[[[148.7465,45.552],[148.7463,45.5519],[148.7462,45.552],[148.7465,45.552]]],[[[148.7497,45.5546],[148.7494,45.5545],[148.7494,45.5547],[148.7497,45.5546]]],[[[148.7656,45.5554],[148.7655,45.555],[148.7653,45.5552],[148.7656,45.5554]]],[[[148.7685,45.5557],[148.7689,45.5559],[148.7687,45.5556],[148.7685,45.5557]]],[[[148.7683,45.5556],[148.7679,45.556],[148.7684,45.5559],[148.7683,45.5556]]],[[[148.7893,45.5561],[148.7897,45.5556],[148.7891,45.556],[148.7893,45.5561]]],[[[148.7726,45.5567],[148.7725,45.5566],[148.7725,45.5566],[148.7726,45.5567]]]]}}]}