{"type":"FeatureCollection","features":[{"type":"Feature","properties":{"id":"16201","name":"富山市","pref":"富山県"},"geometry":{"type":"MultiPolygon","coordinates":[[[[137.0766,36.3836],[137.047,36.3732],[137.0622,36.426],[137.0547,36.4376],[137.0643,36.4524],[137.0502,36.5031],[137.0313,36.5],[137.0282,36.5054],[137.0346,36.514],[137.0397,36.5802],[137.0654,36.6384],[137.0517,36.6461],[137.064,36.6569],[137.0666,36.6519],[137.0811,36.6494],[137.0717,36.6554],[137.0808,36.6651],[137.0874,36.6591],[137.0999,36.6837],[137.1216,36.686],[137.1253,36.6968],[137.1186,36.7091],[137.1246,36.7178],[137.1458,36.7244],[137.1512,36.7406],[137.178,36.7468],[137.1801,36.758],[137.1929,36.7615],[137.2342,36.7644],[137.2292,36.7667],[137.3127,36.7592],[137.3381,36.7418],[137.3353,36.7337],[137.3434,36.7261],[137.3213,36.7269],[137.3258,36.7162],[137.3085,36.7077],[137.3051,36.713],[137.2906,36.6973],[137.2775,36.695],[137.2851,36.6407],[137.3207,36.5896],[137.3387,36.5764],[137.3733,36.5722],[137.4379,36.5851],[137.5208,36.5448],[137.5834,36.5558],[137.6545,36.5197],[137.6727,36.5266],[137.6933,36.5196],[137.7037,36.5267],[137.7054,36.5178],[137.6943,36.5107],[137.6687,36.5095],[137.6668,36.4938],[137.652,36.4882],[137.6554,36.4592],[137.6399,36.4458],[137.6365,36.4284],[137.6081,36.4194],[137.6054,36.4025],[137.5922,36.3896],[137.5409,36.3914],[137.5042,36.4257],[137.4741,36.4254],[137.4607,36.4122],[137.4097,36.4247],[137.3952,36.4364],[137.3899,36.4599],[137.3615,36.4501],[137.3512,36.4329],[137.3135,36.425],[137.305,36.4358],[137.3139,36.4417],[137.317,36.4608],[137.279,36.4651],[137.2564,36.4511],[137.2471,36.4617],[137.2056,36.4276],[137.1917,36.4552],[137.1749,36.4501],[137.1597,36.4564],[137.0919,36.3965],[137.0949,36.384],[137.0766,36.3836]]],[[[137.1927,36.7621],[137.1918,36.7616],[137.1917,36.7616],[137.1927,36.7621]]]]}},{"type":"Feature","properties":{"id":"16202","name":"高岡市","pref":"富山県"},"geometry":{"type":"MultiPolygon","coordinates":[[[[136.9904,36.6569],[136.9874,36.6706],[136.9563,36.6605],[136.9446,36.6843],[136.9107,36.6877],[136.908,36.7011],[136.8907,36.6989],[136.8855,36.7172],[136.8398,36.7369],[136.8335,36.7431],[136.8527,36.7701],[136.8433,36.7828],[136.8841,36.7851],[136.8931,36.7743],[136.906,36.7804],[136.9259,36.7698],[136.9534,36.7907],[136.9614,36.7818],[136.9926,36.7954],[137.0154,36.79],[137.018,36.7972],[137.0003,36.8099],[137.0121,36.8149],[137.0168,36.8294],[137.0568,36.8016],[137.069,36.8014],[137.0589,36.7852],[137.0744,36.781],[137.0732,36.7741],[137.1039,36.7697],[137.0827,36.7619],[137.0505,36.771],[137.0448,36.7398],[137.011,36.6992],[137.0388,36.6898],[137.0344,36.6773],[137.0479,36.6718],[137.0471,36.6598],[137.0114,36.6728],[137.0075,36.6592],[136.9904,36.6569]]],[[[137.0936,36.7727],[137.0971,36.7729],[137.0971,36.771],[137.0936,36.7727]]],[[[137.0751,36.8009],[137.0751,36.8021],[137.0752,36.8021],[137.0751,36.8009]]],[[[137.0635,36.8119],[137.0677,36.8085],[137.0753,36.8022],[137.0635,36.8119]]],[[[137.0535,36.8103],[137.0529,36.8104],[137.0535,36.8106],[137.0535,36.8103]]],[[[137.0456,36.8146],[137.0451,36.8146],[137.0453,36.8148],[137.0456,36.8146]]]]}},{"type":"Feature","properties":{"id":"16204","name":"魚津市","pref":"富山県"},"geometry":{"type":"Polygon","coordinates":[[[137.5069,36.6908],[137.5112,36.706],[137.4941,36.7229],[137.4753,36.7229],[137.4701,36.703],[137.4556,36.7025],[137.3823,36.8004],[137.393,36.8074],[137.3921,36.8238],[137.4114,36.8482],[137.4096,36.8609],[137.4387,36.8442],[137.5064,36.824],[137.4994,36.8044],[137.506,36.7868],[137.5612,36.7671],[137.6113,36.7256],[137.6079,36.7138],[137.5869,36.6989],[137.5908,36.6797],[137.5845,36.6747],[137.5165,36.6787],[137.5069,36.6908]]]}},{"type":"Feature","properties":{"id":"16205","name":"氷見市","pref":"富山県"},"geometry":{"type":"MultiPolygon","coordinates":[[[[136.9954,36.8621],[136.9951,36.8633],[136.9955,36.8621],[136.9954,36.8621]]],[[[136.9959,36.864],[136.9955,36.8643],[136.9961,36.8643],[136.9959,36.864]]],[[[136.9954,36.8646],[136.995,36.865],[136.9956,36.8646],[136.9954,36.8646]]],[[[137.0154,36.79],[136.9853,36.7943],[136.9614,36.7818],[136.9533,36.7907],[136.9257,36.7698],[136.9061,36.7804],[136.895,36.7739],[136.8841,36.7851],[136.8515,36.7861],[136.848,36.8098],[136.86,36.8291],[136.8564,36.8398],[136.8672,36.8509],[136.8624,36.8603],[136.883,36.8768],[136.879,36.9063],[136.8956,36.9247],[136.9156,36.9308],[136.931,36.9506],[136.9538,36.9561],[136.9734,36.9442],[136.9866,36.9672],[137.0051,36.9611],[137.0377,36.9671],[137.0517,36.9592],[137.0274,36.94],[137.0277,36.9339],[137.0326,36.9238],[136.9849,36.8768],[136.9911,36.8537],[137.0168,36.8294],[137.0121,36.8149],[137.0003,36.8099],[137.018,36.7972],[137.0154,36.79]]],[[[137.0096,36.8944],[137.0099,36.8952],[137.0099,36.8952],[137.0096,36.8944]]],[[[137.0314,36.9275],[137.0314,36.9274],[137.0313,36.9274],[137.0314,36.9275]]],[[[137.0402,36.9312],[137.0399,36.9313],[137.04,36.9314],[137.0402,36.9312]]],[[[137.0419,36.9322],[137.04,36.9315],[137.041,36.9323],[137.0419,36.9322]]],[[[137.0401,36.9319],[137.04,36.9321],[137.0403,36.9321],[137.0401,36.9319]]],[[[137.0426,36.9323],[137.0422,36.9324],[137.0426,36.9326],[137.0426,36.9323]]],[[[137.0415,36.9327],[137.0414,36.9326],[137.0413,36.9326],[137.0415,36.9327]]],[[[137.0417,36.9326],[137.0418,36.9327],[137.0418,36.9326],[137.0417,36.9326]]],[[[137.042,36.9328],[137.0418,36.9327],[137.0418,36.9327],[137.042,36.9328]]],[[[137.0405,36.9487],[137.0412,36.949],[137.0412,36.9489],[137.0405,36.9487]]]]}},{"type":"Feature","properties":{"id":"16206","name":"滑川市","pref":"富山県"},"geometry":{"type":"Polygon","coordinates":[[[137.4233,36.75],[137.4513,36.6989],[137.4329,36.707],[137.4371,36.7188],[137.4261,36.7277],[137.3918,36.7166],[137.3794,36.7261],[137.3828,36.7218],[137.3735,36.7267],[137.3617,36.7204],[137.3603,36.7279],[137.3154,36.7555],[137.3817,36.8006],[137.4233,36.75]],[[137.3885,36.7253],[137.3888,36.7196],[137.3913,36.7212],[137.3885,36.7253]]]}},{"type":"Feature","properties":{"id":"16207","name":"黒部市","pref":"富山県"},"geometry":{"type":"MultiPolygon","coordinates":[[[[137.4995,36.8046],[137.5064,36.824],[137.4387,36.8442],[137.4096,36.861],[137.4155,36.8665],[137.4141,36.8671],[137.4175,36.869],[137.419,36.8798],[137.4186,36.8933],[137.4089,36.8973],[137.4261,36.9222],[137.4539,36.9031],[137.4991,36.8912],[137.5449,36.8675],[137.5421,36.894],[137.5512,36.8756],[137.5821,36.8674],[137.5888,36.8519],[137.6108,36.8665],[137.6186,36.8642],[137.6318,36.8506],[137.6471,36.8495],[137.6471,36.8364],[137.7471,36.7672],[137.7593,36.7407],[137.75,36.7047],[137.7619,36.6662],[137.7535,36.6578],[137.7518,36.6271],[137.7278,36.6228],[137.6851,36.6449],[137.6682,36.6349],[137.6274,36.6397],[137.586,36.6895],[137.6112,36.7259],[137.5612,36.7671],[137.544,36.7704],[137.5337,36.7816],[137.5119,36.7823],[137.4995,36.8046]]],[[[137.4151,36.8662],[137.4149,36.8661],[137.415,36.8662],[137.4151,36.8662]]],[[[137.4134,36.8663],[137.4137,36.8664],[137.413,36.866],[137.4134,36.8663]]],[[[137.4152,36.8663],[137.4152,36.8662],[137.4151,36.8663],[137.4152,36.8663]]],[[[137.4154,36.8664],[137.4154,36.8664],[137.4155,36.8665],[137.4154,36.8664]]],[[[137.4142,36.8897],[137.4139,36.8896],[137.414,36.8898],[137.4142,36.8897]]],[[[137.4164,36.9087],[137.4168,36.9097],[137.417,36.9096],[137.4164,36.9087]]],[[[137.4177,36.9108],[137.4179,36.9108],[137.4171,36.91],[137.4177,36.9108]]],[[[137.4198,36.9159],[137.4195,36.915],[137.4194,36.915],[137.4198,36.9159]]]]}},{"type":"Feature","properties":{"id":"16208","name":"砺波市","pref":"富山県"},"geometry":{"type":"Polygon","coordinates":[[[137.0037,36.5453],[136.9786,36.5656],[136.9586,36.5986],[136.9061,36.6227],[136.9223,36.6415],[136.9121,36.6512],[136.9164,36.6705],[136.9219,36.6765],[136.9376,36.6716],[136.924,36.6854],[136.9446,36.6843],[136.9585,36.66],[136.978,36.6707],[136.9897,36.6693],[136.9867,36.6569],[137.0075,36.6592],[137.0114,36.6728],[137.0214,36.6725],[137.0643,36.6408],[137.0538,36.6221],[137.054,36.6005],[137.0397,36.5802],[137.0367,36.5413],[137.0037,36.5453]]]}},{"type":"Feature","properties":{"id":"16209","name":"小矢部市","pref":"富山県"},"geometry":{"type":"MultiPolygon","coordinates":[[[[136.9061,36.6227],[136.9088,36.6216],[136.9085,36.6207],[136.9061,36.6227]]],[[[136.9006,36.6023],[136.8569,36.6044],[136.8444,36.5856],[136.8309,36.5979],[136.8108,36.6015],[136.8138,36.6161],[136.7989,36.6156],[136.7948,36.6043],[136.7861,36.6088],[136.7848,36.6285],[136.7999,36.6364],[136.8006,36.6466],[136.8238,36.6699],[136.8206,36.6839],[136.81,36.6866],[136.8156,36.7005],[136.7894,36.7179],[136.7961,36.7296],[136.8199,36.7306],[136.822,36.7403],[136.8335,36.7431],[136.8569,36.7341],[136.8613,36.7246],[136.8855,36.7172],[136.8907,36.6989],[136.908,36.7011],[136.9107,36.6877],[136.9205,36.6906],[136.9377,36.6725],[136.9219,36.6765],[136.9164,36.6705],[136.9121,36.6512],[136.9223,36.6415],[136.9032,36.6259],[136.9104,36.6148],[136.9006,36.6023]]]]}},{"type":"Feature","properties":{"id":"16210","name":"南砺市","pref":"富山県"},"geometry":{"type":"Polygon","coordinates":[[[136.8425,36.333],[136.8266,36.3026],[136.7911,36.3006],[136.7847,36.3438],[136.8082,36.3587],[136.7951,36.4013],[136.7698,36.415],[136.7687,36.4288],[136.7967,36.4447],[136.7882,36.4527],[136.7984,36.4616],[136.7956,36.4749],[136.8028,36.485],[136.794,36.497],[136.7951,36.5108],[136.8172,36.5524],[136.8024,36.5688],[136.791,36.5696],[136.7953,36.5848],[136.7885,36.6021],[136.8012,36.617],[136.8133,36.6163],[136.8108,36.6015],[136.8482,36.5856],[136.8569,36.6044],[136.9004,36.6021],[136.9104,36.6148],[136.9029,36.6251],[136.9062,36.628],[136.9083,36.6208],[136.9586,36.5986],[136.9786,36.5656],[137.0044,36.5504],[137.0029,36.544],[137.0367,36.5404],[137.0284,36.5029],[137.0502,36.5031],[137.0643,36.4524],[137.0547,36.4376],[137.0622,36.426],[137.047,36.3732],[137.062,36.3669],[137.0489,36.3455],[137.0587,36.3425],[137.0377,36.3175],[137.0196,36.3181],[137.0126,36.2931],[136.9862,36.2863],[136.9753,36.2744],[136.9577,36.2779],[136.9733,36.3099],[136.9551,36.3391],[136.9396,36.3492],[136.9075,36.3608],[136.8748,36.3428],[136.8711,36.3675],[136.8651,36.3497],[136.8372,36.3472],[136.8425,36.333]]]}},{"type":"Feature","properties":{"id":"16211","name":"射水市","pref":"富山県"},"geometry":{"type":"MultiPolygon","coordinates":[[[[137.0999,36.6837],[137.0857,36.6575],[137.0808,36.6651],[137.0717,36.6554],[137.0791,36.6482],[137.064,36.6569],[137.0517,36.6461],[137.0431,36.667],[137.0479,36.6718],[137.0344,36.6773],[137.0388,36.6898],[137.011,36.6992],[137.0448,36.7398],[137.0505,36.771],[137.0827,36.7619],[137.1039,36.7697],[137.1331,36.7567],[137.1344,36.7599],[137.1183,36.7665],[137.1189,36.7842],[137.1379,36.7695],[137.1801,36.758],[137.178,36.7468],[137.1531,36.7417],[137.1459,36.7245],[137.1246,36.7178],[137.1186,36.7091],[137.1253,36.6968],[137.1216,36.686],[137.0999,36.6837]]],[[[137.1328,36.7601],[137.1327,36.7598],[137.1327,36.7599],[137.1328,36.7601]]],[[[137.1421,36.7726],[137.1417,36.7733],[137.1425,36.7726],[137.1421,36.7726]]],[[[137.1093,36.7802],[137.1097,36.7801],[137.1109,36.7798],[137.1093,36.7802]]],[[[137.11,36.7804],[137.1105,36.7801],[137.1099,36.7803],[137.11,36.7804]]],[[[137.0591,36.7888],[137.0681,36.7939],[137.0841,36.7876],[137.0792,36.7883],[137.0828,36.7841],[137.0892,36.7827],[137.0864,36.7832],[137.0874,36.7829],[137.0965,36.781],[137.0909,36.7861],[137.1142,36.7821],[137.1137,36.7802],[137.1087,36.7807],[137.1079,36.7793],[137.1136,36.7746],[137.0738,36.7739],[137.0744,36.781],[137.0591,36.7888]]],[[[137.0836,36.7853],[137.0835,36.7869],[137.0837,36.787],[137.0836,36.7853]]],[[[137.0826,36.787],[137.0825,36.7871],[137.0831,36.7867],[137.0826,36.787]]]]}},{"type":"Feature","properties":{"id":"16321","name":"舟橋村","pref":"富山県"},"geometry":{"type":"Polygon","coordinates":[[[137.2976,36.6897],[137.3029,36.7013],[137.2945,36.7059],[137.3168,36.7122],[137.3205,36.7018],[137.3059,36.687],[137.2976,36.6897]]]}},{"type":"Feature","properties":{"id":"16322","name":"上市町","pref":"富山県"},"geometry":{"type":"MultiPolygon","coordinates":[[[[137.5904,36.6812],[137.6274,36.6397],[137.6189,36.6347],[137.6227,36.6273],[137.6022,36.5939],[137.5557,36.596],[137.5315,36.6078],[137.5024,36.6003],[137.5019,36.6096],[137.4874,36.6108],[137.4488,36.6022],[137.4281,36.6254],[137.4056,36.627],[137.3877,36.649],[137.36,36.6645],[137.3528,36.6822],[137.3327,36.691],[137.331,36.7031],[137.3155,36.7061],[137.3258,36.7162],[137.3213,36.7269],[137.3434,36.7261],[137.3351,36.7341],[137.34,36.7396],[137.3617,36.7204],[137.3735,36.7267],[137.3828,36.7218],[137.3794,36.7261],[137.3918,36.7166],[137.4261,36.7277],[137.4371,36.7188],[137.4329,36.707],[137.4501,36.6986],[137.4481,36.7135],[137.4566,36.7017],[137.4699,36.7029],[137.4752,36.7229],[137.4939,36.7229],[137.5094,36.7104],[137.5069,36.6906],[137.516,36.6788],[137.5726,36.6726],[137.5904,36.6812]]],[[[137.3887,36.7196],[137.3885,36.7253],[137.3913,36.7212],[137.3887,36.7196]]]]}},{"type":"Feature","properties":{"id":"16323","name":"立山町","pref":"富山県"},"geometry":{"type":"Polygon","coordinates":[[[137.4401,36.5845],[137.3605,36.5712],[137.3246,36.586],[137.2851,36.6407],[137.2775,36.695],[137.2991,36.7043],[137.2986,36.6854],[137.3117,36.6918],[137.3165,36.7042],[137.3283,36.7051],[137.3327,36.691],[137.3528,36.6822],[137.36,36.6645],[137.3877,36.649],[137.4056,36.627],[137.4281,36.6254],[137.4488,36.6022],[137.4874,36.6108],[137.5019,36.6096],[137.5022,36.6003],[137.5185,36.6008],[137.5315,36.6078],[137.5557,36.596],[137.5768,36.5992],[137.5959,36.5921],[137.6095,36.5975],[137.6258,36.6389],[137.6682,36.6349],[137.6851,36.6449],[137.718,36.6259],[137.7468,36.6246],[137.7439,36.6127],[137.7531,36.5937],[137.7479,36.5869],[137.7243,36.5865],[137.6877,36.5621],[137.6846,36.5378],[137.7107,36.5355],[137.6931,36.5196],[137.6727,36.5266],[137.6535,36.52],[137.5838,36.5557],[137.5208,36.5448],[137.4401,36.5845]]]}},{"type":"Feature","properties":{"id":"16342","name":"入善町","pref":"富山県"},"geometry":{"type":"Polygon","coordinates":[[[137.5449,36.8675],[137.4527,36.9037],[137.4258,36.925],[137.4927,36.9549],[137.5428,36.9611],[137.541,36.9437],[137.5281,36.9344],[137.5318,36.9089],[137.5587,36.9106],[137.5578,36.8882],[137.5809,36.8811],[137.5916,36.8875],[137.6108,36.8665],[137.5891,36.8519],[137.5821,36.8674],[137.5512,36.8756],[137.5421,36.894],[137.5449,36.8675]]]}},{"type":"Feature","properties":{"id":"16343","name":"朝日町","pref":"富山県"},"geometry":{"type":"MultiPolygon","coordinates":[[[[137.6242,36.8583],[137.5916,36.8875],[137.5809,36.8811],[137.5578,36.8882],[137.5587,36.9106],[137.5318,36.9089],[137.5281,36.9344],[137.541,36.9437],[137.5428,36.9611],[137.5746,36.9641],[137.5876,36.9748],[137.635,36.9798],[137.6665,36.9502],[137.7112,36.9442],[137.7205,36.9267],[137.7135,36.8914],[137.7341,36.8688],[137.7301,36.8264],[137.7493,36.8096],[137.7496,36.78],[137.7634,36.7682],[137.759,36.7602],[137.7541,36.754],[137.7471,36.7672],[137.6471,36.8364],[137.6471,36.8495],[137.6242,36.8583]]],[[[137.558,36.9626],[137.558,36.9626],[137.558,36.9626],[137.558,36.9626]]],[[[137.5579,36.9626],[137.5579,36.9626],[137.5579,36.9627],[137.5579,36.9626]]],[[[137.5867,36.975],[137.5867,36.9751],[137.5868,36.975],[137.5867,36.975]]],[[[137.5883,36.9778],[137.5885,36.9778],[137.5885,36.9778],[137.5883,36.9778]]],[[[137.5886,36.978],[137.5886,36.9779],[137.5885,36.978],[137.5886,36.978]]],[[[137.5883,36.9781],[137.5885,36.978],[137.5883,36.9781],[137.5883,36.9781]]],[[[137.5898,36.9816],[137.5899,36.9815],[137.5897,36.9815],[137.5898,36.9816]]],[[[137.5902,36.9826],[137.5902,36.9824],[137.5901,36.9825],[137.5902,36.9826]]]]}},{"type":"Feature","properties":{"id":"21201","name":"岐阜市","pref":"岐阜県"},"geometry":{"type":"Polygon","coordinates":[[[136.6884,35.3523],[136.7065,35.3862],[136.6933,35.4077],[136.6981,35.4629],[136.6831,35.4755],[136.6859,35.4829],[136.6983,35.483],[136.6913,35.5008],[136.6982,35.5032],[136.6827,35.5159],[136.6899,35.527],[136.6789,35.5366],[136.7007,35.5427],[136.7368,35.5079],[136.7599,35.5065],[136.7737,35.4908],[136.7894,35.4918],[136.7929,35.4843],[136.8039,35.4931],[136.8009,35.5048],[136.8147,35.5101],[136.8094,35.5248],[136.8152,35.5317],[136.8263,35.5306],[136.8461,35.5069],[136.8606,35.5081],[136.859,35.5009],[136.8436,35.4997],[136.8345,35.4678],[136.8733,35.4639],[136.8861,35.4548],[136.8818,35.4447],[136.869,35.4442],[136.8719,35.4366],[136.8602,35.4343],[136.8589,35.4253],[136.8451,35.4245],[136.8421,35.4312],[136.8156,35.4274],[136.8155,35.389],[136.8036,35.3871],[136.7871,35.3999],[136.7733,35.3967],[136.767,35.3801],[136.7546,35.3756],[136.7577,35.3652],[136.7221,35.3517],[136.6884,35.3523]]]}},{"type":"Feature","properties":{"id":"21202","name":"大垣市","pref":"岐阜県"},"geometry":{"type":"MultiPolygon","coordinates":[[[[136.3789,35.2417],[136.397,35.2577],[136.3911,35.2902],[136.4027,35.3005],[136.4218,35.2878],[136.4265,35.3074],[136.4575,35.3148],[136.4557,35.3292],[136.483,35.3594],[136.4983,35.3606],[136.534,35.3362],[136.5331,35.3255],[136.5164,35.3334],[136.507,35.3217],[136.5225,35.3015],[136.5277,35.2575],[136.516,35.2539],[136.5075,35.2359],[136.4824,35.2398],[136.4703,35.2327],[136.4663,35.2381],[136.4422,35.2171],[136.4309,35.2294],[136.4151,35.2177],[136.3789,35.2417]]],[[[136.5952,35.3026],[136.5818,35.3411],[136.5606,35.3439],[136.5607,35.3702],[136.5428,35.3777],[136.5484,35.3873],[136.5412,35.3981],[136.5478,35.3927],[136.5552,35.3978],[136.5485,35.3974],[136.5469,35.3983],[136.5484,35.4073],[136.585,35.4082],[136.6062,35.3917],[136.6108,35.4046],[136.6228,35.4038],[136.6267,35.3888],[136.6558,35.3782],[136.6567,35.3407],[136.6392,35.3348],[136.6409,35.3147],[136.6153,35.295],[136.5952,35.3026]]],[[[136.6731,35.3502],[136.6728,35.3672],[136.6906,35.3668],[136.6887,35.3458],[136.6731,35.3502]]]]}},{"type":"Feature","properties":{"id":"21203","name":"高山市","pref":"岐阜県"},"geometry":{"type":"Polygon","coordinates":[[[137.0937,35.9281],[137.0919,35.9005],[137.0846,35.8975],[137.0839,35.9077],[137.0696,35.9173],[137.0689,35.9395],[137.0489,35.9606],[137.0393,35.9537],[137.0192,35.9594],[136.9977,35.9392],[136.9982,35.9288],[136.9777,35.9192],[136.9715,35.9568],[136.9594,35.9785],[136.9372,35.989],[136.9308,36.0058],[136.9067,36.013],[136.8959,36.0278],[136.8378,36.0014],[136.8296,36.0115],[136.8155,36.0117],[136.8069,36.0285],[136.797,36.0317],[136.8019,36.043],[136.7963,36.0507],[136.7681,36.0577],[136.7543,36.0863],[136.7562,36.0991],[136.765,36.1056],[136.7883,36.0977],[136.8071,36.1055],[136.8184,36.093],[136.8569,36.1054],[136.8959,36.106],[136.9248,36.0943],[136.9349,36.1048],[136.9326,36.1126],[136.9553,36.1186],[136.956,36.1278],[136.9332,36.1427],[136.947,36.1811],[136.9476,36.2097],[136.9828,36.1906],[137.0216,36.1895],[137.0312,36.1971],[137.0511,36.1913],[137.1009,36.2197],[137.1223,36.1833],[137.1415,36.2016],[137.1554,36.2011],[137.1597,36.2144],[137.1771,36.2118],[137.1882,36.2222],[137.2068,36.2131],[137.1959,36.2313],[137.2128,36.2417],[137.2136,36.2514],[137.2638,36.2685],[137.276,36.2862],[137.3292,36.2867],[137.3366,36.2998],[137.364,36.2965],[137.3714,36.3069],[137.3603,36.3288],[137.3625,36.3503],[137.4037,36.3436],[137.4184,36.3511],[137.4135,36.3601],[137.432,36.3734],[137.4437,36.3671],[137.4729,36.3759],[137.4841,36.3711],[137.4978,36.3827],[137.5209,36.3811],[137.54,36.3927],[137.5595,36.3875],[137.5774,36.393],[137.5873,36.3898],[137.5871,36.372],[137.618,36.3651],[137.6355,36.3425],[137.6454,36.3417],[137.6524,36.322],[137.6478,36.2891],[137.6147,36.2648],[137.583,36.2204],[137.5731,36.2187],[137.5786,36.1975],[137.5951,36.1907],[137.5951,36.172],[137.5547,36.1402],[137.5606,36.1302],[137.5502,36.1129],[137.5734,36.0877],[137.5968,36.0758],[137.613,36.0772],[137.6148,36.0621],[137.5979,36.0424],[137.6002,36.0286],[137.5905,36.0067],[137.5435,35.9829],[137.542,35.9666],[137.5245,35.9425],[137.5036,35.9399],[137.4834,35.9138],[137.4559,35.9312],[137.4409,35.9591],[137.4223,35.9712],[137.4015,35.9669],[137.3677,35.9453],[137.3702,35.9688],[137.3424,35.9898],[137.3447,36.002],[137.2913,35.9855],[137.2613,35.9872],[137.2461,35.9977],[137.2336,36.0217],[137.185,36.0372],[137.1209,35.9857],[137.1052,35.9584],[137.1209,35.9461],[137.1068,35.9271],[137.0937,35.9281]]]}},{"type":"Feature","properties":{"id":"21204","name":"多治見市","pref":"岐阜県"},"geometry":{"type":"Polygon","coordinates":[[[137.1312,35.2932],[137.1023,35.3016],[137.096,35.2906],[137.0813,35.2922],[137.0818,35.3051],[137.0668,35.309],[137.0635,35.3182],[137.073,35.3265],[137.0682,35.3357],[137.0479,35.3354],[137.0478,35.3654],[137.0682,35.3939],[137.0602,35.4031],[137.0664,35.3999],[137.0851,35.3711],[137.113,35.369],[137.1239,35.3845],[137.1518,35.3689],[137.1589,35.356],[137.1454,35.3495],[137.1603,35.3305],[137.1537,35.3205],[137.1721,35.312],[137.1824,35.2887],[137.1754,35.2847],[137.1865,35.2774],[137.1761,35.2704],[137.1652,35.2834],[137.1456,35.2798],[137.1312,35.2932]]]}},{"type":"Feature","properties":{"id":"21205","name":"関市","pref":"岐阜県"},"geometry":{"type":"Polygon","coordinates":[[[136.8352,35.4667],[136.8436,35.4997],[136.859,35.5009],[136.8606,35.5081],[136.8461,35.5069],[136.8263,35.5306],[136.8097,35.5359],[136.818,35.5671],[136.7938,35.5713],[136.7964,35.5916],[136.7859,35.597],[136.8066,35.6094],[136.8056,35.6534],[136.7726,35.6673],[136.7685,35.6832],[136.7538,35.6801],[136.7338,35.6935],[136.719,35.694],[136.7276,35.7158],[136.6856,35.7223],[136.6819,35.7437],[136.6919,35.7532],[136.6829,35.7718],[136.6696,35.7757],[136.672,35.7913],[136.709,35.7917],[136.723,35.8081],[136.7411,35.8011],[136.7639,35.8106],[136.776,35.7988],[136.7922,35.7978],[136.8009,35.7817],[136.84,35.7767],[136.8432,35.7676],[136.8334,35.7545],[136.8547,35.7462],[136.8533,35.7241],[136.8399,35.6993],[136.8797,35.6523],[136.8695,35.647],[136.8703,35.6366],[136.8543,35.6335],[136.8475,35.6176],[136.8527,35.6034],[136.8417,35.5935],[136.8471,35.5675],[136.8384,35.5593],[136.8541,35.5463],[136.8624,35.5243],[136.8944,35.5105],[136.902,35.5268],[136.9321,35.5229],[136.9446,35.5463],[136.9601,35.5501],[136.9556,35.5637],[136.9673,35.5718],[136.9787,35.6154],[136.9866,35.619],[136.9801,35.6419],[136.9924,35.6514],[137.0181,35.6517],[137.0297,35.6419],[137.0478,35.6504],[137.0548,35.6636],[137.0481,35.6739],[137.051,35.694],[137.0824,35.6772],[137.1013,35.6788],[137.0962,35.6576],[137.0859,35.6497],[137.0944,35.6368],[137.0612,35.6233],[137.0539,35.5988],[137.0713,35.5705],[137.0108,35.5338],[137.0005,35.5174],[136.9925,35.5172],[136.9924,35.5081],[136.949,35.5071],[136.951,35.4886],[136.964,35.484],[136.9539,35.4734],[136.963,35.4684],[136.9544,35.4309],[136.9417,35.4274],[136.9048,35.4462],[136.8818,35.4447],[136.8862,35.4559],[136.8733,35.4639],[136.8352,35.4667]]]}},{"type":"Feature","properties":{"id":"21206","name":"中津川市","pref":"岐阜県"},"geometry":{"type":"Polygon","coordinates":[[[137.4303,35.4218],[137.4843,35.4271],[137.5029,35.4391],[137.4623,35.4396],[137.4419,35.4545],[137.4317,35.4732],[137.407,35.4839],[137.3929,35.4813],[137.3921,35.5075],[137.3514,35.5093],[137.351,35.5325],[137.3404,35.545],[137.343,35.563],[137.3955,35.5626],[137.3989,35.5794],[137.3866,35.6031],[137.4127,35.6265],[137.4111,35.6383],[137.4,35.6465],[137.4086,35.6584],[137.3731,35.6721],[137.331,35.711],[137.3248,35.7478],[137.3586,35.7948],[137.3733,35.8004],[137.3941,35.7974],[137.3961,35.7763],[137.4235,35.7752],[137.4402,35.7586],[137.4526,35.7634],[137.4648,35.7564],[137.4972,35.6885],[137.5354,35.6658],[137.5454,35.6511],[137.5266,35.6343],[137.5138,35.608],[137.5376,35.5845],[137.5713,35.5842],[137.5641,35.5686],[137.5739,35.5447],[137.6078,35.5333],[137.6318,35.5094],[137.6244,35.4938],[137.6318,35.47],[137.593,35.4471],[137.6155,35.4306],[137.622,35.4119],[137.6321,35.4106],[137.6339,35.3992],[137.6186,35.3918],[137.5643,35.4038],[137.5584,35.39],[137.5396,35.3779],[137.5097,35.3737],[137.4893,35.3594],[137.4486,35.3901],[137.4303,35.4218]]]}},{"type":"Feature","properties":{"id":"21207","name":"美濃市","pref":"岐阜県"},"geometry":{"type":"Polygon","coordinates":[[[136.8988,35.5117],[136.8624,35.5243],[136.8541,35.5463],[136.8384,35.5593],[136.8471,35.5675],[136.8417,35.5935],[136.8527,35.6034],[136.8475,35.6176],[136.8554,35.6353],[136.8703,35.6366],[136.8765,35.6515],[136.8894,35.6511],[136.9236,35.6023],[136.9346,35.5987],[136.9425,35.5988],[136.9526,35.615],[136.9787,35.6154],[136.9741,35.5844],[136.9556,35.5637],[136.9589,35.5484],[136.9446,35.5463],[136.9321,35.5229],[136.9022,35.527],[136.8988,35.5117]]]}},{"type":"Feature","properties":{"id":"21208","name":"瑞浪市","pref":"岐阜県"},"geometry":{"type":"Polygon","coordinates":[[[137.2973,35.3262],[137.333,35.3338],[137.3469,35.317],[137.3263,35.3035],[137.3281,35.2914],[137.2766,35.289],[137.2829,35.3174],[137.2447,35.3312],[137.2446,35.3391],[137.2195,35.3579],[137.2252,35.3701],[137.2173,35.3935],[137.196,35.4007],[137.1914,35.4101],[137.2059,35.4249],[137.1968,35.4499],[137.2034,35.4697],[137.2303,35.4726],[137.2369,35.4571],[137.2623,35.4642],[137.2847,35.4483],[137.2955,35.4608],[137.3118,35.442],[137.3306,35.4423],[137.332,35.4275],[137.3522,35.4177],[137.3386,35.4009],[137.3452,35.3954],[137.3411,35.3824],[137.2973,35.3262]]]}},{"type":"Feature","properties":{"id":"21209","name":"羽島市","pref":"岐阜県"},"geometry":{"type":"Polygon","coordinates":[[[136.6779,35.2411],[136.6572,35.2575],[136.6773,35.2782],[136.6652,35.3123],[136.6867,35.3297],[136.6884,35.3523],[136.7309,35.3569],[136.7326,35.3488],[136.7539,35.3449],[136.6944,35.2568],[136.6779,35.2411]]]}},{"type":"Feature","properties":{"id":"21210","name":"恵那市","pref":"岐阜県"},"geometry":{"type":"Polygon","coordinates":[[[137.385,35.2589],[137.3441,35.2579],[137.3446,35.2737],[137.3081,35.2897],[137.3281,35.2914],[137.3263,35.3035],[137.3469,35.317],[137.3346,35.333],[137.2959,35.3278],[137.3411,35.3824],[137.3452,35.3954],[137.3386,35.4009],[137.3522,35.4177],[137.332,35.4275],[137.3306,35.4423],[137.3118,35.442],[137.2955,35.4608],[137.2847,35.4483],[137.2498,35.4658],[137.2652,35.4918],[137.2873,35.5059],[137.269,35.527],[137.3218,35.5346],[137.3415,35.5479],[137.3511,35.5322],[137.3481,35.5125],[137.3686,35.5042],[137.3917,35.5078],[137.3929,35.4813],[137.407,35.4839],[137.4317,35.4732],[137.4419,35.4545],[137.4623,35.4396],[137.5029,35.4391],[137.4843,35.4271],[137.4303,35.4218],[137.4673,35.3704],[137.4917,35.3601],[137.5097,35.3737],[137.5396,35.3779],[137.5584,35.39],[137.5644,35.4039],[137.5985,35.379],[137.6026,35.3583],[137.6034,35.3322],[137.5566,35.3094],[137.5619,35.2833],[137.5189,35.2833],[137.5207,35.2735],[137.4347,35.2241],[137.4281,35.2233],[137.4171,35.2403],[137.4084,35.2348],[137.3878,35.2403],[137.385,35.2589]]]}},{"type":"Feature","properties":{"id":"21211","name":"美濃加茂市","pref":"岐阜県"},"geometry":{"type":"Polygon","coordinates":[[[136.9596,35.447],[136.9649,35.4809],[136.9711,35.4715],[136.9839,35.4713],[136.9844,35.4794],[137.0122,35.4877],[137.0089,35.4959],[136.9972,35.4945],[137.0032,35.5],[136.9924,35.508],[136.9927,35.5174],[137.0288,35.5396],[137.0363,35.5534],[137.0676,35.5477],[137.072,35.5303],[137.0368,35.4964],[137.0513,35.4891],[137.0511,35.4611],[137.0658,35.4781],[137.083,35.4751],[137.0868,35.4671],[137.0757,35.459],[137.0761,35.4498],[137.0834,35.4494],[137.0808,35.4428],[137.0536,35.4451],[137.0065,35.4299],[136.9921,35.4527],[136.9596,35.447]],[[137.0791,35.4489],[137.0786,35.4447],[137.0816,35.4462],[137.0791,35.4489]]]}},{"type":"Feature","properties":{"id":"21212","name":"土岐市","pref":"岐阜県"},"geometry":{"type":"Polygon","coordinates":[[[137.1665,35.318],[137.1537,35.3205],[137.1603,35.3305],[137.1454,35.3495],[137.1589,35.356],[137.1452,35.377],[137.1604,35.3984],[137.1795,35.3919],[137.1942,35.4038],[137.2173,35.3935],[137.2252,35.3701],[137.2195,35.3579],[137.2446,35.3391],[137.2447,35.3312],[137.2829,35.3174],[137.277,35.2916],[137.2627,35.2852],[137.2608,35.2752],[137.2,35.2515],[137.1729,35.2649],[137.1865,35.2774],[137.1754,35.2847],[137.1821,35.2905],[137.1665,35.318]]]}},{"type":"Feature","properties":{"id":"21213","name":"各務原市","pref":"岐阜県"},"geometry":{"type":"MultiPolygon","coordinates":[[[[136.7938,35.3692],[136.7922,35.3688],[136.792,35.3696],[136.7938,35.3692]]],[[[136.8131,35.3886],[136.8156,35.4274],[136.8421,35.4312],[136.8451,35.4245],[136.8588,35.4252],[136.8734,35.446],[136.9048,35.4462],[136.949,35.4293],[136.9507,35.4159],[136.963,35.408],[136.9593,35.3978],[136.9221,35.3792],[136.8649,35.3726],[136.834,35.3559],[136.7929,35.3635],[136.821,35.3757],[136.8131,35.3886]]]]}},{"type":"Feature","properties":{"id":"21214","name":"可児市","pref":"岐阜県"},"geometry":{"type":"MultiPolygon","coordinates":[[[[137.1098,35.4158],[137.1201,35.42],[137.1604,35.3985],[137.1509,35.3801],[137.1237,35.3844],[137.113,35.369],[137.0851,35.3711],[137.0664,35.3999],[137.0602,35.4031],[137.0682,35.3939],[137.0476,35.3647],[137.0022,35.3814],[136.989,35.4012],[136.9782,35.4033],[136.9864,35.42],[137.0058,35.4252],[137.0105,35.4355],[137.0547,35.4453],[137.0719,35.4395],[137.0706,35.4294],[137.0991,35.4377],[137.1098,35.4158]]],[[[137.0835,35.45],[137.097,35.4625],[137.1118,35.4613],[137.1007,35.4472],[137.0835,35.45]]]]}},{"type":"Feature","properties":{"id":"21215","name":"山県市","pref":"岐阜県"},"geometry":{"type":"Polygon","coordinates":[[[136.8056,35.4995],[136.7929,35.4843],[136.7894,35.4918],[136.7737,35.4908],[136.7599,35.5065],[136.7368,35.5079],[136.7176,35.5206],[136.6861,35.5558],[136.6832,35.5767],[136.6688,35.5899],[136.6651,35.6264],[136.6768,35.6379],[136.6747,35.655],[136.6937,35.67],[136.6898,35.6832],[136.6986,35.7188],[136.7279,35.7157],[136.719,35.694],[136.7338,35.6935],[136.7538,35.6801],[136.7685,35.6832],[136.7726,35.6673],[136.8056,35.6534],[136.8066,35.6094],[136.7859,35.597],[136.7964,35.5916],[136.7951,35.5697],[136.805,35.5733],[136.8207,35.561],[136.8088,35.5463],[136.8147,35.5101],[136.8009,35.5048],[136.8056,35.4995]]]}},{"type":"Feature","properties":{"id":"21216","name":"瑞穂市","pref":"岐阜県"},"geometry":{"type":"Polygon","coordinates":[[[136.638,35.3898],[136.633,35.4288],[136.6813,35.4194],[136.6979,35.4075],[136.7063,35.3845],[136.6906,35.3668],[136.6721,35.3672],[136.638,35.3898]]]}},{"type":"Feature","properties":{"id":"21217","name":"飛騨市","pref":"岐阜県"},"geometry":{"type":"Polygon","coordinates":[[[137.0216,36.1895],[136.9828,36.1906],[136.9534,36.2036],[136.958,36.2305],[136.9513,36.2371],[136.9627,36.2604],[136.9862,36.2863],[137.0126,36.2931],[137.0197,36.3183],[137.0376,36.3174],[137.0515,36.3281],[137.0587,36.3425],[137.0489,36.3455],[137.0622,36.3661],[137.0594,36.3734],[137.0949,36.384],[137.0919,36.3965],[137.1597,36.4564],[137.1749,36.4501],[137.1917,36.4552],[137.2056,36.4276],[137.2476,36.462],[137.2564,36.4511],[137.2785,36.465],[137.2985,36.4582],[137.3085,36.4638],[137.317,36.4608],[137.3178,36.4512],[137.305,36.4358],[137.3186,36.4244],[137.3512,36.4329],[137.3615,36.4501],[137.3899,36.4599],[137.4047,36.4267],[137.4607,36.4122],[137.4741,36.4254],[137.5104,36.4243],[137.515,36.4113],[137.5399,36.3933],[137.5209,36.3811],[137.4978,36.3827],[137.4841,36.3711],[137.4223,36.3703],[137.4131,36.3591],[137.4184,36.3511],[137.4037,36.3436],[137.3628,36.3505],[137.3603,36.3288],[137.3714,36.3069],[137.364,36.2965],[137.3366,36.2998],[137.3292,36.2867],[137.276,36.2862],[137.2645,36.269],[137.2394,36.255],[137.22,36.2565],[137.2128,36.2417],[137.1959,36.2313],[137.2063,36.2128],[137.1882,36.2222],[137.1771,36.2118],[137.1597,36.2144],[137.1554,36.2011],[137.1415,36.2016],[137.1214,36.1831],[137.1009,36.2197],[137.0511,36.1913],[137.0385,36.1971],[137.0216,36.1895]]]}},{"type":"Feature","properties":{"id":"21218","name":"本巣市","pref":"岐阜県"},"geometry":{"type":"Polygon","coordinates":[[[136.6917,35.4998],[136.6983,35.483],[136.6859,35.4829],[136.6831,35.4755],[136.6981,35.4629],[136.6984,35.4473],[136.677,35.4409],[136.6816,35.4196],[136.633,35.4288],[136.6343,35.4477],[136.66,35.4916],[136.6597,35.5094],[136.6397,35.5229],[136.6497,35.5312],[136.6333,35.5472],[136.6466,35.5526],[136.6354,35.5657],[136.6387,35.5752],[136.5855,35.5775],[136.5631,35.5873],[136.5597,35.6284],[136.5361,35.6447],[136.5155,35.673],[136.5377,35.6945],[136.5287,35.7153],[136.5354,35.7316],[136.5297,35.7511],[136.5131,35.7638],[136.5228,35.7882],[136.5707,35.7774],[136.5991,35.7985],[136.6221,35.7868],[136.6452,35.8068],[136.6543,35.7859],[136.6829,35.7718],[136.6919,35.753],[136.6809,35.7349],[136.6969,35.7141],[136.6937,35.67],[136.6747,35.655],[136.6768,35.6379],[136.6651,35.6264],[136.6634,35.6022],[136.6958,35.5474],[136.6936,35.5383],[136.6787,35.5362],[136.6899,35.527],[136.6829,35.5156],[136.6967,35.5091],[136.6917,35.4998]]]}},{"type":"Feature","properties":{"id":"21219","name":"郡上市","pref":"岐阜県"},"geometry":{"type":"Polygon","coordinates":[[[136.8758,35.6561],[136.8399,35.6993],[136.8533,35.7241],[136.8547,35.7462],[136.8334,35.7545],[136.842,35.7736],[136.7945,35.7848],[136.7893,35.7994],[136.8022,35.844],[136.8209,35.8439],[136.8311,35.8519],[136.819,35.8817],[136.8223,35.8963],[136.812,35.9125],[136.7848,35.924],[136.7932,35.946],[136.7503,35.9589],[136.7508,35.9904],[136.7267,35.9959],[136.7328,36.0489],[136.759,36.0671],[136.7772,36.0527],[136.7959,36.051],[136.8019,36.043],[136.7972,36.0315],[136.8069,36.0285],[136.815,36.012],[136.8296,36.0115],[136.8378,36.0014],[136.8945,36.0277],[136.9067,36.013],[136.9307,36.0059],[136.9372,35.989],[136.9594,35.9785],[136.9715,35.9568],[136.9777,35.9192],[136.9982,35.9288],[136.9977,35.9392],[137.0192,35.9594],[137.0393,35.9537],[137.0498,35.9605],[137.0689,35.9395],[137.0696,35.9173],[137.0839,35.9077],[137.0846,35.8975],[137.0926,35.9028],[137.0937,35.9281],[137.1,35.9273],[137.1655,35.86],[137.1647,35.8469],[137.1353,35.8499],[137.1224,35.8349],[137.1328,35.7867],[137.1275,35.7767],[137.132,35.7412],[137.0708,35.7226],[137.0676,35.7015],[137.0499,35.6987],[137.0481,35.6739],[137.0548,35.6636],[137.0478,35.6504],[137.0297,35.6419],[137.0181,35.6517],[136.9923,35.6513],[136.9791,35.6396],[136.9866,35.619],[136.9526,35.615],[136.9418,35.5984],[136.9236,35.6023],[136.8982,35.6453],[136.8758,35.6561]]]}},{"type":"Feature","properties":{"id":"21220","name":"下呂市","pref":"岐阜県"},"geometry":{"type":"Polygon","coordinates":[[[137.1251,35.6222],[137.0911,35.6314],[137.0956,35.6406],[137.0859,35.6497],[137.0962,35.6576],[137.1013,35.6788],[137.0824,35.6772],[137.0499,35.6987],[137.0676,35.7015],[137.0737,35.7255],[137.097,35.7264],[137.132,35.7412],[137.1275,35.7767],[137.1328,35.7867],[137.1224,35.8349],[137.1353,35.8499],[137.1554,35.8452],[137.1673,35.8517],[137.122,35.9106],[137.1031,35.9209],[137.1213,35.9485],[137.1052,35.9587],[137.1286,35.9948],[137.1481,36.0041],[137.1579,36.0202],[137.1963,36.0376],[137.2012,36.0288],[137.2338,36.0215],[137.2461,35.9977],[137.2613,35.9872],[137.2913,35.9855],[137.3447,36.002],[137.3424,35.9898],[137.3702,35.9688],[137.3677,35.9453],[137.4015,35.9669],[137.4223,35.9712],[137.4409,35.9591],[137.4559,35.9312],[137.4834,35.9138],[137.4793,35.8964],[137.4616,35.8893],[137.4349,35.9055],[137.3808,35.8924],[137.3644,35.8789],[137.3611,35.8462],[137.3321,35.8407],[137.3246,35.812],[137.3367,35.7986],[137.3603,35.796],[137.3248,35.7478],[137.331,35.711],[137.2847,35.6912],[137.2677,35.6983],[137.2495,35.6895],[137.2432,35.6747],[137.2187,35.6817],[137.205,35.6775],[137.1932,35.668],[137.1976,35.6556],[137.1882,35.648],[137.1795,35.6504],[137.1693,35.6368],[137.1251,35.6222]]]}},{"type":"Feature","properties":{"id":"21221","name":"海津市","pref":"岐阜県"},"geometry":{"type":"Polygon","coordinates":[[[136.6725,35.1892],[136.6696,35.1337],[136.6464,35.1658],[136.6452,35.1446],[136.6158,35.1497],[136.6023,35.178],[136.5877,35.1845],[136.5761,35.2023],[136.5598,35.2066],[136.557,35.2206],[136.5474,35.2203],[136.5504,35.2331],[136.5363,35.2502],[136.5565,35.2619],[136.5695,35.261],[136.5821,35.2487],[136.5917,35.2579],[136.5921,35.2442],[136.5833,35.2467],[136.5824,35.2453],[136.5938,35.235],[136.6018,35.2415],[136.6084,35.2275],[136.6277,35.2549],[136.6266,35.2644],[136.6511,35.2707],[136.6521,35.2874],[136.6724,35.2921],[136.6769,35.2759],[136.6571,35.2564],[136.6779,35.2411],[136.681,35.2238],[136.6831,35.1998],[136.6725,35.1892]]]}},{"type":"Feature","properties":{"id":"21302","name":"岐南町","pref":"岐阜県"},"geometry":{"type":"MultiPolygon","coordinates":[[[[136.7772,35.3695],[136.7749,35.3729],[136.7771,35.3731],[136.7772,35.3695]]],[[[136.8163,35.3807],[136.7966,35.3757],[136.7781,35.3818],[136.7748,35.373],[136.7628,35.3785],[136.771,35.3952],[136.7858,35.4],[136.8036,35.3871],[136.8169,35.3874],[136.8163,35.3807]]]]}},{"type":"Feature","properties":{"id":"21303","name":"笠松町","pref":"岐阜県"},"geometry":{"type":"Polygon","coordinates":[[[136.729,35.357],[136.7576,35.3651],[136.7518,35.3697],[136.7605,35.3786],[136.7748,35.373],[136.7781,35.3818],[136.7966,35.3757],[136.8106,35.3831],[136.821,35.3757],[136.8063,35.3738],[136.8,35.3642],[136.7749,35.3729],[136.7539,35.3449],[136.7326,35.3488],[136.729,35.357]],[[136.7938,35.3692],[136.7922,35.3688],[136.7939,35.3685],[136.7938,35.3692]]]}},{"type":"Feature","properties":{"id":"21341","name":"養老町","pref":"岐阜県"},"geometry":{"type":"Polygon","coordinates":[[[136.5833,35.2467],[136.5921,35.2442],[136.5917,35.2579],[136.5821,35.2487],[136.5686,35.2614],[136.5535,35.2613],[136.5385,35.2497],[136.5273,35.2579],[136.5225,35.3015],[136.5073,35.3186],[136.5146,35.3327],[136.5331,35.3255],[136.5356,35.3331],[136.5545,35.3343],[136.5534,35.3436],[136.5819,35.341],[136.5944,35.3035],[136.6101,35.294],[136.6072,35.2637],[136.6252,35.2526],[136.6084,35.2275],[136.6018,35.2415],[136.5938,35.235],[136.5833,35.2467]]]}},{"type":"Feature","properties":{"id":"21361","name":"垂井町","pref":"岐阜県"},"geometry":{"type":"Polygon","coordinates":[[[136.5352,35.3333],[136.5277,35.3456],[136.5108,35.3461],[136.5022,35.3554],[136.5091,35.3746],[136.4892,35.3677],[136.4638,35.395],[136.4704,35.4152],[136.4852,35.4159],[136.4969,35.4336],[136.5171,35.4378],[136.5251,35.4185],[136.5433,35.4163],[136.55,35.4107],[136.5469,35.3983],[136.5552,35.3978],[136.5478,35.3927],[136.5412,35.3981],[136.5484,35.3873],[136.5428,35.3777],[136.5607,35.3702],[136.5565,35.3521],[136.5619,35.3471],[136.5534,35.3436],[136.5545,35.3343],[136.5352,35.3333]]]}},{"type":"Feature","properties":{"id":"21362","name":"関ケ原町","pref":"岐阜県"},"geometry":{"type":"Polygon","coordinates":[[[136.403,35.3005],[136.4223,35.3484],[136.4105,35.3528],[136.4151,35.3733],[136.4616,35.3953],[136.4892,35.3677],[136.5091,35.3746],[136.5037,35.3578],[136.483,35.3594],[136.4657,35.3435],[136.4553,35.3279],[136.4575,35.3148],[136.4257,35.3067],[136.4295,35.2994],[136.4218,35.2878],[136.403,35.3005]]]}},{"type":"Feature","properties":{"id":"21381","name":"神戸町","pref":"岐阜県"},"geometry":{"type":"Polygon","coordinates":[[[136.6409,35.3871],[136.6216,35.393],[136.6228,35.4038],[136.6108,35.4046],[136.6062,35.3917],[136.5843,35.4061],[136.5906,35.4442],[136.6005,35.4484],[136.6193,35.4237],[136.6304,35.4269],[136.6322,35.4189],[136.6244,35.4186],[136.6424,35.3949],[136.6409,35.3871]]]}},{"type":"Feature","properties":{"id":"21382","name":"輪之内町","pref":"岐阜県"},"geometry":{"type":"Polygon","coordinates":[[[136.6071,35.2651],[136.6057,35.2907],[136.6195,35.3022],[136.6395,35.3127],[136.6652,35.3074],[136.6724,35.2921],[136.6521,35.2874],[136.6514,35.2709],[136.6268,35.2647],[136.6252,35.2526],[136.6071,35.2651]]]}},{"type":"Feature","properties":{"id":"21383","name":"安八町","pref":"岐阜県"},"geometry":{"type":"Polygon","coordinates":[[[136.6652,35.3074],[136.6393,35.3127],[136.6385,35.334],[136.6567,35.3407],[136.6565,35.3828],[136.6763,35.3634],[136.6722,35.3473],[136.6887,35.3458],[136.6867,35.3297],[136.6652,35.3074]]]}},{"type":"Feature","properties":{"id":"21401","name":"揖斐川町","pref":"岐阜県"},"geometry":{"type":"Polygon","coordinates":[[[136.3869,35.492],[136.4057,35.5135],[136.4004,35.5301],[136.3843,35.5331],[136.3728,35.5597],[136.3626,35.5587],[136.3567,35.5399],[136.346,35.5361],[136.3373,35.5503],[136.3175,35.5474],[136.3244,35.5842],[136.315,35.6059],[136.3237,35.6164],[136.3158,35.6234],[136.2887,35.6205],[136.2762,35.6525],[136.2989,35.6777],[136.2918,35.6905],[136.324,35.7167],[136.3252,35.7436],[136.3184,35.7511],[136.3279,35.7751],[136.3465,35.776],[136.3775,35.7952],[136.4309,35.775],[136.4857,35.7765],[136.5036,35.7507],[136.514,35.7623],[136.5296,35.7511],[136.5354,35.7316],[136.5287,35.7153],[136.5377,35.6945],[136.5155,35.673],[136.5361,35.6447],[136.5597,35.6284],[136.5627,35.5876],[136.571,35.5808],[136.6398,35.5744],[136.6353,35.5659],[136.6465,35.5519],[136.6333,35.5472],[136.6495,35.5316],[136.6397,35.5229],[136.6539,35.5095],[136.6452,35.5006],[136.6361,35.5055],[136.5938,35.4882],[136.5923,35.4798],[136.6054,35.4736],[136.6073,35.4618],[136.574,35.4618],[136.5688,35.4732],[136.5316,35.4718],[136.5361,35.4673],[136.5256,35.4625],[136.5171,35.4378],[136.4968,35.4336],[136.4849,35.4157],[136.4704,35.4152],[136.4638,35.395],[136.4481,35.3887],[136.4118,35.4186],[136.4262,35.4484],[136.4209,35.465],[136.4016,35.47],[136.3869,35.492]]]}},{"type":"Feature","properties":{"id":"21403","name":"大野町","pref":"岐阜県"},"geometry":{"type":"Polygon","coordinates":[[[136.6343,35.4477],[136.64,35.404],[136.6244,35.4186],[136.6322,35.4189],[136.6304,35.4269],[136.6193,35.4237],[136.5959,35.4536],[136.5928,35.4603],[136.6076,35.4664],[136.5926,35.4866],[136.658,35.5106],[136.6562,35.48],[136.6343,35.4477]]]}},{"type":"Feature","properties":{"id":"21404","name":"池田町","pref":"岐阜県"},"geometry":{"type":"Polygon","coordinates":[[[136.5483,35.4075],[136.5433,35.4163],[136.5251,35.4185],[136.5164,35.4388],[136.5256,35.4625],[136.5361,35.4673],[136.5316,35.4718],[136.5688,35.4732],[136.574,35.4618],[136.5888,35.4644],[136.6005,35.4484],[136.5845,35.4294],[136.585,35.4082],[136.5483,35.4075]]]}},{"type":"Feature","properties":{"id":"21421","name":"北方町","pref":"岐阜県"},"geometry":{"type":"Polygon","coordinates":[[[136.6989,35.4216],[136.682,35.4143],[136.677,35.4409],[136.6962,35.4492],[136.6989,35.4216]]]}},{"type":"Feature","properties":{"id":"21501","name":"坂祝町","pref":"岐阜県"},"geometry":{"type":"Polygon","coordinates":[[[136.9508,35.4158],[136.949,35.4303],[136.9699,35.4514],[136.9921,35.4527],[137.0065,35.4299],[136.9508,35.4158]]]}},{"type":"Feature","properties":{"id":"21502","name":"富加町","pref":"岐阜県"},"geometry":{"type":"Polygon","coordinates":[[[137.0132,35.4921],[136.9759,35.4713],[136.9649,35.481],[136.963,35.4684],[136.956,35.471],[136.964,35.484],[136.951,35.4886],[136.949,35.5071],[136.9977,35.5081],[137.0032,35.4996],[136.9973,35.4943],[137.0088,35.4959],[137.0093,35.4945],[137.0121,35.4937],[137.0132,35.4921]]]}},{"type":"Feature","properties":{"id":"21503","name":"川辺町","pref":"岐阜県"},"geometry":{"type":"Polygon","coordinates":[[[137.0375,35.4988],[137.0721,35.5306],[137.059,35.5543],[137.0947,35.545],[137.0945,35.5535],[137.1044,35.5521],[137.0997,35.5443],[137.1071,35.5461],[137.1086,35.5454],[137.1067,35.5185],[137.1327,35.5102],[137.1266,35.5012],[137.116,35.506],[137.1018,35.489],[137.0846,35.4885],[137.0874,35.4694],[137.0672,35.4787],[137.0529,35.4607],[137.0513,35.4891],[137.0375,35.4988]]]}},{"type":"Feature","properties":{"id":"21504","name":"七宗町","pref":"岐阜県"},"geometry":{"type":"Polygon","coordinates":[[[137.0443,35.55],[137.0729,35.5728],[137.053,35.5933],[137.0612,35.6233],[137.0862,35.6333],[137.1124,35.6208],[137.1405,35.6249],[137.1377,35.6092],[137.1565,35.6143],[137.157,35.6077],[137.1398,35.5976],[137.1746,35.5735],[137.1849,35.5537],[137.1661,35.5469],[137.1704,35.5429],[137.162,35.5418],[137.1631,35.5339],[137.1536,35.544],[137.1393,35.5372],[137.1344,35.5208],[137.1229,35.5165],[137.1067,35.5185],[137.1086,35.5454],[137.0998,35.5442],[137.1071,35.5497],[137.0987,35.5547],[137.0947,35.545],[137.0608,35.5541],[137.0572,35.5455],[137.0443,35.55]]]}},{"type":"Feature","properties":{"id":"21505","name":"八百津町","pref":"岐阜県"},"geometry":{"type":"MultiPolygon","coordinates":[[[[137.0786,35.4447],[137.0786,35.4473],[137.0787,35.4487],[137.0794,35.4487],[137.0816,35.4462],[137.0786,35.4447]]],[[[137.25,35.4646],[137.2369,35.4571],[137.2303,35.4726],[137.1906,35.4736],[137.1687,35.4673],[137.1643,35.4534],[137.12,35.4524],[137.1037,35.4651],[137.0761,35.4498],[137.0758,35.4591],[137.0918,35.4729],[137.084,35.4877],[137.1018,35.489],[137.1162,35.506],[137.1303,35.5034],[137.1321,35.5129],[137.123,35.5165],[137.1344,35.5208],[137.1375,35.5361],[137.1536,35.544],[137.1631,35.5339],[137.1667,35.5473],[137.2,35.555],[137.2066,35.5446],[137.2261,35.553],[137.2869,35.5082],[137.2651,35.4917],[137.25,35.4646]]]]}},{"type":"Feature","properties":{"id":"21506","name":"白川町","pref":"岐阜県"},"geometry":{"type":"Polygon","coordinates":[[[137.3957,35.5629],[137.343,35.563],[137.3449,35.5506],[137.3224,35.5348],[137.269,35.527],[137.2232,35.554],[137.2066,35.5446],[137.2002,35.5549],[137.1849,35.5534],[137.1746,35.5735],[137.1398,35.5976],[137.1581,35.6128],[137.1354,35.6112],[137.1428,35.6319],[137.1693,35.6368],[137.1795,35.6504],[137.1974,35.6553],[137.1931,35.6678],[137.205,35.6775],[137.2187,35.6817],[137.2432,35.6747],[137.2495,35.6895],[137.2677,35.6983],[137.2847,35.6912],[137.331,35.711],[137.3448,35.7035],[137.344,35.6962],[137.2953,35.666],[137.2798,35.6409],[137.2581,35.6328],[137.259,35.6181],[137.2825,35.5975],[137.3331,35.6221],[137.3899,35.6104],[137.394,35.6056],[137.3864,35.5992],[137.3989,35.5794],[137.3957,35.5629]]]}},{"type":"Feature","properties":{"id":"21507","name":"東白川村","pref":"岐阜県"},"geometry":{"type":"Polygon","coordinates":[[[137.3946,35.608],[137.3331,35.6221],[137.2825,35.5975],[137.263,35.6096],[137.2571,35.6316],[137.2878,35.6473],[137.2953,35.666],[137.321,35.686],[137.3525,35.6962],[137.3731,35.6721],[137.4091,35.6563],[137.4,35.6465],[137.4127,35.6266],[137.4042,35.6145],[137.3946,35.608]]]}},{"type":"Feature","properties":{"id":"21521","name":"御嵩町","pref":"岐阜県"},"geometry":{"type":"Polygon","coordinates":[[[137.17,35.3924],[137.1055,35.4184],[137.1068,35.431],[137.0991,35.4377],[137.0706,35.4294],[137.0694,35.4372],[137.092,35.453],[137.1007,35.4472],[137.1068,35.4576],[137.1597,35.4528],[137.1711,35.4685],[137.2034,35.4697],[137.1968,35.4499],[137.2059,35.4249],[137.1914,35.4103],[137.1903,35.3964],[137.17,35.3924]]]}},{"type":"Feature","properties":{"id":"21604","name":"白川村","pref":"岐阜県"},"geometry":{"type":"Polygon","coordinates":[[[136.7653,36.1059],[136.7808,36.1415],[136.7664,36.1626],[136.7984,36.1726],[136.8021,36.1871],[136.8226,36.2015],[136.821,36.2107],[136.8518,36.2471],[136.8337,36.2658],[136.8146,36.2664],[136.7923,36.2992],[136.8324,36.3068],[136.8425,36.3327],[136.8372,36.3472],[136.8651,36.3497],[136.8711,36.3675],[136.8748,36.3428],[136.9075,36.3608],[136.947,36.3457],[136.9733,36.3099],[136.9577,36.2779],[136.9755,36.2735],[136.9513,36.2371],[136.958,36.2305],[136.9333,36.1449],[136.956,36.1278],[136.9553,36.1184],[136.9326,36.1126],[136.9349,36.1048],[136.9247,36.0943],[136.8963,36.1059],[136.8569,36.1054],[136.8183,36.093],[136.8071,36.1055],[136.7882,36.0977],[136.7653,36.1059]]]}},{"type":"Feature","properties":{"id":"23000","name":"所属未定地","pref":"愛知県"},"geometry":{"type":"Polygon","coordinates":[[[136.8198,34.9977],[136.8002,35.0036],[136.8017,35.0094],[136.8217,35.0176],[136.8198,34.9977]]]}},{"type":"Feature","properties":{"id":"23101","name":"名古屋市","pref":"愛知県"},"geometry":{"type":"Polygon","coordinates":[[[136.9245,35.1577],[136.9416,35.1832],[136.9867,35.1919],[136.9844,35.1797],[136.9779,35.1795],[136.992,35.1665],[136.9858,35.1493],[136.9704,35.1478],[136.9542,35.1595],[136.9245,35.1577]]]}},{"type":"Feature","properties":{"id":"23102","name":"名古屋市","pref":"愛知県"},"geometry":{"type":"Polygon","coordinates":[[[136.9073,35.1861],[136.9361,35.19],[136.9439,35.1994],[136.9658,35.1858],[136.9416,35.1832],[136.9277,35.1694],[136.9093,35.1695],[136.9073,35.1861]]]}},{"type":"Feature","properties":{"id":"23103","name":"名古屋市","pref":"愛知県"},"geometry":{"type":"Polygon","coordinates":[[[136.9283,35.225],[136.9399,35.2219],[136.9258,35.2105],[136.9439,35.1994],[136.9361,35.19],[136.8995,35.1867],[136.9014,35.2096],[136.8911,35.212],[136.9075,35.221],[136.9014,35.2397],[136.912,35.2361],[136.9299,35.2437],[136.9283,35.225]]]}},{"type":"Feature","properties":{"id":"23104","name":"名古屋市","pref":"愛知県"},"geometry":{"type":"Polygon","coordinates":[[[136.8659,35.1917],[136.8789,35.2088],[136.8602,35.208],[136.8646,35.2133],[136.8557,35.2306],[136.872,35.2314],[136.8748,35.2251],[136.9036,35.2339],[136.9075,35.221],[136.8911,35.212],[136.9017,35.2088],[136.8931,35.1738],[136.881,35.1711],[136.8659,35.1917]]]}},{"type":"Feature","properties":{"id":"23105","name":"名古屋市","pref":"愛知県"},"geometry":{"type":"Polygon","coordinates":[[[136.8333,35.1653],[136.8659,35.1917],[136.881,35.1711],[136.8931,35.1738],[136.893,35.1582],[136.8854,35.1636],[136.8396,35.1455],[136.8291,35.1481],[136.8374,35.1546],[136.8333,35.1653]]]}},{"type":"Feature","properties":{"id":"23106","name":"名古屋市","pref":"愛知県"},"geometry":{"type":"Polygon","coordinates":[[[136.9102,35.1477],[136.8954,35.1435],[136.8962,35.1871],[136.9085,35.1856],[136.9093,35.1695],[136.9303,35.1699],[136.9102,35.1477]]]}},{"type":"Feature","properties":{"id":"23107","name":"名古屋市","pref":"愛知県"},"geometry":{"type":"Polygon","coordinates":[[[136.9148,35.1374],[136.9102,35.1477],[136.9206,35.159],[136.9395,35.1539],[136.9582,35.1589],[136.9725,35.1482],[136.9666,35.1356],[136.9148,35.1374]]]}},{"type":"Feature","properties":{"id":"23108","name":"名古屋市","pref":"愛知県"},"geometry":{"type":"Polygon","coordinates":[[[136.9558,35.1361],[136.96,35.114],[136.939,35.1175],[136.922,35.1085],[136.9114,35.1154],[136.9147,35.1374],[136.9558,35.1361]]]}},{"type":"Feature","properties":{"id":"23109","name":"名古屋市","pref":"愛知県"},"geometry":{"type":"Polygon","coordinates":[[[136.8956,35.1428],[136.9122,35.1433],[136.9171,35.131],[136.9134,35.1174],[136.9011,35.112],[136.8826,35.1184],[136.8863,35.1406],[136.8987,35.1364],[136.8956,35.1428]]]}},{"type":"Feature","properties":{"id":"23110","name":"名古屋市","pref":"愛知県"},"geometry":{"type":"Polygon","coordinates":[[[136.8144,35.1666],[136.8289,35.1574],[136.836,35.1578],[136.8319,35.1602],[136.8339,35.1646],[136.8375,35.1549],[136.8316,35.1449],[136.886,35.1637],[136.8987,35.1364],[136.8863,35.1406],[136.8826,35.1184],[136.8537,35.1222],[136.8372,35.1174],[136.8363,35.1099],[136.8164,35.1271],[136.7976,35.1219],[136.8009,35.148],[136.8091,35.1484],[136.8018,35.1613],[136.8144,35.1666]]]}},{"type":"Feature","properties":{"id":"23111","name":"名古屋市","pref":"愛知県"},"geometry":{"type":"MultiPolygon","coordinates":[[[[136.838,35.0517],[136.855,35.0553],[136.8458,35.0339],[136.8455,35.0339],[136.838,35.0517]]],[[[136.8747,35.0525],[136.8653,35.05],[136.8676,35.0633],[136.8813,35.0716],[136.8747,35.0525]]],[[[136.8688,35.0848],[136.8698,35.0874],[136.8704,35.0857],[136.8703,35.0852],[136.8698,35.0844],[136.8688,35.0848]]],[[[136.8685,35.0882],[136.8626,35.0698],[136.8565,35.0725],[136.8564,35.0782],[136.8551,35.0776],[136.858,35.0587],[136.8427,35.0592],[136.8473,35.083],[136.8407,35.0663],[136.8423,35.0827],[136.8247,35.0802],[136.7979,35.0969],[136.7937,35.1221],[136.8164,35.1271],[136.8331,35.1186],[136.8349,35.1099],[136.8372,35.1174],[136.8634,35.123],[136.9015,35.1118],[136.9006,35.0938],[136.9121,35.0907],[136.9016,35.0689],[136.884,35.0673],[136.8853,35.0745],[136.8961,35.0765],[136.8901,35.0779],[136.8966,35.085],[136.8915,35.0928],[136.8685,35.0882]]]]}},{"type":"Feature","properties":{"id":"23112","name":"名古屋市","pref":"愛知県"},"geometry":{"type":"Polygon","coordinates":[[[136.9057,35.0684],[136.9042,35.0839],[136.9121,35.0907],[136.9006,35.0938],[136.9045,35.118],[136.922,35.1085],[136.939,35.1175],[136.9488,35.1134],[136.9399,35.0775],[136.9057,35.0684]]]}},{"type":"Feature","properties":{"id":"23113","name":"名古屋市","pref":"愛知県"},"geometry":{"type":"Polygon","coordinates":[[[136.9615,35.191],[136.9279,35.2146],[136.9736,35.2184],[136.989,35.2267],[136.9916,35.2402],[137.0071,35.2409],[137.0299,35.2593],[137.0503,35.2602],[137.0609,35.2482],[137.0513,35.2385],[137.0195,35.2313],[137.0051,35.2175],[137.0015,35.2093],[137.0085,35.2101],[137.012,35.1949],[137.0257,35.2019],[137.03,35.1905],[136.9928,35.1975],[136.9615,35.191]]]}},{"type":"Feature","properties":{"id":"23114","name":"名古屋市","pref":"愛知県"},"geometry":{"type":"Polygon","coordinates":[[[136.9744,35.0629],[136.9723,35.0431],[136.9593,35.0392],[136.9572,35.0475],[136.9328,35.0487],[136.9244,35.0644],[136.9058,35.0684],[136.9347,35.073],[136.9521,35.1021],[136.9903,35.1094],[137.0005,35.1004],[137.0211,35.1098],[137.0215,35.0912],[137.0164,35.0942],[137.0096,35.0753],[136.9884,35.0737],[136.9856,35.0606],[136.9744,35.0629]]]}},{"type":"Feature","properties":{"id":"23115","name":"名古屋市","pref":"愛知県"},"geometry":{"type":"Polygon","coordinates":[[[137.0233,35.1399],[136.9858,35.1493],[136.992,35.1665],[136.9779,35.1792],[136.9928,35.1975],[137.0262,35.1841],[137.027,35.1562],[137.0184,35.1472],[137.0233,35.1399]]]}},{"type":"Feature","properties":{"id":"23116","name":"名古屋市","pref":"愛知県"},"geometry":{"type":"Polygon","coordinates":[[[136.9804,35.1527],[137.01,35.139],[137.0001,35.13],[137.02,35.1096],[137.0005,35.1004],[136.9903,35.1094],[136.9482,35.0994],[136.9725,35.1482],[136.9804,35.1527]]]}},{"type":"Feature","properties":{"id":"23201","name":"豊橋市","pref":"愛知県"},"geometry":{"type":"MultiPolygon","coordinates":[[[[137.3161,34.6979],[137.3162,34.6958],[137.3161,34.6958],[137.3161,34.6979]]],[[[137.3118,34.6968],[137.3118,34.6979],[137.3118,34.6979],[137.3118,34.6968]]],[[[137.3161,34.6994],[137.3161,34.6984],[137.3161,34.6994],[137.3161,34.6994]]],[[[137.3081,34.7375],[137.3098,34.7447],[137.3192,34.7485],[137.3187,34.7331],[137.3081,34.7375]]],[[[137.2708,34.7376],[137.2905,34.7488],[137.2906,34.7488],[137.2708,34.7376]]],[[[137.485,34.6741],[137.3414,34.6475],[137.3373,34.6633],[137.3055,34.6658],[137.3158,34.6885],[137.3082,34.6921],[137.3223,34.6938],[137.3251,34.7016],[137.3085,34.7021],[137.3083,34.725],[137.3281,34.7274],[137.3329,34.719],[137.3518,34.7275],[137.3203,34.7328],[137.3206,34.7702],[137.331,34.7805],[137.3256,34.7855],[137.3086,34.7788],[137.3065,34.7845],[137.3311,34.7973],[137.33,34.7898],[137.3392,34.7864],[137.3513,34.7937],[137.3489,34.7842],[137.3866,34.8008],[137.4093,34.7906],[137.4039,34.8038],[137.431,34.8094],[137.4428,34.8244],[137.4306,34.8249],[137.4239,34.8418],[137.4775,34.86],[137.488,34.831],[137.5017,34.8234],[137.4869,34.8114],[137.4943,34.8022],[137.4929,34.7869],[137.4766,34.7746],[137.4741,34.7499],[137.4918,34.7025],[137.485,34.6741]]]]}},{"type":"Feature","properties":{"id":"23202","name":"岡崎市","pref":"愛知県"},"geometry":{"type":"Polygon","coordinates":[[[137.2528,34.8621],[137.2118,34.8679],[137.2007,34.8846],[137.2075,34.894],[137.1867,34.9088],[137.1676,34.9063],[137.1545,34.8867],[137.1336,34.8903],[137.1027,34.8789],[137.1152,34.8908],[137.1056,34.9126],[137.1192,34.9271],[137.1058,34.9439],[137.12,34.9645],[137.1086,34.9754],[137.1265,34.9767],[137.1191,34.9817],[137.1164,34.9913],[137.1168,34.9949],[137.1579,34.9954],[137.1662,35.0033],[137.1607,35.0274],[137.1948,35.0387],[137.2074,35.0327],[137.2126,35.0415],[137.237,35.0393],[137.2615,35.0168],[137.2681,35.0305],[137.2894,35.0178],[137.3153,35.0204],[137.3456,35.0092],[137.3476,35.0153],[137.3713,35.0152],[137.3751,34.9979],[137.4056,34.9788],[137.3905,34.9653],[137.408,34.9584],[137.402,34.9481],[137.4127,34.9429],[137.4112,34.9277],[137.4208,34.9099],[137.4032,34.9026],[137.3949,34.8835],[137.3755,34.8937],[137.3609,34.8858],[137.3499,34.8983],[137.3035,34.8777],[137.2968,34.8863],[137.2832,34.8808],[137.2683,34.8853],[137.2528,34.8621]]]}},{"type":"Feature","properties":{"id":"23203","name":"一宮市","pref":"愛知県"},"geometry":{"type":"Polygon","coordinates":[[[136.8368,35.2513],[136.8255,35.2767],[136.8072,35.2763],[136.7754,35.2602],[136.7575,35.2682],[136.7404,35.2581],[136.7363,35.2682],[136.7046,35.2756],[136.7257,35.2956],[136.7706,35.3684],[136.834,35.3559],[136.8323,35.3463],[136.8418,35.3455],[136.8457,35.3314],[136.8403,35.3275],[136.8562,35.3234],[136.8616,35.31],[136.8773,35.3023],[136.8651,35.2966],[136.86,35.2812],[136.843,35.2745],[136.8518,35.2666],[136.8368,35.2513]]]}},{"type":"Feature","properties":{"id":"23204","name":"瀬戸市","pref":"愛知県"},"geometry":{"type":"Polygon","coordinates":[[[137.0652,35.2351],[137.0503,35.2602],[137.0684,35.263],[137.0975,35.2889],[137.101,35.3016],[137.1317,35.2936],[137.1456,35.2798],[137.1652,35.2834],[137.1765,35.2603],[137.1895,35.2526],[137.1804,35.2445],[137.1845,35.2296],[137.1699,35.2065],[137.1057,35.1788],[137.0671,35.1959],[137.05,35.1944],[137.0491,35.2027],[137.0683,35.2139],[137.0573,35.2218],[137.0652,35.2351]]]}},{"type":"Feature","properties":{"id":"23205","name":"半田市","pref":"愛知県"},"geometry":{"type":"Polygon","coordinates":[[[136.8749,34.8829],[136.8769,34.8963],[136.8656,34.9003],[136.879,34.919],[136.8872,34.9109],[136.9369,34.9105],[136.9337,34.923],[136.9443,34.9417],[136.9752,34.9322],[136.9588,34.8711],[136.9518,34.8786],[136.9364,34.8782],[136.946,34.8742],[136.9407,34.8628],[136.8842,34.8735],[136.8749,34.8829]]]}},{"type":"Feature","properties":{"id":"23206","name":"春日井市","pref":"愛知県"},"geometry":{"type":"Polygon","coordinates":[[[137.0116,35.2497],[137.0067,35.2407],[136.9916,35.2402],[136.989,35.2267],[136.9719,35.2176],[136.9366,35.2161],[136.9398,35.2242],[136.9251,35.2293],[136.9349,35.261],[136.9312,35.2734],[136.9459,35.2775],[136.9429,35.2872],[136.959,35.2807],[136.9681,35.2891],[136.9881,35.2799],[137.0128,35.2845],[137.0142,35.2989],[137.0078,35.301],[137.0181,35.3048],[137.0195,35.321],[137.0463,35.3395],[137.068,35.3359],[137.073,35.3265],[137.0641,35.3207],[137.0666,35.3091],[137.0818,35.3051],[137.0813,35.2922],[137.0977,35.2891],[137.0675,35.2625],[137.0563,35.2655],[137.0116,35.2497]]]}},{"type":"Feature","properties":{"id":"23207","name":"豊川市","pref":"愛知県"},"geometry":{"type":"MultiPolygon","coordinates":[[[[137.3012,34.7951],[137.3003,34.8097],[137.2981,34.8092],[137.2973,34.8062],[137.2979,34.8092],[137.2986,34.8099],[137.3008,34.8096],[137.308,34.8051],[137.3114,34.7991],[137.3012,34.7951]]],[[[137.2983,34.8082],[137.2982,34.8073],[137.2982,34.8073],[137.2983,34.8082]]],[[[137.2997,34.8082],[137.3,34.8081],[137.2997,34.8081],[137.2997,34.8082]]],[[[137.3065,34.7845],[137.3033,34.793],[137.3167,34.7977],[137.2893,34.8239],[137.3016,34.8266],[137.2654,34.8387],[137.2583,34.8502],[137.2562,34.8693],[137.2659,34.8843],[137.2968,34.8863],[137.3035,34.8777],[137.35,34.8983],[137.3609,34.8858],[137.3755,34.8937],[137.3943,34.8833],[137.4032,34.9026],[137.4205,34.9097],[137.4559,34.8794],[137.4601,34.8712],[137.4527,34.864],[137.4606,34.8531],[137.4239,34.8418],[137.4306,34.8249],[137.4428,34.8244],[137.431,34.8094],[137.4039,34.8038],[137.4093,34.7906],[137.3866,34.8008],[137.3489,34.7842],[137.3513,34.7937],[137.3392,34.7864],[137.33,34.7898],[137.3311,34.7973],[137.3065,34.7845]]]]}},{"type":"Feature","properties":{"id":"23208","name":"津島市","pref":"愛知県"},"geometry":{"type":"Polygon","coordinates":[[[136.7627,35.1327],[136.7377,35.164],[136.71,35.1638],[136.709,35.1895],[136.7378,35.1882],[136.7494,35.177],[136.7572,35.1943],[136.7719,35.1981],[136.7865,35.1587],[136.7707,35.1478],[136.7709,35.1369],[136.7627,35.1327]]]}},{"type":"Feature","properties":{"id":"23209","name":"碧南市","pref":"愛知県"},"geometry":{"type":"MultiPolygon","coordinates":[[[[136.9531,34.8247],[136.9434,34.8186],[136.9582,34.828],[136.9531,34.8247]]],[[[136.9665,34.8228],[136.9542,34.8483],[136.9642,34.8503],[136.9553,34.8548],[136.9681,34.8749],[136.9759,34.8742],[136.9706,34.8775],[136.9768,34.8933],[136.9838,34.8933],[136.9774,34.8946],[136.9776,34.9073],[137.0016,34.9147],[137.0319,34.9371],[137.035,34.9213],[137.0132,34.9047],[137.0163,34.8943],[137.0404,34.8871],[137.0021,34.8687],[136.9665,34.8228]]]]}},{"type":"Feature","properties":{"id":"23210","name":"刈谷市","pref":"愛知県"},"geometry":{"type":"Polygon","coordinates":[[[137.0101,34.9473],[136.9833,34.956],[136.9789,34.9818],[136.9902,35.0217],[137.0348,35.0536],[137.044,35.0686],[137.0614,35.0661],[137.0684,35.0573],[137.046,35.0332],[137.0461,35.0228],[137.0337,35.0192],[137.0296,35.0068],[137.0164,35.0056],[137.027,34.9913],[137.0209,34.9867],[137.0458,34.9806],[137.0468,34.9605],[137.0321,34.9629],[137.0101,34.9473]]]}},{"type":"Feature","properties":{"id":"23211","name":"豊田市","pref":"愛知県"},"geometry":{"type":"Polygon","coordinates":[[[137.1162,34.9919],[137.11,35.0043],[137.0988,35.003],[137.1037,35.0077],[137.0777,35.0081],[137.0736,35.018],[137.0624,35.0095],[137.0481,35.0109],[137.0397,35.0218],[137.0646,35.0575],[137.1022,35.0642],[137.112,35.1026],[137.1303,35.1178],[137.0981,35.1417],[137.0957,35.1794],[137.1261,35.1824],[137.1531,35.2038],[137.1698,35.2064],[137.1845,35.2296],[137.1775,35.2363],[137.1843,35.2501],[137.2123,35.2599],[137.224,35.2562],[137.2572,35.2724],[137.2627,35.2852],[137.2751,35.2905],[137.3081,35.2912],[137.3446,35.2737],[137.3441,35.2579],[137.3832,35.2602],[137.387,35.2409],[137.4084,35.2348],[137.4171,35.2403],[137.4298,35.2229],[137.5207,35.2735],[137.5189,35.2833],[137.5438,35.2806],[137.5673,35.2896],[137.5708,35.2827],[137.5558,35.2745],[137.5579,35.2652],[137.546,35.2517],[137.5787,35.2194],[137.5811,35.1902],[137.5705,35.1854],[137.5398,35.1918],[137.518,35.1779],[137.5,35.1847],[137.5028,35.1972],[137.487,35.1937],[137.4832,35.1795],[137.462,35.1601],[137.4736,35.1462],[137.4573,35.1334],[137.4439,35.1363],[137.4447,35.1117],[137.4293,35.1042],[137.4463,35.0719],[137.4293,35.0521],[137.4355,35.0302],[137.4258,35.0236],[137.4261,35.0084],[137.4075,35.0124],[137.3851,34.9907],[137.3751,34.9979],[137.3708,35.0154],[137.3476,35.0153],[137.3456,35.0092],[137.3153,35.0204],[137.2894,35.0178],[137.2681,35.0305],[137.2615,35.0168],[137.237,35.0393],[137.2126,35.0415],[137.2074,35.0327],[137.1948,35.0387],[137.1607,35.0274],[137.1662,35.0033],[137.1591,34.996],[137.1427,34.9925],[137.1343,34.9999],[137.1162,34.9919]]]}},{"type":"Feature","properties":{"id":"23212","name":"安城市","pref":"愛知県"},"geometry":{"type":"Polygon","coordinates":[[[137.0148,34.8975],[137.0138,34.9056],[137.0361,34.9262],[137.0318,34.9372],[137.0168,34.9308],[137.0105,34.9474],[137.0321,34.9629],[137.0449,34.9582],[137.0441,34.9807],[137.0723,34.9859],[137.07,34.9972],[137.0863,35.0111],[137.1037,35.0077],[137.1002,35.0017],[137.11,35.0043],[137.1265,34.9767],[137.1086,34.9754],[137.12,34.9645],[137.1058,34.9439],[137.1192,34.9271],[137.1057,34.9128],[137.1059,34.9004],[137.0895,34.8903],[137.0647,34.8889],[137.0687,34.91],[137.063,34.9138],[137.0366,34.8902],[137.0148,34.8975]]]}},{"type":"Feature","properties":{"id":"23213","name":"西尾市","pref":"愛知県"},"geometry":{"type":"MultiPolygon","coordinates":[[[[137.0387,34.7175],[137.0386,34.7171],[137.0387,34.7177],[137.0387,34.7175]]],[[[137.0387,34.7177],[137.0387,34.7178],[137.0387,34.7177],[137.0387,34.7177]]],[[[137.0382,34.7183],[137.0379,34.7178],[137.038,34.7181],[137.0382,34.7183]]],[[[137.0387,34.7183],[137.0385,34.7185],[137.0387,34.7185],[137.0387,34.7183]]],[[[137.0372,34.7184],[137.0371,34.7184],[137.0371,34.7185],[137.0372,34.7184]]],[[[137.037,34.7192],[137.037,34.7192],[137.0369,34.7192],[137.037,34.7192]]],[[[137.0385,34.7191],[137.0385,34.7195],[137.0386,34.7193],[137.0385,34.7191]]],[[[137.0365,34.7193],[137.0365,34.7193],[137.0365,34.7194],[137.0365,34.7193]]],[[[137.0363,34.7195],[137.0364,34.7195],[137.0363,34.7195],[137.0363,34.7195]]],[[[137.0365,34.7195],[137.0366,34.7195],[137.0365,34.7195],[137.0365,34.7195]]],[[[137.0365,34.7196],[137.0362,34.7195],[137.0363,34.7196],[137.0365,34.7196]]],[[[137.038,34.7197],[137.0384,34.7197],[137.0383,34.7196],[137.038,34.7197]]],[[[137.036,34.721],[137.0359,34.7209],[137.0359,34.721],[137.036,34.721]]],[[[137.0356,34.7209],[137.0353,34.7211],[137.0357,34.721],[137.0356,34.7209]]],[[[137.038,34.7213],[137.0381,34.7214],[137.0381,34.7213],[137.038,34.7213]]],[[[137.0333,34.7218],[137.0331,34.7218],[137.0333,34.7219],[137.0333,34.7218]]],[[[137.0373,34.7223],[137.0373,34.7223],[137.0373,34.7223],[137.0373,34.7223]]],[[[137.0382,34.7226],[137.0377,34.7226],[137.0382,34.7226],[137.0382,34.7226]]],[[[137.0403,34.7226],[137.0403,34.7226],[137.0403,34.7226],[137.0403,34.7226]]],[[[137.0395,34.7226],[137.0395,34.7226],[137.0395,34.7226],[137.0395,34.7226]]],[[[137.0398,34.7229],[137.0402,34.7226],[137.0396,34.7227],[137.0398,34.7229]]],[[[137.0381,34.7227],[137.0377,34.7227],[137.0381,34.7227],[137.0381,34.7227]]],[[[137.04,34.7232],[137.0399,34.7232],[137.04,34.7232],[137.04,34.7232]]],[[[137.0397,34.7232],[137.0397,34.7233],[137.0397,34.7232],[137.0397,34.7232]]],[[[137.0308,34.7233],[137.0308,34.7234],[137.0308,34.7233],[137.0308,34.7233]]],[[[137.0393,34.7236],[137.0393,34.7236],[137.0393,34.7236],[137.0393,34.7236]]],[[[137.0322,34.7242],[137.0322,34.7242],[137.0322,34.7242],[137.0322,34.7242]]],[[[137.0323,34.7243],[137.0323,34.7243],[137.0323,34.7243],[137.0323,34.7243]]],[[[137.0394,34.7244],[137.0395,34.7244],[137.0394,34.7244],[137.0394,34.7244]]],[[[137.0391,34.7245],[137.0392,34.7243],[137.0389,34.7244],[137.0391,34.7245]]],[[[137.0395,34.7248],[137.0395,34.7248],[137.0395,34.7248],[137.0395,34.7248]]],[[[137.0322,34.725],[137.0321,34.725],[137.0311,34.7257],[137.0322,34.725]]],[[[137.0397,34.7256],[137.0396,34.7254],[137.0396,34.7255],[137.0397,34.7256]]],[[[137.0315,34.7286],[137.0317,34.7286],[137.0318,34.7285],[137.0315,34.7286]]],[[[137.0315,34.7287],[137.0316,34.7287],[137.0316,34.7286],[137.0315,34.7287]]],[[[137.0334,34.7289],[137.033,34.7287],[137.0327,34.7289],[137.0334,34.7289]]],[[[137.034,34.7298],[137.0336,34.7296],[137.0336,34.7299],[137.034,34.7298]]],[[[137.0353,34.732],[137.0353,34.732],[137.0353,34.732],[137.0353,34.732]]],[[[137.0352,34.732],[137.0351,34.7321],[137.035,34.7321],[137.0352,34.732]]],[[[137.014,34.7888],[137.0145,34.7896],[137.0134,34.7882],[137.014,34.7888]]],[[[137.0534,34.7135],[137.0535,34.7136],[137.0535,34.7135],[137.0534,34.7135]]],[[[137.0506,34.714],[137.0506,34.714],[137.0506,34.7139],[137.0506,34.714]]],[[[137.0503,34.714],[137.0503,34.714],[137.0503,34.714],[137.0503,34.714]]],[[[137.0504,34.7141],[137.0504,34.7141],[137.0504,34.7141],[137.0504,34.7141]]],[[[137.0505,34.7143],[137.0505,34.7143],[137.0505,34.7143],[137.0505,34.7143]]],[[[137.0505,34.7143],[137.0505,34.7143],[137.0505,34.7143],[137.0505,34.7143]]],[[[137.0501,34.7144],[137.0501,34.7144],[137.0501,34.7144],[137.0501,34.7144]]],[[[137.0503,34.7145],[137.0503,34.7145],[137.0503,34.7145],[137.0503,34.7145]]],[[[137.0499,34.7146],[137.0499,34.7144],[137.0498,34.7144],[137.0499,34.7146]]],[[[137.0507,34.7145],[137.0507,34.7145],[137.0507,34.7145],[137.0507,34.7145]]],[[[137.0504,34.7145],[137.0504,34.7145],[137.0504,34.7145],[137.0504,34.7145]]],[[[137.0506,34.7146],[137.0506,34.7146],[137.0506,34.7145],[137.0506,34.7146]]],[[[137.0503,34.7146],[137.05,34.7146],[137.0501,34.7148],[137.0503,34.7146]]],[[[137.0506,34.7147],[137.0507,34.7147],[137.0506,34.7146],[137.0506,34.7147]]],[[[137.0504,34.7147],[137.0505,34.7147],[137.0504,34.7147],[137.0504,34.7147]]],[[[137.0443,34.7149],[137.0446,34.7145],[137.0442,34.7145],[137.0443,34.7149]]],[[[137.047,34.7151],[137.047,34.7151],[137.047,34.7152],[137.047,34.7151]]],[[[137.0487,34.7154],[137.0486,34.7156],[137.0487,34.7156],[137.0487,34.7154]]],[[[137.0516,34.7155],[137.0516,34.7155],[137.0516,34.7155],[137.0516,34.7155]]],[[[137.049,34.7159],[137.049,34.716],[137.049,34.716],[137.049,34.7159]]],[[[137.0458,34.7161],[137.0457,34.716],[137.0458,34.7161],[137.0458,34.7161]]],[[[137.0441,34.7179],[137.0441,34.7179],[137.0441,34.7179],[137.0441,34.7179]]],[[[137.0453,34.7179],[137.0442,34.7175],[137.0467,34.7206],[137.0453,34.7179]]],[[[137.044,34.7215],[137.0443,34.7213],[137.044,34.7213],[137.044,34.7215]]],[[[137.045,34.7222],[137.0437,34.7224],[137.0437,34.7224],[137.0441,34.7225],[137.0442,34.7224],[137.0446,34.7224],[137.045,34.7222]]],[[[137.0403,34.7227],[137.0403,34.7226],[137.0403,34.7226],[137.0403,34.7227]]],[[[137.0431,34.7223],[137.0429,34.7232],[137.0439,34.7221],[137.0431,34.7223]]],[[[137.0404,34.7227],[137.0404,34.7227],[137.0403,34.7227],[137.0404,34.7227]]],[[[137.0557,34.723],[137.0558,34.723],[137.0558,34.723],[137.0557,34.723]]],[[[137.0337,34.726],[137.0388,34.7333],[137.0471,34.7292],[137.054,34.7276],[137.053,34.7241],[137.0524,34.7249],[137.05,34.7243],[137.0494,34.7237],[137.0563,34.7223],[137.0525,34.7158],[137.0491,34.7153],[137.047,34.7137],[137.0491,34.7153],[137.0495,34.7177],[137.0483,34.7182],[137.0502,34.7191],[137.0448,34.726],[137.0418,34.7266],[137.0414,34.726],[137.0398,34.7258],[137.038,34.7245],[137.0368,34.7222],[137.0376,34.7202],[137.0337,34.726]]],[[[137.0525,34.7245],[137.0525,34.7246],[137.0525,34.7245],[137.0525,34.7245]]],[[[137.0419,34.7249],[137.0419,34.7248],[137.0419,34.7249],[137.0419,34.7249]]],[[[137.0422,34.7251],[137.0422,34.7252],[137.0422,34.7252],[137.0422,34.7251]]],[[[137.0544,34.7259],[137.0544,34.7259],[137.0544,34.7259],[137.0544,34.7259]]],[[[137.0558,34.7265],[137.0556,34.7267],[137.0558,34.7267],[137.0558,34.7265]]],[[[137.0554,34.7267],[137.0555,34.7267],[137.0555,34.7267],[137.0554,34.7267]]],[[[137.0553,34.7269],[137.0553,34.7268],[137.0553,34.7269],[137.0553,34.7269]]],[[[137.0473,34.7299],[137.0473,34.7299],[137.0473,34.7298],[137.0473,34.7299]]],[[[137.0465,34.7301],[137.0465,34.7301],[137.0465,34.7301],[137.0465,34.7301]]],[[[137.0419,34.7327],[137.0419,34.7327],[137.0419,34.7327],[137.0419,34.7327]]],[[[137.0562,34.7211],[137.0562,34.721],[137.0562,34.721],[137.0562,34.7211]]],[[[137.0569,34.722],[137.0569,34.7219],[137.0568,34.7219],[137.0569,34.722]]],[[[137.0559,34.7263],[137.0558,34.7263],[137.056,34.7264],[137.0559,34.7263]]],[[[137.103,34.7649],[137.103,34.7649],[137.103,34.7649],[137.103,34.7649]]],[[[137.1029,34.7649],[137.1029,34.7649],[137.1029,34.7649],[137.1029,34.7649]]],[[[137.1029,34.7649],[137.1029,34.7649],[137.1029,34.7649],[137.1029,34.7649]]],[[[137.1034,34.7653],[137.1035,34.7654],[137.1035,34.7653],[137.1034,34.7653]]],[[[137.098,34.7656],[137.098,34.7652],[137.0976,34.7654],[137.098,34.7656]]],[[[137.1031,34.7654],[137.1032,34.7654],[137.1031,34.7654],[137.1031,34.7654]]],[[[137.1031,34.7655],[137.1031,34.7655],[137.1031,34.7655],[137.1031,34.7655]]],[[[137.1035,34.7657],[137.1036,34.7657],[137.1036,34.7657],[137.1035,34.7657]]],[[[137.1025,34.7657],[137.1024,34.7657],[137.1025,34.7657],[137.1025,34.7657]]],[[[137.1015,34.7657],[137.1015,34.7657],[137.1015,34.7657],[137.1015,34.7657]]],[[[137.1025,34.7658],[137.1024,34.7657],[137.1024,34.7658],[137.1025,34.7658]]],[[[137.1014,34.7658],[137.1014,34.7658],[137.1014,34.7658],[137.1014,34.7658]]],[[[137.1038,34.7658],[137.1038,34.7658],[137.1038,34.7658],[137.1038,34.7658]]],[[[137.1039,34.7659],[137.1039,34.7658],[137.1039,34.7658],[137.1039,34.7659]]],[[[137.1039,34.7674],[137.104,34.7673],[137.104,34.7672],[137.1039,34.7674]]],[[[137.1039,34.7676],[137.1037,34.7675],[137.1037,34.7675],[137.1039,34.7676]]],[[[137.0985,34.7667],[137.1023,34.7696],[137.1022,34.768],[137.1038,34.7674],[137.0985,34.7667]]],[[[137.103,34.7682],[137.1031,34.7684],[137.1032,34.7684],[137.103,34.7682]]],[[[137.0958,34.7701],[137.0959,34.7705],[137.096,34.7705],[137.0958,34.7701]]],[[[137.094,34.7711],[137.0942,34.7711],[137.094,34.7711],[137.094,34.7711]]],[[[137.0949,34.7712],[137.0949,34.7712],[137.0949,34.7712],[137.0949,34.7712]]],[[[137.0948,34.7712],[137.0949,34.7712],[137.0948,34.7712],[137.0948,34.7712]]],[[[137.0949,34.7713],[137.0948,34.7713],[137.0949,34.7713],[137.0949,34.7713]]],[[[137.0944,34.7714],[137.0944,34.7714],[137.0944,34.7714],[137.0944,34.7714]]],[[[137.0956,34.7715],[137.0956,34.7715],[137.0955,34.7715],[137.0956,34.7715]]],[[[137.0946,34.7726],[137.0935,34.7722],[137.0945,34.7728],[137.0946,34.7726]]],[[[137.0916,34.7754],[137.0902,34.7757],[137.0899,34.7758],[137.0916,34.7754]]],[[[137.0891,34.7758],[137.0891,34.7759],[137.0891,34.7759],[137.0891,34.7758]]],[[[137.083,34.7786],[137.0807,34.782],[137.0812,34.7832],[137.0808,34.782],[137.083,34.7792],[137.083,34.7786]]],[[[137.1061,34.783],[137.1053,34.7834],[137.1061,34.783],[137.1061,34.783]]],[[[137.1002,34.7833],[137.1002,34.7833],[137.1002,34.7833],[137.1002,34.7833]]],[[[137.1005,34.7834],[137.1004,34.7833],[137.1004,34.7833],[137.1005,34.7834]]],[[[137.1003,34.7833],[137.1003,34.7833],[137.1003,34.7833],[137.1003,34.7833]]],[[[137.1003,34.7835],[137.1004,34.7836],[137.1004,34.7836],[137.1003,34.7835]]],[[[137.1007,34.7836],[137.1007,34.7837],[137.1007,34.7837],[137.1007,34.7836]]],[[[137.1025,34.784],[137.1027,34.784],[137.1026,34.7839],[137.1025,34.784]]],[[[137.0299,34.775],[136.997,34.8165],[136.9707,34.8207],[137.0017,34.8683],[137.0404,34.8871],[137.0404,34.8961],[137.063,34.9138],[137.0687,34.91],[137.0647,34.8889],[137.0895,34.8903],[137.1083,34.9041],[137.1152,34.8905],[137.1027,34.8789],[137.1378,34.8905],[137.1327,34.8696],[137.119,34.8736],[137.121,34.8685],[137.1068,34.863],[137.1265,34.8634],[137.1151,34.8601],[137.127,34.8535],[137.1228,34.8463],[137.1077,34.8548],[137.1139,34.8439],[137.1012,34.8506],[137.1076,34.8419],[137.1017,34.8427],[137.1172,34.8387],[137.1275,34.8429],[137.1472,34.822],[137.1572,34.8243],[137.1708,34.8124],[137.1719,34.8004],[137.1683,34.7849],[137.161,34.7866],[137.1526,34.7813],[137.145,34.7887],[137.1344,34.7887],[137.13,34.7819],[137.1172,34.7903],[137.1068,34.7913],[137.1056,34.7842],[137.1038,34.7848],[137.0987,34.7836],[137.0945,34.7779],[137.0911,34.7783],[137.0883,34.7751],[137.0823,34.7836],[137.0763,34.7871],[137.0455,34.7762],[137.0338,34.7774],[137.0329,34.775],[137.0299,34.775]]],[[[137.1428,34.7703],[137.1423,34.7703],[137.1428,34.7706],[137.1428,34.7703]]],[[[137.1429,34.7705],[137.143,34.7705],[137.143,34.7705],[137.1429,34.7705]]],[[[137.1443,34.7705],[137.1444,34.7705],[137.1444,34.7705],[137.1443,34.7705]]],[[[137.1424,34.7706],[137.1425,34.7706],[137.1425,34.7705],[137.1424,34.7706]]],[[[137.1445,34.7706],[137.1445,34.7705],[137.1444,34.7706],[137.1445,34.7706]]],[[[137.143,34.7706],[137.143,34.7706],[137.1431,34.7706],[137.143,34.7706]]],[[[137.1451,34.7707],[137.1451,34.7706],[137.1451,34.7707],[137.1451,34.7707]]],[[[137.1452,34.7707],[137.1452,34.7707],[137.1452,34.7707],[137.1452,34.7707]]],[[[137.145,34.7707],[137.145,34.7707],[137.145,34.7707],[137.145,34.7707]]],[[[137.1447,34.7707],[137.1446,34.7707],[137.1447,34.7707],[137.1447,34.7707]]],[[[137.1469,34.7707],[137.1469,34.7708],[137.147,34.7708],[137.1469,34.7707]]],[[[137.1469,34.7708],[137.147,34.7708],[137.1469,34.7708],[137.1469,34.7708]]],[[[137.1443,34.7711],[137.1444,34.771],[137.1443,34.771],[137.1443,34.7711]]],[[[137.1442,34.7711],[137.1443,34.7711],[137.1442,34.7711],[137.1442,34.7711]]],[[[137.1448,34.7724],[137.1476,34.7712],[137.1443,34.7712],[137.1448,34.7724]]],[[[137.1474,34.7729],[137.1474,34.773],[137.1474,34.7729],[137.1474,34.7729]]],[[[137.1475,34.7731],[137.1476,34.7731],[137.1475,34.7731],[137.1475,34.7731]]],[[[137.1475,34.7732],[137.1475,34.7732],[137.1476,34.7732],[137.1475,34.7732]]],[[[137.1476,34.7732],[137.1476,34.7732],[137.1476,34.7732],[137.1476,34.7732]]],[[[137.1476,34.7733],[137.1476,34.7733],[137.1476,34.7732],[137.1476,34.7733]]],[[[137.1519,34.7782],[137.1521,34.7783],[137.1521,34.7782],[137.1519,34.7782]]],[[[137.1521,34.7786],[137.1523,34.7785],[137.1521,34.7786],[137.1521,34.7786]]],[[[137.1426,34.7795],[137.1454,34.7781],[137.1419,34.7789],[137.1426,34.7795]]],[[[137.1525,34.7792],[137.1524,34.7792],[137.1526,34.7793],[137.1525,34.7792]]],[[[137.1522,34.7795],[137.1522,34.7796],[137.1522,34.7796],[137.1522,34.7795]]],[[[137.1525,34.7808],[137.1529,34.7805],[137.153,34.7804],[137.1527,34.7804],[137.1525,34.7808]]],[[[137.1062,34.7829],[137.1069,34.7829],[137.1062,34.7829],[137.1062,34.7829]]],[[[137.1579,34.7831],[137.1579,34.7831],[137.1579,34.7831],[137.1579,34.7831]]],[[[137.1579,34.7831],[137.1578,34.7831],[137.1579,34.7831],[137.1579,34.7831]]],[[[137.1588,34.7832],[137.1588,34.7832],[137.1588,34.7832],[137.1588,34.7832]]],[[[137.1591,34.7833],[137.1591,34.7832],[137.159,34.7832],[137.1591,34.7833]]],[[[137.1234,34.7835],[137.1235,34.7835],[137.1235,34.7835],[137.1234,34.7835]]],[[[137.1234,34.7835],[137.1234,34.7835],[137.1234,34.7835],[137.1234,34.7835]]],[[[137.1335,34.7838],[137.1335,34.7839],[137.1336,34.7839],[137.1335,34.7838]]],[[[137.1479,34.7841],[137.1479,34.784],[137.1479,34.784],[137.1479,34.7841]]],[[[137.1466,34.7845],[137.1468,34.7849],[137.1469,34.7848],[137.1466,34.7845]]],[[[137.1432,34.7853],[137.1377,34.7848],[137.1372,34.785],[137.1432,34.7853]]],[[[137.1064,34.7839],[137.1079,34.787],[137.1063,34.7839],[137.1064,34.7839]]],[[[137.1143,34.7893],[137.114,34.7897],[137.1143,34.7893],[137.1143,34.7893]]]]}},{"type":"Feature","properties":{"id":"23214","name":"蒲郡市","pref":"愛知県"},"geometry":{"type":"MultiPolygon","coordinates":[[[[137.1683,34.7678],[137.1684,34.7678],[137.1683,34.7678],[137.1683,34.7678]]],[[[137.1722,34.7704],[137.1722,34.7703],[137.1722,34.7703],[137.1722,34.7704]]],[[[137.1731,34.7724],[137.1734,34.7734],[137.1734,34.7734],[137.1731,34.7724]]],[[[137.1709,34.7737],[137.1727,34.7745],[137.1709,34.7737],[137.1709,34.7737]]],[[[137.1722,34.7812],[137.1746,34.7782],[137.1725,34.7806],[137.1722,34.7812]]],[[[137.1751,34.7804],[137.1752,34.7804],[137.175,34.7795],[137.1751,34.7804]]],[[[137.1881,34.7869],[137.1882,34.7865],[137.1881,34.7865],[137.1881,34.7869]]],[[[137.2288,34.7882],[137.2287,34.7882],[137.2287,34.7883],[137.2288,34.7882]]],[[[137.2287,34.7884],[137.2286,34.7883],[137.2286,34.7884],[137.2287,34.7884]]],[[[137.2287,34.7884],[137.2287,34.7884],[137.2287,34.7884],[137.2287,34.7884]]],[[[137.2287,34.7885],[137.2288,34.7884],[137.2287,34.7884],[137.2287,34.7885]]],[[[137.192,34.7872],[137.1925,34.794],[137.193,34.7935],[137.192,34.7872]]],[[[137.1903,34.7945],[137.1917,34.7942],[137.1903,34.7945],[137.1903,34.7945]]],[[[137.2134,34.803],[137.2134,34.803],[137.2135,34.803],[137.2134,34.803]]],[[[137.1989,34.8072],[137.1989,34.8072],[137.1993,34.8072],[137.1989,34.8072]]],[[[137.2176,34.8105],[137.2177,34.8106],[137.2177,34.8105],[137.2176,34.8105]]],[[[137.2305,34.8151],[137.2246,34.8144],[137.2251,34.8149],[137.2305,34.8151]]],[[[137.2323,34.7798],[137.2324,34.7801],[137.2326,34.7799],[137.2323,34.7798]]],[[[137.2372,34.7837],[137.2366,34.7845],[137.2371,34.7843],[137.2372,34.7837]]],[[[137.2364,34.7844],[137.2364,34.7844],[137.2364,34.7844],[137.2364,34.7844]]],[[[137.2365,34.7844],[137.2364,34.7849],[137.2366,34.7845],[137.2365,34.7844]]],[[[137.2292,34.7866],[137.2292,34.7866],[137.2292,34.7866],[137.2292,34.7866]]],[[[137.2329,34.7868],[137.233,34.7868],[137.233,34.7867],[137.2329,34.7868]]],[[[137.2311,34.7868],[137.2311,34.7868],[137.231,34.7868],[137.2311,34.7868]]],[[[137.2313,34.7869],[137.2314,34.7868],[137.2313,34.7868],[137.2313,34.7869]]],[[[137.2318,34.7869],[137.2318,34.7868],[137.2318,34.7868],[137.2318,34.7869]]],[[[137.2289,34.7868],[137.229,34.7869],[137.229,34.7869],[137.2289,34.7868]]],[[[137.2338,34.79],[137.2349,34.7867],[137.2337,34.787],[137.229,34.7868],[137.2338,34.79]]],[[[137.2629,34.803],[137.2619,34.803],[137.2613,34.8027],[137.2607,34.8026],[137.2617,34.8032],[137.2629,34.803]]],[[[137.2572,34.8031],[137.2572,34.8034],[137.258,34.8026],[137.2572,34.8031]]],[[[137.2463,34.8092],[137.2476,34.809],[137.2463,34.8092],[137.2463,34.8092]]],[[[137.231,34.8109],[137.2324,34.8114],[137.2315,34.8098],[137.231,34.8109]]],[[[137.1653,34.8167],[137.1785,34.8262],[137.1878,34.8189],[137.1996,34.8252],[137.1917,34.833],[137.198,34.8415],[137.1929,34.8486],[137.2076,34.8654],[137.2243,34.8703],[137.2566,34.8609],[137.2654,34.8387],[137.2945,34.8338],[137.3018,34.8257],[137.2893,34.8239],[137.298,34.8125],[137.2871,34.8125],[137.2937,34.805],[137.2767,34.8101],[137.281,34.8037],[137.2731,34.8016],[137.2681,34.809],[137.2668,34.8036],[137.2514,34.8053],[137.2467,34.8142],[137.2161,34.8232],[137.216,34.8218],[137.2229,34.8168],[137.2227,34.8166],[137.2234,34.8161],[137.2236,34.8156],[137.2145,34.8159],[137.2137,34.8031],[137.1986,34.8111],[137.1934,34.8088],[137.1858,34.7919],[137.1896,34.7762],[137.1751,34.7648],[137.1695,34.7652],[137.1674,34.7716],[137.1693,34.773],[137.169,34.7697],[137.1741,34.7706],[137.1783,34.7785],[137.1684,34.7872],[137.1711,34.812],[137.1653,34.8167]]]]}},{"type":"Feature","properties":{"id":"23215","name":"犬山市","pref":"愛知県"},"geometry":{"type":"Polygon","coordinates":[[[136.9222,35.3201],[136.9419,35.3587],[136.9352,35.3702],[136.9169,35.3715],[136.9617,35.3998],[136.9656,35.4215],[136.9932,35.4242],[136.9783,35.4032],[136.989,35.4012],[137.0022,35.3814],[137.0282,35.3762],[137.0496,35.3606],[137.04,35.3356],[136.9892,35.3306],[136.9843,35.3206],[136.9731,35.324],[136.9506,35.3128],[136.9503,35.3229],[136.9222,35.3201]]]}},{"type":"Feature","properties":{"id":"23216","name":"常滑市","pref":"愛知県"},"geometry":{"type":"MultiPolygon","coordinates":[[[[136.799,34.8731],[136.8061,34.8775],[136.822,34.8635],[136.8245,34.8487],[136.8126,34.8467],[136.8142,34.8402],[136.807,34.8402],[136.799,34.8731]]],[[[136.8681,34.8996],[136.8769,34.8963],[136.8759,34.876],[136.8924,34.8537],[136.8819,34.8507],[136.8865,34.8123],[136.8618,34.8141],[136.8665,34.8391],[136.8569,34.8628],[136.8372,34.8759],[136.8379,34.8844],[136.835,34.8815],[136.8354,34.879],[136.832,34.873],[136.8307,34.872],[136.8304,34.8719],[136.8217,34.8843],[136.824,34.9387],[136.8514,34.9315],[136.8644,34.9417],[136.8917,34.94],[136.8681,34.8996]]],[[[136.821,34.9003],[136.8219,34.9001],[136.821,34.9003],[136.821,34.9003]]],[[[136.8224,34.9321],[136.8219,34.9324],[136.8224,34.9321],[136.8224,34.9321]]]]}},{"type":"Feature","properties":{"id":"23217","name":"江南市","pref":"愛知県"},"geometry":{"type":"Polygon","coordinates":[[[136.8996,35.3413],[136.8818,35.2995],[136.8692,35.3116],[136.862,35.3096],[136.8562,35.3234],[136.8403,35.3275],[136.8457,35.3314],[136.8418,35.3455],[136.8323,35.3463],[136.834,35.3559],[136.8927,35.3781],[136.8991,35.3719],[136.892,35.3446],[136.8996,35.3413]]]}},{"type":"Feature","properties":{"id":"23219","name":"小牧市","pref":"愛知県"},"geometry":{"type":"Polygon","coordinates":[[[136.8808,35.2667],[136.8853,35.3048],[136.9067,35.3132],[136.914,35.326],[136.9153,35.3192],[136.9503,35.3229],[136.9506,35.3128],[136.9731,35.324],[136.9843,35.3206],[136.9892,35.3306],[137.0462,35.3394],[137.0192,35.3207],[137.0181,35.3048],[137.0078,35.301],[137.0142,35.2989],[137.0128,35.2845],[136.9881,35.2799],[136.9681,35.2891],[136.959,35.2807],[136.943,35.2873],[136.9459,35.2775],[136.9312,35.2734],[136.9349,35.2614],[136.9312,35.2552],[136.9174,35.2653],[136.8974,35.2556],[136.8962,35.2629],[136.8808,35.2667]]]}},{"type":"Feature","properties":{"id":"23220","name":"稲沢市","pref":"愛知県"},"geometry":{"type":"Polygon","coordinates":[[[136.6795,35.2295],[136.6788,35.2438],[136.7046,35.2756],[136.7363,35.2682],[136.7404,35.2581],[136.7575,35.2682],[136.7754,35.2602],[136.8072,35.2763],[136.8255,35.2767],[136.8367,35.2517],[136.8298,35.2366],[136.839,35.229],[136.8248,35.2154],[136.7518,35.2049],[136.7367,35.1938],[136.7224,35.2011],[136.7332,35.2197],[136.7173,35.2211],[136.7208,35.2347],[136.6795,35.2295]]]}},{"type":"Feature","properties":{"id":"23221","name":"新城市","pref":"愛知県"},"geometry":{"type":"Polygon","coordinates":[[[137.4882,34.8314],[137.4814,34.857],[137.4537,34.8616],[137.4601,34.8712],[137.4558,34.8795],[137.4429,34.8964],[137.4228,34.9038],[137.4112,34.9277],[137.4127,34.9429],[137.402,34.9481],[137.408,34.9584],[137.3905,34.9653],[137.4056,34.9788],[137.3835,34.9896],[137.3983,35.0084],[137.4262,35.0084],[137.4258,35.0236],[137.4355,35.0302],[137.4293,35.0521],[137.4477,35.0733],[137.4544,35.0698],[137.4522,35.0542],[137.4709,35.0538],[137.4878,35.069],[137.5023,35.0654],[137.509,35.0395],[137.52,35.0492],[137.5319,35.0428],[137.5429,35.0573],[137.5797,35.0596],[137.6037,35.0163],[137.6211,35.0205],[137.6346,35.0648],[137.6687,35.0408],[137.6885,35.0404],[137.692,35.0304],[137.7013,35.0303],[137.7017,34.999],[137.7081,34.9945],[137.6998,34.9844],[137.7072,34.972],[137.6946,34.9703],[137.6758,34.9455],[137.6593,34.9444],[137.6336,34.8855],[137.5975,34.8724],[137.5873,34.8496],[137.5516,34.8519],[137.4989,34.8268],[137.4882,34.8314]]]}},{"type":"Feature","properties":{"id":"23222","name":"東海市","pref":"愛知県"},"geometry":{"type":"Polygon","coordinates":[[[136.8888,34.9985],[136.852,35.0164],[136.8691,35.0417],[136.8893,35.0423],[136.8792,35.0474],[136.884,35.0673],[136.9244,35.0644],[136.9342,35.0422],[136.9266,35.0303],[136.9403,35.0154],[136.9167,35.0111],[136.915,34.9822],[136.9233,34.9759],[136.9136,34.9696],[136.8888,34.9985]]]}},{"type":"Feature","properties":{"id":"23223","name":"大府市","pref":"愛知県"},"geometry":{"type":"Polygon","coordinates":[[[136.9248,34.9767],[136.915,34.9822],[136.9167,35.0111],[136.9403,35.0154],[136.9266,35.0303],[136.9342,35.0422],[136.9282,35.0505],[136.9564,35.0478],[136.9593,35.0392],[136.9739,35.049],[136.9898,35.0366],[136.997,35.0389],[137.0017,35.027],[136.9905,35.0222],[136.981,35.0015],[136.9509,35.0002],[136.9248,34.9767]]]}},{"type":"Feature","properties":{"id":"23224","name":"知多市","pref":"愛知県"},"geometry":{"type":"MultiPolygon","coordinates":[[[[136.8111,34.9548],[136.8187,34.9643],[136.8226,34.9623],[136.8216,34.9612],[136.8243,34.9597],[136.8257,34.9605],[136.8203,34.9498],[136.8111,34.9548]]],[[[136.822,34.9611],[136.822,34.9611],[136.822,34.9611],[136.822,34.9611]]],[[[136.8219,34.9613],[136.8218,34.9613],[136.8218,34.9613],[136.8219,34.9613]]],[[[136.8289,34.9384],[136.8289,34.9614],[136.8201,34.9664],[136.8387,34.9801],[136.8254,34.9939],[136.8377,34.9867],[136.8546,35.0026],[136.8438,35.0047],[136.8494,35.0109],[136.8875,35.0039],[136.8976,34.9812],[136.9073,34.9802],[136.9188,34.9635],[136.908,34.9527],[136.8854,34.9568],[136.8774,34.9525],[136.8807,34.9424],[136.8642,34.9416],[136.855,34.9323],[136.8289,34.9384]]]]}},{"type":"Feature","properties":{"id":"23225","name":"知立市","pref":"愛知県"},"geometry":{"type":"Polygon","coordinates":[[[137.0859,35.0092],[137.07,34.9972],[137.0723,34.9859],[137.0484,34.9791],[137.0209,34.9867],[137.027,34.9913],[137.0164,35.0056],[137.0301,35.0071],[137.0397,35.0218],[137.0483,35.0108],[137.0624,35.0095],[137.0736,35.018],[137.0777,35.0081],[137.0859,35.0092]]]}},{"type":"Feature","properties":{"id":"23226","name":"尾張旭市","pref":"愛知県"},"geometry":{"type":"Polygon","coordinates":[[[137.012,35.1949],[137.0015,35.2093],[137.0051,35.2175],[137.0195,35.2313],[137.0567,35.246],[137.0655,35.2396],[137.0573,35.2218],[137.0683,35.2139],[137.0491,35.2027],[137.0457,35.1918],[137.0258,35.1925],[137.0314,35.1944],[137.0227,35.197],[137.0257,35.2019],[137.012,35.1949]]]}},{"type":"Feature","properties":{"id":"23227","name":"高浜市","pref":"愛知県"},"geometry":{"type":"MultiPolygon","coordinates":[[[[136.9792,34.9297],[136.9799,34.9276],[136.9788,34.9264],[136.9792,34.9297]]],[[[136.9816,34.9074],[136.9833,34.956],[136.9917,34.9576],[137.0105,34.9474],[137.0168,34.9308],[137.0242,34.9317],[136.9816,34.9074]]],[[[136.9823,34.9465],[136.9821,34.9444],[136.9819,34.9443],[136.9817,34.9443],[136.9821,34.9463],[136.9823,34.9465]]],[[[136.983,34.9492],[136.9824,34.9468],[136.9823,34.9471],[136.9828,34.9491],[136.9829,34.9492],[136.983,34.9492]]]]}},{"type":"Feature","properties":{"id":"23228","name":"岩倉市","pref":"愛知県"},"geometry":{"type":"Polygon","coordinates":[[[136.85,35.2655],[136.843,35.2745],[136.86,35.2812],[136.8651,35.2966],[136.884,35.2994],[136.885,35.2753],[136.8749,35.2587],[136.85,35.2655]]]}},{"type":"Feature","properties":{"id":"23229","name":"豊明市","pref":"愛知県"},"geometry":{"type":"Polygon","coordinates":[[[136.9999,35.0296],[136.9724,35.0564],[136.9745,35.0631],[136.9857,35.0607],[136.9884,35.0737],[137.0094,35.0752],[137.0188,35.0956],[137.0412,35.0793],[137.0426,35.0621],[136.9999,35.0296]]]}},{"type":"Feature","properties":{"id":"23230","name":"日進市","pref":"愛知県"},"geometry":{"type":"Polygon","coordinates":[[[137.024,35.1079],[137.0002,35.1302],[137.0233,35.1398],[137.0221,35.1535],[137.0483,35.1679],[137.0977,35.1555],[137.0986,35.1463],[137.0868,35.1377],[137.0914,35.13],[137.0789,35.1198],[137.024,35.1079]]]}},{"type":"Feature","properties":{"id":"23231","name":"田原市","pref":"愛知県"},"geometry":{"type":"MultiPolygon","coordinates":[[[[137.0272,34.5735],[137.0276,34.5739],[137.0278,34.5739],[137.0272,34.5735]]],[[[137.0287,34.5742],[137.0287,34.5746],[137.0289,34.5742],[137.0287,34.5742]]],[[[137.0305,34.5757],[137.0306,34.5753],[137.0303,34.5754],[137.0305,34.5757]]],[[[137.0361,34.5768],[137.0361,34.5767],[137.0361,34.5767],[137.0361,34.5768]]],[[[137.0366,34.5772],[137.0362,34.577],[137.0359,34.577],[137.036,34.5772],[137.0366,34.5772]]],[[[137.0332,34.5774],[137.033,34.5773],[137.0331,34.5774],[137.0332,34.5774]]],[[[137.0384,34.5776],[137.0387,34.5773],[137.0383,34.5774],[137.0384,34.5776]]],[[[137.034,34.5778],[137.034,34.5778],[137.0339,34.5778],[137.034,34.5778]]],[[[137.034,34.5779],[137.034,34.5779],[137.034,34.5779],[137.034,34.5779]]],[[[137.0342,34.5779],[137.0342,34.5779],[137.0342,34.5779],[137.0342,34.5779]]],[[[137.0339,34.578],[137.0338,34.5779],[137.0338,34.5779],[137.0339,34.578]]],[[[137.0349,34.578],[137.0348,34.578],[137.0348,34.578],[137.0349,34.578]]],[[[137.0341,34.578],[137.0341,34.578],[137.0341,34.578],[137.0341,34.578]]],[[[137.034,34.5779],[137.0339,34.578],[137.0341,34.578],[137.034,34.5779]]],[[[137.0342,34.578],[137.0342,34.578],[137.0342,34.578],[137.0342,34.578]]],[[[137.0348,34.578],[137.0349,34.578],[137.0349,34.578],[137.0348,34.578]]],[[[137.0363,34.578],[137.0363,34.5781],[137.0363,34.578],[137.0363,34.578]]],[[[137.0349,34.5782],[137.0348,34.5783],[137.0349,34.5783],[137.0349,34.5782]]],[[[137.038,34.5783],[137.038,34.5784],[137.038,34.5784],[137.038,34.5783]]],[[[137.0388,34.5785],[137.0386,34.5785],[137.0386,34.5786],[137.0388,34.5785]]],[[[137.0422,34.5786],[137.0421,34.5787],[137.0422,34.5787],[137.0422,34.5786]]],[[[137.0344,34.5788],[137.0343,34.5787],[137.0343,34.5787],[137.0344,34.5788]]],[[[137.0151,34.579],[137.0154,34.5792],[137.0154,34.579],[137.0151,34.579]]],[[[137.0337,34.5802],[137.0337,34.5802],[137.0337,34.5802],[137.0337,34.5802]]],[[[137.0335,34.5802],[137.0334,34.5802],[137.0334,34.5802],[137.0335,34.5802]]],[[[137.0335,34.5802],[137.0335,34.5803],[137.0335,34.5802],[137.0335,34.5802]]],[[[137.0148,34.5801],[137.0143,34.5804],[137.0147,34.5805],[137.0148,34.5801]]],[[[137.0334,34.5805],[137.0334,34.5805],[137.0334,34.5805],[137.0334,34.5805]]],[[[137.0326,34.5807],[137.0327,34.5807],[137.0326,34.5807],[137.0326,34.5807]]],[[[137.0326,34.5807],[137.0326,34.5807],[137.0326,34.5807],[137.0326,34.5807]]],[[[137.0324,34.5808],[137.0323,34.5808],[137.0324,34.5808],[137.0324,34.5808]]],[[[137.1033,34.5879],[137.1031,34.588],[137.1033,34.588],[137.1033,34.5879]]],[[[137.1051,34.588],[137.1051,34.588],[137.1051,34.588],[137.1051,34.588]]],[[[137.1051,34.588],[137.1052,34.5881],[137.1052,34.588],[137.1051,34.588]]],[[[137.1052,34.5881],[137.1051,34.5881],[137.1052,34.5881],[137.1052,34.5881]]],[[[137.1045,34.5882],[137.1048,34.588],[137.1044,34.5881],[137.1045,34.5882]]],[[[137.1026,34.5883],[137.1027,34.5885],[137.1027,34.5884],[137.1026,34.5883]]],[[[137.1042,34.5887],[137.1041,34.5886],[137.1041,34.5886],[137.1041,34.5887],[137.1042,34.5887]]],[[[137.1028,34.5889],[137.1032,34.5886],[137.1026,34.5888],[137.1028,34.5889]]],[[[137.1017,34.5889],[137.1017,34.5888],[137.1017,34.5888],[137.1017,34.5889]]],[[[137.1024,34.5891],[137.1025,34.5892],[137.1025,34.5891],[137.1024,34.5891]]],[[[137.0979,34.5893],[137.0979,34.5893],[137.0979,34.5893],[137.0979,34.5893]]],[[[137.098,34.5893],[137.0979,34.5893],[137.0979,34.5893],[137.098,34.5893]]],[[[137.0992,34.5894],[137.0991,34.5893],[137.099,34.5893],[137.0992,34.5894]]],[[[137.1012,34.5895],[137.1011,34.5895],[137.1011,34.5896],[137.1012,34.5895]]],[[[137.1011,34.5896],[137.101,34.5896],[137.101,34.5896],[137.1011,34.5896]]],[[[137.0994,34.5898],[137.0994,34.5899],[137.0994,34.5898],[137.0994,34.5898]]],[[[137.0989,34.5899],[137.099,34.5899],[137.099,34.5899],[137.0989,34.5899]]],[[[137.1008,34.5899],[137.1009,34.5899],[137.1008,34.5899],[137.1008,34.5899]]],[[[137.0987,34.5899],[137.0987,34.5899],[137.0987,34.5899],[137.0987,34.5899]]],[[[137.0997,34.59],[137.1,34.5899],[137.0996,34.5899],[137.0997,34.59]]],[[[137.1003,34.59],[137.1003,34.59],[137.1003,34.59],[137.1003,34.59]]],[[[137.0985,34.5901],[137.0985,34.5899],[137.0984,34.59],[137.0985,34.5901]]],[[[137.0981,34.59],[137.098,34.5901],[137.0981,34.5901],[137.0981,34.59]]],[[[137.0981,34.5901],[137.0982,34.5901],[137.0981,34.59],[137.0981,34.5901]]],[[[137.0998,34.59],[137.0998,34.5901],[137.0998,34.5901],[137.0998,34.59]]],[[[137.0983,34.5902],[137.0983,34.5902],[137.0983,34.5902],[137.0983,34.5902]]],[[[137.098,34.5904],[137.0979,34.5903],[137.0979,34.5904],[137.098,34.5904]]],[[[137.0977,34.5906],[137.0976,34.5905],[137.0976,34.5906],[137.0977,34.5906]]],[[[137.0964,34.5908],[137.0964,34.5908],[137.0964,34.5908],[137.0964,34.5908]]],[[[137.0966,34.5908],[137.0965,34.5908],[137.0965,34.5908],[137.0966,34.5908]]],[[[137.1053,34.6366],[137.1043,34.6353],[137.1043,34.6353],[137.1053,34.6366]]],[[[137.1037,34.6374],[137.1039,34.6379],[137.1034,34.6367],[137.1037,34.6374]]],[[[137.0911,34.649],[137.0912,34.6513],[137.0912,34.6513],[137.0911,34.649]]],[[[137.1025,34.6503],[137.1025,34.6504],[137.1025,34.6504],[137.1025,34.6503]]],[[[137.1045,34.6516],[137.1058,34.6504],[137.1056,34.65],[137.1045,34.6516]]],[[[137.0988,34.6528],[137.0993,34.6511],[137.0992,34.6505],[137.0986,34.6523],[137.0988,34.652],[137.0988,34.6528]]],[[[137.1016,34.652],[137.1021,34.6531],[137.1018,34.6515],[137.1016,34.652]]],[[[137.0947,34.6527],[137.0953,34.6538],[137.0957,34.6507],[137.0947,34.6527]]],[[[137.1054,34.6528],[137.1055,34.6527],[137.1055,34.6527],[137.1054,34.6528]]],[[[137.0986,34.6524],[137.0981,34.6528],[137.098,34.6532],[137.0986,34.6524]]],[[[137.0887,34.6574],[137.0878,34.658],[137.0887,34.6575],[137.0887,34.6574]]],[[[137.1135,34.5869],[137.1135,34.587],[137.1136,34.5869],[137.1135,34.5869]]],[[[137.115,34.5871],[137.115,34.5871],[137.115,34.5871],[137.115,34.5871]]],[[[137.1139,34.5873],[137.1142,34.5871],[137.1138,34.5872],[137.1139,34.5873]]],[[[137.115,34.5873],[137.1151,34.5873],[137.1151,34.5873],[137.115,34.5873]]],[[[137.1118,34.5873],[137.1118,34.5875],[137.1119,34.5874],[137.1118,34.5873]]],[[[137.1153,34.5874],[137.1153,34.5874],[137.1153,34.5874],[137.1153,34.5874]]],[[[137.1064,34.5874],[137.1064,34.5874],[137.1064,34.5874],[137.1064,34.5874]]],[[[137.1153,34.5874],[137.1152,34.5874],[137.1153,34.5874],[137.1153,34.5874]]],[[[137.1067,34.5874],[137.1066,34.5875],[137.1067,34.5875],[137.1067,34.5874]]],[[[137.1123,34.5874],[137.1127,34.5876],[137.1129,34.5874],[137.1123,34.5874]]],[[[137.1152,34.5875],[137.1152,34.5874],[137.1152,34.5875],[137.1152,34.5875]]],[[[137.1085,34.5876],[137.1083,34.5874],[137.1083,34.5875],[137.1085,34.5876]]],[[[137.1151,34.5875],[137.1152,34.5875],[137.1151,34.5875],[137.1151,34.5875]]],[[[137.115,34.5875],[137.115,34.5875],[137.115,34.5875],[137.115,34.5875]]],[[[137.1153,34.5875],[137.1153,34.5875],[137.1153,34.5875],[137.1153,34.5875]]],[[[137.1065,34.5876],[137.1064,34.5876],[137.1064,34.5876],[137.1065,34.5876]]],[[[137.1078,34.5877],[137.1078,34.5877],[137.1078,34.5877],[137.1078,34.5877]]],[[[137.1083,34.5876],[137.1081,34.5877],[137.1083,34.5878],[137.1083,34.5876]]],[[[137.109,34.5877],[137.1088,34.5877],[137.1089,34.5878],[137.109,34.5877]]],[[[137.1063,34.5878],[137.1064,34.5878],[137.1063,34.5878],[137.1063,34.5878]]],[[[137.1094,34.5878],[137.1092,34.5879],[137.1094,34.5879],[137.1094,34.5878]]],[[[137.1109,34.588],[137.1111,34.5878],[137.1108,34.5879],[137.1109,34.588]]],[[[137.1079,34.5879],[137.1079,34.5879],[137.1079,34.588],[137.1079,34.5879]]],[[[137.108,34.588],[137.108,34.5879],[137.108,34.588],[137.108,34.588]]],[[[137.1079,34.5879],[137.1079,34.588],[137.1079,34.588],[137.1079,34.5879]]],[[[137.1144,34.588],[137.1144,34.5879],[137.1144,34.588],[137.1144,34.588]]],[[[137.1099,34.5879],[137.1099,34.588],[137.11,34.588],[137.1099,34.5879]]],[[[137.1078,34.588],[137.1078,34.588],[137.1078,34.588],[137.1078,34.588]]],[[[137.1066,34.588],[137.1066,34.588],[137.1066,34.588],[137.1066,34.588]]],[[[137.1122,34.588],[137.1121,34.588],[137.1122,34.588],[137.1122,34.588]]],[[[137.1138,34.588],[137.1137,34.588],[137.1137,34.5881],[137.1138,34.588]]],[[[137.1136,34.588],[137.1136,34.588],[137.1136,34.588],[137.1136,34.588]]],[[[137.114,34.5881],[137.114,34.588],[137.114,34.588],[137.114,34.5881]]],[[[137.1137,34.588],[137.1136,34.5881],[137.1137,34.5881],[137.1137,34.588]]],[[[137.1136,34.5881],[137.1136,34.5881],[137.1136,34.5881],[137.1136,34.5881]]],[[[137.1141,34.5881],[137.1141,34.5881],[137.1141,34.5881],[137.1141,34.5881]]],[[[137.1141,34.5881],[137.1141,34.5881],[137.1141,34.5881],[137.1141,34.5881]]],[[[137.1135,34.5881],[137.1134,34.5881],[137.1134,34.5881],[137.1135,34.5881]]],[[[137.1141,34.5881],[137.1141,34.5881],[137.1141,34.5881],[137.1141,34.5881]]],[[[137.1124,34.5881],[137.1124,34.5882],[137.1124,34.5882],[137.1124,34.5881]]],[[[137.1134,34.5882],[137.1134,34.5882],[137.1134,34.5882],[137.1134,34.5882]]],[[[137.1063,34.5882],[137.1064,34.5882],[137.1064,34.5882],[137.1063,34.5882]]],[[[137.1123,34.5882],[137.1122,34.5882],[137.1122,34.5882],[137.1123,34.5882]]],[[[137.1078,34.5882],[137.1078,34.5882],[137.1078,34.5882],[137.1078,34.5882]]],[[[137.1123,34.5882],[137.1123,34.5882],[137.1122,34.5882],[137.1123,34.5882]]],[[[137.107,34.5882],[137.107,34.5883],[137.107,34.5882],[137.107,34.5882]]],[[[137.1056,34.5882],[137.1056,34.5883],[137.1056,34.5883],[137.1056,34.5882]]],[[[137.1125,34.5882],[137.1125,34.5883],[137.1126,34.5882],[137.1125,34.5882]]],[[[137.1122,34.5883],[137.1122,34.5882],[137.1121,34.5883],[137.1122,34.5883]]],[[[137.1079,34.5882],[137.1079,34.5883],[137.1079,34.5883],[137.1079,34.5882]]],[[[137.1126,34.5883],[137.1126,34.5883],[137.1126,34.5883],[137.1126,34.5883]]],[[[137.1127,34.5883],[137.1128,34.5883],[137.1127,34.5883],[137.1127,34.5883]]],[[[137.1056,34.5883],[137.1057,34.5883],[137.1057,34.5883],[137.1056,34.5883]]],[[[137.1129,34.5883],[137.1129,34.5883],[137.1129,34.5883],[137.1129,34.5883]]],[[[137.108,34.5883],[137.1081,34.5883],[137.1081,34.5883],[137.108,34.5883]]],[[[137.1069,34.5883],[137.1069,34.5883],[137.1069,34.5883],[137.1069,34.5883]]],[[[137.1078,34.5883],[137.1078,34.5884],[137.1078,34.5883],[137.1078,34.5883]]],[[[137.108,34.5883],[137.1081,34.5884],[137.1081,34.5883],[137.108,34.5883]]],[[[137.1078,34.5883],[137.1078,34.5883],[137.1078,34.5883],[137.1078,34.5883]]],[[[137.107,34.5884],[137.107,34.5883],[137.107,34.5883],[137.107,34.5884]]],[[[137.11,34.5885],[137.1099,34.5885],[137.11,34.5886],[137.11,34.5885]]],[[[137.1114,34.5886],[137.1115,34.5886],[137.1115,34.5886],[137.1114,34.5886]]],[[[137.1098,34.5887],[137.1098,34.5886],[137.1098,34.5887],[137.1098,34.5887]]],[[[137.1115,34.5886],[137.1115,34.5886],[137.1115,34.5886],[137.1115,34.5886]]],[[[137.1113,34.5887],[137.1113,34.5887],[137.1113,34.5887],[137.1113,34.5887]]],[[[137.1101,34.6434],[137.1103,34.6434],[137.1102,34.6434],[137.1101,34.6434]]],[[[137.1118,34.6444],[137.1117,34.6444],[137.1118,34.6448],[137.1118,34.6444]]],[[[137.1138,34.646],[137.1156,34.6433],[137.1134,34.6432],[137.1138,34.646]]],[[[137.1067,34.647],[137.1067,34.6469],[137.1068,34.6472],[137.1067,34.647]]],[[[137.1112,34.648],[137.1112,34.6468],[137.1111,34.6481],[137.1112,34.648]]],[[[137.1154,34.6478],[137.1152,34.6479],[137.1152,34.648],[137.1154,34.6478]]],[[[137.1152,34.6482],[137.1153,34.6481],[137.1153,34.6481],[137.1152,34.6482]]],[[[137.1157,34.5867],[137.1157,34.5867],[137.1157,34.5867],[137.1157,34.5867]]],[[[137.1175,34.5868],[137.1174,34.5868],[137.1174,34.5868],[137.1175,34.5868]]],[[[137.1192,34.5868],[137.1192,34.5868],[137.1192,34.5868],[137.1192,34.5868]]],[[[137.1179,34.5868],[137.1179,34.5868],[137.1179,34.5868],[137.1179,34.5868]]],[[[137.1197,34.5868],[137.1197,34.5868],[137.1197,34.5868],[137.1197,34.5868]]],[[[137.1158,34.5868],[137.1158,34.5868],[137.1158,34.5868],[137.1158,34.5868]]],[[[137.1174,34.5868],[137.1173,34.5868],[137.1175,34.5869],[137.1174,34.5868]]],[[[137.1182,34.5868],[137.1181,34.5869],[137.1182,34.5869],[137.1182,34.5868]]],[[[137.1183,34.5869],[137.1183,34.5869],[137.1183,34.5869],[137.1183,34.5869]]],[[[137.1173,34.587],[137.1174,34.587],[137.1174,34.587],[137.1173,34.587]]],[[[137.1179,34.5871],[137.1179,34.587],[137.1179,34.587],[137.1179,34.5871]]],[[[137.1186,34.5871],[137.1183,34.587],[137.1183,34.587],[137.1186,34.5871]]],[[[137.1189,34.587],[137.1189,34.5871],[137.119,34.5871],[137.1189,34.587]]],[[[137.1174,34.5871],[137.1173,34.5871],[137.1174,34.5871],[137.1174,34.5871]]],[[[137.1181,34.5871],[137.1181,34.5871],[137.1181,34.5871],[137.1181,34.5871]]],[[[137.118,34.5871],[137.118,34.5871],[137.118,34.5871],[137.118,34.5871]]],[[[137.1174,34.5871],[137.1174,34.5872],[137.1174,34.5871],[137.1174,34.5871]]],[[[137.1175,34.5872],[137.1175,34.5871],[137.1175,34.5871],[137.1175,34.5872]]],[[[137.1202,34.5872],[137.1202,34.5872],[137.1202,34.5872],[137.1202,34.5872]]],[[[137.1176,34.5872],[137.1175,34.5872],[137.1176,34.5872],[137.1176,34.5872]]],[[[137.118,34.5872],[137.118,34.5872],[137.118,34.5872],[137.118,34.5872]]],[[[137.1155,34.5872],[137.1155,34.5872],[137.1154,34.5872],[137.1155,34.5872]]],[[[137.1179,34.5872],[137.1179,34.5872],[137.1179,34.5872],[137.1179,34.5872]]],[[[137.1202,34.5872],[137.1202,34.5872],[137.1202,34.5872],[137.1202,34.5872]]],[[[137.1197,34.5873],[137.1199,34.5871],[137.1196,34.5873],[137.1197,34.5873]]],[[[137.1168,34.5872],[137.1168,34.5872],[137.1167,34.5872],[137.1168,34.5872]]],[[[137.1177,34.5872],[137.1176,34.5872],[137.1176,34.5872],[137.1177,34.5872]]],[[[137.1178,34.5872],[137.1178,34.5872],[137.1178,34.5872],[137.1178,34.5872]]],[[[137.1156,34.5872],[137.1156,34.5872],[137.1156,34.5872],[137.1156,34.5872]]],[[[137.1177,34.5872],[137.1177,34.5873],[137.1177,34.5872],[137.1177,34.5872]]],[[[137.1168,34.5872],[137.1168,34.5872],[137.1168,34.5872],[137.1168,34.5872]]],[[[137.1161,34.5873],[137.116,34.5872],[137.116,34.5872],[137.1161,34.5873]]],[[[137.116,34.5873],[137.1159,34.5873],[137.116,34.5873],[137.116,34.5873]]],[[[137.1168,34.5873],[137.1169,34.5872],[137.1168,34.5872],[137.1168,34.5873]]],[[[137.1159,34.5873],[137.1159,34.5873],[137.1159,34.5873],[137.1159,34.5873]]],[[[137.1157,34.5873],[137.1157,34.5873],[137.1157,34.5873],[137.1157,34.5873]]],[[[137.1161,34.5873],[137.1161,34.5873],[137.1161,34.5873],[137.1161,34.5873]]],[[[137.1154,34.5873],[137.1154,34.5873],[137.1154,34.5873],[137.1154,34.5873]]],[[[137.1169,34.5873],[137.1169,34.5873],[137.1169,34.5873],[137.1169,34.5873]]],[[[137.1167,34.5873],[137.1168,34.5873],[137.1168,34.5873],[137.1167,34.5873]]],[[[137.1156,34.5873],[137.1156,34.5873],[137.1156,34.5873],[137.1156,34.5873]]],[[[137.1156,34.5873],[137.1156,34.5873],[137.1156,34.5873],[137.1156,34.5873]]],[[[137.1193,34.5873],[137.1193,34.5873],[137.1193,34.5873],[137.1193,34.5873]]],[[[137.1156,34.5874],[137.1156,34.5873],[137.1156,34.5873],[137.1156,34.5874]]],[[[137.1167,34.5873],[137.1166,34.5873],[137.1167,34.5874],[137.1167,34.5873]]],[[[137.1155,34.5874],[137.1155,34.5873],[137.1155,34.5873],[137.1155,34.5874]]],[[[137.1154,34.5873],[137.1154,34.5874],[137.1155,34.5873],[137.1154,34.5873]]],[[[137.1159,34.5874],[137.116,34.5873],[137.1159,34.5874],[137.1159,34.5874]]],[[[137.1158,34.5874],[137.1158,34.5873],[137.1158,34.5874],[137.1158,34.5874]]],[[[137.1157,34.5874],[137.1156,34.5874],[137.1156,34.5874],[137.1157,34.5874]]],[[[137.1157,34.5874],[137.1157,34.5874],[137.1157,34.5874],[137.1157,34.5874]]],[[[137.1156,34.5874],[137.1156,34.5874],[137.1156,34.5874],[137.1156,34.5874]]],[[[137.1191,34.5874],[137.1191,34.5874],[137.1191,34.5874],[137.1191,34.5874]]],[[[137.119,34.5874],[137.1191,34.5874],[137.1191,34.5874],[137.119,34.5874]]],[[[137.1189,34.5874],[137.119,34.5874],[137.1189,34.5874],[137.1189,34.5874]]],[[[137.1155,34.5874],[137.1154,34.5874],[137.1155,34.5874],[137.1155,34.5874]]],[[[137.1157,34.5874],[137.1157,34.5874],[137.1157,34.5874],[137.1157,34.5874]]],[[[137.1154,34.5874],[137.1154,34.5874],[137.1154,34.5874],[137.1154,34.5874]]],[[[137.1162,34.5874],[137.1162,34.5874],[137.1163,34.5874],[137.1162,34.5874]]],[[[137.1164,34.5874],[137.1164,34.5875],[137.1164,34.5874],[137.1164,34.5874]]],[[[137.1156,34.5875],[137.1156,34.5874],[137.1155,34.5875],[137.1156,34.5875]]],[[[137.1155,34.5875],[137.1155,34.5875],[137.1155,34.5875],[137.1155,34.5875]]],[[[137.1154,34.5875],[137.1154,34.5876],[137.1154,34.5876],[137.1154,34.5875]]],[[[137.1153,34.5876],[137.1154,34.5876],[137.1153,34.5875],[137.1153,34.5876]]],[[[137.1153,34.5876],[137.1153,34.5876],[137.1153,34.5876],[137.1153,34.5876]]],[[[137.1184,34.6457],[137.1184,34.6454],[137.1183,34.6457],[137.1184,34.6457]]],[[[137.1158,34.6471],[137.116,34.6469],[137.1159,34.6466],[137.1158,34.6471]]],[[[137.12,34.6467],[137.119,34.6473],[137.1198,34.6474],[137.12,34.6467]]],[[[137.1158,34.6476],[137.1158,34.6473],[137.1156,34.6478],[137.1158,34.6476]]],[[[137.1161,34.6477],[137.116,34.6476],[137.1161,34.6477],[137.1161,34.6477]]],[[[137.1161,34.6483],[137.1161,34.6478],[137.1161,34.6482],[137.1161,34.6483]]],[[[137.1156,34.6482],[137.1156,34.6482],[137.1155,34.6483],[137.1156,34.6482]]],[[[137.1227,34.5861],[137.1228,34.5863],[137.1228,34.5862],[137.1227,34.5861]]],[[[137.1232,34.5864],[137.1232,34.5863],[137.123,34.5863],[137.1232,34.5864]]],[[[137.1237,34.5864],[137.1235,34.5863],[137.1234,34.5864],[137.1237,34.5864]]],[[[137.1239,34.5865],[137.1239,34.5863],[137.1238,34.5864],[137.1239,34.5865]]],[[[137.1218,34.5864],[137.1219,34.5864],[137.1218,34.5864],[137.1218,34.5864]]],[[[137.1224,34.5866],[137.1224,34.5866],[137.1224,34.5866],[137.1224,34.5866]]],[[[137.1221,34.5866],[137.1221,34.5866],[137.1221,34.5866],[137.1221,34.5866]]],[[[137.1226,34.5867],[137.1225,34.5866],[137.1225,34.5867],[137.1226,34.5867]]],[[[137.1216,34.5867],[137.1215,34.5866],[137.1215,34.5866],[137.1216,34.5867]]],[[[137.1233,34.5866],[137.1234,34.5867],[137.1234,34.5866],[137.1233,34.5866]]],[[[137.1228,34.5867],[137.1228,34.5866],[137.1228,34.5867],[137.1228,34.5867]]],[[[137.1215,34.5866],[137.1215,34.5867],[137.1215,34.5867],[137.1215,34.5866]]],[[[137.1237,34.5866],[137.1238,34.5867],[137.1238,34.5866],[137.1237,34.5866]]],[[[137.123,34.5867],[137.123,34.5867],[137.123,34.5867],[137.123,34.5867]]],[[[137.1221,34.5867],[137.122,34.5868],[137.1221,34.5868],[137.1221,34.5867]]],[[[137.1222,34.5868],[137.1222,34.5868],[137.1222,34.5868],[137.1222,34.5868]]],[[[137.1216,34.5868],[137.1215,34.5868],[137.1215,34.5869],[137.1216,34.5868]]],[[[137.1234,34.5868],[137.1234,34.587],[137.1236,34.587],[137.1234,34.5868]]],[[[137.122,34.5869],[137.122,34.587],[137.122,34.5869],[137.122,34.5869]]],[[[137.1223,34.5869],[137.1223,34.5869],[137.1223,34.5869],[137.1223,34.5869]]],[[[137.1224,34.5869],[137.1225,34.587],[137.1225,34.5869],[137.1224,34.5869]]],[[[137.1233,34.5869],[137.1232,34.587],[137.1233,34.587],[137.1233,34.5869]]],[[[137.1203,34.5869],[137.1202,34.587],[137.1203,34.587],[137.1203,34.5869]]],[[[137.1209,34.5869],[137.1209,34.587],[137.1209,34.587],[137.1209,34.5869]]],[[[137.1208,34.5869],[137.1208,34.587],[137.1208,34.5869],[137.1208,34.5869]]],[[[137.1222,34.587],[137.1222,34.587],[137.1222,34.587],[137.1222,34.587]]],[[[137.122,34.5871],[137.122,34.587],[137.122,34.587],[137.122,34.5871]]],[[[137.1232,34.587],[137.1232,34.5871],[137.1233,34.587],[137.1232,34.587]]],[[[137.1218,34.587],[137.1218,34.587],[137.1218,34.587],[137.1218,34.587]]],[[[137.1209,34.587],[137.1207,34.5871],[137.1209,34.5871],[137.1209,34.587]]],[[[137.1217,34.5871],[137.1217,34.5871],[137.1217,34.587],[137.1217,34.5871]]],[[[137.1222,34.5871],[137.1221,34.5871],[137.1222,34.5871],[137.1222,34.5871]]],[[[137.1205,34.5871],[137.1205,34.5871],[137.1205,34.5871],[137.1205,34.5871]]],[[[137.1225,34.5871],[137.1225,34.5871],[137.1225,34.5871],[137.1225,34.5871]]],[[[137.1203,34.5871],[137.1203,34.5871],[137.1203,34.5871],[137.1203,34.5871]]],[[[137.1225,34.5871],[137.1224,34.5871],[137.1225,34.5871],[137.1225,34.5871]]],[[[137.122,34.5871],[137.122,34.5871],[137.122,34.5871],[137.122,34.5871]]],[[[137.1209,34.5871],[137.1209,34.5871],[137.1209,34.5871],[137.1209,34.5871]]],[[[137.1233,34.5871],[137.1233,34.5871],[137.1232,34.5871],[137.1233,34.5871]]],[[[137.1225,34.5872],[137.1225,34.5871],[137.1225,34.5871],[137.1225,34.5872]]],[[[137.1218,34.5872],[137.1218,34.5871],[137.1218,34.5872],[137.1218,34.5872]]],[[[137.1212,34.5871],[137.1212,34.5872],[137.1212,34.5872],[137.1212,34.5871]]],[[[137.1227,34.5871],[137.1227,34.5871],[137.1226,34.5872],[137.1227,34.5871]]],[[[137.121,34.5871],[137.121,34.5872],[137.121,34.5871],[137.121,34.5871]]],[[[137.1216,34.5872],[137.1216,34.5872],[137.1216,34.5872],[137.1216,34.5872]]],[[[137.1219,34.5871],[137.1219,34.5872],[137.1219,34.5871],[137.1219,34.5871]]],[[[137.122,34.5872],[137.122,34.5871],[137.122,34.5872],[137.122,34.5872]]],[[[137.1226,34.5871],[137.1226,34.5872],[137.1226,34.5872],[137.1226,34.5871]]],[[[137.1207,34.5872],[137.1208,34.5872],[137.1208,34.5872],[137.1207,34.5872]]],[[[137.1203,34.5871],[137.1203,34.5872],[137.1203,34.5872],[137.1203,34.5871]]],[[[137.1225,34.5872],[137.1225,34.5872],[137.1225,34.5872],[137.1225,34.5872]]],[[[137.1217,34.5872],[137.1217,34.5872],[137.1218,34.5872],[137.1217,34.5872]]],[[[137.1219,34.5872],[137.1219,34.5872],[137.1219,34.5872],[137.1219,34.5872]]],[[[137.1211,34.5872],[137.1211,34.5872],[137.1211,34.5872],[137.1211,34.5872]]],[[[137.1209,34.5872],[137.1209,34.5872],[137.1209,34.5872],[137.1209,34.5872]]],[[[137.1218,34.5872],[137.1218,34.5872],[137.1218,34.5872],[137.1218,34.5872]]],[[[137.1205,34.5872],[137.1205,34.5872],[137.1205,34.5872],[137.1205,34.5872]]],[[[137.1203,34.5872],[137.1203,34.5872],[137.1203,34.5872],[137.1203,34.5872]]],[[[137.1216,34.5872],[137.1216,34.5872],[137.1216,34.5872],[137.1216,34.5872]]],[[[137.1206,34.5872],[137.1205,34.5872],[137.1205,34.5872],[137.1206,34.5872]]],[[[137.1203,34.5872],[137.1203,34.5873],[137.1203,34.5872],[137.1203,34.5872]]],[[[137.1227,34.5872],[137.1228,34.5873],[137.1228,34.5872],[137.1227,34.5872]]],[[[137.1214,34.5873],[137.1214,34.5872],[137.1214,34.5873],[137.1214,34.5873]]],[[[137.1227,34.5873],[137.1227,34.5872],[137.1227,34.5872],[137.1227,34.5873]]],[[[137.1234,34.5872],[137.1233,34.5873],[137.1236,34.5873],[137.1234,34.5872]]],[[[137.1214,34.5873],[137.1214,34.5873],[137.1214,34.5873],[137.1214,34.5873]]],[[[137.1203,34.5873],[137.1202,34.5873],[137.1202,34.5873],[137.1203,34.5873]]],[[[137.1237,34.5872],[137.1237,34.5873],[137.1237,34.5873],[137.1237,34.5872]]],[[[137.1223,34.6447],[137.1221,34.6447],[137.1221,34.6447],[137.1223,34.6447]]],[[[137.1229,34.6457],[137.1228,34.6455],[137.1227,34.6455],[137.1229,34.6457]]],[[[137.1224,34.6582],[137.1225,34.6583],[137.1224,34.6582],[137.1224,34.6582]]],[[[137.123,34.6591],[137.1233,34.6587],[137.123,34.6588],[137.123,34.6591]]],[[[137.1319,34.5868],[137.132,34.5868],[137.132,34.5868],[137.1319,34.5868]]],[[[137.1255,34.5869],[137.1254,34.5869],[137.1255,34.5869],[137.1255,34.5869]]],[[[137.132,34.5869],[137.132,34.5869],[137.132,34.5869],[137.132,34.5869]]],[[[137.1305,34.587],[137.1305,34.5869],[137.1304,34.587],[137.1305,34.587]]],[[[137.1252,34.587],[137.1251,34.587],[137.1252,34.587],[137.1252,34.587]]],[[[137.1248,34.5871],[137.1247,34.5869],[137.1247,34.5871],[137.1248,34.5871]]],[[[137.1242,34.587],[137.1242,34.5871],[137.1242,34.587],[137.1242,34.587]]],[[[137.1319,34.5871],[137.132,34.5871],[137.132,34.5871],[137.1319,34.5871]]],[[[137.1308,34.5871],[137.1307,34.5871],[137.1307,34.5872],[137.1308,34.5871]]],[[[137.124,34.5871],[137.1241,34.5872],[137.1241,34.5871],[137.124,34.5871]]],[[[137.1305,34.5872],[137.1304,34.5871],[137.1303,34.5872],[137.1305,34.5872]]],[[[137.1326,34.5872],[137.1326,34.5871],[137.1325,34.5872],[137.1326,34.5872]]],[[[137.1319,34.5871],[137.1319,34.5873],[137.1319,34.5872],[137.1319,34.5871]]],[[[137.1318,34.5873],[137.1319,34.5874],[137.1319,34.5873],[137.1318,34.5873]]],[[[137.124,34.5874],[137.124,34.5873],[137.1239,34.5874],[137.124,34.5874]]],[[[137.1303,34.5875],[137.1301,34.5874],[137.1301,34.5875],[137.1303,34.5875]]],[[[137.1261,34.5876],[137.126,34.5875],[137.126,34.5875],[137.1261,34.5876]]],[[[137.1299,34.5877],[137.1297,34.5876],[137.1297,34.5877],[137.1299,34.5877]]],[[[137.1248,34.5877],[137.1247,34.5876],[137.1247,34.5877],[137.1248,34.5877]]],[[[137.1304,34.5878],[137.1305,34.5876],[137.1304,34.5877],[137.1304,34.5878]]],[[[137.1254,34.5877],[137.1255,34.5878],[137.1255,34.5877],[137.1254,34.5877]]],[[[137.1257,34.5878],[137.1257,34.5877],[137.1257,34.5878],[137.1257,34.5878]]],[[[137.1293,34.5878],[137.1291,34.5879],[137.1293,34.5878],[137.1293,34.5878]]],[[[137.1264,34.5878],[137.1263,34.5878],[137.1265,34.5878],[137.1264,34.5878]]],[[[137.1298,34.5878],[137.1297,34.5879],[137.1298,34.5879],[137.1298,34.5878]]],[[[137.1265,34.5879],[137.1267,34.5879],[137.1267,34.5878],[137.1265,34.5879]]],[[[137.1259,34.5879],[137.1258,34.5879],[137.1259,34.5879],[137.1259,34.5879]]],[[[137.1255,34.5878],[137.1255,34.5879],[137.1256,34.5879],[137.1255,34.5878]]],[[[137.1288,34.5879],[137.1289,34.588],[137.129,34.5879],[137.1288,34.5879]]],[[[137.126,34.5879],[137.126,34.588],[137.126,34.588],[137.126,34.5879]]],[[[137.1285,34.5882],[137.1285,34.5881],[137.1285,34.5882],[137.1285,34.5882]]],[[[137.1284,34.5882],[137.1284,34.5882],[137.1284,34.5882],[137.1284,34.5882]]],[[[137.1293,34.5883],[137.1293,34.5882],[137.1293,34.5882],[137.1293,34.5883]]],[[[137.1284,34.5883],[137.1284,34.5883],[137.1284,34.5883],[137.1284,34.5883]]],[[[137.138,34.5885],[137.138,34.5885],[137.138,34.5885],[137.138,34.5885]]],[[[137.138,34.5886],[137.1381,34.5886],[137.138,34.5885],[137.138,34.5886]]],[[[137.1374,34.589],[137.1373,34.589],[137.1373,34.5891],[137.1374,34.589]]],[[[137.1367,34.5891],[137.1368,34.589],[137.1367,34.589],[137.1367,34.5891]]],[[[137.1363,34.5891],[137.1362,34.5892],[137.1363,34.5891],[137.1363,34.5891]]],[[[137.1372,34.5892],[137.1372,34.5891],[137.1371,34.5891],[137.1372,34.5892]]],[[[137.1364,34.5892],[137.1363,34.5892],[137.1363,34.5892],[137.1364,34.5892]]],[[[137.143,34.5893],[137.1431,34.5893],[137.1431,34.5893],[137.143,34.5893]]],[[[137.1395,34.5894],[137.1394,34.5893],[137.1394,34.5893],[137.1395,34.5894]]],[[[137.1428,34.5893],[137.1428,34.5893],[137.1428,34.5893],[137.1428,34.5893]]],[[[137.1415,34.5893],[137.1415,34.5894],[137.1415,34.5894],[137.1415,34.5893]]],[[[137.1443,34.5894],[137.1443,34.5894],[137.1442,34.5894],[137.1443,34.5894]]],[[[137.1393,34.5895],[137.1392,34.5895],[137.1392,34.5895],[137.1393,34.5895]]],[[[137.1392,34.5895],[137.1391,34.5896],[137.1392,34.5895],[137.1392,34.5895]]],[[[137.141,34.5895],[137.141,34.5896],[137.1411,34.5896],[137.141,34.5895]]],[[[137.1411,34.5895],[137.1411,34.5896],[137.1412,34.5896],[137.1411,34.5895]]],[[[137.1429,34.5896],[137.1429,34.5896],[137.1429,34.5896],[137.1429,34.5896]]],[[[137.1404,34.5896],[137.1404,34.5897],[137.1405,34.5897],[137.1404,34.5896]]],[[[137.1411,34.5897],[137.141,34.5896],[137.141,34.5897],[137.1411,34.5897]]],[[[137.1396,34.5897],[137.1397,34.5897],[137.1396,34.5897],[137.1396,34.5897]]],[[[137.1424,34.5897],[137.1425,34.5898],[137.1425,34.5897],[137.1424,34.5897]]],[[[137.1413,34.5898],[137.1412,34.5897],[137.1411,34.5897],[137.1413,34.5898]]],[[[137.1397,34.5897],[137.1397,34.5897],[137.1397,34.5897],[137.1397,34.5897]]],[[[137.1417,34.5899],[137.1417,34.5897],[137.1416,34.5898],[137.1417,34.5898],[137.1417,34.5899]]],[[[137.1421,34.5898],[137.1421,34.5899],[137.1422,34.5898],[137.1421,34.5898]]],[[[137.1426,34.5899],[137.1426,34.5898],[137.1425,34.5898],[137.1426,34.5899]]],[[[137.1422,34.5899],[137.1422,34.5899],[137.1422,34.5899],[137.1422,34.5899]]],[[[137.1427,34.59],[137.1428,34.59],[137.1427,34.5899],[137.1427,34.59]]],[[[137.1432,34.5901],[137.1431,34.5901],[137.1431,34.5901],[137.1432,34.5901]]],[[[137.1438,34.5905],[137.144,34.5904],[137.1438,34.5904],[137.1438,34.5905]]],[[[137.1334,34.6404],[137.1333,34.6403],[137.1331,34.6404],[137.1334,34.6404]]],[[[137.1241,34.6497],[137.1281,34.6478],[137.1236,34.649],[137.1241,34.6497]]],[[[137.1345,34.6506],[137.1356,34.6505],[137.1348,34.6504],[137.1345,34.6506]]],[[[137.1253,34.6501],[137.1267,34.6532],[137.1277,34.6511],[137.1253,34.6501]]],[[[137.1261,34.6549],[137.1276,34.6527],[137.126,34.6548],[137.1261,34.6549]]],[[[137.1352,34.6565],[137.1352,34.6563],[137.1345,34.6564],[137.1352,34.6565]]],[[[137.1325,34.6565],[137.1325,34.6564],[137.1323,34.6565],[137.1325,34.6565]]],[[[137.1253,34.6582],[137.1252,34.6579],[137.1251,34.658],[137.1253,34.6582]]],[[[137.146,34.5901],[137.1459,34.5902],[137.146,34.5901],[137.146,34.5901]]],[[[137.1456,34.5903],[137.1455,34.5902],[137.1456,34.5903],[137.1456,34.5903]]],[[[137.1444,34.5903],[137.1445,34.5904],[137.1445,34.5903],[137.1444,34.5903]]],[[[137.1443,34.5904],[137.1443,34.5904],[137.1443,34.5904],[137.1443,34.5904]]],[[[137.146,34.5905],[137.1459,34.5904],[137.1459,34.5904],[137.146,34.5905]]],[[[137.1453,34.5904],[137.1454,34.5905],[137.1454,34.5905],[137.1453,34.5904]]],[[[137.146,34.5905],[137.146,34.5906],[137.1461,34.5906],[137.146,34.5905]]],[[[137.1452,34.5907],[137.1452,34.5908],[137.1452,34.5908],[137.1452,34.5907]]],[[[137.1453,34.5908],[137.1454,34.5909],[137.1454,34.5909],[137.1453,34.5908]]],[[[137.1457,34.591],[137.1456,34.5911],[137.1457,34.5911],[137.1457,34.591]]],[[[137.1467,34.5912],[137.1467,34.5913],[137.1468,34.5913],[137.1467,34.5912]]],[[[137.1466,34.5913],[137.1466,34.5914],[137.1466,34.5914],[137.1466,34.5913]]],[[[137.147,34.5915],[137.147,34.5916],[137.147,34.5915],[137.147,34.5915]]],[[[137.1468,34.5916],[137.1468,34.5915],[137.1468,34.5916],[137.1468,34.5916]]],[[[137.1512,34.5916],[137.1514,34.5916],[137.1513,34.5915],[137.1512,34.5916]]],[[[137.1503,34.5917],[137.1503,34.5918],[137.1503,34.5917],[137.1503,34.5917]]],[[[137.1472,34.5918],[137.147,34.5918],[137.1472,34.5919],[137.1472,34.5918]]],[[[137.1511,34.5919],[137.1511,34.5919],[137.1511,34.5919],[137.1511,34.5919]]],[[[137.1474,34.5919],[137.1473,34.5919],[137.1474,34.592],[137.1474,34.5919]]],[[[137.1476,34.5919],[137.1476,34.592],[137.1476,34.5919],[137.1476,34.5919]]],[[[137.1508,34.5919],[137.1508,34.592],[137.1508,34.592],[137.1508,34.5919]]],[[[137.1514,34.592],[137.1513,34.592],[137.1513,34.592],[137.1514,34.592]]],[[[137.1511,34.592],[137.151,34.592],[137.151,34.592],[137.1511,34.592]]],[[[137.1521,34.5921],[137.1522,34.592],[137.1521,34.592],[137.1521,34.5921]]],[[[137.1508,34.592],[137.1508,34.592],[137.1508,34.592],[137.1508,34.592]]],[[[137.1514,34.592],[137.1514,34.5921],[137.1515,34.592],[137.1514,34.592]]],[[[137.1481,34.592],[137.148,34.5921],[137.1481,34.5921],[137.1481,34.592]]],[[[137.1511,34.5921],[137.1511,34.5921],[137.1511,34.5921],[137.1511,34.5921]]],[[[137.1517,34.5921],[137.1517,34.5921],[137.1517,34.5921],[137.1517,34.5921]]],[[[137.1519,34.5921],[137.1519,34.5921],[137.1519,34.5921],[137.1519,34.5921]]],[[[137.1514,34.5921],[137.1514,34.5921],[137.1514,34.5921],[137.1514,34.5921]]],[[[137.1509,34.5921],[137.1509,34.5922],[137.151,34.5921],[137.1509,34.5921]]],[[[137.1496,34.5922],[137.1495,34.5921],[137.1495,34.5922],[137.1496,34.5922]]],[[[137.1512,34.5922],[137.1511,34.5922],[137.1511,34.5922],[137.1512,34.5922]]],[[[137.1514,34.5922],[137.1514,34.5922],[137.1514,34.5922],[137.1514,34.5922]]],[[[137.1513,34.5922],[137.1512,34.5922],[137.1513,34.5922],[137.1513,34.5922]]],[[[137.1517,34.5922],[137.1516,34.5922],[137.1516,34.5922],[137.1517,34.5922]]],[[[137.1505,34.5922],[137.1506,34.5922],[137.1506,34.5922],[137.1505,34.5922]]],[[[137.1518,34.5922],[137.1517,34.5922],[137.1517,34.5922],[137.1518,34.5922]]],[[[137.152,34.5922],[137.1519,34.5922],[137.152,34.5922],[137.152,34.5922]]],[[[137.1513,34.5922],[137.1514,34.5922],[137.1513,34.5922],[137.1513,34.5922]]],[[[137.1511,34.5922],[137.1511,34.5922],[137.1511,34.5922],[137.1511,34.5922]]],[[[137.1508,34.5922],[137.1508,34.5922],[137.1508,34.5922],[137.1508,34.5922]]],[[[137.1519,34.5923],[137.1519,34.5923],[137.1519,34.5923],[137.1519,34.5923]]],[[[137.1507,34.5923],[137.1507,34.5923],[137.1507,34.5923],[137.1507,34.5923]]],[[[137.1492,34.5923],[137.1492,34.5923],[137.1492,34.5923],[137.1492,34.5923]]],[[[137.1519,34.5923],[137.1518,34.5923],[137.1518,34.5923],[137.1519,34.5923]]],[[[137.1499,34.5923],[137.1499,34.5923],[137.1499,34.5923],[137.1499,34.5923]]],[[[137.1519,34.5923],[137.152,34.5923],[137.1519,34.5923],[137.1519,34.5923]]],[[[137.1517,34.5923],[137.1517,34.5923],[137.1517,34.5923],[137.1517,34.5923]]],[[[137.1498,34.5923],[137.1498,34.5923],[137.1497,34.5923],[137.1498,34.5923]]],[[[137.1503,34.5923],[137.1502,34.5924],[137.1503,34.5923],[137.1503,34.5923]]],[[[137.1498,34.5924],[137.1498,34.5923],[137.1498,34.5924],[137.1498,34.5924]]],[[[137.1518,34.5924],[137.1518,34.5924],[137.1518,34.5924],[137.1518,34.5924]]],[[[137.152,34.5924],[137.152,34.5924],[137.152,34.5924],[137.152,34.5924]]],[[[137.1497,34.5924],[137.1498,34.5924],[137.1497,34.5924],[137.1497,34.5924]]],[[[137.1503,34.5924],[137.1503,34.5924],[137.1503,34.5924],[137.1503,34.5924]]],[[[137.1502,34.5924],[137.1502,34.5924],[137.1502,34.5924],[137.1502,34.5924]]],[[[137.1499,34.5924],[137.1499,34.5924],[137.1499,34.5924],[137.1499,34.5924]]],[[[137.1501,34.5924],[137.1502,34.5924],[137.1502,34.5924],[137.1501,34.5924]]],[[[137.1521,34.5927],[137.1521,34.5927],[137.1521,34.5927],[137.1521,34.5927]]],[[[137.1532,34.5932],[137.1531,34.5932],[137.1532,34.5933],[137.1532,34.5932]]],[[[137.1531,34.5932],[137.1531,34.5933],[137.1531,34.5932],[137.1531,34.5932]]],[[[137.1532,34.5933],[137.1532,34.5933],[137.1532,34.5933],[137.1532,34.5933]]],[[[137.1546,34.5937],[137.1545,34.5937],[137.1546,34.5937],[137.1546,34.5937]]],[[[137.1552,34.5937],[137.1552,34.5937],[137.1552,34.5937],[137.1552,34.5937]]],[[[137.155,34.5937],[137.1549,34.5937],[137.155,34.5937],[137.155,34.5937]]],[[[137.1545,34.5937],[137.1545,34.5937],[137.1545,34.5937],[137.1545,34.5937]]],[[[137.1548,34.5937],[137.1548,34.5937],[137.1548,34.5937],[137.1548,34.5937]]],[[[137.1545,34.5937],[137.1545,34.5937],[137.1545,34.5937],[137.1545,34.5937]]],[[[137.1545,34.5938],[137.1544,34.5938],[137.1544,34.5938],[137.1545,34.5938]]],[[[137.1551,34.5938],[137.1551,34.5938],[137.1551,34.5938],[137.1551,34.5938]]],[[[137.1574,34.5927],[137.1574,34.5927],[137.1574,34.5927],[137.1574,34.5927]]],[[[137.1573,34.5928],[137.1573,34.5927],[137.1573,34.5928],[137.1573,34.5928]]],[[[137.1572,34.5927],[137.1573,34.5929],[137.1573,34.5928],[137.1572,34.5927]]],[[[137.1572,34.5929],[137.1571,34.5929],[137.1572,34.5929],[137.1572,34.5929]]],[[[137.1573,34.593],[137.1572,34.593],[137.1573,34.593],[137.1573,34.593]]],[[[137.1565,34.5932],[137.1564,34.5932],[137.1565,34.5932],[137.1565,34.5932]]],[[[137.157,34.5935],[137.157,34.5935],[137.157,34.5935],[137.157,34.5935]]],[[[137.1571,34.5935],[137.1571,34.5935],[137.1571,34.5936],[137.1571,34.5935]]],[[[137.1564,34.5936],[137.1563,34.5936],[137.1563,34.5936],[137.1564,34.5936]]],[[[137.1559,34.5936],[137.1559,34.5936],[137.1559,34.5936],[137.1559,34.5936]]],[[[137.1572,34.5935],[137.1571,34.5937],[137.1572,34.5936],[137.1572,34.5935]]],[[[137.1556,34.5936],[137.1555,34.5936],[137.1555,34.5936],[137.1556,34.5936]]],[[[137.1555,34.5936],[137.1554,34.5936],[137.1555,34.5937],[137.1555,34.5936]]],[[[137.1554,34.5937],[137.1554,34.5937],[137.1554,34.5937],[137.1554,34.5937]]],[[[137.1555,34.5938],[137.1555,34.5938],[137.1555,34.5938],[137.1555,34.5938]]],[[[137.1555,34.5939],[137.1555,34.5939],[137.1555,34.5939],[137.1555,34.5939]]],[[[137.1558,34.5939],[137.1558,34.5939],[137.1558,34.5939],[137.1558,34.5939]]],[[[137.1553,34.5939],[137.1553,34.5939],[137.1553,34.5939],[137.1553,34.5939]]],[[[137.1555,34.5939],[137.1555,34.5939],[137.1555,34.5939],[137.1555,34.5939]]],[[[137.1556,34.5939],[137.1556,34.594],[137.1556,34.5939],[137.1556,34.5939]]],[[[137.1555,34.5939],[137.1555,34.5939],[137.1555,34.594],[137.1555,34.5939]]],[[[137.1557,34.594],[137.1557,34.594],[137.1557,34.594],[137.1557,34.594]]],[[[137.1571,34.5941],[137.1571,34.5941],[137.1571,34.5941],[137.1571,34.5941]]],[[[137.1576,34.5942],[137.1575,34.5942],[137.1576,34.5943],[137.1576,34.5942]]],[[[137.1572,34.5942],[137.1572,34.5942],[137.1571,34.5942],[137.1572,34.5942]]],[[[137.1572,34.5942],[137.1572,34.5943],[137.1572,34.5942],[137.1572,34.5942]]],[[[137.1571,34.5943],[137.1572,34.5943],[137.1571,34.5943],[137.1571,34.5943]]],[[[137.1572,34.5944],[137.1572,34.5943],[137.1572,34.5943],[137.1572,34.5944]]],[[[137.1574,34.5944],[137.1574,34.5944],[137.1574,34.5944],[137.1574,34.5944]]],[[[137.1574,34.5945],[137.1574,34.5945],[137.1574,34.5945],[137.1574,34.5945]]],[[[137.1575,34.5945],[137.1575,34.5946],[137.1575,34.5946],[137.1575,34.5945]]],[[[137.1576,34.5946],[137.1577,34.5946],[137.1577,34.5946],[137.1576,34.5946]]],[[[137.1577,34.5946],[137.1577,34.5946],[137.1577,34.5946],[137.1577,34.5946]]],[[[137.158,34.5947],[137.158,34.5947],[137.158,34.5947],[137.158,34.5947]]],[[[137.1581,34.5947],[137.158,34.5948],[137.1581,34.5948],[137.1581,34.5947]]],[[[137.1584,34.5948],[137.1584,34.5948],[137.1584,34.5948],[137.1584,34.5948]]],[[[137.1584,34.5948],[137.1583,34.5948],[137.1584,34.5948],[137.1584,34.5948]]],[[[137.1584,34.5949],[137.1584,34.5948],[137.1584,34.5948],[137.1584,34.5949]]],[[[137.1585,34.5949],[137.1585,34.5949],[137.1585,34.5949],[137.1585,34.5949]]],[[[137.159,34.5951],[137.159,34.5951],[137.1589,34.5951],[137.159,34.5951]]],[[[137.1595,34.5951],[137.1595,34.5951],[137.1595,34.5951],[137.1595,34.5951]]],[[[137.1594,34.5951],[137.1595,34.5951],[137.1594,34.5951],[137.1594,34.5951]]],[[[137.1595,34.5951],[137.1596,34.5952],[137.1596,34.5951],[137.1595,34.5951]]],[[[137.1594,34.5953],[137.1594,34.5953],[137.1594,34.5953],[137.1594,34.5953]]],[[[137.1595,34.5953],[137.1595,34.5953],[137.1595,34.5953],[137.1595,34.5953]]],[[[137.1604,34.5953],[137.1604,34.5953],[137.1604,34.5953],[137.1604,34.5953]]],[[[137.1603,34.5955],[137.1603,34.5955],[137.1603,34.5955],[137.1603,34.5955]]],[[[137.1608,34.5956],[137.1607,34.5955],[137.1607,34.5955],[137.1608,34.5956]]],[[[137.161,34.5955],[137.161,34.5955],[137.161,34.5955],[137.161,34.5955]]],[[[137.1605,34.5956],[137.1606,34.5956],[137.1605,34.5956],[137.1605,34.5956]]],[[[137.1606,34.5956],[137.1607,34.5956],[137.1607,34.5956],[137.1606,34.5956]]],[[[137.1609,34.5956],[137.1609,34.5956],[137.1608,34.5956],[137.1609,34.5956]]],[[[137.1608,34.5956],[137.1608,34.5956],[137.1607,34.5956],[137.1608,34.5956]]],[[[137.161,34.5957],[137.161,34.5956],[137.1609,34.5956],[137.161,34.5957]]],[[[137.1614,34.5957],[137.1614,34.5957],[137.1613,34.5957],[137.1614,34.5957]]],[[[137.1612,34.5957],[137.1612,34.5957],[137.1612,34.5957],[137.1612,34.5957]]],[[[137.1616,34.5957],[137.1616,34.5958],[137.1616,34.5957],[137.1616,34.5957]]],[[[137.1615,34.5957],[137.1615,34.5957],[137.1615,34.5958],[137.1615,34.5957]]],[[[137.1611,34.5958],[137.1611,34.5958],[137.1611,34.5958],[137.1611,34.5958]]],[[[137.1615,34.5958],[137.1615,34.5958],[137.1615,34.5958],[137.1615,34.5958]]],[[[137.1612,34.5958],[137.1612,34.5958],[137.1612,34.5958],[137.1612,34.5958]]],[[[137.1614,34.5958],[137.1614,34.5958],[137.1614,34.5958],[137.1614,34.5958]]],[[[137.1612,34.5958],[137.1612,34.5958],[137.1612,34.5958],[137.1612,34.5958]]],[[[137.1613,34.5958],[137.1613,34.5958],[137.1612,34.5958],[137.1613,34.5958]]],[[[137.1616,34.5958],[137.1616,34.5958],[137.1616,34.5958],[137.1616,34.5958]]],[[[137.1616,34.5958],[137.1617,34.5958],[137.1617,34.5958],[137.1616,34.5958]]],[[[137.1614,34.5959],[137.1614,34.5958],[137.1614,34.5959],[137.1614,34.5959]]],[[[137.1617,34.596],[137.1618,34.596],[137.1618,34.5959],[137.1617,34.596]]],[[[137.1617,34.596],[137.1617,34.596],[137.1616,34.596],[137.1617,34.596]]],[[[137.1621,34.5961],[137.162,34.5961],[137.1621,34.5961],[137.1621,34.5961]]],[[[137.158,34.6557],[137.159,34.6559],[137.159,34.6558],[137.158,34.6557]]],[[[137.1605,34.6563],[137.1594,34.6567],[137.1585,34.6571],[137.1605,34.6563]]],[[[137.1621,34.596],[137.1621,34.5961],[137.1621,34.596],[137.1621,34.596]]],[[[137.1624,34.5961],[137.1624,34.5961],[137.1625,34.5961],[137.1624,34.5961]]],[[[137.1623,34.5961],[137.1622,34.5961],[137.1623,34.5961],[137.1623,34.5961]]],[[[137.1628,34.5961],[137.1628,34.5961],[137.1628,34.5961],[137.1628,34.5961]]],[[[137.1621,34.5961],[137.1621,34.5961],[137.1621,34.5961],[137.1621,34.5961]]],[[[137.1621,34.5962],[137.1621,34.5961],[137.1621,34.5962],[137.1621,34.5962]]],[[[137.1622,34.5962],[137.1622,34.5962],[137.1622,34.5962],[137.1622,34.5962]]],[[[137.1628,34.5962],[137.1628,34.5962],[137.1628,34.5962],[137.1628,34.5962]]],[[[137.1625,34.5962],[137.1625,34.5962],[137.1625,34.5962],[137.1625,34.5962]]],[[[137.1626,34.5962],[137.1626,34.5962],[137.1626,34.5962],[137.1626,34.5962]]],[[[137.1627,34.5962],[137.1628,34.5963],[137.1628,34.5963],[137.1627,34.5962]]],[[[137.1642,34.5962],[137.1641,34.5963],[137.1642,34.5963],[137.1642,34.5962]]],[[[137.163,34.5962],[137.1629,34.5963],[137.163,34.5963],[137.163,34.5962]]],[[[137.1629,34.5963],[137.1629,34.5964],[137.1629,34.5964],[137.1629,34.5963]]],[[[137.1629,34.5964],[137.1629,34.5964],[137.1629,34.5964],[137.1629,34.5964]]],[[[137.1633,34.5964],[137.1632,34.5964],[137.1633,34.5964],[137.1633,34.5964]]],[[[137.1641,34.5964],[137.1641,34.5964],[137.1641,34.5964],[137.1641,34.5964]]],[[[137.1631,34.5965],[137.1631,34.5965],[137.1631,34.5965],[137.1631,34.5965]]],[[[137.1642,34.5965],[137.1642,34.5965],[137.1642,34.5965],[137.1642,34.5965]]],[[[137.1633,34.5965],[137.1633,34.5965],[137.1633,34.5965],[137.1633,34.5965]]],[[[137.1632,34.5965],[137.1632,34.5965],[137.1632,34.5965],[137.1632,34.5965]]],[[[137.1639,34.5965],[137.1639,34.5965],[137.1639,34.5965],[137.1639,34.5965]]],[[[137.1641,34.5965],[137.1641,34.5965],[137.1641,34.5965],[137.1641,34.5965]]],[[[137.1638,34.5966],[137.1638,34.5966],[137.1638,34.5966],[137.1638,34.5966]]],[[[137.1644,34.5966],[137.1645,34.5966],[137.1645,34.5966],[137.1644,34.5966]]],[[[137.164,34.5966],[137.164,34.5966],[137.164,34.5966],[137.164,34.5966]]],[[[137.1642,34.5966],[137.1642,34.5966],[137.1642,34.5966],[137.1642,34.5966]]],[[[137.1645,34.5967],[137.1646,34.5967],[137.1646,34.5967],[137.1645,34.5967]]],[[[137.1642,34.5967],[137.1642,34.5967],[137.1642,34.5967],[137.1642,34.5967]]],[[[137.1641,34.5968],[137.1641,34.5968],[137.1641,34.5968],[137.1641,34.5968]]],[[[137.1641,34.5968],[137.1641,34.5968],[137.1641,34.5968],[137.1641,34.5968]]],[[[137.1647,34.5968],[137.1647,34.5968],[137.1647,34.5969],[137.1647,34.5968]]],[[[137.1647,34.597],[137.1647,34.5969],[137.1647,34.597],[137.1647,34.597]]],[[[137.1649,34.597],[137.1649,34.597],[137.1649,34.597],[137.1649,34.597]]],[[[137.1646,34.597],[137.1646,34.597],[137.1645,34.597],[137.1646,34.597]]],[[[137.1651,34.597],[137.1651,34.597],[137.1651,34.597],[137.1651,34.597]]],[[[137.1651,34.5971],[137.1651,34.597],[137.1651,34.5971],[137.1651,34.5971]]],[[[137.1651,34.5971],[137.1651,34.5971],[137.1651,34.5971],[137.1651,34.5971]]],[[[137.1651,34.5971],[137.1651,34.5971],[137.1651,34.5971],[137.1651,34.5971]]],[[[137.1652,34.5971],[137.1651,34.5972],[137.1652,34.5972],[137.1652,34.5971]]],[[[137.1657,34.5973],[137.1657,34.5972],[137.1657,34.5972],[137.1657,34.5973]]],[[[137.1659,34.5974],[137.1659,34.5973],[137.1658,34.5973],[137.1659,34.5974]]],[[[137.166,34.5974],[137.166,34.5974],[137.166,34.5974],[137.166,34.5974]]],[[[137.1661,34.5974],[137.1661,34.5974],[137.1661,34.5974],[137.1661,34.5974]]],[[[137.1663,34.5975],[137.1661,34.5975],[137.1663,34.5976],[137.1663,34.5975]]],[[[137.1663,34.5976],[137.1663,34.5975],[137.1663,34.5975],[137.1663,34.5976]]],[[[137.1676,34.5977],[137.1675,34.5977],[137.1675,34.5977],[137.1676,34.5977]]],[[[137.1672,34.5979],[137.1672,34.5979],[137.1672,34.5979],[137.1672,34.5979]]],[[[137.1673,34.598],[137.1672,34.598],[137.1673,34.598],[137.1673,34.598]]],[[[137.1673,34.598],[137.1673,34.598],[137.1673,34.598],[137.1673,34.598]]],[[[137.1678,34.5981],[137.1677,34.5981],[137.1678,34.5981],[137.1678,34.5981]]],[[[137.1696,34.5989],[137.1696,34.5989],[137.1696,34.5989],[137.1696,34.5989]]],[[[137.2202,34.6132],[137.2202,34.6132],[137.2202,34.6132],[137.2202,34.6132]]],[[[137.2201,34.6132],[137.2201,34.6132],[137.2201,34.6132],[137.2201,34.6132]]],[[[137.2201,34.6133],[137.2201,34.6133],[137.2201,34.6133],[137.2201,34.6133]]],[[[137.2201,34.6133],[137.2201,34.6133],[137.2201,34.6133],[137.2201,34.6133]]],[[[137.22,34.6133],[137.22,34.6133],[137.22,34.6133],[137.22,34.6133]]],[[[137.2201,34.6133],[137.22,34.6133],[137.22,34.6133],[137.2201,34.6133]]],[[[137.22,34.6133],[137.22,34.6133],[137.22,34.6133],[137.22,34.6133]]],[[[137.22,34.6133],[137.22,34.6133],[137.22,34.6133],[137.22,34.6133]]],[[[137.22,34.6134],[137.22,34.6133],[137.22,34.6133],[137.22,34.6134]]],[[[137.22,34.6134],[137.2199,34.6134],[137.2199,34.6134],[137.22,34.6134]]],[[[137.22,34.6135],[137.22,34.6134],[137.2199,34.6134],[137.22,34.6135]]],[[[137.2198,34.6135],[137.2199,34.6135],[137.2199,34.6135],[137.2198,34.6135]]],[[[137.2199,34.6134],[137.2199,34.6135],[137.22,34.6135],[137.2199,34.6134]]],[[[137.2198,34.6135],[137.2199,34.6135],[137.2198,34.6135],[137.2198,34.6135]]],[[[137.2199,34.6135],[137.2198,34.6135],[137.2199,34.6135],[137.2199,34.6135]]],[[[137.2198,34.6136],[137.2199,34.6135],[137.2198,34.6135],[137.2198,34.6136]]],[[[137.2198,34.6136],[137.2198,34.6136],[137.2198,34.6136],[137.2198,34.6136]]],[[[137.0961,34.5909],[137.0151,34.5804],[137.0683,34.6612],[137.0762,34.6629],[137.089,34.6571],[137.0914,34.6579],[137.0851,34.6472],[137.1064,34.6427],[137.1023,34.6395],[137.1026,34.6328],[137.1193,34.6343],[137.1333,34.6394],[137.1408,34.6456],[137.1375,34.6505],[137.1297,34.6515],[137.129,34.6529],[137.1285,34.6529],[137.1284,34.6534],[137.1276,34.6539],[137.1268,34.6549],[137.1627,34.6549],[137.2072,34.6783],[137.2119,34.6794],[137.2217,34.6753],[137.2252,34.6765],[137.2297,34.6793],[137.2323,34.6825],[137.2327,34.689],[137.2435,34.6889],[137.2327,34.6991],[137.2455,34.7094],[137.2607,34.6958],[137.2669,34.7086],[137.2585,34.7157],[137.2617,34.7159],[137.2848,34.7309],[137.3009,34.7281],[137.3009,34.6938],[137.2905,34.6937],[137.2862,34.6802],[137.3063,34.6807],[137.3066,34.6646],[137.3373,34.6633],[137.3418,34.6523],[137.3412,34.6472],[137.2097,34.6115],[137.1892,34.6006],[137.1897,34.6066],[137.1867,34.6087],[137.1871,34.6024],[137.1796,34.6028],[137.1574,34.5946],[137.1568,34.594],[137.1571,34.5936],[137.1568,34.5934],[137.1566,34.594],[137.1559,34.5941],[137.1551,34.594],[137.1476,34.5921],[137.1472,34.592],[137.1462,34.5913],[137.1436,34.5905],[137.1429,34.59],[137.0961,34.5909]]],[[[137.207,34.6785],[137.207,34.6785],[137.207,34.6785],[137.207,34.6785]]],[[[137.2074,34.6785],[137.2073,34.6785],[137.2073,34.6786],[137.2074,34.6785]]],[[[137.2217,34.6123],[137.2219,34.6121],[137.2216,34.6122],[137.2217,34.6123]]],[[[137.2215,34.6129],[137.2215,34.6129],[137.2215,34.6129],[137.2215,34.6129]]],[[[137.2205,34.6129],[137.2205,34.6129],[137.2205,34.6129],[137.2205,34.6129]]],[[[137.2223,34.613],[137.2223,34.613],[137.2223,34.613],[137.2223,34.613]]],[[[137.2214,34.613],[137.2214,34.613],[137.2214,34.613],[137.2214,34.613]]],[[[137.2215,34.613],[137.2215,34.613],[137.2215,34.613],[137.2215,34.613]]],[[[137.2213,34.613],[137.2213,34.613],[137.2213,34.613],[137.2213,34.613]]],[[[137.2217,34.613],[137.2217,34.613],[137.2217,34.613],[137.2217,34.613]]],[[[137.2214,34.613],[137.2214,34.613],[137.2214,34.613],[137.2214,34.613]]],[[[137.2215,34.613],[137.2215,34.613],[137.2215,34.613],[137.2215,34.613]]],[[[137.2206,34.613],[137.2205,34.613],[137.2205,34.613],[137.2205,34.6131],[137.2206,34.613]]],[[[137.2222,34.6131],[137.2222,34.6131],[137.2222,34.6131],[137.2222,34.6131]]],[[[137.2214,34.6131],[137.2214,34.6131],[137.2213,34.6131],[137.2214,34.6131]]],[[[137.2205,34.6131],[137.2205,34.6131],[137.2205,34.6131],[137.2205,34.6131]]],[[[137.2203,34.6131],[137.2203,34.6131],[137.2203,34.6131],[137.2203,34.6131]]],[[[137.2215,34.6131],[137.2215,34.6131],[137.2215,34.6131],[137.2215,34.6131]]],[[[137.2221,34.6131],[137.222,34.6131],[137.2221,34.6131],[137.2221,34.6131]]],[[[137.2223,34.6131],[137.2223,34.6131],[137.2223,34.6131],[137.2223,34.6131]]],[[[137.2213,34.6131],[137.2213,34.6131],[137.2213,34.6131],[137.2213,34.6131]]],[[[137.2203,34.6131],[137.2203,34.6131],[137.2203,34.6131],[137.2203,34.6131]]],[[[137.2217,34.6131],[137.2217,34.6132],[137.2217,34.6131],[137.2217,34.6131]]],[[[137.2215,34.6131],[137.2215,34.6132],[137.2215,34.6131],[137.2215,34.6131]]],[[[137.2218,34.6131],[137.2218,34.6132],[137.2218,34.6132],[137.2218,34.6131]]],[[[137.2217,34.6132],[137.2217,34.6131],[137.2217,34.6132],[137.2217,34.6132]]],[[[137.2204,34.6131],[137.2204,34.6132],[137.2204,34.6131],[137.2204,34.6131]]],[[[137.2206,34.6132],[137.2206,34.6132],[137.2206,34.6131],[137.2206,34.6132]]],[[[137.2203,34.6132],[137.2203,34.6132],[137.2203,34.6132],[137.2203,34.6132]]],[[[137.2219,34.6132],[137.2219,34.6132],[137.2219,34.6132],[137.2219,34.6132]]],[[[137.2207,34.6132],[137.2208,34.6132],[137.2208,34.6132],[137.2207,34.6132]]],[[[137.2214,34.6132],[137.2214,34.6132],[137.2214,34.6132],[137.2214,34.6132]]],[[[137.2215,34.6132],[137.2215,34.6132],[137.2215,34.6132],[137.2215,34.6132]]],[[[137.2219,34.6132],[137.2218,34.6132],[137.2218,34.6132],[137.2218,34.6132],[137.2219,34.6132]]],[[[137.2212,34.6132],[137.2211,34.6132],[137.2211,34.6132],[137.2212,34.6132]]],[[[137.2207,34.6132],[137.2207,34.6132],[137.2207,34.6132],[137.2207,34.6132]]],[[[137.2217,34.6132],[137.2217,34.6132],[137.2217,34.6132],[137.2217,34.6132]]],[[[137.2219,34.6132],[137.2219,34.6132],[137.2219,34.6132],[137.2219,34.6132]]],[[[137.222,34.6132],[137.222,34.6132],[137.222,34.6132],[137.222,34.6132]]],[[[137.2223,34.6132],[137.2223,34.6132],[137.2223,34.6132],[137.2223,34.6132]]],[[[137.2211,34.6132],[137.2211,34.6132],[137.2211,34.6132],[137.2211,34.6132]]],[[[137.2213,34.6132],[137.2213,34.6132],[137.2213,34.6132],[137.2213,34.6132]]],[[[137.2207,34.6132],[137.2207,34.6132],[137.2207,34.6132],[137.2207,34.6132]]],[[[137.221,34.6132],[137.2211,34.6132],[137.221,34.6132],[137.221,34.6132]]],[[[137.2208,34.6132],[137.2208,34.6132],[137.2208,34.6132],[137.2208,34.6132]]],[[[137.2209,34.6132],[137.2209,34.6132],[137.2209,34.6132],[137.2209,34.6132]]],[[[137.2208,34.6132],[137.2209,34.6132],[137.2208,34.6132],[137.2208,34.6132]]],[[[137.2202,34.6132],[137.2203,34.6132],[137.2202,34.6132],[137.2202,34.6132]]],[[[137.222,34.6132],[137.2219,34.6132],[137.222,34.6132],[137.222,34.6132]]],[[[137.2211,34.6132],[137.221,34.6132],[137.221,34.6133],[137.2211,34.6132]]],[[[137.2208,34.6133],[137.2208,34.6133],[137.2208,34.6133],[137.2208,34.6133]]],[[[137.2209,34.6133],[137.2209,34.6133],[137.2209,34.6133],[137.2209,34.6133]]],[[[137.2221,34.6133],[137.2221,34.6133],[137.2221,34.6133],[137.2221,34.6133]]],[[[137.2224,34.6135],[137.2224,34.6134],[137.2224,34.6134],[137.2224,34.6135]]],[[[137.2224,34.6135],[137.2224,34.6135],[137.2224,34.6135],[137.2224,34.6135]]],[[[137.2233,34.6138],[137.2232,34.6138],[137.2232,34.6139],[137.2233,34.6138]]],[[[137.2254,34.6771],[137.2246,34.6766],[137.2236,34.6761],[137.2254,34.6771]]],[[[137.2254,34.6766],[137.2253,34.6766],[137.2254,34.6766],[137.2254,34.6766]]],[[[137.2258,34.6769],[137.2258,34.6769],[137.2258,34.677],[137.2258,34.6769]]],[[[137.2265,34.6773],[137.2264,34.6773],[137.2265,34.6773],[137.2265,34.6773]]],[[[137.2266,34.6776],[137.2266,34.6776],[137.2266,34.6776],[137.2266,34.6776]]],[[[137.2267,34.6776],[137.2268,34.6777],[137.2268,34.6776],[137.2267,34.6776]]],[[[137.2356,34.6898],[137.2355,34.6899],[137.2377,34.6906],[137.2356,34.6898]]],[[[137.2466,34.7105],[137.2472,34.7115],[137.2472,34.7114],[137.2466,34.7105]]],[[[137.2466,34.7118],[137.2466,34.7118],[137.2466,34.7118],[137.2466,34.7118]]],[[[137.2521,34.7118],[137.2464,34.7129],[137.2534,34.7156],[137.2521,34.7118]]],[[[137.2685,34.7205],[137.2687,34.7206],[137.2686,34.7205],[137.2685,34.7205]]],[[[137.2721,34.7331],[137.275,34.7301],[137.2755,34.7296],[137.2721,34.7331]]]]}},{"type":"Feature","properties":{"id":"23232","name":"愛西市","pref":"愛知県"},"geometry":{"type":"Polygon","coordinates":[[[136.7554,35.1198],[136.7544,35.13],[136.7381,35.1241],[136.7169,35.1323],[136.7014,35.1186],[136.6728,35.1348],[136.6723,35.1888],[136.6831,35.1998],[136.6799,35.2282],[136.6884,35.2353],[136.7099,35.2298],[136.7208,35.2347],[136.7173,35.2211],[136.7332,35.2197],[136.7224,35.2011],[136.7346,35.1946],[136.7623,35.2053],[136.7509,35.1772],[136.7379,35.1812],[136.7382,35.1881],[136.7301,35.1842],[136.731,35.1901],[136.709,35.1895],[136.7069,35.1797],[136.71,35.1638],[136.7324,35.1667],[136.758,35.1456],[136.7598,35.1336],[136.7719,35.1364],[136.7711,35.1238],[136.7641,35.1263],[136.7699,35.1183],[136.7554,35.1198]]]}},{"type":"Feature","properties":{"id":"23233","name":"清須市","pref":"愛知県"},"geometry":{"type":"Polygon","coordinates":[[[136.8789,35.2078],[136.8691,35.1932],[136.8448,35.1812],[136.8381,35.2048],[136.823,35.2041],[136.8262,35.222],[136.839,35.229],[136.829,35.2432],[136.8436,35.2516],[136.8436,35.2373],[136.8501,35.2403],[136.8582,35.2312],[136.8602,35.208],[136.8789,35.2078]]]}},{"type":"Feature","properties":{"id":"23234","name":"北名古屋市","pref":"愛知県"},"geometry":{"type":"Polygon","coordinates":[[[136.8728,35.2295],[136.8436,35.2373],[136.8414,35.258],[136.852,35.2657],[136.8736,35.2584],[136.8805,35.2667],[136.8962,35.2629],[136.9048,35.2486],[136.901,35.2356],[136.8728,35.2295]]]}},{"type":"Feature","properties":{"id":"23235","name":"弥富市","pref":"愛知県"},"geometry":{"type":"MultiPolygon","coordinates":[[[[136.8008,35.0396],[136.8008,35.0432],[136.8008,35.0432],[136.8008,35.0396]]],[[[136.8008,35.0436],[136.8008,35.0444],[136.8008,35.0444],[136.8008,35.0436]]],[[[136.8026,35.0485],[136.8017,35.0485],[136.8017,35.0485],[136.8026,35.0485]]],[[[136.8049,35.0485],[136.806,35.0485],[136.8049,35.0485],[136.8049,35.0485]]],[[[136.7584,35.0907],[136.8067,35.0603],[136.8067,35.0516],[136.7969,35.0515],[136.8005,35.029],[136.7807,35.0336],[136.7968,35.0221],[136.7968,35.0124],[136.7697,35.0226],[136.7534,35.053],[136.7505,35.0798],[136.704,35.1156],[136.7045,35.128],[136.7171,35.1323],[136.7381,35.1241],[136.7544,35.13],[136.7585,35.1174],[136.7852,35.1111],[136.7962,35.0976],[136.7584,35.0907]]]]}},{"type":"Feature","properties":{"id":"23236","name":"みよし市","pref":"愛知県"},"geometry":{"type":"Polygon","coordinates":[[[137.0454,35.0693],[137.056,35.0913],[137.0878,35.101],[137.0846,35.1274],[137.095,35.1442],[137.1049,35.1316],[137.1286,35.1225],[137.112,35.1026],[137.0963,35.0596],[137.0845,35.0627],[137.0712,35.055],[137.0454,35.0693]]]}},{"type":"Feature","properties":{"id":"23237","name":"あま市","pref":"愛知県"},"geometry":{"type":"Polygon","coordinates":[[[136.7874,35.15],[136.7866,35.1722],[136.78,35.1723],[136.7728,35.1971],[136.7623,35.2053],[136.8217,35.2173],[136.823,35.2041],[136.8381,35.2048],[136.848,35.1806],[136.8411,35.1741],[136.835,35.1852],[136.8271,35.1794],[136.8091,35.1901],[136.8018,35.1613],[136.809,35.1476],[136.7874,35.15]]]}},{"type":"Feature","properties":{"id":"23238","name":"長久手市","pref":"愛知県"},"geometry":{"type":"Polygon","coordinates":[[[137.047,35.1666],[137.0281,35.1553],[137.0262,35.1841],[137.0181,35.1887],[137.0671,35.1959],[137.0976,35.1766],[137.0961,35.1572],[137.047,35.1666]]]}},{"type":"Feature","properties":{"id":"23302","name":"東郷町","pref":"愛知県"},"geometry":{"type":"Polygon","coordinates":[[[137.0636,35.0958],[137.0429,35.0679],[137.0412,35.0793],[137.0215,35.0911],[137.0211,35.1098],[137.089,35.1237],[137.087,35.0999],[137.0636,35.0958]]]}},{"type":"Feature","properties":{"id":"23342","name":"豊山町","pref":"愛知県"},"geometry":{"type":"Polygon","coordinates":[[[136.903,35.2404],[136.9086,35.2616],[136.9309,35.2594],[136.9242,35.2407],[136.903,35.2404]]]}},{"type":"Feature","properties":{"id":"23361","name":"大口町","pref":"愛知県"},"geometry":{"type":"Polygon","coordinates":[[[136.8829,35.3107],[136.9014,35.3437],[136.9355,35.35],[136.9418,35.3592],[136.9218,35.3193],[136.9142,35.326],[136.895,35.306],[136.8829,35.3107]]]}},{"type":"Feature","properties":{"id":"23362","name":"扶桑町","pref":"愛知県"},"geometry":{"type":"Polygon","coordinates":[[[136.8927,35.3781],[136.9215,35.379],[136.921,35.3666],[136.9366,35.3688],[136.9367,35.3506],[136.8938,35.343],[136.8991,35.3719],[136.8927,35.3781]]]}},{"type":"Feature","properties":{"id":"23424","name":"大治町","pref":"愛知県"},"geometry":{"type":"Polygon","coordinates":[[[136.8411,35.1741],[136.836,35.1578],[136.8302,35.1573],[136.8079,35.1675],[136.8091,35.1901],[136.8271,35.1794],[136.835,35.1852],[136.8411,35.1741]]]}},{"type":"Feature","properties":{"id":"23425","name":"蟹江町","pref":"愛知県"},"geometry":{"type":"Polygon","coordinates":[[[136.7979,35.0969],[136.7641,35.1263],[136.7727,35.1259],[136.7699,35.1458],[136.7851,35.1574],[136.7867,35.1499],[136.8009,35.148],[136.8028,35.1293],[136.792,35.1123],[136.7979,35.0969]]]}},{"type":"Feature","properties":{"id":"23427","name":"飛島村","pref":"愛知県"},"geometry":{"type":"MultiPolygon","coordinates":[[[[136.8083,35.0485],[136.8081,35.0485],[136.8083,35.0485],[136.8083,35.0485]]],[[[136.8092,35.0485],[136.8094,35.0485],[136.8094,35.0485],[136.8092,35.0485]]],[[[136.813,35.05],[136.813,35.0509],[136.813,35.0509],[136.813,35.05]]],[[[136.8101,35.0509],[136.81,35.05],[136.81,35.0509],[136.8101,35.0509]]],[[[136.8116,35.05],[136.8115,35.0509],[136.8116,35.0509],[136.8116,35.05]]],[[[136.796,35.0976],[136.8221,35.0769],[136.8236,35.0722],[136.8186,35.0647],[136.8333,35.0641],[136.8301,35.0502],[136.8123,35.0516],[136.8081,35.0516],[136.8081,35.0502],[136.8067,35.0603],[136.7584,35.0907],[136.796,35.0976]]],[[[136.8124,35.0257],[136.81,35.0493],[136.8309,35.0494],[136.839,35.0302],[136.8124,35.0257]]],[[[136.8145,35.05],[136.8145,35.0509],[136.8145,35.0509],[136.8145,35.05]]],[[[136.8161,35.05],[136.816,35.0509],[136.8161,35.0509],[136.8161,35.05]]],[[[136.823,35.065],[136.8225,35.0653],[136.823,35.0656],[136.823,35.065]]],[[[136.8227,35.0768],[136.8228,35.0768],[136.8233,35.0765],[136.8227,35.0768]]],[[[136.8253,35.0796],[136.8243,35.0785],[136.8242,35.0785],[136.8253,35.0796]]]]}},{"type":"Feature","properties":{"id":"23441","name":"阿久比町","pref":"愛知県"},"geometry":{"type":"Polygon","coordinates":[[[136.9443,34.9417],[136.9369,34.9105],[136.8869,34.911],[136.8798,34.9181],[136.8919,34.9393],[136.8807,34.9424],[136.8774,34.9525],[136.8944,34.9591],[136.91,34.9531],[136.918,34.9627],[136.9368,34.9519],[136.9443,34.9417]]]}},{"type":"Feature","properties":{"id":"23442","name":"東浦町","pref":"愛知県"},"geometry":{"type":"MultiPolygon","coordinates":[[[[136.9776,34.9423],[136.9775,34.942],[136.9775,34.942],[136.9776,34.9423]]],[[[136.9509,35.0002],[136.9818,34.9987],[136.9832,34.9558],[136.9746,34.9444],[136.9752,34.9322],[136.9443,34.9417],[136.9139,34.9706],[136.9509,35.0002]]]]}},{"type":"Feature","properties":{"id":"23445","name":"南知多町","pref":"愛知県"},"geometry":{"type":"MultiPolygon","coordinates":[[[[136.973,34.6928],[136.9728,34.6931],[136.973,34.6933],[136.973,34.6928]]],[[[136.9722,34.6949],[136.9723,34.695],[136.9723,34.6949],[136.9722,34.6949]]],[[[136.9722,34.6952],[136.9723,34.6951],[136.9724,34.695],[136.9722,34.6952]]],[[[136.9698,34.6977],[136.9701,34.6975],[136.9701,34.6975],[136.9698,34.6977]]],[[[136.9747,34.6982],[136.9744,34.7005],[136.9755,34.7009],[136.9747,34.6982]]],[[[136.9485,34.6996],[136.9484,34.6995],[136.9484,34.6997],[136.9485,34.6996]]],[[[136.9489,34.6998],[136.949,34.6997],[136.9489,34.6996],[136.9489,34.6998]]],[[[136.9765,34.7008],[136.9765,34.7008],[136.9782,34.7012],[136.9765,34.7008]]],[[[136.9369,34.7031],[136.9378,34.7036],[136.9378,34.7035],[136.9369,34.7031]]],[[[136.9392,34.7035],[136.9376,34.7039],[136.9392,34.7036],[136.9392,34.7035]]],[[[136.9884,34.7046],[136.9884,34.7046],[136.9884,34.7046],[136.9884,34.7046]]],[[[136.9885,34.7046],[136.9886,34.7047],[136.9885,34.7046],[136.9885,34.7046]]],[[[136.9878,34.7047],[136.9876,34.7046],[136.9878,34.7048],[136.9878,34.7047]]],[[[136.9876,34.7049],[136.9876,34.7048],[136.9876,34.7049],[136.9876,34.7049]]],[[[136.9188,34.7078],[136.9187,34.7077],[136.9187,34.7078],[136.9188,34.7078]]],[[[136.9714,34.7111],[136.971,34.7105],[136.971,34.7105],[136.9714,34.7111]]],[[[136.9698,34.7187],[136.9696,34.7185],[136.9695,34.7186],[136.9698,34.7187]]],[[[136.9699,34.7193],[136.9704,34.719],[136.9699,34.7188],[136.9699,34.7193]]],[[[136.8919,34.719],[136.8918,34.719],[136.8915,34.7198],[136.8919,34.719]]],[[[136.8844,34.7241],[136.8845,34.7241],[136.8845,34.7241],[136.8844,34.7241]]],[[[136.8843,34.7242],[136.8843,34.7243],[136.8843,34.7242],[136.8843,34.7242]]],[[[136.8983,34.7634],[136.9227,34.7269],[136.9344,34.7437],[136.9428,34.7477],[136.9513,34.7383],[136.9667,34.7321],[136.9701,34.7249],[136.9621,34.7205],[136.9727,34.7174],[136.9677,34.7098],[136.9702,34.7109],[136.9726,34.7052],[136.9763,34.7061],[136.9773,34.7039],[136.9778,34.7018],[136.9707,34.6995],[136.9749,34.6977],[136.9719,34.6952],[136.9715,34.6967],[136.9678,34.7003],[136.9643,34.7013],[136.9427,34.7007],[136.9357,34.7082],[136.9298,34.7031],[136.9291,34.706],[136.8713,34.7303],[136.8518,34.7486],[136.888,34.7664],[136.8983,34.7634]]],[[[136.8576,34.738],[136.8592,34.7379],[136.8576,34.7379],[136.8576,34.738]]],[[[136.9496,34.7413],[136.9494,34.7411],[136.9493,34.7412],[136.9496,34.7413]]],[[[137.0043,34.6665],[137.0043,34.6666],[137.0044,34.6666],[137.0043,34.6665]]],[[[136.9957,34.6668],[136.9956,34.6667],[136.9957,34.6668],[136.9957,34.6668]]],[[[136.996,34.6671],[136.9944,34.6669],[136.9959,34.6674],[136.996,34.6671]]],[[[136.9904,34.6699],[136.9904,34.6698],[136.9903,34.6698],[136.9904,34.6699]]],[[[136.9903,34.67],[136.9904,34.6699],[136.9903,34.6699],[136.9903,34.67]]],[[[136.9907,34.6704],[136.9905,34.6698],[136.9903,34.6701],[136.9907,34.6704]]],[[[136.9923,34.6701],[136.9923,34.6701],[136.9923,34.6701],[136.9923,34.6701]]],[[[136.9924,34.6702],[136.9924,34.6701],[136.9923,34.6701],[136.9924,34.6702]]],[[[136.9925,34.6703],[136.9923,34.6702],[136.9923,34.6703],[136.9925,34.6703]]],[[[136.9928,34.6704],[136.9927,34.6702],[136.9926,34.6704],[136.9928,34.6704]]],[[[136.9987,34.6728],[136.9982,34.6726],[136.998,34.6728],[136.9987,34.6728]]],[[[136.9997,34.6735],[136.9997,34.6734],[136.9996,34.6735],[136.9997,34.6735]]],[[[137.0061,34.6668],[136.9994,34.6781],[137.007,34.6788],[137.0059,34.682],[137.0044,34.6825],[137.0085,34.6864],[137.01,34.6775],[137.0047,34.6737],[137.0061,34.6668]]],[[[136.9987,34.6782],[136.9987,34.6789],[136.9987,34.6789],[136.9987,34.6782]]],[[[136.9979,34.6796],[136.998,34.6796],[136.998,34.6795],[136.9979,34.6796]]],[[[136.9995,34.6811],[136.9985,34.6791],[136.9978,34.6805],[136.9995,34.6811]]],[[[137.0022,34.6793],[137.004,34.6828],[137.0057,34.6798],[137.0022,34.6793]]],[[[136.9989,34.682],[136.9988,34.6813],[136.9987,34.6813],[136.9989,34.682]]],[[[137.0007,34.6832],[137.0007,34.6831],[136.9999,34.6817],[137.0007,34.6832]]],[[[136.9914,34.6992],[136.9912,34.6992],[136.9912,34.6993],[136.9914,34.6992]]],[[[136.9934,34.7026],[136.9934,34.7027],[136.9935,34.7027],[136.9934,34.7026]]],[[[136.9927,34.7031],[136.9928,34.7031],[136.9928,34.7031],[136.9927,34.7031]]],[[[136.9935,34.704],[136.9934,34.7029],[136.9928,34.7033],[136.9935,34.704]]],[[[136.9977,34.7079],[137.0009,34.7099],[136.9989,34.7083],[136.9977,34.7079]]],[[[137.0069,34.6578],[137.0069,34.6577],[137.0069,34.6578],[137.0069,34.6578]]],[[[137.0069,34.6579],[137.0068,34.6579],[137.0068,34.6579],[137.0069,34.6579]]],[[[137.0069,34.6591],[137.0069,34.659],[137.0068,34.659],[137.0069,34.6591]]],[[[137.0069,34.6595],[137.0068,34.6596],[137.0069,34.6596],[137.0069,34.6595]]],[[[137.0067,34.6596],[137.0067,34.6597],[137.0068,34.6597],[137.0067,34.6596]]],[[[137.0067,34.6598],[137.0068,34.6599],[137.0067,34.6598],[137.0067,34.6598]]],[[[137.0068,34.66],[137.0069,34.6599],[137.0069,34.6598],[137.0068,34.66]]],[[[137.0058,34.6604],[137.0062,34.6601],[137.0057,34.6601],[137.0058,34.6604]]],[[[137.0056,34.6603],[137.0057,34.6603],[137.0056,34.6602],[137.0056,34.6603]]],[[[137.0053,34.6609],[137.0055,34.6608],[137.0053,34.6607],[137.0053,34.6609]]],[[[137.0055,34.6609],[137.0055,34.661],[137.0055,34.661],[137.0055,34.6609]]],[[[137.0048,34.6662],[137.0049,34.6662],[137.0049,34.6661],[137.0048,34.6662]]],[[[137.005,34.6663],[137.005,34.6663],[137.005,34.6663],[137.005,34.6663]]],[[[137.0044,34.6665],[137.0044,34.6665],[137.0044,34.6665],[137.0044,34.6665]]],[[[137.0052,34.6665],[137.0053,34.6666],[137.0053,34.6665],[137.0052,34.6665]]],[[[137.0044,34.6665],[137.0045,34.6666],[137.0045,34.6666],[137.0044,34.6665]]],[[[137.0054,34.6666],[137.0053,34.6666],[137.0054,34.6666],[137.0054,34.6666]]],[[[137.0068,34.6689],[137.0066,34.6687],[137.0065,34.6689],[137.0068,34.6689]]],[[[137.0057,34.6708],[137.0056,34.6708],[137.0058,34.6708],[137.0057,34.6708]]],[[[137.0059,34.6707],[137.0059,34.6708],[137.0059,34.6708],[137.0059,34.6707]]],[[[137.0057,34.6709],[137.0058,34.6709],[137.0058,34.6709],[137.0057,34.6709]]],[[[137.0052,34.6848],[137.0057,34.6846],[137.0052,34.6847],[137.0052,34.6848]]],[[[136.9978,34.7014],[137.0067,34.7083],[137.0009,34.7086],[137.0072,34.7095],[137.0078,34.7083],[137.0143,34.7067],[136.9978,34.7014]]],[[[137.0065,34.7106],[137.0064,34.7108],[137.0065,34.7108],[137.0065,34.7106]]],[[[137.0074,34.6567],[137.0075,34.6565],[137.0074,34.6566],[137.0074,34.6567]]],[[[137.0075,34.6569],[137.0074,34.6569],[137.0074,34.6569],[137.0075,34.6569]]],[[[137.0072,34.6571],[137.0072,34.6568],[137.0071,34.6567],[137.0072,34.6571]]],[[[137.009,34.6576],[137.009,34.6575],[137.009,34.6575],[137.009,34.6576]]],[[[137.009,34.6576],[137.009,34.6577],[137.0091,34.6576],[137.009,34.6576]]],[[[137.009,34.6578],[137.0091,34.6578],[137.009,34.6577],[137.009,34.6578]]],[[[137.0091,34.6581],[137.0065,34.6584],[137.0074,34.6597],[137.0091,34.6581]]],[[[137.0094,34.6583],[137.0096,34.6582],[137.0094,34.6582],[137.0094,34.6583]]],[[[137.0075,34.6598],[137.0076,34.6598],[137.0076,34.6598],[137.0075,34.6598]]],[[[137.0099,34.6771],[137.01,34.6772],[137.01,34.6771],[137.0099,34.6771]]],[[[137.0104,34.6777],[137.0105,34.6775],[137.0105,34.6774],[137.0104,34.6777]]],[[[137.0104,34.6813],[137.0104,34.6813],[137.0105,34.6813],[137.0104,34.6813]]],[[[137.0103,34.6823],[137.0104,34.6822],[137.0104,34.6822],[137.0103,34.6823]]],[[[137.007,34.6856],[137.0069,34.6855],[137.0069,34.6855],[137.007,34.6856]]],[[[137.0082,34.691],[137.0071,34.6928],[137.0086,34.6924],[137.0082,34.691]]],[[[137.0109,34.7022],[137.0112,34.7022],[137.0098,34.7021],[137.0109,34.7022]]],[[[137.0114,34.7048],[137.0119,34.7048],[137.0119,34.7048],[137.0114,34.7048]]],[[[137.0138,34.7072],[137.0136,34.7072],[137.0139,34.7073],[137.0138,34.7072]]],[[[137.0135,34.7073],[137.0134,34.7072],[137.0133,34.7073],[137.0135,34.7073]]],[[[137.0117,34.7075],[137.0114,34.7075],[137.0116,34.7076],[137.0117,34.7075]]],[[[137.0121,34.7076],[137.0119,34.7075],[137.0117,34.7075],[137.0121,34.7076]]],[[[137.0104,34.7083],[137.0101,34.708],[137.0101,34.7082],[137.0104,34.7083]]],[[[137.023,34.7121],[137.0227,34.712],[137.0227,34.7122],[137.023,34.7121]]],[[[137.022,34.7131],[137.0222,34.7126],[137.0218,34.7128],[137.022,34.7131]]]]}},{"type":"Feature","properties":{"id":"23446","name":"美浜町","pref":"愛知県"},"geometry":{"type":"Polygon","coordinates":[[[136.9379,34.7499],[136.9198,34.7265],[136.8978,34.7637],[136.8878,34.7664],[136.8577,34.7464],[136.8504,34.7491],[136.8403,34.7639],[136.8403,34.7661],[136.8618,34.8141],[136.9213,34.8132],[136.9146,34.7705],[136.9379,34.7499]]]}},{"type":"Feature","properties":{"id":"23447","name":"武豊町","pref":"愛知県"},"geometry":{"type":"MultiPolygon","coordinates":[[[[136.9231,34.8278],[136.9232,34.8287],[136.9231,34.8278],[136.9231,34.8278]]],[[[136.9236,34.8289],[136.9236,34.8296],[136.9237,34.8289],[136.9236,34.8289]]],[[[136.9333,34.83],[136.9224,34.831],[136.9221,34.8277],[136.9268,34.8276],[136.9261,34.8212],[136.9381,34.821],[136.9261,34.8212],[136.9254,34.814],[136.8857,34.8159],[136.8819,34.8507],[136.8924,34.8537],[136.8757,34.8783],[136.9407,34.8628],[136.9277,34.8649],[136.9366,34.8561],[136.9349,34.8485],[136.9262,34.8515],[136.9333,34.83]]]]}},{"type":"Feature","properties":{"id":"23501","name":"幸田町","pref":"愛知県"},"geometry":{"type":"Polygon","coordinates":[[[137.1916,34.8331],[137.1996,34.8252],[137.1878,34.8189],[137.1785,34.8262],[137.1637,34.815],[137.1275,34.8429],[137.1172,34.8387],[137.1017,34.8427],[137.1076,34.8419],[137.1011,34.8505],[137.1123,34.8428],[137.1045,34.8519],[137.1113,34.855],[137.1228,34.8463],[137.127,34.8535],[137.1151,34.8601],[137.1167,34.8625],[137.125,34.8619],[137.1265,34.8634],[137.1079,34.8648],[137.121,34.8685],[137.119,34.8736],[137.1325,34.8695],[137.1378,34.8905],[137.1545,34.8867],[137.1676,34.9063],[137.1867,34.9088],[137.2075,34.894],[137.2007,34.8846],[137.2121,34.8676],[137.1929,34.8486],[137.198,34.8415],[137.1916,34.8331]]]}},{"type":"Feature","properties":{"id":"23561","name":"設楽町","pref":"愛知県"},"geometry":{"type":"Polygon","coordinates":[[[137.6397,35.0828],[137.6199,35.0189],[137.6038,35.0163],[137.5796,35.0596],[137.5429,35.0573],[137.5319,35.0428],[137.52,35.0492],[137.509,35.0395],[137.5037,35.0634],[137.4936,35.0698],[137.4709,35.0538],[137.4521,35.0542],[137.4543,35.0701],[137.4433,35.0725],[137.4293,35.1042],[137.4447,35.1117],[137.4439,35.1363],[137.4573,35.1334],[137.4736,35.1462],[137.462,35.1601],[137.4832,35.1795],[137.488,35.1943],[137.5028,35.1972],[137.5,35.1847],[137.5179,35.1779],[137.5398,35.1918],[137.575,35.1855],[137.5787,35.1985],[137.6149,35.2105],[137.6446,35.209],[137.6535,35.2175],[137.6774,35.1449],[137.6103,35.1399],[137.6055,35.104],[137.6397,35.0828]]]}},{"type":"Feature","properties":{"id":"23562","name":"東栄町","pref":"愛知県"},"geometry":{"type":"Polygon","coordinates":[[[137.7058,35.0152],[137.6889,35.0402],[137.6689,35.0407],[137.6455,35.0559],[137.6327,35.0729],[137.6396,35.083],[137.6078,35.1001],[137.6103,35.14],[137.6504,35.1463],[137.6595,35.1289],[137.689,35.1329],[137.6942,35.1241],[137.7058,35.1233],[137.7208,35.1311],[137.7455,35.123],[137.753,35.1113],[137.7667,35.1136],[137.7633,35.1088],[137.7783,35.0996],[137.7755,35.0776],[137.7403,35.0565],[137.7058,35.0152]]]}},{"type":"Feature","properties":{"id":"23563","name":"豊根村","pref":"愛知県"},"geometry":{"type":"Polygon","coordinates":[[[137.7927,35.0954],[137.7633,35.1088],[137.7667,35.1136],[137.753,35.1113],[137.7455,35.123],[137.7208,35.1311],[137.7058,35.1233],[137.6942,35.1241],[137.689,35.1329],[137.6595,35.1289],[137.6554,35.1394],[137.6759,35.14],[137.6781,35.1517],[137.655,35.1984],[137.6539,35.2267],[137.6815,35.2352],[137.7216,35.2309],[137.7232,35.2216],[137.768,35.2185],[137.7677,35.2069],[137.7792,35.2027],[137.8215,35.2156],[137.8381,35.2125],[137.8278,35.2113],[137.8311,35.2053],[137.822,35.2037],[137.8164,35.188],[137.8032,35.1834],[137.8255,35.1682],[137.8213,35.1584],[137.829,35.152],[137.8147,35.1524],[137.8059,35.1311],[137.7931,35.1352],[137.8013,35.1062],[137.7927,35.0954]]]}},{"type":"Feature","properties":{"id":"15101","name":"新潟市","pref":"新潟県"},"geometry":{"type":"MultiPolygon","coordinates":[[[[139.2476,37.9162],[139.2531,37.9183],[139.2668,37.9015],[139.2602,37.8836],[139.2491,37.8898],[139.2452,37.8757],[139.2426,37.8844],[139.2274,37.8621],[139.178,37.8641],[139.1564,37.8907],[139.1438,37.937],[139.1276,37.9588],[139.17,37.9784],[139.1686,37.9728],[139.202,37.9829],[139.2313,38.0199],[139.2147,37.9937],[139.2284,37.9755],[139.2194,37.9693],[139.2304,37.9702],[139.2331,37.9594],[139.2394,37.9571],[139.2271,37.9463],[139.2484,37.9465],[139.2593,37.9377],[139.2497,37.9334],[139.2476,37.9162]]],[[[139.2323,37.9669],[139.2317,37.9667],[139.2317,37.9668],[139.2323,37.9669]]],[[[139.1695,37.979],[139.1713,37.9801],[139.1714,37.98],[139.1695,37.979]]]]}},{"type":"Feature","properties":{"id":"15102","name":"新潟市","pref":"新潟県"},"geometry":{"type":"MultiPolygon","coordinates":[[[[139.0745,37.9082],[139.0815,37.9095],[139.0647,37.9407],[139.075,37.9486],[139.0697,37.953],[139.132,37.9621],[139.1276,37.9588],[139.1438,37.937],[139.1476,37.9138],[139.0989,37.89],[139.0754,37.8998],[139.0745,37.9082]]],[[[139.0693,37.9508],[139.0693,37.9514],[139.0694,37.9522],[139.0693,37.9508]]],[[[139.0699,37.9537],[139.0698,37.9531],[139.0697,37.9531],[139.0699,37.9537]]],[[[139.0698,37.9534],[139.0698,37.9537],[139.0699,37.9537],[139.0698,37.9534]]],[[[139.0701,37.9545],[139.0707,37.9559],[139.0698,37.9537],[139.0701,37.9545]]]]}},{"type":"Feature","properties":{"id":"15103","name":"新潟市","pref":"新潟県"},"geometry":{"type":"MultiPolygon","coordinates":[[[[139.001,37.9084],[139.0048,37.9149],[139.0379,37.9308],[139.0368,37.9345],[139.0612,37.9447],[139.0688,37.9589],[139.0622,37.9457],[139.0813,37.9105],[139.0745,37.9009],[139.0989,37.89],[139.0723,37.8767],[139.023,37.8755],[139.001,37.9084]]],[[[139.0633,37.946],[139.0633,37.946],[139.0633,37.946],[139.0633,37.946]]],[[[139.0635,37.946],[139.0635,37.9461],[139.0635,37.946],[139.0635,37.946]]],[[[139.0636,37.9461],[139.0637,37.9461],[139.0636,37.946],[139.0636,37.9461]]],[[[139.0639,37.9462],[139.0639,37.9461],[139.0638,37.9462],[139.0639,37.9462]]],[[[139.064,37.9462],[139.0641,37.9462],[139.0641,37.9462],[139.064,37.9462]]],[[[139.0643,37.9462],[139.0643,37.9463],[139.0643,37.9463],[139.0643,37.9462]]],[[[139.0687,37.9606],[139.0688,37.9594],[139.0686,37.9606],[139.0687,37.9606]]],[[[139.0938,37.9613],[139.1016,37.9629],[139.1016,37.9628],[139.0938,37.9613]]],[[[139.0684,37.9612],[139.0734,37.9723],[139.0764,37.9751],[139.0684,37.9612]]]]}},{"type":"Feature","properties":{"id":"15104","name":"新潟市","pref":"新潟県"},"geometry":{"type":"Polygon","coordinates":[[[139.1522,37.8465],[139.1777,37.8283],[139.1731,37.8209],[139.12,37.8339],[139.1158,37.8414],[139.0665,37.8314],[139.0392,37.8382],[139.0206,37.8547],[139.023,37.8755],[139.0723,37.8767],[139.1476,37.9138],[139.1783,37.8654],[139.1522,37.8465]]]}},{"type":"Feature","properties":{"id":"15105","name":"新潟市","pref":"新潟県"},"geometry":{"type":"Polygon","coordinates":[[[139.064,37.7239],[139.0614,37.7369],[139.0674,37.7493],[139.0637,37.7611],[139.0716,37.7724],[139.058,37.7858],[139.0653,37.8109],[139.062,37.8327],[139.1123,37.8418],[139.1541,37.8227],[139.1652,37.8274],[139.1515,37.8124],[139.1792,37.8043],[139.1748,37.7819],[139.1888,37.7748],[139.169,37.7746],[139.1585,37.7608],[139.1557,37.7675],[139.1485,37.764],[139.1312,37.7373],[139.1112,37.7344],[139.1087,37.726],[139.0911,37.737],[139.0878,37.7282],[139.0687,37.7307],[139.064,37.7239]]]}},{"type":"Feature","properties":{"id":"15106","name":"新潟市","pref":"新潟県"},"geometry":{"type":"Polygon","coordinates":[[[138.9682,37.6811],[138.9799,37.6842],[138.9909,37.7352],[138.9785,37.7302],[138.9731,37.7356],[138.9718,37.757],[138.9769,37.7493],[138.9948,37.7586],[138.9904,37.7752],[138.9786,37.7828],[138.986,37.7828],[138.9793,37.8061],[139.0063,37.8154],[139.0006,37.8259],[139.0092,37.8405],[139.0211,37.8445],[139.0206,37.8547],[139.0292,37.8419],[139.0618,37.8331],[139.0653,37.8109],[139.058,37.7858],[139.0716,37.772],[139.0637,37.7611],[139.0618,37.7286],[139.0342,37.7042],[139.0326,37.6935],[139.015,37.7104],[138.9927,37.6956],[138.9927,37.6798],[138.9682,37.6811]]]}},{"type":"Feature","properties":{"id":"15107","name":"新潟市","pref":"新潟県"},"geometry":{"type":"MultiPolygon","coordinates":[[[[139.0063,37.8154],[138.9753,37.8036],[138.9627,37.831],[138.958,37.8201],[138.9103,37.8117],[138.9133,37.8033],[138.907,37.8113],[138.8997,37.8047],[138.8608,37.807],[138.8723,37.8129],[138.8562,37.8077],[138.8667,37.8371],[139.0042,37.9095],[139.0248,37.8674],[139.0215,37.8451],[139.0006,37.8259],[139.0063,37.8154]]],[[[138.9215,37.8735],[138.9229,37.8734],[138.9215,37.8734],[138.9215,37.8735]]],[[[138.9204,37.8735],[138.9205,37.8734],[138.9204,37.8734],[138.9204,37.8735]]]]}},{"type":"Feature","properties":{"id":"15108","name":"新潟市","pref":"新潟県"},"geometry":{"type":"MultiPolygon","coordinates":[[[[138.7858,37.7078],[138.7858,37.7076],[138.7857,37.7078],[138.7858,37.7078]]],[[[138.787,37.7102],[138.787,37.7104],[138.7872,37.7103],[138.787,37.7102]]],[[[138.7844,37.7161],[138.7845,37.7162],[138.7845,37.716],[138.7844,37.7161]]],[[[138.7845,37.7188],[138.7845,37.7186],[138.7844,37.7186],[138.7845,37.7188]]],[[[138.7854,37.7191],[138.7852,37.7191],[138.7852,37.7192],[138.7854,37.7191]]],[[[138.7856,37.7205],[138.7858,37.7206],[138.7858,37.7206],[138.7856,37.7205]]],[[[138.7853,37.7208],[138.7854,37.7207],[138.7853,37.7207],[138.7853,37.7208]]],[[[138.7858,37.721],[138.7857,37.7208],[138.7856,37.7209],[138.7858,37.721]]],[[[138.7868,37.7215],[138.7866,37.7214],[138.7866,37.7214],[138.7868,37.7215]]],[[[138.9542,37.7024],[138.9543,37.7025],[138.9543,37.7024],[138.9542,37.7024]]],[[[138.9547,37.7026],[138.9547,37.7025],[138.9547,37.7027],[138.9547,37.7026]]],[[[138.9553,37.703],[138.9552,37.7029],[138.9552,37.703],[138.9553,37.703]]],[[[138.8415,37.7139],[138.8418,37.7127],[138.8411,37.7129],[138.8415,37.7139]]],[[[138.7879,37.7245],[138.7878,37.7249],[138.788,37.7245],[138.7879,37.7245]]],[[[138.7882,37.726],[138.7882,37.7263],[138.7884,37.7263],[138.7882,37.726]]],[[[138.7876,37.7265],[138.7875,37.7267],[138.7878,37.7265],[138.7876,37.7265]]],[[[138.9722,37.7573],[138.9785,37.7302],[138.9909,37.7352],[138.977,37.682],[138.9597,37.6907],[138.9659,37.7087],[138.9463,37.7007],[138.9468,37.717],[138.929,37.7223],[138.9303,37.7321],[138.915,37.7303],[138.9098,37.7176],[138.8652,37.7067],[138.8444,37.7147],[138.8164,37.7184],[138.8084,37.7068],[138.7855,37.7072],[138.7872,37.7103],[138.7847,37.7182],[138.7888,37.723],[138.7889,37.7245],[138.7874,37.7256],[138.7906,37.7271],[138.7957,37.7364],[138.7963,37.7405],[138.7943,37.7407],[138.7924,37.7434],[138.7924,37.7442],[138.7943,37.7407],[138.7963,37.7405],[138.7935,37.7432],[138.7997,37.7484],[138.8005,37.7569],[138.8132,37.7756],[138.8162,37.7852],[138.8155,37.7871],[138.8309,37.8108],[138.8597,37.8318],[138.8661,37.8279],[138.8567,37.807],[138.8723,37.8129],[138.8608,37.807],[138.8997,37.8047],[138.907,37.8113],[138.9133,37.8033],[138.9103,37.8117],[138.958,37.8201],[138.9658,37.831],[138.9753,37.8036],[138.9828,37.802],[138.986,37.7828],[138.9786,37.7828],[138.9904,37.7752],[138.9948,37.7586],[138.9769,37.7493],[138.9722,37.7573]],[[138.9655,37.6947],[138.9636,37.6924],[138.9659,37.6926],[138.9655,37.6947]]],[[[138.8155,37.786],[138.8156,37.7856],[138.8153,37.7857],[138.8155,37.786]]]]}},{"type":"Feature","properties":{"id":"15202","name":"長岡市","pref":"新潟県"},"geometry":{"type":"MultiPolygon","coordinates":[[[[138.7271,37.5805],[138.7273,37.5805],[138.7271,37.5804],[138.7271,37.5805]]],[[[138.7274,37.5811],[138.7276,37.5811],[138.7275,37.581],[138.7274,37.5811]]],[[[138.7278,37.5817],[138.7279,37.5815],[138.7278,37.5815],[138.7278,37.5817]]],[[[138.7282,37.5822],[138.7285,37.5824],[138.7283,37.5821],[138.7282,37.5822]]],[[[138.7287,37.5831],[138.7287,37.5829],[138.7286,37.5829],[138.7287,37.5831]]],[[[138.7289,37.5837],[138.7289,37.5836],[138.7288,37.5835],[138.7289,37.5837]]],[[[138.729,37.5843],[138.7292,37.5843],[138.729,37.5841],[138.729,37.5843]]],[[[138.7294,37.5849],[138.7293,37.5848],[138.7293,37.5849],[138.7294,37.5849]]],[[[138.7307,37.5888],[138.7304,37.5881],[138.7304,37.5881],[138.7307,37.5888]]],[[[138.7308,37.5893],[138.7309,37.5908],[138.7309,37.5908],[138.7308,37.5893]]],[[[138.8315,37.2276],[138.8324,37.2395],[138.8524,37.2501],[138.8261,37.278],[138.8373,37.2836],[138.8399,37.2981],[138.8512,37.3016],[138.8468,37.3073],[138.8693,37.3071],[138.9013,37.2887],[138.8861,37.2746],[138.893,37.2544],[138.8812,37.2397],[138.8812,37.2251],[138.8349,37.1765],[138.8336,37.2059],[138.842,37.214],[138.8315,37.2276]]],[[[138.6731,37.2388],[138.6429,37.2896],[138.6591,37.3079],[138.6616,37.3247],[138.6992,37.3521],[138.7191,37.383],[138.6987,37.3994],[138.7087,37.4188],[138.6969,37.4258],[138.6908,37.442],[138.7231,37.4897],[138.7388,37.4904],[138.7332,37.5005],[138.742,37.5157],[138.7641,37.5292],[138.7424,37.5439],[138.7491,37.5621],[138.7223,37.5693],[138.7668,37.644],[138.7597,37.6484],[138.7706,37.6533],[138.7854,37.7073],[138.801,37.7096],[138.8112,37.7015],[138.8056,37.678],[138.7903,37.6765],[138.7873,37.6553],[138.8081,37.6367],[138.8229,37.6453],[138.8332,37.6238],[138.829,37.6206],[138.8375,37.6182],[138.8249,37.607],[138.8311,37.5937],[138.8516,37.6114],[138.8832,37.6177],[138.8724,37.5946],[138.8713,37.5675],[138.8855,37.5465],[138.8791,37.5248],[138.8936,37.5116],[138.8849,37.504],[138.9101,37.5054],[138.9012,37.4921],[138.9329,37.4886],[138.9411,37.4698],[138.9487,37.4683],[138.9663,37.4763],[138.9649,37.4874],[138.9498,37.4817],[138.9556,37.4905],[138.9854,37.4972],[138.983,37.5033],[138.9906,37.4996],[138.9888,37.5131],[138.9813,37.5141],[138.9961,37.5142],[139.0004,37.5258],[139.0276,37.5299],[139.047,37.5208],[139.0752,37.5291],[139.1103,37.5156],[139.1059,37.4855],[139.0876,37.468],[139.0938,37.4494],[139.1222,37.4269],[139.1233,37.4099],[139.081,37.4034],[139.0498,37.4126],[139.0484,37.3968],[139.0285,37.3978],[139.0142,37.3782],[138.994,37.3715],[138.9687,37.3838],[138.9553,37.3709],[138.9647,37.3519],[138.9329,37.3386],[138.9405,37.323],[138.9335,37.304],[138.9145,37.2923],[138.8951,37.3124],[138.8674,37.3202],[138.8777,37.3403],[138.8709,37.3513],[138.8273,37.3347],[138.8211,37.3574],[138.808,37.3697],[138.7962,37.37],[138.7926,37.3843],[138.7726,37.3837],[138.7567,37.3556],[138.7628,37.3485],[138.7518,37.3267],[138.7571,37.3189],[138.746,37.2889],[138.7522,37.2815],[138.7436,37.276],[138.7477,37.2648],[138.728,37.2308],[138.6731,37.2388]],[[138.829,37.6181],[138.8289,37.619],[138.8284,37.6187],[138.829,37.6181]],[[138.8313,37.6182],[138.8308,37.6199],[138.8291,37.6192],[138.8313,37.6182]],[[138.8274,37.6235],[138.8273,37.6253],[138.8257,37.6259],[138.8274,37.6235]],[[138.827,37.6256],[138.8268,37.6264],[138.8251,37.6263],[138.827,37.6256]],[[138.9468,37.4648],[138.9536,37.4605],[138.9563,37.4634],[138.9468,37.4648]]],[[[138.7325,37.59],[138.7327,37.5904],[138.7326,37.59],[138.7325,37.59]]],[[[138.7326,37.5906],[138.7326,37.5905],[138.7326,37.5906],[138.7326,37.5906]]],[[[138.7327,37.5914],[138.7328,37.5915],[138.7327,37.5913],[138.7327,37.5914]]],[[[138.7328,37.5916],[138.733,37.5918],[138.733,37.5918],[138.7328,37.5916]]],[[[138.7333,37.5921],[138.7331,37.592],[138.7334,37.5922],[138.7333,37.5921]]],[[[138.757,37.6475],[138.7593,37.6426],[138.7599,37.6407],[138.7595,37.6402],[138.757,37.6475]]],[[[138.7558,37.6494],[138.7566,37.6511],[138.7551,37.648],[138.7558,37.6494]]]]}},{"type":"Feature","properties":{"id":"15204","name":"三条市","pref":"新潟県"},"geometry":{"type":"Polygon","coordinates":[[[138.9998,37.5279],[139.0,37.5343],[138.9826,37.5402],[138.9816,37.5606],[138.9543,37.5407],[138.9438,37.5562],[138.9069,37.5657],[138.8724,37.5943],[138.8844,37.6101],[138.8833,37.6219],[138.9327,37.631],[138.9207,37.6554],[138.9364,37.6482],[138.9504,37.6527],[138.9565,37.6741],[138.9669,37.6807],[139.0087,37.6768],[139.0046,37.661],[139.0214,37.6566],[139.0389,37.638],[139.0339,37.6174],[139.0759,37.6111],[139.0761,37.5999],[139.1079,37.5906],[139.1077,37.5822],[139.1211,37.5812],[139.1333,37.5667],[139.1859,37.5531],[139.2324,37.5589],[139.2477,37.5382],[139.2587,37.5357],[139.2598,37.5121],[139.274,37.5158],[139.2775,37.5071],[139.2874,37.5075],[139.2984,37.485],[139.2835,37.4839],[139.2595,37.4678],[139.2465,37.4489],[139.2233,37.449],[139.2075,37.4289],[139.2083,37.4167],[139.1921,37.4104],[139.1594,37.4137],[139.1365,37.3977],[139.1261,37.4025],[139.1222,37.4269],[139.0938,37.4494],[139.0876,37.468],[139.1059,37.4855],[139.1102,37.5157],[139.0752,37.5291],[139.047,37.5208],[139.0276,37.5299],[138.9998,37.5279]]]}},{"type":"Feature","properties":{"id":"15205","name":"柏崎市","pref":"新潟県"},"geometry":{"type":"MultiPolygon","coordinates":[[[[138.4352,37.3212],[138.4351,37.3212],[138.4358,37.3219],[138.4352,37.3212]]],[[[138.4475,37.3281],[138.4471,37.328],[138.4473,37.3283],[138.4475,37.3281]]],[[[138.4478,37.3282],[138.4478,37.3281],[138.4478,37.3281],[138.4478,37.3282]]],[[[138.4469,37.3283],[138.4469,37.3284],[138.4469,37.3283],[138.4469,37.3283]]],[[[138.4506,37.3289],[138.4496,37.3283],[138.4496,37.3284],[138.4506,37.3289]]],[[[138.4511,37.3291],[138.4524,37.3297],[138.4525,37.3296],[138.4511,37.3291]]],[[[138.4633,37.3362],[138.4633,37.3361],[138.4632,37.3362],[138.4633,37.3362]]],[[[138.4601,37.3367],[138.4601,37.3369],[138.4604,37.3367],[138.4601,37.3367]]],[[[138.466,37.3371],[138.4654,37.3368],[138.4653,37.3369],[138.466,37.3371]]],[[[138.4585,37.3375],[138.4586,37.3371],[138.4584,37.3374],[138.4585,37.3375]]],[[[138.4587,37.3374],[138.4588,37.3374],[138.4589,37.3374],[138.4587,37.3374]]],[[[138.458,37.3376],[138.4581,37.3375],[138.458,37.3376],[138.458,37.3376]]],[[[138.4667,37.338],[138.4672,37.3383],[138.4652,37.3373],[138.4667,37.338]]],[[[138.4679,37.339],[138.4679,37.3387],[138.4677,37.3388],[138.4679,37.339]]],[[[138.469,37.3391],[138.4688,37.3389],[138.4688,37.3391],[138.469,37.3391]]],[[[138.4683,37.3394],[138.4684,37.3394],[138.4685,37.3393],[138.4683,37.3394]]],[[[138.4685,37.3395],[138.4685,37.3396],[138.4685,37.3395],[138.4685,37.3395]]],[[[138.4691,37.3397],[138.4689,37.3396],[138.469,37.3398],[138.4691,37.3397]]],[[[138.47,37.3398],[138.47,37.3397],[138.4699,37.3398],[138.47,37.3398]]],[[[138.4699,37.3401],[138.4698,37.3399],[138.4697,37.3401],[138.4699,37.3401]]],[[[138.4745,37.3404],[138.4747,37.3405],[138.4746,37.3404],[138.4745,37.3404]]],[[[138.4715,37.3403],[138.471,37.3405],[138.4711,37.3408],[138.4715,37.3403]]],[[[138.475,37.3406],[138.4749,37.3407],[138.475,37.3407],[138.475,37.3406]]],[[[138.4748,37.3407],[138.4747,37.3407],[138.4748,37.3408],[138.4748,37.3407]]],[[[138.4721,37.3409],[138.4721,37.3412],[138.4722,37.3411],[138.4721,37.3409]]],[[[138.4719,37.3415],[138.4719,37.3414],[138.4718,37.3415],[138.4719,37.3415]]],[[[138.4777,37.3428],[138.4776,37.3429],[138.4777,37.3429],[138.4777,37.3428]]],[[[138.478,37.343],[138.478,37.3429],[138.4779,37.343],[138.478,37.343]]],[[[138.4787,37.3432],[138.4785,37.3432],[138.4786,37.3433],[138.4787,37.3432]]],[[[138.4788,37.345],[138.4791,37.3445],[138.4786,37.3445],[138.4788,37.345]]],[[[138.4886,37.3511],[138.4884,37.351],[138.4884,37.351],[138.4886,37.3511]]],[[[138.4878,37.3515],[138.4874,37.3515],[138.4873,37.3517],[138.4878,37.3515]]],[[[138.4948,37.3517],[138.4952,37.3519],[138.4953,37.3517],[138.4948,37.3517]]],[[[138.4879,37.3519],[138.4879,37.3517],[138.4879,37.3519],[138.4879,37.3519]]],[[[138.4937,37.3517],[138.4938,37.352],[138.4938,37.3518],[138.4937,37.3517]]],[[[138.4866,37.3521],[138.4865,37.3516],[138.4863,37.3517],[138.4866,37.3521]]],[[[138.4923,37.3519],[138.4922,37.352],[138.4923,37.352],[138.4923,37.3519]]],[[[138.4883,37.3527],[138.4884,37.3525],[138.4883,37.3524],[138.4883,37.3527]]],[[[138.488,37.3527],[138.4881,37.3525],[138.488,37.3526],[138.488,37.3527]]],[[[138.4913,37.3528],[138.4911,37.3526],[138.4911,37.3528],[138.4913,37.3528]]],[[[138.4888,37.3526],[138.4884,37.3529],[138.489,37.3529],[138.4888,37.3526]]],[[[138.4901,37.3529],[138.4902,37.3527],[138.49,37.3527],[138.4901,37.3529]]],[[[138.4969,37.3529],[138.4971,37.3528],[138.4969,37.3527],[138.4969,37.3529]]],[[[138.4975,37.3531],[138.4977,37.353],[138.4975,37.353],[138.4975,37.3531]]],[[[138.4953,37.3531],[138.4956,37.3529],[138.4955,37.3528],[138.4953,37.3531]]],[[[138.4879,37.3533],[138.4874,37.3533],[138.4874,37.3534],[138.4879,37.3533]]],[[[138.4959,37.3534],[138.496,37.3533],[138.4959,37.3532],[138.4959,37.3534]]],[[[138.502,37.3539],[138.502,37.3537],[138.5018,37.354],[138.502,37.3539]]],[[[138.4953,37.3541],[138.4953,37.3539],[138.4952,37.354],[138.4953,37.3541]]],[[[138.502,37.3542],[138.5021,37.3541],[138.502,37.3541],[138.502,37.3542]]],[[[138.502,37.3546],[138.5021,37.3548],[138.5023,37.3548],[138.502,37.3546]]],[[[138.502,37.3549],[138.502,37.3554],[138.5021,37.3553],[138.502,37.3549]]],[[[138.5022,37.3539],[138.5024,37.354],[138.5024,37.3539],[138.5022,37.3539]]],[[[138.5024,37.3544],[138.5023,37.3545],[138.5024,37.3545],[138.5024,37.3544]]],[[[138.5076,37.3557],[138.5078,37.3561],[138.5077,37.3557],[138.5076,37.3557]]],[[[138.5099,37.356],[138.51,37.3561],[138.51,37.3561],[138.5099,37.356]]],[[[138.5099,37.3561],[138.5098,37.3563],[138.5096,37.3564],[138.5097,37.3563],[138.5099,37.3561]]],[[[138.5109,37.3561],[138.5109,37.3565],[138.5109,37.3565],[138.5109,37.3561]]],[[[138.509,37.3565],[138.5091,37.3565],[138.509,37.3564],[138.509,37.3565]]],[[[138.5106,37.3566],[138.5105,37.3566],[138.5106,37.3566],[138.5106,37.3566]]],[[[138.5114,37.3564],[138.5129,37.3569],[138.513,37.3568],[138.5114,37.3564]]],[[[138.5138,37.3572],[138.5132,37.3569],[138.5132,37.357],[138.5138,37.3572]]],[[[138.5141,37.358],[138.5131,37.3576],[138.513,37.3577],[138.5141,37.358]]],[[[138.5158,37.3585],[138.5147,37.3581],[138.5146,37.3582],[138.5158,37.3585]]],[[[138.5168,37.3583],[138.5168,37.3583],[138.5168,37.3583],[138.5168,37.3583]]],[[[138.5172,37.3586],[138.5172,37.3585],[138.5172,37.3586],[138.5172,37.3586]]],[[[138.5172,37.3586],[138.5173,37.3587],[138.5174,37.3586],[138.5172,37.3586]]],[[[138.517,37.3586],[138.5168,37.3587],[138.5168,37.3587],[138.517,37.3586]]],[[[138.5177,37.3594],[138.5178,37.3594],[138.5177,37.3594],[138.5177,37.3594]]],[[[138.5176,37.3598],[138.5175,37.3597],[138.5175,37.3598],[138.5176,37.3598]]],[[[138.5175,37.3599],[138.5175,37.3599],[138.5175,37.3599],[138.5175,37.3599]]],[[[138.5179,37.36],[138.518,37.3599],[138.5179,37.3598],[138.5179,37.36]]],[[[138.5244,37.3644],[138.5236,37.3638],[138.5247,37.3648],[138.5244,37.3644]]],[[[138.5193,37.3652],[138.5198,37.3656],[138.5184,37.3644],[138.5193,37.3652]]],[[[138.5261,37.366],[138.5248,37.3651],[138.5257,37.3658],[138.5261,37.366]]],[[[138.5265,37.3657],[138.5266,37.3671],[138.5274,37.3664],[138.5265,37.3657]]],[[[138.5275,37.3671],[138.5274,37.367],[138.5274,37.3672],[138.5275,37.3671]]],[[[138.5272,37.3672],[138.5271,37.3673],[138.5272,37.3672],[138.5272,37.3672]]],[[[138.419,37.2957],[138.424,37.3028],[138.4181,37.3066],[138.4361,37.3212],[138.4365,37.3247],[138.4466,37.3243],[138.4858,37.3462],[138.489,37.3487],[138.4891,37.3526],[138.4944,37.3513],[138.5003,37.3519],[138.5154,37.3569],[138.536,37.3699],[138.5405,37.3807],[138.543,37.3833],[138.5362,37.3699],[138.5305,37.3653],[138.5516,37.3756],[138.5518,37.3779],[138.5545,37.3786],[138.5568,37.381],[138.559,37.3834],[138.563,37.3881],[138.564,37.3887],[138.5886,37.4221],[138.5846,37.4372],[138.5861,37.442],[138.5896,37.4243],[138.5982,37.4399],[138.5932,37.4373],[138.591,37.4395],[138.6087,37.4547],[138.6176,37.4732],[138.6173,37.4841],[138.6313,37.4881],[138.6338,37.4953],[138.6464,37.5048],[138.6583,37.5227],[138.6786,37.522],[138.6751,37.4948],[138.695,37.5042],[138.7218,37.4874],[138.6786,37.4229],[138.7191,37.383],[138.6992,37.3521],[138.6616,37.3247],[138.6591,37.3079],[138.6429,37.2896],[138.6614,37.2684],[138.6774,37.222],[138.645,37.1729],[138.6222,37.1813],[138.6215,37.1657],[138.6082,37.1599],[138.6066,37.17],[138.5762,37.1652],[138.5658,37.1704],[138.5689,37.179],[138.5541,37.1898],[138.5519,37.204],[138.5365,37.1984],[138.525,37.2195],[138.5049,37.226],[138.52,37.2525],[138.5421,37.2606],[138.5385,37.2661],[138.5239,37.2762],[138.5069,37.2749],[138.4901,37.2881],[138.4391,37.2937],[138.4323,37.3029],[138.419,37.2957]],[[138.6076,37.4302],[138.5931,37.3991],[138.6218,37.4024],[138.6324,37.4136],[138.6554,37.4062],[138.6704,37.41],[138.645,37.431],[138.6315,37.432],[138.6432,37.4521],[138.6346,37.4577],[138.603,37.4429],[138.5993,37.4366],[138.6076,37.4302]]],[[[138.5286,37.3664],[138.5287,37.3666],[138.5288,37.3665],[138.5286,37.3664]]],[[[138.5286,37.3668],[138.5286,37.3667],[138.5284,37.3667],[138.5286,37.3668]]],[[[138.5283,37.3666],[138.5278,37.3671],[138.5285,37.3671],[138.5283,37.3666]]],[[[138.528,37.3678],[138.528,37.3679],[138.5281,37.3679],[138.528,37.3678]]],[[[138.556,37.3818],[138.557,37.3813],[138.5569,37.3812],[138.556,37.3818]]],[[[138.5658,37.3933],[138.5667,37.3946],[138.5668,37.3945],[138.5658,37.3933]]],[[[138.6169,37.4769],[138.6168,37.4775],[138.6169,37.4775],[138.6169,37.4769]]],[[[138.6169,37.4777],[138.6168,37.4784],[138.6169,37.4784],[138.6169,37.4777]]],[[[138.6166,37.4791],[138.6165,37.4791],[138.6166,37.4798],[138.6166,37.4791]]],[[[138.6462,37.5104],[138.6462,37.5104],[138.6462,37.5104],[138.6462,37.5104]]],[[[138.6458,37.5105],[138.6458,37.5104],[138.6457,37.5104],[138.6458,37.5105]]],[[[138.6466,37.5107],[138.6469,37.5106],[138.6464,37.5105],[138.6466,37.5107]]],[[[138.6487,37.5116],[138.6489,37.5114],[138.6485,37.5115],[138.6487,37.5116]]],[[[138.648,37.5117],[138.6478,37.5117],[138.6478,37.5118],[138.648,37.5117]]],[[[138.6501,37.5116],[138.6502,37.512],[138.6507,37.5119],[138.6501,37.5116]]],[[[138.6532,37.5187],[138.6529,37.5183],[138.6528,37.5183],[138.6532,37.5187]]],[[[138.6536,37.5185],[138.654,37.5198],[138.6541,37.52],[138.6539,37.519],[138.6536,37.5185]]],[[[138.6539,37.5207],[138.654,37.5211],[138.654,37.5207],[138.6539,37.5207]]],[[[138.6548,37.5215],[138.655,37.5217],[138.6551,37.5214],[138.6548,37.5215]]],[[[138.6546,37.5217],[138.6545,37.5217],[138.6542,37.5222],[138.6546,37.5217]]],[[[138.655,37.522],[138.6545,37.5223],[138.6546,37.5225],[138.655,37.522]]],[[[138.6542,37.5223],[138.6544,37.5228],[138.6544,37.5223],[138.6542,37.5223]]]]}},{"type":"Feature","properties":{"id":"15206","name":"新発田市","pref":"新潟県"},"geometry":{"type":"Polygon","coordinates":[[[139.3897,37.8267],[139.3599,37.8238],[139.3705,37.8449],[139.3556,37.8538],[139.3307,37.864],[139.3123,37.8583],[139.3024,37.8635],[139.2985,37.8564],[139.2857,37.8631],[139.2604,37.8922],[139.2655,37.9038],[139.2476,37.9162],[139.2497,37.9334],[139.2593,37.9377],[139.2417,37.9496],[139.2552,37.9556],[139.2886,37.9528],[139.3163,37.9844],[139.286,37.9856],[139.271,37.9946],[139.3006,38.0143],[139.286,38.0094],[139.2955,38.0167],[139.2883,38.0306],[139.3136,38.0495],[139.3545,38.0179],[139.36,38.0319],[139.3825,38.0331],[139.4178,38.0202],[139.4383,38.0213],[139.493,37.9982],[139.4919,37.9493],[139.5118,37.9212],[139.4989,37.8986],[139.5071,37.8887],[139.5523,37.8827],[139.5559,37.8634],[139.5673,37.8613],[139.5857,37.8636],[139.6069,37.8866],[139.6293,37.8937],[139.6819,37.8467],[139.6531,37.8309],[139.6198,37.8303],[139.5849,37.8109],[139.5375,37.805],[139.5244,37.7932],[139.4818,37.797],[139.469,37.7881],[139.4289,37.8152],[139.411,37.813],[139.3897,37.8267]]]}},{"type":"Feature","properties":{"id":"15208","name":"小千谷市","pref":"新潟県"},"geometry":{"type":"Polygon","coordinates":[[[138.776,37.2201],[138.7205,37.2232],[138.7477,37.2648],[138.7436,37.276],[138.7522,37.2815],[138.746,37.2889],[138.7571,37.3189],[138.7518,37.3267],[138.7628,37.3485],[138.7567,37.3556],[138.7726,37.3837],[138.7926,37.3843],[138.7962,37.37],[138.808,37.3697],[138.8211,37.3574],[138.8273,37.3347],[138.8709,37.3513],[138.8777,37.3403],[138.8675,37.3201],[138.9149,37.2989],[138.9011,37.2887],[138.8693,37.3071],[138.8468,37.3073],[138.8512,37.3016],[138.8399,37.2981],[138.8373,37.2836],[138.8261,37.278],[138.8523,37.2512],[138.8318,37.2389],[138.8392,37.2076],[138.7838,37.2196],[138.7821,37.2294],[138.776,37.2201]]]}},{"type":"Feature","properties":{"id":"15209","name":"加茂市","pref":"新潟県"},"geometry":{"type":"Polygon","coordinates":[[[139.2189,37.602],[139.2343,37.5645],[139.2261,37.5563],[139.2102,37.561],[139.1859,37.5531],[139.1333,37.5667],[139.1211,37.5812],[139.1077,37.5822],[139.1079,37.5906],[139.0761,37.5999],[139.0759,37.6111],[139.0339,37.6174],[139.0389,37.6381],[139.0214,37.6566],[139.0046,37.661],[139.01,37.6755],[138.9893,37.6824],[138.9919,37.6943],[139.0169,37.7106],[139.0462,37.6711],[139.0649,37.6682],[139.0644,37.6742],[139.099,37.6795],[139.109,37.6519],[139.1341,37.6568],[139.1309,37.6491],[139.1391,37.6301],[139.1504,37.6262],[139.1545,37.6085],[139.1801,37.5995],[139.1985,37.6136],[139.2189,37.602]]]}},{"type":"Feature","properties":{"id":"15210","name":"十日町市","pref":"新潟県"},"geometry":{"type":"Polygon","coordinates":[[[138.7004,36.9822],[138.6952,37.0167],[138.6835,37.0129],[138.6838,37.0302],[138.6919,37.0361],[138.6827,37.0504],[138.6866,37.0592],[138.6674,37.0654],[138.6309,37.0428],[138.6026,37.0403],[138.565,37.021],[138.5285,37.0249],[138.5252,37.0346],[138.5403,37.0447],[138.536,37.0718],[138.5445,37.0857],[138.5245,37.1068],[138.5274,37.1367],[138.5624,37.1557],[138.5647,37.1704],[138.5762,37.1652],[138.6066,37.17],[138.6082,37.1599],[138.6215,37.1657],[138.6222,37.1813],[138.645,37.1729],[138.6526,37.1917],[138.6726,37.2074],[138.6747,37.2372],[138.7184,37.2352],[138.7263,37.2265],[138.7205,37.2232],[138.7321,37.218],[138.7641,37.2161],[138.7821,37.2294],[138.7838,37.2196],[138.8195,37.2156],[138.8336,37.2059],[138.8327,37.1774],[138.8745,37.1394],[138.8402,37.118],[138.8235,37.0873],[138.83,37.0757],[138.8111,37.0669],[138.7752,37.01],[138.7649,36.9718],[138.7802,36.9551],[138.7306,36.9092],[138.7128,36.8722],[138.7004,36.8682],[138.6747,36.8812],[138.6534,36.9066],[138.6619,36.9131],[138.6643,36.9349],[138.6764,36.9349],[138.6744,36.9433],[138.6857,36.9515],[138.6895,36.9394],[138.7122,36.949],[138.7165,36.9605],[138.7086,36.9806],[138.7004,36.9822]]]}},{"type":"Feature","properties":{"id":"15211","name":"見附市","pref":"新潟県"},"geometry":{"type":"MultiPolygon","coordinates":[[[[138.9526,37.4605],[138.9494,37.4635],[138.9563,37.4632],[138.9526,37.4605]]],[[[138.9098,37.5002],[138.904,37.5088],[138.8849,37.504],[138.8936,37.5116],[138.8791,37.525],[138.8855,37.5464],[138.8713,37.5675],[138.8736,37.5922],[138.881,37.5933],[138.9069,37.5657],[138.9438,37.5562],[138.9543,37.5407],[138.9816,37.5606],[138.9826,37.5402],[139.0007,37.5331],[138.9961,37.5142],[138.9813,37.5141],[138.9888,37.5131],[138.9906,37.4996],[138.983,37.5033],[138.9855,37.4973],[138.974,37.4992],[138.9499,37.4827],[138.965,37.4873],[138.9662,37.476],[138.9569,37.4701],[138.9411,37.4698],[138.9329,37.4886],[138.9012,37.4921],[138.9098,37.5002]]]]}},{"type":"Feature","properties":{"id":"15212","name":"村上市","pref":"新潟県"},"geometry":{"type":"MultiPolygon","coordinates":[[[[139.426,38.1837],[139.426,38.1836],[139.426,38.1837],[139.426,38.1837]]],[[[139.4191,38.1851],[139.4171,38.1829],[139.4194,38.1853],[139.4191,38.1851]]],[[[139.4186,38.1854],[139.4194,38.1871],[139.4196,38.187],[139.4186,38.1854]]],[[[139.4422,38.2451],[139.4421,38.2451],[139.4421,38.2451],[139.4422,38.2451]]],[[[139.4416,38.2451],[139.4416,38.2451],[139.4416,38.2451],[139.4416,38.2451]]],[[[139.4422,38.2451],[139.4422,38.2451],[139.4422,38.2451],[139.4422,38.2451]]],[[[139.4417,38.2451],[139.4417,38.2451],[139.4417,38.2451],[139.4417,38.2451]]],[[[139.4422,38.2452],[139.4423,38.2452],[139.4422,38.2452],[139.4422,38.2452]]],[[[139.4417,38.2452],[139.4418,38.2452],[139.4417,38.2452],[139.4417,38.2452]]],[[[139.4415,38.2452],[139.4416,38.2452],[139.4415,38.2452],[139.4415,38.2452]]],[[[139.4417,38.2452],[139.4417,38.2452],[139.4417,38.2452],[139.4417,38.2452]]],[[[139.4419,38.2452],[139.4419,38.2453],[139.442,38.2453],[139.4419,38.2452]]],[[[139.4421,38.2453],[139.4421,38.2453],[139.442,38.2453],[139.4421,38.2453]]],[[[139.4411,38.2453],[139.4411,38.2453],[139.4411,38.2453],[139.4411,38.2453]]],[[[139.4414,38.2453],[139.4415,38.2453],[139.4414,38.2453],[139.4414,38.2453]]],[[[139.4416,38.2454],[139.4417,38.2453],[139.4416,38.2453],[139.4416,38.2454]]],[[[139.4415,38.2454],[139.4415,38.2453],[139.4415,38.2454],[139.4415,38.2454]]],[[[139.4417,38.2454],[139.4417,38.2454],[139.4417,38.2454],[139.4417,38.2454]]],[[[139.4416,38.2455],[139.4416,38.2455],[139.4417,38.2455],[139.4416,38.2455]]],[[[139.4419,38.2456],[139.4419,38.2455],[139.4419,38.2455],[139.4419,38.2456]]],[[[139.441,38.2456],[139.4409,38.2455],[139.4409,38.2456],[139.441,38.2456]]],[[[139.4414,38.2455],[139.4415,38.2456],[139.4415,38.2455],[139.4414,38.2455]]],[[[139.4416,38.2456],[139.4416,38.2456],[139.4416,38.2456],[139.4416,38.2456]]],[[[139.4415,38.2456],[139.4415,38.2457],[139.4415,38.2456],[139.4415,38.2456]]],[[[139.4415,38.2458],[139.4415,38.2458],[139.4415,38.2458],[139.4415,38.2458]]],[[[139.4414,38.246],[139.4413,38.246],[139.4413,38.246],[139.4414,38.246]]],[[[139.4415,38.2461],[139.4415,38.2461],[139.4415,38.2461],[139.4415,38.2461]]],[[[139.4415,38.2461],[139.4415,38.2461],[139.4414,38.2461],[139.4415,38.2461]]],[[[139.4414,38.2462],[139.4414,38.2461],[139.4414,38.2462],[139.4414,38.2462]]],[[[139.4415,38.2462],[139.4415,38.2462],[139.4415,38.2461],[139.4415,38.2462]]],[[[139.4412,38.2462],[139.4412,38.2462],[139.4412,38.2462],[139.4412,38.2462]]],[[[139.4412,38.2462],[139.4412,38.2462],[139.4412,38.2462],[139.4412,38.2462]]],[[[139.4413,38.2462],[139.4413,38.2462],[139.4413,38.2462],[139.4413,38.2462]]],[[[139.4411,38.2463],[139.4411,38.2462],[139.4411,38.2462],[139.4411,38.2463]]],[[[139.4411,38.2462],[139.4411,38.2463],[139.4411,38.2463],[139.4411,38.2462]]],[[[139.4414,38.2463],[139.4413,38.2463],[139.4413,38.2463],[139.4414,38.2463]]],[[[139.4411,38.2464],[139.4411,38.2463],[139.4411,38.2463],[139.4411,38.2464]]],[[[139.4409,38.2463],[139.441,38.2464],[139.441,38.2464],[139.4409,38.2463]]],[[[139.4413,38.2464],[139.4413,38.2465],[139.4413,38.2465],[139.4413,38.2464]]],[[[139.4412,38.2465],[139.4412,38.2465],[139.4412,38.2465],[139.4412,38.2465]]],[[[139.4412,38.2465],[139.4412,38.2465],[139.4412,38.2465],[139.4412,38.2465]]],[[[139.4397,38.2465],[139.4398,38.2466],[139.4399,38.2465],[139.4397,38.2465]]],[[[139.4413,38.2466],[139.4413,38.2466],[139.4413,38.2466],[139.4413,38.2466]]],[[[139.4413,38.2468],[139.4414,38.2467],[139.4413,38.2468],[139.4413,38.2468]]],[[[139.4412,38.2467],[139.4412,38.2467],[139.4412,38.2467],[139.4412,38.2467]]],[[[139.4408,38.2468],[139.4409,38.2469],[139.4409,38.2468],[139.4408,38.2468]]],[[[139.4403,38.2469],[139.4403,38.2469],[139.4402,38.2469],[139.4403,38.2469]]],[[[139.4411,38.2469],[139.4411,38.2469],[139.4411,38.2469],[139.4411,38.2469]]],[[[139.4412,38.2468],[139.4413,38.247],[139.4413,38.2469],[139.4412,38.2468]]],[[[139.4411,38.247],[139.4411,38.2469],[139.4411,38.2469],[139.4411,38.247]]],[[[139.4406,38.2469],[139.4407,38.247],[139.4407,38.247],[139.4406,38.2469]]],[[[139.441,38.2471],[139.4409,38.247],[139.4409,38.247],[139.441,38.2471]]],[[[139.44,38.2471],[139.44,38.247],[139.44,38.247],[139.44,38.2471]]],[[[139.4412,38.2471],[139.4413,38.2471],[139.4413,38.247],[139.4412,38.2471]]],[[[139.4411,38.2471],[139.441,38.247],[139.441,38.2471],[139.4411,38.2471]]],[[[139.4413,38.2471],[139.4413,38.2471],[139.4413,38.2471],[139.4413,38.2471]]],[[[139.4408,38.2472],[139.4408,38.247],[139.4407,38.2471],[139.4408,38.2472]]],[[[139.4411,38.2471],[139.4411,38.2471],[139.4411,38.2471],[139.4411,38.2471]]],[[[139.4407,38.2471],[139.4406,38.2471],[139.4407,38.2471],[139.4407,38.2471]]],[[[139.4413,38.2472],[139.4413,38.2471],[139.4412,38.2471],[139.4413,38.2472]]],[[[139.4409,38.2472],[139.4409,38.2471],[139.4409,38.2472],[139.4409,38.2472]]],[[[139.441,38.2471],[139.4411,38.2472],[139.4411,38.2472],[139.441,38.2471]]],[[[139.4412,38.2472],[139.4412,38.2472],[139.4412,38.2472],[139.4412,38.2472]]],[[[139.4413,38.2472],[139.4414,38.2473],[139.4414,38.2472],[139.4413,38.2472]]],[[[139.4412,38.2472],[139.4412,38.2472],[139.4412,38.2472],[139.4412,38.2472]]],[[[139.4415,38.2472],[139.4414,38.2473],[139.4415,38.2473],[139.4415,38.2472]]],[[[139.4413,38.2472],[139.4413,38.2473],[139.4413,38.2473],[139.4413,38.2472]]],[[[139.4413,38.2473],[139.4413,38.2473],[139.4413,38.2473],[139.4413,38.2473]]],[[[139.4413,38.2473],[139.4413,38.2473],[139.4413,38.2473],[139.4413,38.2473]]],[[[139.4414,38.2473],[139.4414,38.2473],[139.4414,38.2473],[139.4414,38.2473]]],[[[139.4414,38.2473],[139.4414,38.2473],[139.4414,38.2473],[139.4414,38.2473]]],[[[139.4411,38.2475],[139.4411,38.2475],[139.4411,38.2475],[139.4411,38.2475]]],[[[139.441,38.2475],[139.441,38.2475],[139.441,38.2475],[139.441,38.2475]]],[[[139.4411,38.2475],[139.4411,38.2475],[139.4411,38.2475],[139.4411,38.2475]]],[[[139.4407,38.2476],[139.4407,38.2476],[139.4407,38.2476],[139.4407,38.2476]]],[[[139.441,38.2477],[139.441,38.2477],[139.441,38.2477],[139.441,38.2477]]],[[[139.4413,38.2485],[139.4412,38.2486],[139.4414,38.2486],[139.4413,38.2485]]],[[[139.4412,38.2486],[139.4413,38.2486],[139.4413,38.2486],[139.4412,38.2486]]],[[[139.4415,38.2486],[139.4416,38.2487],[139.4416,38.2487],[139.4415,38.2486]]],[[[139.4419,38.2487],[139.4419,38.2487],[139.4418,38.2487],[139.4419,38.2487]]],[[[139.4419,38.2488],[139.4418,38.2488],[139.4418,38.2488],[139.4419,38.2488]]],[[[139.4421,38.2488],[139.4421,38.2488],[139.4421,38.2488],[139.4421,38.2488]]],[[[139.4411,38.2488],[139.4412,38.249],[139.4413,38.2489],[139.4411,38.2488]]],[[[139.442,38.249],[139.442,38.249],[139.442,38.249],[139.442,38.249]]],[[[139.4422,38.249],[139.4422,38.249],[139.4422,38.249],[139.4422,38.249]]],[[[139.4422,38.2491],[139.4422,38.249],[139.4422,38.249],[139.4422,38.2491]]],[[[139.4404,38.2491],[139.4406,38.249],[139.4404,38.249],[139.4404,38.2491]]],[[[139.4417,38.2492],[139.4418,38.2491],[139.4418,38.2491],[139.4417,38.2492]]],[[[139.4421,38.2492],[139.4421,38.2491],[139.4421,38.2491],[139.4421,38.2492]]],[[[139.4423,38.2492],[139.4423,38.2492],[139.4422,38.2492],[139.4423,38.2492]]],[[[139.4423,38.2493],[139.4422,38.2493],[139.4422,38.2493],[139.4423,38.2493]]],[[[139.4421,38.2493],[139.4421,38.2494],[139.4421,38.2494],[139.4421,38.2493]]],[[[139.442,38.2494],[139.442,38.2494],[139.442,38.2494],[139.442,38.2494]]],[[[139.442,38.2497],[139.4421,38.2497],[139.442,38.2497],[139.442,38.2497]]],[[[139.4422,38.2507],[139.4422,38.2508],[139.4423,38.2507],[139.4422,38.2507]]],[[[139.4416,38.2512],[139.4414,38.2511],[139.4414,38.2512],[139.4416,38.2512]]],[[[139.4405,38.2526],[139.4404,38.2527],[139.4405,38.2527],[139.4405,38.2526]]],[[[139.4421,38.256],[139.4422,38.256],[139.4421,38.256],[139.4421,38.256]]],[[[139.4422,38.2567],[139.4423,38.2567],[139.4423,38.2566],[139.4422,38.2567]]],[[[139.4438,38.2441],[139.4438,38.2441],[139.4438,38.2441],[139.4438,38.2441]]],[[[139.4438,38.2441],[139.4438,38.2442],[139.4438,38.2441],[139.4438,38.2441]]],[[[139.4437,38.2441],[139.4436,38.2441],[139.4437,38.2442],[139.4437,38.2441]]],[[[139.4436,38.2443],[139.4435,38.2443],[139.4435,38.2443],[139.4436,38.2443]]],[[[139.4437,38.2443],[139.4437,38.2443],[139.4438,38.2443],[139.4437,38.2443]]],[[[139.4434,38.2447],[139.4435,38.2448],[139.4436,38.2448],[139.4434,38.2447]]],[[[139.4431,38.2448],[139.4432,38.2448],[139.4432,38.2448],[139.4431,38.2448]]],[[[139.4434,38.2449],[139.4433,38.2448],[139.4433,38.2448],[139.4434,38.2449]]],[[[139.4433,38.2448],[139.4432,38.2449],[139.4433,38.2449],[139.4433,38.2448]]],[[[139.4428,38.245],[139.4429,38.245],[139.4428,38.245],[139.4428,38.245]]],[[[139.4429,38.245],[139.4429,38.245],[139.4429,38.245],[139.4429,38.245]]],[[[139.4431,38.245],[139.4432,38.245],[139.4432,38.245],[139.4431,38.245]]],[[[139.4434,38.245],[139.4433,38.245],[139.4434,38.245],[139.4434,38.245]]],[[[139.443,38.2451],[139.443,38.245],[139.4429,38.245],[139.443,38.2451]]],[[[139.4434,38.2451],[139.4435,38.2451],[139.4435,38.2451],[139.4434,38.2451]]],[[[139.4433,38.245],[139.4433,38.2451],[139.4433,38.2451],[139.4433,38.245]]],[[[139.4432,38.2451],[139.4432,38.2451],[139.4432,38.2451],[139.4432,38.2451]]],[[[139.4431,38.2451],[139.4431,38.2452],[139.4432,38.2452],[139.4431,38.2451]]],[[[139.443,38.2452],[139.443,38.2452],[139.4431,38.2452],[139.443,38.2452]]],[[[139.443,38.2452],[139.443,38.2452],[139.443,38.2452],[139.443,38.2452]]],[[[139.4427,38.2452],[139.4427,38.2452],[139.4427,38.2452],[139.4427,38.2452]]],[[[139.443,38.2452],[139.443,38.2452],[139.443,38.2452],[139.443,38.2452]]],[[[139.4428,38.2453],[139.4428,38.2453],[139.4427,38.2453],[139.4428,38.2453]]],[[[139.4429,38.2453],[139.4429,38.2453],[139.4429,38.2453],[139.4429,38.2453]]],[[[139.4429,38.2454],[139.4429,38.2453],[139.4429,38.2453],[139.4429,38.2454]]],[[[139.4425,38.2494],[139.4426,38.2493],[139.4425,38.2493],[139.4425,38.2494]]],[[[139.4423,38.2494],[139.4423,38.2494],[139.4423,38.2494],[139.4423,38.2494]]],[[[139.4428,38.2504],[139.4428,38.2504],[139.4428,38.2504],[139.4428,38.2504]]],[[[139.4428,38.2505],[139.4427,38.2505],[139.4428,38.2505],[139.4428,38.2505]]],[[[139.4425,38.2505],[139.4425,38.2505],[139.4425,38.2505],[139.4425,38.2505]]],[[[139.443,38.2507],[139.443,38.2507],[139.443,38.2507],[139.443,38.2507]]],[[[139.4429,38.2507],[139.4429,38.2507],[139.4429,38.2507],[139.4429,38.2507]]],[[[139.4429,38.2508],[139.443,38.2507],[139.4429,38.2508],[139.4429,38.2508]]],[[[139.4428,38.2508],[139.4428,38.2508],[139.4428,38.2508],[139.4428,38.2508]]],[[[139.443,38.2508],[139.443,38.2508],[139.443,38.2508],[139.443,38.2508]]],[[[139.443,38.2508],[139.443,38.2508],[139.443,38.2509],[139.443,38.2508]]],[[[139.443,38.2508],[139.443,38.2509],[139.4431,38.2508],[139.443,38.2508]]],[[[139.443,38.2509],[139.443,38.2509],[139.443,38.2509],[139.443,38.2509]]],[[[139.4428,38.2509],[139.4428,38.2509],[139.4428,38.2509],[139.4428,38.2509]]],[[[139.443,38.2509],[139.443,38.2509],[139.443,38.2509],[139.443,38.2509]]],[[[139.443,38.251],[139.443,38.2509],[139.443,38.2509],[139.443,38.251]]],[[[139.4427,38.251],[139.4426,38.2509],[139.4426,38.251],[139.4427,38.251]]],[[[139.443,38.251],[139.443,38.251],[139.443,38.251],[139.443,38.251]]],[[[139.4431,38.251],[139.4431,38.2511],[139.4432,38.2511],[139.4431,38.251]]],[[[139.4427,38.2511],[139.4426,38.251],[139.4426,38.2511],[139.4427,38.2511]]],[[[139.4431,38.2512],[139.4431,38.2512],[139.4431,38.2512],[139.4431,38.2512]]],[[[139.4427,38.2512],[139.4427,38.2512],[139.4427,38.2512],[139.4427,38.2512]]],[[[139.443,38.2512],[139.443,38.2512],[139.443,38.2512],[139.443,38.2512]]],[[[139.4431,38.2513],[139.4431,38.2512],[139.443,38.2513],[139.4431,38.2513]]],[[[139.4431,38.2513],[139.4431,38.2513],[139.4431,38.2513],[139.4431,38.2513]]],[[[139.443,38.2513],[139.443,38.2513],[139.443,38.2513],[139.443,38.2513]]],[[[139.443,38.2513],[139.443,38.2513],[139.443,38.2513],[139.443,38.2513]]],[[[139.4423,38.2514],[139.4423,38.2513],[139.4423,38.2514],[139.4423,38.2514]]],[[[139.4429,38.2515],[139.4427,38.2514],[139.4427,38.2515],[139.4429,38.2515]]],[[[139.4427,38.2515],[139.4427,38.2515],[139.4427,38.2515],[139.4427,38.2515]]],[[[139.4434,38.2516],[139.4434,38.2516],[139.4434,38.2516],[139.4434,38.2516]]],[[[139.4435,38.2516],[139.4434,38.2516],[139.4434,38.2516],[139.4435,38.2516]]],[[[139.4434,38.2517],[139.4434,38.2517],[139.4434,38.2517],[139.4434,38.2517]]],[[[139.4437,38.2522],[139.4437,38.2523],[139.4437,38.2523],[139.4437,38.2522]]],[[[139.4437,38.2524],[139.4437,38.2524],[139.4437,38.2524],[139.4437,38.2524]]],[[[139.4437,38.2524],[139.4438,38.2524],[139.4438,38.2524],[139.4437,38.2524]]],[[[139.4437,38.2535],[139.4436,38.2534],[139.4436,38.2534],[139.4437,38.2535]]],[[[139.4436,38.2536],[139.4436,38.2536],[139.4436,38.2536],[139.4436,38.2536]]],[[[139.4437,38.2536],[139.4437,38.2536],[139.4437,38.2536],[139.4437,38.2536]]],[[[139.4437,38.2536],[139.4436,38.2536],[139.4437,38.2536],[139.4437,38.2536]]],[[[139.443,38.2538],[139.4431,38.2538],[139.4431,38.2538],[139.443,38.2538]]],[[[139.4433,38.254],[139.4433,38.2539],[139.4432,38.254],[139.4433,38.254]]],[[[139.443,38.254],[139.443,38.254],[139.4431,38.254],[139.443,38.254]]],[[[139.4436,38.254],[139.4436,38.2539],[139.4435,38.254],[139.4436,38.254]]],[[[139.4425,38.2541],[139.4425,38.2542],[139.4426,38.2541],[139.4425,38.2541]]],[[[139.4437,38.2543],[139.4436,38.2543],[139.4437,38.2543],[139.4437,38.2543]]],[[[139.4438,38.2544],[139.4438,38.2545],[139.4438,38.2545],[139.4438,38.2544]]],[[[139.4435,38.2544],[139.4436,38.2546],[139.4436,38.2545],[139.4435,38.2544]]],[[[139.4435,38.2546],[139.4435,38.2547],[139.4435,38.2547],[139.4435,38.2546]]],[[[139.4431,38.2547],[139.4431,38.2547],[139.4431,38.2547],[139.4431,38.2547]]],[[[139.4431,38.2547],[139.4432,38.2547],[139.4432,38.2547],[139.4431,38.2547]]],[[[139.4433,38.2547],[139.4433,38.2548],[139.4433,38.2548],[139.4433,38.2547]]],[[[139.4436,38.2548],[139.4436,38.2548],[139.4436,38.2548],[139.4436,38.2548]]],[[[139.4432,38.2549],[139.4433,38.2549],[139.4432,38.2549],[139.4432,38.2549]]],[[[139.4436,38.2549],[139.4436,38.2551],[139.4436,38.2551],[139.4436,38.2549]]],[[[139.4433,38.255],[139.4433,38.255],[139.4433,38.255],[139.4433,38.255]]],[[[139.4435,38.255],[139.4435,38.255],[139.4435,38.255],[139.4435,38.255]]],[[[139.4432,38.255],[139.4432,38.255],[139.4432,38.255],[139.4432,38.255]]],[[[139.4437,38.255],[139.4436,38.2551],[139.4437,38.2551],[139.4437,38.255]]],[[[139.4436,38.2552],[139.4436,38.2552],[139.4436,38.2552],[139.4436,38.2552]]],[[[139.4437,38.2552],[139.4437,38.2552],[139.4437,38.2552],[139.4437,38.2552]]],[[[139.4438,38.2558],[139.4437,38.2558],[139.4437,38.2558],[139.4438,38.2558]]],[[[139.4431,38.2564],[139.4431,38.2563],[139.4431,38.2564],[139.4431,38.2564]]],[[[139.4427,38.2564],[139.4427,38.2564],[139.4427,38.2564],[139.4427,38.2564]]],[[[139.443,38.2565],[139.443,38.2566],[139.443,38.2566],[139.443,38.2565]]],[[[139.4435,38.2566],[139.4435,38.2566],[139.4435,38.2566],[139.4435,38.2566]]],[[[139.4429,38.2566],[139.4429,38.2566],[139.4429,38.2566],[139.4429,38.2566]]],[[[139.4431,38.2567],[139.443,38.2567],[139.443,38.2567],[139.4431,38.2567]]],[[[139.4437,38.2568],[139.4437,38.257],[139.4439,38.2569],[139.4437,38.2568]]],[[[139.4428,38.2574],[139.4428,38.2573],[139.4426,38.2574],[139.4428,38.2574]]],[[[139.4431,38.2578],[139.4431,38.2577],[139.4431,38.2578],[139.4431,38.2578]]],[[[139.4432,38.2581],[139.4432,38.258],[139.4431,38.258],[139.4432,38.2581]]],[[[139.4425,38.2611],[139.4425,38.261],[139.4425,38.2611],[139.4425,38.2611]]],[[[139.4438,38.2638],[139.4437,38.2638],[139.4437,38.2638],[139.4438,38.2638]]],[[[139.4444,38.2439],[139.4444,38.2438],[139.4444,38.2438],[139.4444,38.2439]]],[[[139.4444,38.2439],[139.4444,38.2439],[139.4444,38.2439],[139.4444,38.2439]]],[[[139.444,38.2439],[139.444,38.244],[139.4441,38.244],[139.444,38.2439]]],[[[139.4446,38.244],[139.4448,38.244],[139.4446,38.2439],[139.4446,38.244]]],[[[139.444,38.244],[139.444,38.2441],[139.4441,38.244],[139.444,38.244]]],[[[139.4443,38.2442],[139.4442,38.244],[139.4442,38.244],[139.4443,38.2442]]],[[[139.4442,38.2445],[139.444,38.2445],[139.4441,38.2446],[139.4442,38.2445]]],[[[139.4441,38.2447],[139.4442,38.2447],[139.4442,38.2447],[139.4441,38.2447]]],[[[139.4441,38.2447],[139.4441,38.2447],[139.4441,38.2447],[139.4441,38.2447]]],[[[139.4441,38.2448],[139.4441,38.2448],[139.4441,38.2448],[139.4441,38.2448]]],[[[139.4439,38.2532],[139.444,38.2533],[139.444,38.2532],[139.4439,38.2532]]],[[[139.4439,38.2542],[139.4438,38.2541],[139.4438,38.2541],[139.4439,38.2542]]],[[[139.4438,38.2543],[139.4438,38.2543],[139.4438,38.2543],[139.4438,38.2543]]],[[[139.444,38.2545],[139.4439,38.2546],[139.444,38.2546],[139.444,38.2545]]],[[[139.444,38.2546],[139.444,38.2546],[139.444,38.2546],[139.444,38.2546]]],[[[139.4439,38.2559],[139.444,38.2559],[139.444,38.2559],[139.4439,38.2559]]],[[[139.4438,38.2559],[139.4439,38.2559],[139.4439,38.2559],[139.4438,38.2559]]],[[[139.4445,38.2591],[139.4445,38.2589],[139.4444,38.259],[139.4445,38.2591]]],[[[139.4451,38.2599],[139.445,38.26],[139.4451,38.26],[139.4451,38.2599]]],[[[139.4456,38.2601],[139.4456,38.26],[139.4455,38.26],[139.4456,38.2601]]],[[[139.4449,38.2601],[139.4451,38.2602],[139.4449,38.2601],[139.4449,38.2601]]],[[[139.4452,38.2602],[139.4452,38.2602],[139.4452,38.2601],[139.4452,38.2602]]],[[[139.4461,38.263],[139.446,38.2631],[139.4461,38.263],[139.4461,38.263]]],[[[139.4453,38.2637],[139.4454,38.2637],[139.4453,38.2636],[139.4453,38.2637]]],[[[139.4444,38.264],[139.4444,38.2641],[139.4444,38.264],[139.4444,38.264]]],[[[139.4449,38.2641],[139.4448,38.2641],[139.4448,38.2642],[139.4449,38.2641]]],[[[139.4444,38.2641],[139.4444,38.2642],[139.4445,38.2642],[139.4444,38.2641]]],[[[139.4452,38.2642],[139.4452,38.2642],[139.4452,38.2642],[139.4452,38.2642]]],[[[139.4441,38.2642],[139.444,38.2643],[139.4441,38.2643],[139.4441,38.2642]]],[[[139.4453,38.2642],[139.4453,38.2643],[139.4453,38.2643],[139.4453,38.2642]]],[[[139.4456,38.2643],[139.4456,38.2643],[139.4457,38.2643],[139.4456,38.2643]]],[[[139.4456,38.2643],[139.4455,38.2643],[139.4455,38.2643],[139.4456,38.2643]]],[[[139.4452,38.2644],[139.4452,38.2643],[139.4452,38.2643],[139.4452,38.2644]]],[[[139.4443,38.2644],[139.4444,38.2644],[139.4443,38.2644],[139.4443,38.2644]]],[[[139.4444,38.2646],[139.4444,38.2645],[139.4443,38.2646],[139.4444,38.2646]]],[[[139.4453,38.2646],[139.4452,38.2645],[139.4452,38.2645],[139.4453,38.2646]]],[[[139.445,38.2646],[139.445,38.2646],[139.445,38.2646],[139.445,38.2646]]],[[[139.4448,38.2646],[139.4448,38.2646],[139.4448,38.2646],[139.4448,38.2646]]],[[[139.4446,38.2647],[139.4446,38.2646],[139.4446,38.2646],[139.4446,38.2647]]],[[[139.4453,38.2647],[139.4453,38.2646],[139.4452,38.2647],[139.4453,38.2647]]],[[[139.4451,38.2648],[139.4452,38.2648],[139.4452,38.2648],[139.4451,38.2648]]],[[[139.4453,38.265],[139.4454,38.265],[139.4453,38.2649],[139.4453,38.265]]],[[[139.4455,38.265],[139.4456,38.2649],[139.4455,38.2649],[139.4455,38.265]]],[[[139.4455,38.2651],[139.4455,38.2651],[139.4455,38.2651],[139.4455,38.2651]]],[[[139.4456,38.2652],[139.4455,38.2652],[139.4456,38.2652],[139.4456,38.2652]]],[[[139.4454,38.2654],[139.4454,38.2654],[139.4454,38.2654],[139.4454,38.2654]]],[[[139.4457,38.2654],[139.4456,38.2654],[139.4456,38.2654],[139.4457,38.2654]]],[[[139.4456,38.2654],[139.4456,38.2654],[139.4456,38.2654],[139.4456,38.2654]]],[[[139.4455,38.2655],[139.4455,38.2654],[139.4455,38.2655],[139.4455,38.2655]]],[[[139.4456,38.2655],[139.4457,38.2655],[139.4456,38.2655],[139.4456,38.2655]]],[[[139.4455,38.2656],[139.4455,38.2656],[139.4455,38.2656],[139.4455,38.2656]]],[[[139.4442,38.2656],[139.4441,38.2656],[139.4442,38.2657],[139.4442,38.2656]]],[[[139.4457,38.2657],[139.4456,38.2657],[139.4456,38.2658],[139.4457,38.2657]]],[[[139.4456,38.2658],[139.4456,38.2658],[139.4456,38.2658],[139.4456,38.2658]]],[[[139.444,38.266],[139.4441,38.2659],[139.444,38.2659],[139.444,38.266]]],[[[139.4455,38.266],[139.4456,38.2659],[139.4455,38.2659],[139.4455,38.266]]],[[[139.4445,38.266],[139.4446,38.2659],[139.4445,38.266],[139.4445,38.266]]],[[[139.4456,38.2661],[139.4456,38.266],[139.4456,38.266],[139.4456,38.2661]]],[[[139.4442,38.2662],[139.4443,38.2661],[139.4442,38.2662],[139.4442,38.2662]]],[[[139.4456,38.2663],[139.4455,38.2663],[139.4456,38.2663],[139.4456,38.2663]]],[[[139.4444,38.2667],[139.4443,38.2667],[139.4443,38.2667],[139.4444,38.2667]]],[[[139.4458,38.2668],[139.4457,38.2669],[139.4458,38.2669],[139.4458,38.2668]]],[[[139.4445,38.2671],[139.4445,38.267],[139.4445,38.2671],[139.4445,38.2671]]],[[[139.4453,38.2671],[139.4453,38.2672],[139.4453,38.2671],[139.4453,38.2671]]],[[[139.444,38.2672],[139.4439,38.2673],[139.444,38.2673],[139.444,38.2672]]],[[[139.4444,38.2673],[139.4444,38.2673],[139.4443,38.2673],[139.4444,38.2673]]],[[[139.4444,38.2675],[139.4445,38.2674],[139.4444,38.2674],[139.4444,38.2675]]],[[[139.4445,38.2675],[139.4445,38.2675],[139.4445,38.2675],[139.4445,38.2675]]],[[[139.4453,38.2676],[139.4456,38.2675],[139.4452,38.2675],[139.4453,38.2676]]],[[[139.4444,38.2675],[139.4444,38.2675],[139.4444,38.2675],[139.4444,38.2675]]],[[[139.4445,38.2675],[139.4445,38.2676],[139.4445,38.2676],[139.4445,38.2675]]],[[[139.4448,38.2677],[139.4448,38.2678],[139.4449,38.2678],[139.4448,38.2677]]],[[[139.4454,38.2678],[139.4454,38.2678],[139.4454,38.2678],[139.4454,38.2678]]],[[[139.4447,38.2678],[139.4448,38.2679],[139.4448,38.2678],[139.4447,38.2678]]],[[[139.4453,38.2679],[139.4453,38.2678],[139.4452,38.2679],[139.4453,38.2679]]],[[[139.4455,38.2679],[139.4456,38.2678],[139.4454,38.2678],[139.4455,38.2679]]],[[[139.4446,38.2679],[139.4447,38.2679],[139.4447,38.2679],[139.4446,38.2679]]],[[[139.4453,38.2679],[139.4453,38.2679],[139.4453,38.2679],[139.4453,38.2679]]],[[[139.4456,38.268],[139.4457,38.268],[139.4457,38.2679],[139.4456,38.268]]],[[[139.4454,38.2681],[139.4453,38.268],[139.4452,38.2681],[139.4454,38.2681]]],[[[139.4456,38.2681],[139.4457,38.2681],[139.4457,38.2681],[139.4456,38.2681]]],[[[139.4456,38.2682],[139.4456,38.2681],[139.4455,38.2682],[139.4456,38.2682]]],[[[139.4453,38.2682],[139.4453,38.2682],[139.4453,38.2682],[139.4453,38.2682]]],[[[139.4457,38.2682],[139.4457,38.2682],[139.4457,38.2682],[139.4457,38.2682]]],[[[139.4458,38.2682],[139.4458,38.2682],[139.4457,38.2682],[139.4458,38.2682]]],[[[139.4453,38.2682],[139.4453,38.2682],[139.4453,38.2682],[139.4453,38.2682]]],[[[139.4456,38.2683],[139.4456,38.2683],[139.4456,38.2683],[139.4456,38.2683]]],[[[139.4456,38.2683],[139.4456,38.2684],[139.4456,38.2683],[139.4456,38.2683]]],[[[139.4458,38.2684],[139.4458,38.2684],[139.4457,38.2684],[139.4458,38.2684]]],[[[139.4456,38.2685],[139.4458,38.2684],[139.4456,38.2685],[139.4456,38.2685]]],[[[139.4456,38.2685],[139.4457,38.2685],[139.4457,38.2685],[139.4456,38.2685]]],[[[139.446,38.2686],[139.4459,38.2686],[139.446,38.2687],[139.446,38.2686]]],[[[139.4458,38.2689],[139.4458,38.269],[139.4459,38.2689],[139.4458,38.2689]]],[[[139.446,38.2693],[139.446,38.2691],[139.4459,38.2692],[139.446,38.2693]]],[[[139.4459,38.2695],[139.4461,38.2694],[139.4461,38.2694],[139.4459,38.2695]]],[[[139.4441,38.2909],[139.4441,38.2907],[139.444,38.2908],[139.4441,38.2909]]],[[[139.4439,38.2911],[139.4438,38.2911],[139.4438,38.2911],[139.4439,38.2911]]],[[[139.4439,38.2913],[139.4438,38.2913],[139.4438,38.2913],[139.4439,38.2913]]],[[[139.4461,38.2943],[139.446,38.2943],[139.4459,38.2943],[139.4461,38.2943]]],[[[139.4461,38.2432],[139.4462,38.2432],[139.4462,38.2432],[139.4461,38.2432]]],[[[139.4461,38.2687],[139.4461,38.2687],[139.4461,38.2687],[139.4461,38.2687]]],[[[139.4464,38.2697],[139.4464,38.2696],[139.4463,38.2696],[139.4464,38.2697]]],[[[139.4474,38.272],[139.4475,38.2721],[139.4475,38.2721],[139.4474,38.272]]],[[[139.4473,38.2722],[139.4473,38.2724],[139.4474,38.2723],[139.4473,38.2722]]],[[[139.4477,38.2724],[139.4476,38.2725],[139.4477,38.2725],[139.4477,38.2724]]],[[[139.4464,38.273],[139.4464,38.2729],[139.4463,38.273],[139.4464,38.273]]],[[[139.4482,38.2739],[139.4482,38.2739],[139.4482,38.2739],[139.4482,38.2739]]],[[[139.4481,38.2741],[139.4481,38.2741],[139.4481,38.2741],[139.4481,38.2741]]],[[[139.4486,38.2749],[139.4487,38.275],[139.4487,38.2749],[139.4486,38.2749]]],[[[139.4487,38.2757],[139.4487,38.2756],[139.4486,38.2756],[139.4487,38.2757]]],[[[139.4481,38.2773],[139.4481,38.2773],[139.4481,38.2773],[139.4481,38.2773]]],[[[139.4482,38.2775],[139.4483,38.2775],[139.4482,38.2775],[139.4482,38.2775]]],[[[139.4483,38.2776],[139.4483,38.2776],[139.4483,38.2776],[139.4483,38.2776]]],[[[139.4483,38.2777],[139.4483,38.2777],[139.4483,38.2777],[139.4483,38.2777]]],[[[139.4484,38.2779],[139.4484,38.2779],[139.4484,38.2779],[139.4484,38.2779]]],[[[139.4485,38.278],[139.4485,38.278],[139.4485,38.278],[139.4485,38.278]]],[[[139.4471,38.2821],[139.447,38.2818],[139.4468,38.2822],[139.4471,38.2821]]],[[[139.4485,38.282],[139.4485,38.2821],[139.4485,38.282],[139.4485,38.282]]],[[[139.4484,38.2821],[139.4484,38.2821],[139.4484,38.2821],[139.4484,38.2821]]],[[[139.4485,38.2821],[139.4485,38.2821],[139.4485,38.2821],[139.4485,38.2821]]],[[[139.4484,38.2821],[139.4484,38.2821],[139.4484,38.2821],[139.4484,38.2821]]],[[[139.4483,38.2823],[139.4483,38.2823],[139.4483,38.2823],[139.4483,38.2823]]],[[[139.4482,38.2823],[139.4482,38.2823],[139.4482,38.2823],[139.4482,38.2823]]],[[[139.4482,38.2823],[139.4482,38.2823],[139.4482,38.2823],[139.4482,38.2823]]],[[[139.4482,38.2823],[139.4482,38.2823],[139.4482,38.2823],[139.4482,38.2823]]],[[[139.4482,38.2823],[139.4482,38.2823],[139.4482,38.2823],[139.4482,38.2823]]],[[[139.4482,38.2824],[139.4482,38.2824],[139.4482,38.2824],[139.4482,38.2824]]],[[[139.4481,38.2825],[139.4481,38.2824],[139.4481,38.2824],[139.4481,38.2825]]],[[[139.4481,38.2825],[139.4481,38.2825],[139.4481,38.2825],[139.4481,38.2825]]],[[[139.4481,38.2827],[139.448,38.2827],[139.4481,38.2827],[139.4481,38.2827]]],[[[139.448,38.2827],[139.448,38.2827],[139.448,38.2827],[139.448,38.2827]]],[[[139.448,38.2827],[139.448,38.2827],[139.448,38.2827],[139.448,38.2827]]],[[[139.448,38.2827],[139.448,38.2828],[139.448,38.2828],[139.448,38.2827]]],[[[139.448,38.2828],[139.448,38.2828],[139.448,38.2828],[139.448,38.2828]]],[[[139.448,38.2829],[139.448,38.2829],[139.448,38.2829],[139.448,38.2829]]],[[[139.448,38.2829],[139.448,38.2829],[139.448,38.2829],[139.448,38.2829]]],[[[139.448,38.283],[139.448,38.283],[139.448,38.283],[139.448,38.283]]],[[[139.4473,38.2847],[139.4473,38.2849],[139.4475,38.2847],[139.4473,38.2847]]],[[[139.4474,38.2856],[139.4473,38.2857],[139.4473,38.2857],[139.4474,38.2856]]],[[[139.4469,38.286],[139.4469,38.2861],[139.447,38.286],[139.4469,38.286]]],[[[139.4475,38.2882],[139.4477,38.2883],[139.4477,38.2882],[139.4475,38.2882]]],[[[139.4486,38.2884],[139.4486,38.2883],[139.4486,38.2884],[139.4486,38.2884]]],[[[139.4474,38.2887],[139.4474,38.2889],[139.4476,38.2889],[139.4474,38.2887]]],[[[139.4472,38.2889],[139.4465,38.289],[139.4471,38.2892],[139.4472,38.2889]]],[[[139.4467,38.2891],[139.4467,38.2892],[139.4468,38.2892],[139.4467,38.2891]]],[[[139.4473,38.2893],[139.4472,38.2892],[139.4472,38.2893],[139.4473,38.2893]]],[[[139.4472,38.2893],[139.4471,38.2893],[139.4472,38.2893],[139.4472,38.2893]]],[[[139.4468,38.2932],[139.447,38.2934],[139.4471,38.2932],[139.4468,38.2932]]],[[[139.4478,38.2933],[139.4477,38.2933],[139.4478,38.2934],[139.4478,38.2933]]],[[[139.4466,38.2938],[139.4466,38.2938],[139.4465,38.2938],[139.4466,38.2938]]],[[[139.4467,38.2941],[139.4467,38.294],[139.4466,38.2941],[139.4467,38.2941]]],[[[139.4466,38.2941],[139.4466,38.2941],[139.4466,38.2941],[139.4466,38.2941]]],[[[139.4466,38.2943],[139.4466,38.2943],[139.4467,38.2943],[139.4466,38.2943]]],[[[139.4462,38.2945],[139.4462,38.2945],[139.4462,38.2945],[139.4462,38.2945]]],[[[139.4469,38.2962],[139.4469,38.2961],[139.4469,38.2961],[139.4469,38.2962]]],[[[139.4467,38.2963],[139.4467,38.2964],[139.4468,38.2964],[139.4467,38.2963]]],[[[139.448,38.3126],[139.448,38.3127],[139.448,38.3126],[139.448,38.3126]]],[[[139.448,38.3128],[139.448,38.3127],[139.448,38.3127],[139.448,38.3128]]],[[[139.4483,38.3127],[139.4482,38.3128],[139.4482,38.3128],[139.4483,38.3127]]],[[[139.4487,38.3131],[139.4487,38.3132],[139.4488,38.3132],[139.4487,38.3131]]],[[[139.4482,38.3132],[139.4483,38.3132],[139.4482,38.3131],[139.4482,38.3132]]],[[[139.4484,38.3133],[139.4484,38.3132],[139.4484,38.3132],[139.4484,38.3133]]],[[[139.4483,38.3133],[139.4483,38.3133],[139.4483,38.3133],[139.4483,38.3133]]],[[[139.4486,38.3134],[139.4486,38.3134],[139.4485,38.3134],[139.4486,38.3134]]],[[[139.4483,38.3135],[139.4482,38.3134],[139.4482,38.3134],[139.4483,38.3135]]],[[[139.4487,38.3135],[139.4486,38.3134],[139.4486,38.3134],[139.4487,38.3135]]],[[[139.4486,38.3135],[139.4486,38.3136],[139.4486,38.3136],[139.4486,38.3135]]],[[[139.4484,38.3136],[139.4485,38.3137],[139.4485,38.3136],[139.4484,38.3136]]],[[[139.4486,38.3137],[139.4486,38.3137],[139.4486,38.3137],[139.4486,38.3137]]],[[[139.4486,38.3138],[139.4486,38.3138],[139.4486,38.3138],[139.4486,38.3138]]],[[[139.4483,38.3138],[139.4483,38.3139],[139.4484,38.3138],[139.4483,38.3138]]],[[[139.4485,38.3139],[139.4484,38.3139],[139.4485,38.314],[139.4485,38.3139]]],[[[139.4484,38.3144],[139.4483,38.3144],[139.4484,38.3144],[139.4484,38.3144]]],[[[139.4483,38.3145],[139.4484,38.3145],[139.4483,38.3145],[139.4483,38.3145]]],[[[139.4483,38.3152],[139.4482,38.3151],[139.4482,38.3152],[139.4483,38.3152]]],[[[139.4481,38.3156],[139.4481,38.3157],[139.4482,38.3157],[139.4481,38.3156]]],[[[139.4487,38.3175],[139.4487,38.3176],[139.4487,38.3176],[139.4487,38.3175]]],[[[139.4486,38.3182],[139.4485,38.3182],[139.4486,38.3182],[139.4486,38.3182]]],[[[139.4485,38.3183],[139.4485,38.3183],[139.4485,38.3183],[139.4485,38.3183]]],[[[139.4485,38.3184],[139.4485,38.3183],[139.4485,38.3183],[139.4485,38.3184]]],[[[139.4486,38.3189],[139.4486,38.3189],[139.4486,38.3189],[139.4486,38.3189]]],[[[139.4484,38.319],[139.4484,38.3189],[139.4484,38.319],[139.4484,38.319]]],[[[139.4486,38.3191],[139.4487,38.3192],[139.4487,38.3191],[139.4486,38.3191]]],[[[139.4485,38.3192],[139.4485,38.3192],[139.4485,38.3192],[139.4485,38.3192]]],[[[139.4486,38.3192],[139.4486,38.3192],[139.4486,38.3192],[139.4486,38.3192]]],[[[139.4481,38.3192],[139.4481,38.3193],[139.4481,38.3193],[139.4481,38.3192]]],[[[139.4479,38.3192],[139.4479,38.3193],[139.448,38.3193],[139.4479,38.3192]]],[[[139.4482,38.3194],[139.4482,38.3193],[139.4481,38.3193],[139.4482,38.3194]]],[[[139.4481,38.3194],[139.4481,38.3194],[139.4482,38.3194],[139.4481,38.3194]]],[[[139.4473,38.3197],[139.4473,38.3197],[139.4474,38.3196],[139.4473,38.3197]]],[[[139.4485,38.3198],[139.4484,38.3198],[139.4484,38.3199],[139.4485,38.3198]]],[[[139.4486,38.3235],[139.4486,38.3236],[139.4487,38.3235],[139.4486,38.3235]]],[[[139.4486,38.3559],[139.4485,38.356],[139.4486,38.3559],[139.4486,38.3559]]],[[[139.4478,38.3563],[139.4477,38.3563],[139.4477,38.3563],[139.4478,38.3563]]],[[[139.448,38.3566],[139.448,38.3565],[139.4478,38.3566],[139.448,38.3566]]],[[[139.4483,38.3566],[139.4481,38.3566],[139.4483,38.3566],[139.4483,38.3566]]],[[[139.4478,38.3567],[139.4478,38.3568],[139.4479,38.3567],[139.4478,38.3567]]],[[[139.4486,38.3614],[139.4486,38.3612],[139.4485,38.3614],[139.4486,38.3614]]],[[[139.4488,38.2755],[139.4488,38.2756],[139.4488,38.2756],[139.4488,38.2755]]],[[[139.4489,38.2757],[139.4489,38.2758],[139.4489,38.2758],[139.4489,38.2757]]],[[[139.449,38.2759],[139.449,38.2759],[139.449,38.2759],[139.449,38.2759]]],[[[139.449,38.2759],[139.449,38.2759],[139.449,38.2759],[139.449,38.2759]]],[[[139.449,38.2759],[139.449,38.276],[139.449,38.276],[139.449,38.2759]]],[[[139.4491,38.2778],[139.4491,38.2777],[139.4491,38.2777],[139.4491,38.2778]]],[[[139.4489,38.2784],[139.4489,38.2783],[139.4489,38.2783],[139.4489,38.2784]]],[[[139.449,38.2784],[139.4489,38.2784],[139.4489,38.2784],[139.449,38.2784]]],[[[139.4488,38.2785],[139.4489,38.2784],[139.4489,38.2784],[139.4488,38.2785]]],[[[139.4487,38.2785],[139.4488,38.2784],[139.4487,38.2784],[139.4487,38.2785]]],[[[139.449,38.2785],[139.449,38.2785],[139.449,38.2785],[139.449,38.2785]]],[[[139.449,38.2786],[139.449,38.2787],[139.4491,38.2787],[139.449,38.2786]]],[[[139.4491,38.2787],[139.4491,38.2788],[139.4491,38.2788],[139.4491,38.2787]]],[[[139.4488,38.2787],[139.449,38.2789],[139.4489,38.2786],[139.4488,38.2787]]],[[[139.4487,38.2882],[139.4487,38.2882],[139.4487,38.2882],[139.4487,38.2882]]],[[[139.4494,38.3011],[139.4494,38.3012],[139.4495,38.3011],[139.4494,38.3011]]],[[[139.4496,38.3018],[139.4496,38.3018],[139.4497,38.3018],[139.4496,38.3018]]],[[[139.4502,38.3035],[139.4502,38.3035],[139.4502,38.3035],[139.4502,38.3035]]],[[[139.4502,38.3035],[139.4502,38.3036],[139.4502,38.3036],[139.4502,38.3035]]],[[[139.4503,38.3037],[139.4503,38.3037],[139.4503,38.3037],[139.4503,38.3037]]],[[[139.4501,38.3038],[139.4502,38.3038],[139.4502,38.3038],[139.4501,38.3038]]],[[[139.4502,38.3038],[139.4503,38.3038],[139.4502,38.3038],[139.4502,38.3038]]],[[[139.4501,38.3049],[139.45,38.3049],[139.4501,38.3049],[139.4501,38.3049]]],[[[139.4503,38.3051],[139.4503,38.305],[139.4503,38.305],[139.4503,38.3051]]],[[[139.4501,38.3053],[139.45,38.3053],[139.45,38.3053],[139.4501,38.3053]]],[[[139.4502,38.3053],[139.4503,38.3053],[139.4503,38.3053],[139.4502,38.3053]]],[[[139.4502,38.3055],[139.4502,38.3054],[139.4501,38.3054],[139.4501,38.3055],[139.4502,38.3055]]],[[[139.4503,38.3056],[139.4503,38.3057],[139.4503,38.3057],[139.4503,38.3056]]],[[[139.4503,38.3068],[139.4503,38.3067],[139.4502,38.3067],[139.4503,38.3068]]],[[[139.4499,38.307],[139.4499,38.3071],[139.45,38.3071],[139.4499,38.307]]],[[[139.4504,38.3071],[139.4501,38.3071],[139.4504,38.3074],[139.4504,38.3071]]],[[[139.4498,38.3073],[139.4499,38.3073],[139.4499,38.3072],[139.4498,38.3073]]],[[[139.45,38.3077],[139.45,38.3076],[139.4499,38.3075],[139.45,38.3077]]],[[[139.4504,38.3075],[139.4502,38.3077],[139.4503,38.3079],[139.4504,38.3075]]],[[[139.45,38.3078],[139.45,38.3078],[139.45,38.3077],[139.45,38.3078]]],[[[139.4498,38.3078],[139.4498,38.3078],[139.4498,38.3078],[139.4498,38.3078]]],[[[139.4501,38.308],[139.4501,38.3081],[139.4501,38.308],[139.4501,38.308]]],[[[139.45,38.3082],[139.4498,38.3082],[139.4498,38.3082],[139.45,38.3082]]],[[[139.4502,38.3083],[139.4501,38.3084],[139.4502,38.3084],[139.4502,38.3083]]],[[[139.4495,38.3104],[139.4495,38.3104],[139.4495,38.3104],[139.4495,38.3104]]],[[[139.4497,38.3106],[139.4497,38.3105],[139.4497,38.3106],[139.4497,38.3106]]],[[[139.4497,38.3107],[139.4496,38.3107],[139.4496,38.3107],[139.4497,38.3107]]],[[[139.4502,38.3108],[139.4502,38.3108],[139.4503,38.3108],[139.4502,38.3108]]],[[[139.4502,38.3108],[139.4502,38.3108],[139.4502,38.3108],[139.4502,38.3108]]],[[[139.4501,38.3108],[139.45,38.3108],[139.4501,38.3108],[139.4501,38.3108]]],[[[139.4503,38.3109],[139.4503,38.311],[139.4503,38.3109],[139.4503,38.3109]]],[[[139.4494,38.3111],[139.4495,38.3111],[139.4495,38.3111],[139.4494,38.3111]]],[[[139.4503,38.3112],[139.4502,38.3112],[139.4502,38.3112],[139.4503,38.3112]]],[[[139.4502,38.3112],[139.4501,38.3112],[139.4501,38.3112],[139.4502,38.3112]]],[[[139.4502,38.3113],[139.4501,38.3113],[139.4501,38.3113],[139.4502,38.3113]]],[[[139.4496,38.3114],[139.4496,38.3113],[139.4496,38.3113],[139.4496,38.3114]]],[[[139.4501,38.3115],[139.4501,38.3115],[139.4502,38.3115],[139.4501,38.3115]]],[[[139.4497,38.3116],[139.4496,38.3115],[139.4496,38.3115],[139.4497,38.3116]]],[[[139.4491,38.3116],[139.4492,38.3116],[139.4491,38.3116],[139.4491,38.3116]]],[[[139.4498,38.3116],[139.4499,38.3117],[139.4499,38.3116],[139.4498,38.3116]]],[[[139.4496,38.3116],[139.4496,38.3117],[139.4497,38.3116],[139.4496,38.3116]]],[[[139.4498,38.3117],[139.4498,38.3117],[139.4499,38.3117],[139.4498,38.3117]]],[[[139.4496,38.3119],[139.4496,38.3118],[139.4496,38.3118],[139.4496,38.3119]]],[[[139.4493,38.3119],[139.4493,38.3119],[139.4493,38.3119],[139.4493,38.3119]]],[[[139.4497,38.3122],[139.4497,38.3121],[139.4496,38.3122],[139.4497,38.3122]]],[[[139.4495,38.3122],[139.4495,38.3122],[139.4495,38.3122],[139.4495,38.3122]]],[[[139.4496,38.3122],[139.4496,38.3122],[139.4496,38.3122],[139.4496,38.3122]]],[[[139.4492,38.3123],[139.4491,38.3122],[139.4491,38.3123],[139.4492,38.3123]]],[[[139.4491,38.3123],[139.4492,38.3124],[139.4492,38.3123],[139.4491,38.3123]]],[[[139.4493,38.3126],[139.4492,38.3126],[139.4492,38.3126],[139.4493,38.3126]]],[[[139.4488,38.3128],[139.4488,38.3129],[139.4488,38.3129],[139.4488,38.3128]]],[[[139.4487,38.313],[139.4488,38.3131],[139.4488,38.313],[139.4487,38.313]]],[[[139.4488,38.3187],[139.4488,38.3187],[139.4488,38.3187],[139.4488,38.3187]]],[[[139.4495,38.3223],[139.4495,38.3225],[139.4495,38.3223],[139.4495,38.3223]]],[[[139.4496,38.3232],[139.4495,38.3231],[139.4495,38.3233],[139.4496,38.3232]]],[[[139.4495,38.3235],[139.4495,38.3234],[139.4495,38.3234],[139.4495,38.3235]]],[[[139.4502,38.3238],[139.45,38.3238],[139.4501,38.3239],[139.4502,38.3238]]],[[[139.4501,38.324],[139.4501,38.324],[139.4501,38.324],[139.4501,38.324]]],[[[139.4503,38.3243],[139.4503,38.3242],[139.4502,38.3243],[139.4503,38.3243]]],[[[139.4503,38.3393],[139.4503,38.3392],[139.4503,38.3393],[139.4503,38.3393]]],[[[139.4503,38.3535],[139.45,38.3535],[139.4503,38.3536],[139.4503,38.3535]]],[[[139.4498,38.3549],[139.4497,38.3548],[139.4497,38.3549],[139.4498,38.3549]]],[[[139.4503,38.3553],[139.4504,38.3553],[139.4504,38.3553],[139.4503,38.3553]]],[[[139.45,38.3554],[139.45,38.3553],[139.45,38.3553],[139.45,38.3554]]],[[[139.45,38.3556],[139.4501,38.3556],[139.4501,38.3556],[139.45,38.3556]]],[[[139.4495,38.3558],[139.4495,38.3558],[139.4495,38.3558],[139.4495,38.3558]]],[[[139.4502,38.3558],[139.4501,38.3559],[139.4501,38.3559],[139.4502,38.3558]]],[[[139.4498,38.3559],[139.4496,38.3559],[139.4498,38.3559],[139.4498,38.3559]]],[[[139.4501,38.356],[139.4502,38.3559],[139.4501,38.3559],[139.4501,38.356]]],[[[139.4496,38.3561],[139.4497,38.3561],[139.4497,38.3561],[139.4496,38.3561]]],[[[139.4497,38.3561],[139.4497,38.3561],[139.4497,38.3561],[139.4497,38.3561]]],[[[139.4493,38.3562],[139.4493,38.3562],[139.4492,38.3562],[139.4493,38.3562]]],[[[139.4492,38.3564],[139.4493,38.3563],[139.4492,38.3564],[139.4492,38.3564]]],[[[139.4496,38.3564],[139.4496,38.3564],[139.4496,38.3564],[139.4496,38.3564]]],[[[139.4494,38.3564],[139.4494,38.3564],[139.4493,38.3564],[139.4494,38.3564]]],[[[139.4495,38.3565],[139.4496,38.3565],[139.4496,38.3565],[139.4495,38.3565]]],[[[139.4492,38.3566],[139.4493,38.3565],[139.4492,38.3566],[139.4492,38.3566]]],[[[139.4494,38.357],[139.4494,38.3569],[139.4493,38.3569],[139.4494,38.357]]],[[[139.4501,38.3579],[139.45,38.3579],[139.4501,38.3579],[139.4501,38.3579]]],[[[139.4498,38.3579],[139.4497,38.358],[139.4498,38.358],[139.4498,38.3579]]],[[[139.4496,38.3581],[139.4497,38.3582],[139.4497,38.3581],[139.4496,38.3581]]],[[[139.4498,38.3596],[139.4498,38.3595],[139.4498,38.3595],[139.4498,38.3596]]],[[[139.4499,38.3603],[139.4496,38.3603],[139.4496,38.3604],[139.4499,38.3603]]],[[[139.45,38.3613],[139.4501,38.3616],[139.4501,38.3614],[139.45,38.3613]]],[[[139.4504,38.3104],[139.4504,38.3104],[139.4504,38.3104],[139.4504,38.3104]]],[[[139.4503,38.3104],[139.4503,38.3104],[139.4503,38.3104],[139.4503,38.3104]]],[[[139.4506,38.3104],[139.4506,38.3104],[139.4507,38.3104],[139.4506,38.3104]]],[[[139.4505,38.3108],[139.4505,38.3108],[139.4505,38.3108],[139.4505,38.3108]]],[[[139.4504,38.324],[139.4505,38.324],[139.4504,38.324],[139.4504,38.324]]],[[[139.4506,38.3244],[139.4506,38.3244],[139.4505,38.3244],[139.4506,38.3244]]],[[[139.4507,38.3269],[139.4508,38.3269],[139.4508,38.3269],[139.4507,38.3269]]],[[[139.4508,38.327],[139.4509,38.327],[139.4509,38.327],[139.4508,38.327]]],[[[139.4508,38.327],[139.4508,38.3271],[139.4508,38.3271],[139.4508,38.327]]],[[[139.4506,38.3271],[139.4506,38.3271],[139.4507,38.3271],[139.4506,38.3271]]],[[[139.4504,38.3274],[139.4505,38.3274],[139.4504,38.3274],[139.4504,38.3274]]],[[[139.4508,38.3274],[139.4508,38.3275],[139.4508,38.3274],[139.4508,38.3274]]],[[[139.4509,38.3276],[139.4509,38.3276],[139.4509,38.3276],[139.4509,38.3276]]],[[[139.4508,38.3276],[139.4508,38.3276],[139.4508,38.3276],[139.4508,38.3276]]],[[[139.4506,38.3277],[139.4507,38.3277],[139.4507,38.3277],[139.4506,38.3277]]],[[[139.4508,38.3278],[139.4508,38.3278],[139.4508,38.3277],[139.4508,38.3278]]],[[[139.4509,38.3278],[139.4509,38.3278],[139.4509,38.3278],[139.4509,38.3278]]],[[[139.4508,38.3278],[139.4508,38.3278],[139.4508,38.3278],[139.4508,38.3278]]],[[[139.4509,38.3278],[139.4509,38.3278],[139.4509,38.3278],[139.4509,38.3278]]],[[[139.4508,38.3278],[139.4509,38.3279],[139.4509,38.3279],[139.4508,38.3278]]],[[[139.4505,38.3279],[139.4506,38.3279],[139.4506,38.3279],[139.4505,38.3279]]],[[[139.4506,38.328],[139.4505,38.328],[139.4505,38.328],[139.4506,38.328]]],[[[139.4509,38.3282],[139.4509,38.3282],[139.4509,38.3282],[139.4509,38.3282]]],[[[139.4509,38.3283],[139.4509,38.3283],[139.4509,38.3283],[139.4509,38.3283]]],[[[139.4508,38.3293],[139.4508,38.3293],[139.4508,38.3293],[139.4508,38.3293]]],[[[139.4507,38.3294],[139.4507,38.3293],[139.4507,38.3294],[139.4507,38.3294]]],[[[139.4508,38.3295],[139.4509,38.3294],[139.4508,38.3295],[139.4508,38.3295]]],[[[139.4508,38.3296],[139.4507,38.3295],[139.4507,38.3296],[139.4508,38.3296]]],[[[139.4509,38.33],[139.4508,38.33],[139.4509,38.33],[139.4509,38.33]]],[[[139.4508,38.3301],[139.4508,38.33],[139.4508,38.33],[139.4508,38.3301]]],[[[139.4509,38.3301],[139.4509,38.3301],[139.4509,38.3301],[139.4509,38.3301]]],[[[139.4509,38.3305],[139.4509,38.3305],[139.4508,38.3305],[139.4509,38.3305]]],[[[139.4508,38.3306],[139.4508,38.3306],[139.4508,38.3306],[139.4508,38.3306]]],[[[139.4506,38.3307],[139.4506,38.3307],[139.4506,38.3307],[139.4506,38.3307]]],[[[139.4507,38.3308],[139.4507,38.3307],[139.4507,38.3307],[139.4507,38.3308]]],[[[139.4506,38.3308],[139.4506,38.3308],[139.4506,38.3308],[139.4506,38.3308]]],[[[139.4507,38.3308],[139.4507,38.3309],[139.4508,38.3308],[139.4507,38.3308]]],[[[139.4507,38.3309],[139.4507,38.3309],[139.4507,38.3309],[139.4507,38.3309]]],[[[139.4507,38.3312],[139.4507,38.3313],[139.4508,38.3313],[139.4507,38.3312]]],[[[139.4509,38.3314],[139.4508,38.3314],[139.4508,38.3314],[139.4509,38.3314]]],[[[139.4507,38.3314],[139.4507,38.3315],[139.4507,38.3315],[139.4507,38.3314]]],[[[139.4509,38.3316],[139.4509,38.3317],[139.4509,38.3316],[139.4509,38.3316]]],[[[139.4507,38.3317],[139.4508,38.3317],[139.4508,38.3316],[139.4507,38.3317]]],[[[139.4507,38.3318],[139.4507,38.3318],[139.4507,38.3318],[139.4507,38.3318]]],[[[139.4509,38.3318],[139.4509,38.3318],[139.4509,38.3318],[139.4509,38.3318]]],[[[139.4509,38.3384],[139.4509,38.3384],[139.4509,38.3384],[139.4509,38.3384]]],[[[139.4508,38.3385],[139.4508,38.3385],[139.4509,38.3385],[139.4508,38.3385]]],[[[139.4507,38.3386],[139.4508,38.3385],[139.4507,38.3386],[139.4507,38.3386]]],[[[139.4508,38.3386],[139.4508,38.3386],[139.4508,38.3386],[139.4508,38.3386]]],[[[139.4506,38.3386],[139.4507,38.3387],[139.4507,38.3386],[139.4506,38.3386]]],[[[139.4509,38.3387],[139.4508,38.3387],[139.4508,38.3387],[139.4509,38.3387]]],[[[139.4509,38.3387],[139.4509,38.3387],[139.4509,38.3387],[139.4509,38.3387]]],[[[139.4507,38.3387],[139.4506,38.3388],[139.4506,38.3388],[139.4507,38.3387]]],[[[139.4507,38.3389],[139.4509,38.3391],[139.4509,38.339],[139.4507,38.3389]]],[[[139.4507,38.339],[139.4506,38.3391],[139.4507,38.339],[139.4507,38.339]]],[[[139.4508,38.339],[139.4508,38.3391],[139.4509,38.3391],[139.4508,38.339]]],[[[139.4504,38.3392],[139.4505,38.3392],[139.4504,38.3392],[139.4504,38.3392]]],[[[139.4507,38.3392],[139.4507,38.3392],[139.4508,38.3392],[139.4507,38.3392]]],[[[139.4504,38.3392],[139.4505,38.3392],[139.4504,38.3392],[139.4504,38.3392]]],[[[139.4506,38.3392],[139.4506,38.3393],[139.4507,38.3392],[139.4506,38.3392]]],[[[139.4507,38.3393],[139.4508,38.3393],[139.4507,38.3393],[139.4507,38.3393]]],[[[139.4506,38.3396],[139.4507,38.3396],[139.4507,38.3396],[139.4506,38.3396]]],[[[139.4508,38.3402],[139.4507,38.3402],[139.4507,38.3402],[139.4508,38.3402]]],[[[139.4507,38.341],[139.4507,38.341],[139.4507,38.341],[139.4507,38.341]]],[[[139.4507,38.3416],[139.4507,38.3415],[139.4506,38.3415],[139.4507,38.3416]]],[[[139.4508,38.3417],[139.4508,38.3416],[139.4507,38.3416],[139.4508,38.3417]]],[[[139.4507,38.342],[139.4507,38.342],[139.4506,38.342],[139.4507,38.342]]],[[[139.4509,38.3424],[139.4509,38.3424],[139.4509,38.3424],[139.4509,38.3424]]],[[[139.4508,38.3428],[139.4508,38.3429],[139.4508,38.3428],[139.4508,38.3428]]],[[[139.4508,38.3434],[139.4508,38.3434],[139.4508,38.3434],[139.4508,38.3434]]],[[[139.4509,38.3435],[139.4509,38.3434],[139.4509,38.3435],[139.4509,38.3435]]],[[[139.4506,38.3512],[139.4506,38.3512],[139.4505,38.3512],[139.4506,38.3512]]],[[[139.4509,38.3512],[139.4507,38.3512],[139.4507,38.3513],[139.4509,38.3512]]],[[[139.4509,38.3514],[139.4509,38.3513],[139.4508,38.3514],[139.4509,38.3514]]],[[[139.4506,38.3515],[139.4505,38.3516],[139.4506,38.3516],[139.4506,38.3515]]],[[[139.4507,38.3529],[139.4508,38.3528],[139.4507,38.3528],[139.4507,38.3529]]],[[[139.4506,38.3529],[139.4506,38.3529],[139.4506,38.3529],[139.4506,38.3529]]],[[[139.4505,38.3529],[139.4505,38.3529],[139.4505,38.3529],[139.4505,38.3529]]],[[[139.4504,38.3531],[139.4505,38.3531],[139.4505,38.3531],[139.4504,38.3531]]],[[[139.4506,38.3532],[139.4507,38.353],[139.4506,38.353],[139.4506,38.3532]]],[[[139.4505,38.3534],[139.4504,38.3534],[139.4505,38.3534],[139.4505,38.3534]]],[[[139.4506,38.3535],[139.4506,38.3535],[139.4506,38.3535],[139.4506,38.3535]]],[[[139.4507,38.3537],[139.4507,38.3537],[139.4507,38.3537],[139.4507,38.3537]]],[[[139.4506,38.3546],[139.4506,38.3546],[139.4507,38.3546],[139.4506,38.3546]]],[[[139.4508,38.3546],[139.4508,38.3547],[139.4509,38.3546],[139.4508,38.3546]]],[[[139.4504,38.3549],[139.4505,38.3551],[139.4506,38.355],[139.4504,38.3549]]],[[[139.4506,38.3554],[139.4506,38.3554],[139.4506,38.3554],[139.4506,38.3554]]],[[[139.4505,38.3554],[139.4504,38.3554],[139.4504,38.3555],[139.4505,38.3554]]],[[[139.4506,38.3555],[139.4506,38.3555],[139.4506,38.3555],[139.4506,38.3555]]],[[[139.4505,38.3581],[139.4504,38.3581],[139.4504,38.3581],[139.4505,38.3581]]],[[[139.4506,38.3588],[139.4506,38.3588],[139.4506,38.3588],[139.4506,38.3588]]],[[[139.4508,38.3588],[139.4508,38.3588],[139.4507,38.3588],[139.4508,38.3588]]],[[[139.4507,38.359],[139.4507,38.359],[139.4507,38.359],[139.4507,38.359]]],[[[139.4506,38.359],[139.4507,38.359],[139.4507,38.3589],[139.4506,38.359]]],[[[139.4507,38.3597],[139.4507,38.3597],[139.4507,38.3598],[139.4507,38.3597]]],[[[139.4507,38.3598],[139.4506,38.3598],[139.4506,38.3598],[139.4507,38.3598]]],[[[139.4506,38.36],[139.4504,38.3599],[139.4503,38.36],[139.4506,38.36]]],[[[139.4505,38.3616],[139.4506,38.3615],[139.4505,38.3615],[139.4505,38.3616]]],[[[139.4509,38.3629],[139.4509,38.3627],[139.4508,38.3629],[139.4509,38.3629]]],[[[139.451,38.327],[139.451,38.327],[139.4511,38.327],[139.451,38.327]]],[[[139.4509,38.327],[139.4509,38.327],[139.451,38.327],[139.4509,38.327]]],[[[139.451,38.3277],[139.4511,38.3277],[139.4511,38.3277],[139.451,38.3277]]],[[[139.4511,38.328],[139.4511,38.3279],[139.4511,38.3279],[139.4511,38.328]]],[[[139.4511,38.328],[139.4511,38.328],[139.4511,38.328],[139.4511,38.328]]],[[[139.451,38.328],[139.451,38.328],[139.451,38.328],[139.451,38.328]]],[[[139.451,38.3286],[139.451,38.3286],[139.451,38.3286],[139.451,38.3286]]],[[[139.4509,38.3289],[139.4509,38.329],[139.451,38.3289],[139.4509,38.3289]]],[[[139.451,38.3302],[139.451,38.3301],[139.4509,38.3302],[139.451,38.3302]]],[[[139.451,38.3311],[139.451,38.331],[139.451,38.331],[139.451,38.3311]]],[[[139.451,38.3314],[139.451,38.3314],[139.451,38.3314],[139.451,38.3314]]],[[[139.451,38.3316],[139.451,38.3316],[139.451,38.3316],[139.451,38.3316]]],[[[139.451,38.3317],[139.451,38.3317],[139.451,38.3317],[139.451,38.3317]]],[[[139.4511,38.3327],[139.4511,38.3327],[139.4512,38.3327],[139.4511,38.3327]]],[[[139.4513,38.333],[139.4514,38.333],[139.4513,38.333],[139.4513,38.333]]],[[[139.4514,38.3332],[139.4514,38.3332],[139.4514,38.3332],[139.4514,38.3332]]],[[[139.4514,38.3333],[139.4514,38.3334],[139.4514,38.3334],[139.4514,38.3333]]],[[[139.4513,38.3334],[139.4513,38.3334],[139.4513,38.3334],[139.4513,38.3334]]],[[[139.451,38.3383],[139.451,38.3383],[139.451,38.3383],[139.451,38.3383]]],[[[139.4511,38.3384],[139.4511,38.3384],[139.4511,38.3384],[139.4511,38.3384]]],[[[139.4512,38.3384],[139.4511,38.3385],[139.4512,38.3385],[139.4512,38.3384]]],[[[139.4509,38.3385],[139.4509,38.3385],[139.4509,38.3385],[139.4509,38.3385]]],[[[139.4511,38.3385],[139.4511,38.3386],[139.4511,38.3385],[139.4511,38.3385]]],[[[139.4513,38.3385],[139.4513,38.3386],[139.4513,38.3385],[139.4513,38.3385]]],[[[139.4511,38.3385],[139.451,38.3387],[139.451,38.3387],[139.4511,38.3385]]],[[[139.4509,38.3386],[139.451,38.3387],[139.451,38.3386],[139.4509,38.3386]]],[[[139.4509,38.3387],[139.4509,38.3387],[139.4509,38.3387],[139.4509,38.3387]]],[[[139.4512,38.3387],[139.4511,38.3386],[139.4511,38.3388],[139.4512,38.3387]]],[[[139.4509,38.3389],[139.4511,38.3389],[139.4512,38.3388],[139.4509,38.3389]]],[[[139.451,38.339],[139.451,38.3391],[139.451,38.3391],[139.451,38.339]]],[[[139.4509,38.3395],[139.4509,38.3395],[139.4509,38.3395],[139.4509,38.3395]]],[[[139.451,38.3396],[139.451,38.3397],[139.451,38.3396],[139.451,38.3396]]],[[[139.4511,38.3397],[139.4511,38.3397],[139.4511,38.3397],[139.4511,38.3397]]],[[[139.4514,38.3397],[139.4513,38.3398],[139.4513,38.3398],[139.4514,38.3397]]],[[[139.4513,38.34],[139.4513,38.3399],[139.4513,38.34],[139.4513,38.34]]],[[[139.4513,38.3406],[139.4512,38.3405],[139.4512,38.3407],[139.4513,38.3406]]],[[[139.451,38.3406],[139.4511,38.3406],[139.4511,38.3406],[139.451,38.3406]]],[[[139.4514,38.3408],[139.4514,38.3409],[139.4514,38.3409],[139.4514,38.3408]]],[[[139.4513,38.3409],[139.4512,38.3409],[139.4512,38.3409],[139.4513,38.3409]]],[[[139.4511,38.341],[139.4511,38.341],[139.4511,38.341],[139.4511,38.341]]],[[[139.451,38.3411],[139.451,38.3411],[139.451,38.3411],[139.451,38.3411]]],[[[139.4513,38.3413],[139.4514,38.3412],[139.4513,38.3412],[139.4513,38.3413]]],[[[139.4511,38.3414],[139.451,38.3414],[139.451,38.3414],[139.4511,38.3414]]],[[[139.4512,38.3414],[139.4512,38.3415],[139.4513,38.3414],[139.4512,38.3414]]],[[[139.451,38.3415],[139.451,38.3415],[139.451,38.3415],[139.451,38.3415]]],[[[139.4512,38.3422],[139.4511,38.3423],[139.4512,38.3422],[139.4512,38.3422]]],[[[139.4511,38.3423],[139.4511,38.3423],[139.4511,38.3423],[139.4511,38.3423]]],[[[139.4511,38.3423],[139.4511,38.3423],[139.4512,38.3423],[139.4511,38.3423]]],[[[139.4511,38.3424],[139.4512,38.3423],[139.4511,38.3423],[139.4511,38.3424]]],[[[139.4512,38.3424],[139.4512,38.3424],[139.4512,38.3424],[139.4512,38.3424]]],[[[139.4511,38.3424],[139.4512,38.3424],[139.4511,38.3424],[139.4511,38.3424]]],[[[139.4512,38.3426],[139.451,38.3425],[139.4509,38.3425],[139.4512,38.3426]]],[[[139.4513,38.3426],[139.4513,38.3425],[139.4513,38.3426],[139.4513,38.3426]]],[[[139.4512,38.3426],[139.4512,38.3426],[139.4512,38.3426],[139.4512,38.3426]]],[[[139.4512,38.3427],[139.4512,38.3428],[139.4513,38.3428],[139.4512,38.3427]]],[[[139.4513,38.3427],[139.4513,38.3428],[139.4513,38.3428],[139.4513,38.3427]]],[[[139.451,38.3428],[139.451,38.3428],[139.4511,38.3428],[139.451,38.3428]]],[[[139.451,38.3429],[139.451,38.3429],[139.451,38.3429],[139.451,38.3429]]],[[[139.4513,38.3431],[139.4513,38.3432],[139.4513,38.3431],[139.4513,38.3431]]],[[[139.451,38.3433],[139.451,38.3434],[139.4511,38.3433],[139.451,38.3433]]],[[[139.4511,38.3435],[139.4512,38.3434],[139.4511,38.3433],[139.4511,38.3435]]],[[[139.4511,38.3435],[139.4512,38.3434],[139.4512,38.3434],[139.4511,38.3435]]],[[[139.4511,38.3435],[139.4511,38.3435],[139.451,38.3435],[139.4511,38.3435]]],[[[139.451,38.3436],[139.451,38.3436],[139.451,38.3436],[139.451,38.3436]]],[[[139.4511,38.3439],[139.4512,38.344],[139.4512,38.3439],[139.4511,38.3439]]],[[[139.4513,38.344],[139.4513,38.344],[139.4513,38.344],[139.4513,38.344]]],[[[139.4509,38.3441],[139.451,38.344],[139.4509,38.344],[139.4509,38.3441]]],[[[139.451,38.3441],[139.4511,38.3441],[139.4511,38.344],[139.451,38.3441]]],[[[139.4514,38.3441],[139.4514,38.3442],[139.4514,38.3442],[139.4514,38.3441]]],[[[139.4511,38.3442],[139.4511,38.3442],[139.4511,38.3442],[139.4511,38.3442]]],[[[139.4513,38.3442],[139.4513,38.3442],[139.4514,38.3442],[139.4513,38.3442]]],[[[139.4513,38.3491],[139.4512,38.349],[139.4512,38.3491],[139.4513,38.3491]]],[[[139.451,38.3495],[139.4509,38.3495],[139.451,38.3495],[139.451,38.3495]]],[[[139.451,38.3495],[139.4511,38.3495],[139.4511,38.3494],[139.451,38.3495]]],[[[139.4511,38.3499],[139.4511,38.3498],[139.4511,38.3498],[139.4511,38.3499]]],[[[139.4511,38.35],[139.4512,38.35],[139.4513,38.35],[139.4511,38.35]]],[[[139.4513,38.35],[139.4512,38.3501],[139.4513,38.3501],[139.4513,38.35]]],[[[139.4514,38.3501],[139.4513,38.3501],[139.4513,38.3501],[139.4514,38.3501]]],[[[139.4511,38.3502],[139.4511,38.3502],[139.4511,38.3502],[139.4511,38.3502]]],[[[139.4512,38.3502],[139.4512,38.3502],[139.4512,38.3502],[139.4512,38.3502]]],[[[139.4514,38.3502],[139.4513,38.3502],[139.4512,38.3502],[139.4514,38.3502]]],[[[139.4509,38.3505],[139.451,38.3505],[139.451,38.3505],[139.4509,38.3505]]],[[[139.4509,38.3506],[139.4512,38.3507],[139.4514,38.3506],[139.4509,38.3506]]],[[[139.4509,38.351],[139.4511,38.3509],[139.4509,38.351],[139.4509,38.351]]],[[[139.4512,38.3511],[139.4512,38.351],[139.4511,38.3511],[139.4512,38.3511]]],[[[139.4509,38.3511],[139.451,38.3511],[139.4509,38.3511],[139.4509,38.3511]]],[[[139.451,38.3511],[139.4511,38.3511],[139.4511,38.3511],[139.451,38.3511]]],[[[139.4511,38.3513],[139.4511,38.3514],[139.4511,38.3514],[139.4511,38.3513]]],[[[139.4513,38.3514],[139.4512,38.3514],[139.4513,38.3514],[139.4513,38.3514]]],[[[139.4511,38.3514],[139.451,38.3514],[139.451,38.3514],[139.4511,38.3514]]],[[[139.451,38.3514],[139.4509,38.3514],[139.4509,38.3515],[139.451,38.3514]]],[[[139.4514,38.3517],[139.4513,38.3516],[139.4513,38.3517],[139.4514,38.3517]]],[[[139.4509,38.3518],[139.4509,38.3518],[139.4509,38.3518],[139.4509,38.3518]]],[[[139.451,38.3519],[139.4511,38.3519],[139.451,38.3518],[139.451,38.3519]]],[[[139.4512,38.3526],[139.4511,38.3526],[139.4511,38.3526],[139.4512,38.3526]]],[[[139.4509,38.3527],[139.4509,38.3526],[139.4509,38.3527],[139.4509,38.3527]]],[[[139.451,38.3625],[139.451,38.3624],[139.4509,38.3625],[139.451,38.3625]]],[[[139.4512,38.3639],[139.451,38.3639],[139.4511,38.364],[139.4512,38.3639]]],[[[139.4512,38.3643],[139.4513,38.3642],[139.4512,38.3642],[139.4512,38.3643]]],[[[139.4515,38.3333],[139.4514,38.3334],[139.4515,38.3334],[139.4515,38.3333]]],[[[139.4515,38.3334],[139.4515,38.3334],[139.4515,38.3334],[139.4515,38.3334]]],[[[139.4515,38.3334],[139.4514,38.3334],[139.4514,38.3334],[139.4515,38.3334]]],[[[139.4518,38.3344],[139.4518,38.3344],[139.4517,38.3344],[139.4518,38.3344]]],[[[139.452,38.3355],[139.452,38.3356],[139.4521,38.3356],[139.452,38.3355]]],[[[139.4519,38.3355],[139.4519,38.3355],[139.4519,38.3355],[139.4519,38.3355]]],[[[139.452,38.3356],[139.4519,38.3356],[139.4519,38.3356],[139.452,38.3356]]],[[[139.4517,38.3357],[139.4518,38.3357],[139.4518,38.3357],[139.4517,38.3357]]],[[[139.4519,38.3357],[139.4519,38.3357],[139.4519,38.3357],[139.4519,38.3357]]],[[[139.4519,38.3358],[139.452,38.3358],[139.452,38.3357],[139.4519,38.3358]]],[[[139.4522,38.3358],[139.4522,38.3359],[139.4522,38.3358],[139.4522,38.3358]]],[[[139.4523,38.336],[139.4522,38.336],[139.4522,38.336],[139.4523,38.336]]],[[[139.4522,38.3361],[139.4522,38.3361],[139.4522,38.3361],[139.4522,38.3361]]],[[[139.4521,38.3361],[139.4521,38.3361],[139.452,38.3361],[139.4521,38.3361]]],[[[139.4522,38.3361],[139.4522,38.3361],[139.4523,38.3361],[139.4522,38.3361]]],[[[139.4521,38.3364],[139.4521,38.3364],[139.4521,38.3364],[139.4521,38.3364]]],[[[139.4523,38.3365],[139.4522,38.3366],[139.4523,38.3366],[139.4523,38.3365]]],[[[139.4521,38.3366],[139.4521,38.3367],[139.4522,38.3366],[139.4521,38.3366]]],[[[139.4523,38.3373],[139.4523,38.3373],[139.4523,38.3373],[139.4523,38.3373]]],[[[139.4515,38.3407],[139.4515,38.3407],[139.4516,38.3407],[139.4515,38.3407]]],[[[139.4514,38.3413],[139.4515,38.3413],[139.4514,38.3413],[139.4514,38.3413]]],[[[139.4514,38.3414],[139.4514,38.3414],[139.4514,38.3414],[139.4514,38.3414]]],[[[139.4514,38.3414],[139.4514,38.3415],[139.4515,38.3414],[139.4514,38.3414]]],[[[139.4514,38.3428],[139.4515,38.3427],[139.4514,38.3427],[139.4514,38.3428]]],[[[139.4515,38.344],[139.4515,38.3439],[139.4514,38.344],[139.4515,38.344]]],[[[139.4515,38.344],[139.4515,38.344],[139.4515,38.344],[139.4515,38.344]]],[[[139.4514,38.3441],[139.4515,38.344],[139.4514,38.3441],[139.4514,38.3441]]],[[[139.4521,38.3449],[139.4521,38.3449],[139.4521,38.3449],[139.4521,38.3449]]],[[[139.4522,38.3459],[139.4524,38.3458],[139.4523,38.3458],[139.4522,38.3459]]],[[[139.4524,38.3467],[139.4524,38.3467],[139.4524,38.3467],[139.4524,38.3467]]],[[[139.4524,38.347],[139.4522,38.347],[139.452,38.347],[139.4524,38.347]]],[[[139.4522,38.3472],[139.4521,38.3473],[139.4522,38.3472],[139.4522,38.3472]]],[[[139.4519,38.3473],[139.4518,38.3474],[139.452,38.3474],[139.4519,38.3473]]],[[[139.4524,38.3479],[139.4524,38.3479],[139.4525,38.3479],[139.4524,38.3479]]],[[[139.4524,38.348],[139.4523,38.348],[139.4524,38.348],[139.4524,38.348]]],[[[139.4524,38.3481],[139.4524,38.3481],[139.4524,38.3481],[139.4524,38.3481]]],[[[139.4515,38.3491],[139.4515,38.3491],[139.4515,38.3491],[139.4515,38.3491]]],[[[139.4514,38.3502],[139.4514,38.3501],[139.4514,38.3502],[139.4514,38.3502]]],[[[139.4525,38.3655],[139.4525,38.3654],[139.4524,38.3654],[139.4525,38.3655]]],[[[139.4526,38.3659],[139.4526,38.366],[139.4527,38.366],[139.4526,38.3659]]],[[[139.4528,38.37],[139.4528,38.3701],[139.4529,38.3701],[139.4528,38.37]]],[[[139.453,38.3703],[139.453,38.3702],[139.4529,38.3703],[139.453,38.3703]]],[[[139.4535,38.3703],[139.4536,38.3704],[139.4536,38.3703],[139.4535,38.3703]]],[[[139.4533,38.3705],[139.4532,38.3705],[139.4533,38.3706],[139.4533,38.3705]]],[[[139.4566,38.3842],[139.4565,38.3843],[139.4567,38.3842],[139.4566,38.3842]]],[[[139.4566,38.3844],[139.4566,38.3846],[139.4567,38.3845],[139.4566,38.3844]]],[[[139.4558,38.3845],[139.4562,38.3846],[139.4562,38.3845],[139.4558,38.3845]]],[[[139.4563,38.3847],[139.4564,38.3845],[139.4564,38.3844],[139.4563,38.3847]]],[[[139.4552,38.3848],[139.4551,38.3846],[139.4549,38.3848],[139.4552,38.3848]]],[[[139.4558,38.3849],[139.4557,38.3848],[139.4557,38.3849],[139.4558,38.3849]]],[[[139.456,38.3876],[139.4561,38.3877],[139.4561,38.3877],[139.456,38.3876]]],[[[139.4558,38.3878],[139.4559,38.3877],[139.4558,38.3877],[139.4558,38.3878]]],[[[139.4554,38.3884],[139.4558,38.388],[139.4552,38.3884],[139.4554,38.3884]]],[[[139.4549,38.3886],[139.4548,38.3885],[139.4548,38.3885],[139.4549,38.3886]]],[[[139.4557,38.3886],[139.4555,38.3885],[139.4555,38.3886],[139.4557,38.3886]]],[[[139.4553,38.389],[139.4551,38.3887],[139.455,38.3887],[139.4553,38.389]]],[[[139.455,38.389],[139.4549,38.3891],[139.455,38.3891],[139.455,38.389]]],[[[139.4547,38.3892],[139.4546,38.3893],[139.4547,38.3892],[139.4547,38.3892]]],[[[139.4556,38.3903],[139.4556,38.3904],[139.4557,38.3904],[139.4556,38.3903]]],[[[139.4558,38.3904],[139.4558,38.3905],[139.4559,38.3905],[139.4558,38.3904]]],[[[139.4557,38.3905],[139.4556,38.3906],[139.4557,38.3906],[139.4557,38.3905]]],[[[139.4542,38.3915],[139.454,38.3915],[139.4542,38.3915],[139.4542,38.3915]]],[[[139.4548,38.3917],[139.4547,38.3918],[139.4548,38.3918],[139.4548,38.3917]]],[[[139.4535,38.3918],[139.4536,38.3917],[139.4534,38.3918],[139.4535,38.3918]]],[[[139.4551,38.3916],[139.4555,38.392],[139.4557,38.3917],[139.4551,38.3916]]],[[[139.4538,38.3917],[139.4544,38.3918],[139.4545,38.3917],[139.4538,38.3917]]],[[[139.4544,38.3921],[139.4544,38.392],[139.4543,38.3921],[139.4544,38.3921]]],[[[139.4534,38.3922],[139.4536,38.3922],[139.4535,38.3921],[139.4534,38.3922]]],[[[139.4524,38.3927],[139.4521,38.3926],[139.452,38.3927],[139.4524,38.3927]]],[[[139.4561,38.3939],[139.456,38.394],[139.4561,38.3939],[139.4561,38.3939]]],[[[139.4569,38.3964],[139.457,38.3965],[139.457,38.3964],[139.4569,38.3964]]],[[[139.4564,38.3968],[139.4562,38.3968],[139.4562,38.3969],[139.4564,38.3968]]],[[[139.456,38.3969],[139.456,38.397],[139.456,38.3969],[139.456,38.3969]]],[[[139.4563,38.3972],[139.4563,38.397],[139.4561,38.3972],[139.4563,38.3972]]],[[[139.4568,38.3973],[139.4569,38.3969],[139.4565,38.3973],[139.4568,38.3973]]],[[[139.4563,38.3975],[139.4564,38.3974],[139.4563,38.3974],[139.4563,38.3975]]],[[[139.4568,38.3975],[139.4567,38.3974],[139.4567,38.3975],[139.4568,38.3975]]],[[[139.4571,38.3976],[139.457,38.3976],[139.4571,38.3976],[139.4571,38.3976]]],[[[139.4569,38.3977],[139.4569,38.3976],[139.4569,38.3977],[139.4569,38.3977]]],[[[139.4581,38.3977],[139.4582,38.3978],[139.4581,38.3977],[139.4581,38.3977]]],[[[139.4575,38.398],[139.4573,38.3979],[139.4574,38.398],[139.4575,38.398]]],[[[139.4572,38.398],[139.4571,38.398],[139.4571,38.3981],[139.4572,38.398]]],[[[139.4564,38.398],[139.4562,38.398],[139.4563,38.3981],[139.4564,38.398]]],[[[139.4576,38.3981],[139.4576,38.398],[139.4576,38.3981],[139.4576,38.3981]]],[[[139.456,38.3983],[139.4562,38.3983],[139.4561,38.3982],[139.456,38.3983]]],[[[139.4591,38.399],[139.4595,38.3988],[139.459,38.399],[139.4591,38.399]]],[[[139.4593,38.3991],[139.459,38.3992],[139.4592,38.3993],[139.4593,38.3991]]],[[[139.4595,38.3993],[139.4597,38.3991],[139.4595,38.3992],[139.4595,38.3993]]],[[[139.4622,38.4023],[139.4621,38.4023],[139.4622,38.4023],[139.4622,38.4023]]],[[[139.4618,38.4027],[139.4619,38.4028],[139.4619,38.4028],[139.4618,38.4027]]],[[[139.4625,38.403],[139.4622,38.4027],[139.462,38.4029],[139.4625,38.403]]],[[[139.4619,38.4031],[139.4619,38.4031],[139.462,38.4031],[139.4619,38.4031]]],[[[139.4617,38.4032],[139.4615,38.4032],[139.4616,38.4032],[139.4617,38.4032]]],[[[139.462,38.4035],[139.4619,38.4034],[139.4619,38.4035],[139.462,38.4035]]],[[[139.4623,38.4035],[139.4622,38.4036],[139.4623,38.4035],[139.4623,38.4035]]],[[[139.4623,38.404],[139.4622,38.4041],[139.4623,38.4041],[139.4623,38.404]]],[[[139.462,38.4041],[139.462,38.4042],[139.462,38.4042],[139.462,38.4041]]],[[[139.4619,38.4047],[139.462,38.4047],[139.4621,38.4047],[139.4619,38.4047]]],[[[139.4622,38.405],[139.4623,38.4049],[139.4621,38.4049],[139.4622,38.405]]],[[[139.4626,38.4024],[139.4626,38.4023],[139.4625,38.4024],[139.4626,38.4024]]],[[[139.4626,38.4025],[139.4623,38.4026],[139.4627,38.4026],[139.4626,38.4025]]],[[[139.4624,38.4031],[139.4624,38.4031],[139.4624,38.4031],[139.4624,38.4031]]],[[[139.4628,38.4064],[139.4629,38.4062],[139.4627,38.4062],[139.4628,38.4064]]],[[[139.4631,38.4064],[139.463,38.4065],[139.4631,38.4064],[139.4631,38.4064]]],[[[139.4626,38.4065],[139.4626,38.4065],[139.4626,38.4065],[139.4626,38.4065]]],[[[139.4626,38.4068],[139.4627,38.4067],[139.4626,38.4067],[139.4626,38.4068]]],[[[139.4632,38.407],[139.463,38.4066],[139.4628,38.407],[139.4632,38.407]]],[[[139.4634,38.4072],[139.4633,38.4072],[139.4634,38.4072],[139.4634,38.4072]]],[[[139.4668,38.4121],[139.4669,38.4121],[139.4668,38.4121],[139.4668,38.4121]]],[[[139.4666,38.4137],[139.4666,38.4136],[139.4664,38.4137],[139.4666,38.4137]]],[[[139.4666,38.414],[139.4664,38.414],[139.4666,38.4141],[139.4666,38.414]]],[[[139.4667,38.4144],[139.4669,38.4143],[139.4667,38.4143],[139.4667,38.4144]]],[[[139.4681,38.4168],[139.4681,38.4167],[139.468,38.4167],[139.4681,38.4168]]],[[[139.4672,38.4171],[139.4672,38.417],[139.4671,38.4171],[139.4672,38.4171]]],[[[139.4666,38.4176],[139.4669,38.4177],[139.4669,38.4175],[139.4666,38.4176]]],[[[139.4673,38.4178],[139.4674,38.4179],[139.4673,38.4178],[139.4673,38.4178]]],[[[139.4675,38.418],[139.4676,38.418],[139.4675,38.418],[139.4675,38.418]]],[[[139.4678,38.418],[139.4677,38.4182],[139.4679,38.418],[139.4678,38.418]]],[[[139.4677,38.4183],[139.4678,38.4183],[139.4678,38.4183],[139.4677,38.4183]]],[[[139.4671,38.4184],[139.4669,38.4184],[139.4671,38.4186],[139.4671,38.4184]]],[[[139.4685,38.4188],[139.4686,38.4189],[139.4686,38.4188],[139.4685,38.4188]]],[[[139.4681,38.4191],[139.4681,38.419],[139.4681,38.419],[139.4681,38.4191]]],[[[139.4687,38.4191],[139.4687,38.4191],[139.4686,38.4191],[139.4687,38.4191]]],[[[139.4681,38.4193],[139.4681,38.4193],[139.4681,38.4193],[139.4681,38.4193]]],[[[139.4681,38.4196],[139.468,38.4197],[139.4681,38.4196],[139.4681,38.4196]]],[[[139.4686,38.4201],[139.4683,38.4201],[139.4684,38.4202],[139.4686,38.4201]]],[[[139.4685,38.4202],[139.4686,38.4203],[139.4686,38.4202],[139.4685,38.4202]]],[[[139.4715,38.4226],[139.4715,38.4227],[139.4715,38.4226],[139.4715,38.4226]]],[[[139.4704,38.4232],[139.4703,38.4233],[139.4705,38.4233],[139.4704,38.4232]]],[[[139.4707,38.4234],[139.4706,38.4235],[139.4707,38.4235],[139.4707,38.4234]]],[[[139.4709,38.4235],[139.4709,38.4236],[139.471,38.4235],[139.4709,38.4235]]],[[[139.4726,38.4237],[139.4725,38.4236],[139.4725,38.4237],[139.4726,38.4237]]],[[[139.4708,38.4236],[139.4708,38.4238],[139.4709,38.4237],[139.4708,38.4236]]],[[[139.4724,38.4238],[139.4724,38.4238],[139.4725,38.4238],[139.4724,38.4238]]],[[[139.4717,38.424],[139.4719,38.424],[139.4719,38.4239],[139.4717,38.424]]],[[[139.4728,38.4242],[139.4727,38.4241],[139.4726,38.4242],[139.4728,38.4242]]],[[[139.4732,38.4243],[139.4731,38.4243],[139.4731,38.4244],[139.4732,38.4243]]],[[[139.4738,38.4253],[139.4739,38.4256],[139.474,38.4254],[139.4738,38.4253]]],[[[139.4745,38.4256],[139.4747,38.4255],[139.4745,38.4256],[139.4745,38.4256]]],[[[139.4748,38.4259],[139.4746,38.4259],[139.4746,38.4259],[139.4748,38.4259]]],[[[139.4745,38.4259],[139.4742,38.4258],[139.4742,38.4261],[139.4745,38.4259]]],[[[139.4754,38.426],[139.4752,38.4262],[139.4753,38.4263],[139.4754,38.426]]],[[[139.4754,38.4261],[139.4755,38.4264],[139.4755,38.4261],[139.4754,38.4261]]],[[[139.4741,38.4264],[139.4742,38.4263],[139.4741,38.4264],[139.4741,38.4264]]],[[[139.4753,38.4264],[139.4752,38.4265],[139.4753,38.4264],[139.4753,38.4264]]],[[[139.4755,38.4264],[139.4755,38.4266],[139.4757,38.4264],[139.4755,38.4264]]],[[[139.4751,38.4268],[139.4751,38.4269],[139.4752,38.4268],[139.4751,38.4268]]],[[[139.4749,38.4271],[139.475,38.427],[139.4749,38.4271],[139.4749,38.4271]]],[[[139.4752,38.4272],[139.4755,38.4273],[139.4754,38.4272],[139.4752,38.4272]]],[[[139.4751,38.4275],[139.4751,38.4275],[139.4751,38.4274],[139.4751,38.4275]]],[[[139.4753,38.4275],[139.4753,38.4276],[139.4753,38.4275],[139.4753,38.4275]]],[[[139.4751,38.4277],[139.4753,38.4278],[139.4754,38.4277],[139.4751,38.4277]]],[[[139.4761,38.428],[139.4762,38.4278],[139.4761,38.4278],[139.4761,38.428]]],[[[139.4755,38.4279],[139.4754,38.4279],[139.4754,38.4281],[139.4755,38.4279]]],[[[139.4753,38.428],[139.4752,38.428],[139.4752,38.428],[139.4753,38.428]]],[[[139.4757,38.4282],[139.4756,38.4278],[139.4755,38.4282],[139.4757,38.4282]]],[[[139.4754,38.4283],[139.4753,38.4283],[139.4753,38.4284],[139.4754,38.4283]]],[[[139.4797,38.4326],[139.4794,38.4326],[139.4794,38.4327],[139.4797,38.4326]]],[[[139.4818,38.4346],[139.4816,38.4344],[139.4815,38.4345],[139.4818,38.4346]]],[[[139.4815,38.4354],[139.4814,38.4353],[139.4813,38.4354],[139.4815,38.4354]]],[[[139.4811,38.4355],[139.4807,38.4354],[139.4807,38.4356],[139.4811,38.4355]]],[[[139.4799,38.4356],[139.4799,38.4355],[139.4799,38.4355],[139.4799,38.4356]]],[[[139.4816,38.4357],[139.4817,38.4358],[139.4817,38.4357],[139.4816,38.4357]]],[[[139.4811,38.4363],[139.4809,38.4356],[139.4808,38.4357],[139.4811,38.4363]]],[[[139.4801,38.436],[139.4802,38.4359],[139.4801,38.436],[139.4801,38.436]]],[[[139.4808,38.4362],[139.4809,38.4361],[139.4808,38.4361],[139.4808,38.4362]]],[[[139.4814,38.4377],[139.4816,38.4376],[139.4814,38.4376],[139.4814,38.4377]]],[[[139.4813,38.4378],[139.4814,38.4378],[139.4814,38.4378],[139.4813,38.4378]]],[[[139.481,38.4381],[139.4815,38.438],[139.4816,38.4379],[139.481,38.4381]]],[[[139.4809,38.4382],[139.4808,38.4381],[139.4808,38.4382],[139.4809,38.4382]]],[[[139.4814,38.4382],[139.4815,38.4383],[139.4815,38.4382],[139.4814,38.4382]]],[[[139.4809,38.4385],[139.4809,38.4384],[139.4808,38.4385],[139.4809,38.4385]]],[[[139.4815,38.4386],[139.4815,38.4385],[139.4814,38.4385],[139.4815,38.4386]]],[[[139.4817,38.4385],[139.4816,38.4386],[139.4817,38.4386],[139.4817,38.4385]]],[[[139.4811,38.4387],[139.4812,38.4385],[139.4811,38.4386],[139.4811,38.4387]]],[[[139.4814,38.4387],[139.4813,38.4387],[139.4813,38.4388],[139.4814,38.4387]]],[[[139.4817,38.4392],[139.4818,38.4394],[139.4819,38.4392],[139.4817,38.4392]]],[[[139.4815,38.4392],[139.4812,38.4393],[139.4815,38.4393],[139.4815,38.4392]]],[[[139.4812,38.4396],[139.4814,38.4395],[139.4813,38.4395],[139.4812,38.4396]]],[[[139.4816,38.4403],[139.4818,38.44],[139.4814,38.4401],[139.4816,38.4403]]],[[[139.4818,38.4407],[139.4816,38.4408],[139.4818,38.4407],[139.4818,38.4407]]],[[[139.482,38.4408],[139.482,38.441],[139.4821,38.4408],[139.482,38.4408]]],[[[139.4816,38.441],[139.4815,38.4409],[139.4815,38.441],[139.4816,38.441]]],[[[139.4822,38.4411],[139.4823,38.441],[139.4821,38.441],[139.4822,38.4411]]],[[[139.4827,38.4413],[139.4825,38.4412],[139.4826,38.4413],[139.4827,38.4413]]],[[[139.4814,38.4414],[139.482,38.4414],[139.4818,38.4411],[139.4814,38.4414]]],[[[139.4823,38.4414],[139.4823,38.4412],[139.4822,38.4414],[139.4823,38.4414]]],[[[139.4834,38.4416],[139.4834,38.4417],[139.4835,38.4416],[139.4834,38.4416]]],[[[139.4828,38.4418],[139.4827,38.4416],[139.4827,38.4418],[139.4828,38.4418]]],[[[139.4831,38.4423],[139.483,38.4425],[139.4832,38.4423],[139.4831,38.4423]]],[[[139.4834,38.4424],[139.4833,38.4423],[139.4833,38.4424],[139.4834,38.4424]]],[[[139.4837,38.4425],[139.4836,38.4425],[139.4837,38.4425],[139.4837,38.4425]]],[[[139.483,38.4428],[139.483,38.4426],[139.4829,38.4427],[139.483,38.4428]]],[[[139.4831,38.4429],[139.4835,38.4429],[139.4833,38.4427],[139.4831,38.4429]]],[[[139.4824,38.4435],[139.4823,38.4437],[139.4825,38.4435],[139.4824,38.4435]]],[[[139.4832,38.4447],[139.4821,38.4449],[139.4821,38.4454],[139.4832,38.4447]]],[[[139.4819,38.4452],[139.4819,38.4453],[139.482,38.4452],[139.4819,38.4452]]],[[[139.4823,38.4457],[139.4824,38.4456],[139.4822,38.4456],[139.4823,38.4457]]],[[[139.4142,38.1089],[139.4084,38.1484],[139.43,38.1813],[139.4298,38.1833],[139.4255,38.1843],[139.4235,38.1859],[139.4322,38.19],[139.4205,38.1861],[139.4498,38.2361],[139.4501,38.2418],[139.4413,38.247],[139.442,38.2479],[139.4439,38.2525],[139.4441,38.2539],[139.444,38.2543],[139.4439,38.2544],[139.4438,38.2544],[139.444,38.2545],[139.4443,38.2553],[139.4441,38.2568],[139.4467,38.262],[139.4458,38.2642],[139.4455,38.2645],[139.4451,38.2644],[139.4451,38.2643],[139.4449,38.2643],[139.4445,38.2641],[139.4444,38.2643],[139.4448,38.2645],[139.445,38.2644],[139.4451,38.2645],[139.4456,38.2646],[139.4457,38.2647],[139.4495,38.2762],[139.4492,38.2923],[139.4466,38.2944],[139.4499,38.3015],[139.4505,38.3042],[139.4505,38.3077],[139.4512,38.3093],[139.45,38.3121],[139.4492,38.3127],[139.4488,38.3125],[139.4491,38.3128],[139.4486,38.3147],[139.4482,38.315],[139.4486,38.3152],[139.4489,38.3168],[139.4489,38.3193],[139.4512,38.3249],[139.4525,38.337],[139.4521,38.3383],[139.4509,38.3393],[139.4515,38.3396],[139.4518,38.3418],[139.4516,38.3436],[139.4511,38.3437],[139.4521,38.3441],[139.4523,38.3444],[139.4526,38.3481],[139.4513,38.3495],[139.4517,38.3502],[139.4512,38.3504],[139.4514,38.3506],[139.4511,38.3509],[139.4513,38.3511],[139.451,38.3513],[139.4515,38.3513],[139.4517,38.3523],[139.4507,38.353],[139.451,38.3532],[139.4509,38.3549],[139.4505,38.3558],[139.4498,38.3564],[139.451,38.3592],[139.4502,38.3611],[139.4509,38.3615],[139.4518,38.3625],[139.4546,38.3678],[139.4532,38.3702],[139.4543,38.3701],[139.4564,38.3724],[139.4602,38.381],[139.4558,38.3937],[139.4582,38.3949],[139.4573,38.3975],[139.4589,38.3976],[139.4625,38.4011],[139.4672,38.4106],[139.4689,38.4157],[139.4686,38.4164],[139.4677,38.4173],[139.4681,38.418],[139.4675,38.419],[139.4678,38.4191],[139.4683,38.4187],[139.4687,38.4187],[139.4703,38.4196],[139.4822,38.4327],[139.4848,38.4438],[139.483,38.4454],[139.4864,38.446],[139.497,38.4569],[139.5207,38.4999],[139.5201,38.5024],[139.5177,38.5033],[139.5178,38.5049],[139.5244,38.5072],[139.5232,38.5086],[139.5236,38.5086],[139.5239,38.5088],[139.5242,38.5087],[139.5274,38.5111],[139.5379,38.524],[139.5493,38.5419],[139.5492,38.5536],[139.5998,38.5221],[139.6212,38.5256],[139.6378,38.5114],[139.6932,38.5068],[139.7218,38.4962],[139.7251,38.4852],[139.7114,38.4768],[139.7201,38.4507],[139.7172,38.4213],[139.7034,38.4002],[139.7098,38.3868],[139.7226,38.3938],[139.7324,38.3716],[139.7707,38.3529],[139.7906,38.3488],[139.8165,38.356],[139.8277,38.3447],[139.8489,38.3428],[139.8792,38.3035],[139.8989,38.293],[139.8999,38.2758],[139.8764,38.2616],[139.8603,38.2312],[139.811,38.2115],[139.7864,38.1922],[139.764,38.199],[139.7549,38.1931],[139.7132,38.2066],[139.6986,38.2029],[139.6962,38.1855],[139.6823,38.1718],[139.6847,38.1594],[139.6695,38.1579],[139.6546,38.1683],[139.6154,38.164],[139.5878,38.1698],[139.5566,38.1486],[139.5109,38.1435],[139.5036,38.1347],[139.5143,38.1272],[139.5018,38.1161],[139.5124,38.1086],[139.5115,38.0999],[139.4861,38.0785],[139.4525,38.0897],[139.444,38.0951],[139.4424,38.1025],[139.4452,38.1042],[139.4355,38.0983],[139.4263,38.0989],[139.4142,38.1089]],[[139.4447,38.0989],[139.4451,38.0984],[139.4452,38.0988],[139.4447,38.0989]],[[139.4455,38.1],[139.4455,38.0993],[139.4458,38.1],[139.4455,38.1]]],[[[139.4837,38.442],[139.4836,38.4421],[139.4837,38.4421],[139.4837,38.442]]],[[[139.484,38.4426],[139.4839,38.4425],[139.4838,38.4426],[139.484,38.4426]]],[[[139.4866,38.4482],[139.4866,38.4484],[139.4867,38.4484],[139.4866,38.4482]]],[[[139.4863,38.4484],[139.4864,38.4483],[139.4863,38.4483],[139.4863,38.4484]]],[[[139.486,38.4485],[139.4862,38.4485],[139.4861,38.4484],[139.486,38.4485]]],[[[139.4868,38.4493],[139.4868,38.4494],[139.487,38.4493],[139.4868,38.4493]]],[[[139.4869,38.4496],[139.4866,38.4495],[139.4865,38.4497],[139.4869,38.4496]]],[[[139.497,38.4577],[139.497,38.4578],[139.4971,38.4578],[139.497,38.4577]]],[[[139.4971,38.458],[139.4971,38.4581],[139.4971,38.4581],[139.4971,38.458]]],[[[139.4972,38.4597],[139.4973,38.4596],[139.4972,38.4596],[139.4972,38.4597]]],[[[139.4972,38.46],[139.4971,38.4601],[139.4972,38.4601],[139.4972,38.46]]],[[[139.498,38.4612],[139.4979,38.4612],[139.498,38.4612],[139.498,38.4612]]],[[[139.4978,38.4618],[139.4977,38.4617],[139.4977,38.4618],[139.4978,38.4618]]],[[[139.4978,38.4619],[139.4979,38.462],[139.498,38.4619],[139.4978,38.4619]]],[[[139.4986,38.4638],[139.4988,38.4637],[139.4985,38.4638],[139.4986,38.4638]]],[[[139.4991,38.4642],[139.4991,38.4643],[139.4991,38.4643],[139.4991,38.4642]]],[[[139.4992,38.465],[139.4993,38.4651],[139.4993,38.465],[139.4992,38.465]]],[[[139.4991,38.4651],[139.499,38.465],[139.499,38.4651],[139.4991,38.4651]]],[[[139.4992,38.4653],[139.4992,38.4652],[139.4991,38.4652],[139.4992,38.4653]]],[[[139.4996,38.4656],[139.4996,38.4657],[139.4997,38.4656],[139.4996,38.4656]]],[[[139.4997,38.466],[139.4997,38.466],[139.4997,38.466],[139.4997,38.466]]],[[[139.4999,38.4663],[139.4999,38.4662],[139.4998,38.4663],[139.4999,38.4663]]],[[[139.4996,38.4662],[139.4995,38.4663],[139.4996,38.4663],[139.4996,38.4662]]],[[[139.4996,38.4665],[139.4994,38.4666],[139.4996,38.4665],[139.4996,38.4665]]],[[[139.5001,38.467],[139.5,38.467],[139.5,38.4671],[139.5001,38.467]]],[[[139.4984,38.4671],[139.4984,38.4672],[139.4984,38.4671],[139.4984,38.4671]]],[[[139.4998,38.4672],[139.4995,38.4673],[139.4995,38.4674],[139.4998,38.4672]]],[[[139.4996,38.4677],[139.4999,38.4675],[139.4995,38.4676],[139.4996,38.4677]]],[[[139.5003,38.468],[139.5002,38.4681],[139.5003,38.468],[139.5003,38.468]]],[[[139.4985,38.4683],[139.4986,38.4682],[139.4985,38.4682],[139.4985,38.4683]]],[[[139.5005,38.4683],[139.5005,38.4684],[139.5005,38.4683],[139.5005,38.4683]]],[[[139.5011,38.4688],[139.5012,38.4689],[139.5012,38.4688],[139.5011,38.4688]]],[[[139.5,38.4695],[139.4999,38.4694],[139.4999,38.4694],[139.5,38.4695]]],[[[139.5016,38.4702],[139.5014,38.4701],[139.5014,38.4702],[139.5016,38.4702]]],[[[139.5013,38.4704],[139.5012,38.4705],[139.5013,38.4704],[139.5013,38.4704]]],[[[139.5031,38.471],[139.5033,38.4709],[139.5031,38.4709],[139.5031,38.471]]],[[[139.5042,38.472],[139.5042,38.4721],[139.5042,38.472],[139.5042,38.472]]],[[[139.5041,38.4725],[139.5041,38.4723],[139.504,38.4724],[139.5041,38.4725]]],[[[139.5037,38.4725],[139.5039,38.4725],[139.5039,38.4724],[139.5037,38.4725]]],[[[139.5041,38.4726],[139.504,38.4727],[139.5041,38.4726],[139.5041,38.4726]]],[[[139.5033,38.4728],[139.5033,38.4727],[139.5032,38.4728],[139.5033,38.4728]]],[[[139.5045,38.4728],[139.5041,38.473],[139.5041,38.473],[139.5045,38.4728]]],[[[139.5042,38.4734],[139.5045,38.4731],[139.5041,38.4734],[139.5042,38.4734]]],[[[139.5032,38.474],[139.5031,38.4739],[139.5031,38.474],[139.5032,38.474]]],[[[139.5038,38.4751],[139.5038,38.475],[139.5037,38.4751],[139.5038,38.4751]]],[[[139.5035,38.475],[139.5034,38.4751],[139.5036,38.475],[139.5035,38.475]]],[[[139.5032,38.4756],[139.5032,38.4755],[139.5031,38.4756],[139.5032,38.4756]]],[[[139.5039,38.476],[139.5041,38.4755],[139.5038,38.476],[139.5039,38.476]]],[[[139.5048,38.4758],[139.5048,38.4759],[139.5048,38.4759],[139.5048,38.4758]]],[[[139.5045,38.4761],[139.5047,38.4761],[139.5046,38.476],[139.5045,38.4761]]],[[[139.5044,38.476],[139.5044,38.4761],[139.5044,38.4761],[139.5044,38.476]]],[[[139.5035,38.4763],[139.5033,38.4761],[139.5032,38.4763],[139.5035,38.4763]]],[[[139.5041,38.4763],[139.5041,38.4764],[139.5043,38.4763],[139.5041,38.4763]]],[[[139.505,38.4761],[139.5047,38.4768],[139.5051,38.4761],[139.505,38.4761]]],[[[139.5057,38.4767],[139.5057,38.4766],[139.5057,38.4767],[139.5057,38.4767]]],[[[139.506,38.4768],[139.5061,38.4768],[139.506,38.4768],[139.506,38.4768]]],[[[139.5044,38.4769],[139.5044,38.4768],[139.5043,38.4769],[139.5044,38.4769]]],[[[139.5064,38.4769],[139.5063,38.4772],[139.5065,38.4769],[139.5064,38.4769]]],[[[139.5046,38.4771],[139.5048,38.4773],[139.5049,38.4772],[139.5046,38.4771]]],[[[139.5052,38.4773],[139.5054,38.4773],[139.5054,38.4772],[139.5052,38.4773]]],[[[139.507,38.4778],[139.5068,38.4777],[139.5068,38.4778],[139.507,38.4778]]],[[[139.5076,38.4778],[139.5074,38.4777],[139.5073,38.4779],[139.5076,38.4778]]],[[[139.5059,38.4779],[139.5058,38.4778],[139.5057,38.4778],[139.5059,38.4779]]],[[[139.5071,38.478],[139.5071,38.4781],[139.5072,38.478],[139.5071,38.478]]],[[[139.5068,38.4781],[139.5068,38.4781],[139.5067,38.4781],[139.5068,38.4781]]],[[[139.5063,38.4781],[139.5063,38.4782],[139.5064,38.4781],[139.5063,38.4781]]],[[[139.506,38.4791],[139.506,38.4789],[139.5059,38.4791],[139.506,38.4791]]],[[[139.5065,38.4793],[139.5063,38.4792],[139.5065,38.4794],[139.5065,38.4793]]],[[[139.5037,38.4797],[139.5036,38.4796],[139.5036,38.4796],[139.5037,38.4797]]],[[[139.5076,38.4803],[139.5075,38.4804],[139.5076,38.4803],[139.5076,38.4803]]],[[[139.5071,38.48],[139.507,38.4808],[139.5074,38.4805],[139.5071,38.48]]],[[[139.5077,38.4809],[139.5076,38.4805],[139.5074,38.4806],[139.5077,38.4809]]],[[[139.5074,38.4817],[139.5076,38.4817],[139.5073,38.4816],[139.5074,38.4817]]],[[[139.5075,38.4843],[139.5073,38.4843],[139.5075,38.4844],[139.5075,38.4843]]],[[[139.5065,38.4852],[139.5064,38.4842],[139.5063,38.4851],[139.5065,38.4852]]],[[[139.5066,38.4872],[139.5056,38.4854],[139.5054,38.4855],[139.5066,38.4872]]],[[[139.5098,38.4876],[139.5098,38.4877],[139.5099,38.4876],[139.5098,38.4876]]],[[[139.5172,38.4963],[139.5171,38.4964],[139.5173,38.4963],[139.5172,38.4963]]],[[[139.5174,38.4964],[139.5175,38.4964],[139.5175,38.4964],[139.5174,38.4964]]],[[[139.5174,38.4966],[139.5175,38.4966],[139.5174,38.4966],[139.5174,38.4966]]],[[[139.5177,38.4969],[139.5175,38.4968],[139.5175,38.497],[139.5177,38.4969]]],[[[139.517,38.497],[139.5171,38.4969],[139.517,38.4969],[139.517,38.497]]],[[[139.5196,38.5019],[139.5194,38.5019],[139.5194,38.5019],[139.5196,38.5019]]],[[[139.5236,38.5086],[139.5237,38.5088],[139.5237,38.5087],[139.5236,38.5086]]],[[[139.5227,38.5091],[139.5227,38.5086],[139.5226,38.509],[139.5227,38.5091]]],[[[139.5227,38.5091],[139.5223,38.5091],[139.5225,38.5093],[139.5227,38.5091]]],[[[139.5416,38.5312],[139.5417,38.5311],[139.5416,38.5311],[139.5416,38.5312]]],[[[139.5418,38.5318],[139.5414,38.5317],[139.5415,38.5318],[139.5418,38.5318]]],[[[139.5413,38.5319],[139.5413,38.5318],[139.5412,38.5319],[139.5413,38.5319]]],[[[139.5415,38.532],[139.5417,38.5319],[139.5418,38.5319],[139.5415,38.532]]],[[[139.5482,38.5523],[139.5484,38.552],[139.5481,38.5523],[139.5482,38.5523]]]]}},{"type":"Feature","properties":{"id":"15213","name":"燕市","pref":"新潟県"},"geometry":{"type":"MultiPolygon","coordinates":[[[[138.8292,37.6188],[138.8284,37.6187],[138.8287,37.619],[138.8292,37.6188]]],[[[138.8291,37.6192],[138.8308,37.6199],[138.8313,37.6182],[138.8291,37.6192]]],[[[138.8272,37.6253],[138.8274,37.6235],[138.8257,37.6259],[138.8272,37.6253]]],[[[138.8251,37.6263],[138.8271,37.6257],[138.8268,37.6264],[138.8277,37.6253],[138.8251,37.6263]]],[[[138.7874,37.6596],[138.7903,37.6765],[138.8039,37.6794],[138.8282,37.6698],[138.8525,37.6736],[138.8387,37.6588],[138.8438,37.656],[138.8551,37.6732],[138.8695,37.6726],[138.8675,37.7093],[138.9098,37.7176],[138.915,37.7303],[138.9266,37.7319],[138.9329,37.7304],[138.9305,37.7212],[138.9468,37.717],[138.9463,37.7007],[138.9558,37.7031],[138.9635,37.7091],[138.9659,37.7087],[138.9597,37.6907],[138.9731,37.6894],[138.9743,37.6819],[138.957,37.6748],[138.9504,37.6527],[138.9364,37.6482],[138.9207,37.6554],[138.9327,37.631],[138.8516,37.6114],[138.8311,37.5937],[138.8249,37.607],[138.8375,37.6182],[138.829,37.6206],[138.8229,37.6453],[138.8081,37.6367],[138.7874,37.6596]],[[138.9543,37.7024],[138.9542,37.7025],[138.9542,37.7024],[138.9543,37.7024]],[[138.9547,37.7025],[138.9547,37.7026],[138.9547,37.7027],[138.9547,37.7025]],[[138.9553,37.7029],[138.9552,37.703],[138.9552,37.7029],[138.9553,37.7029]]],[[[138.9641,37.6945],[138.9659,37.6926],[138.9636,37.6924],[138.9641,37.6945]]]]}},{"type":"Feature","properties":{"id":"15216","name":"糸魚川市","pref":"新潟県"},"geometry":{"type":"MultiPolygon","coordinates":[[[[137.7497,36.7812],[137.7493,36.8096],[137.7301,36.8264],[137.7341,36.869],[137.7135,36.8914],[137.7205,36.9267],[137.7113,36.9441],[137.6665,36.9502],[137.635,36.9798],[137.6994,36.9941],[137.8139,37.0301],[137.8462,37.05],[137.8366,37.0395],[137.9122,37.0608],[137.9721,37.0937],[137.9951,37.1093],[137.9946,37.1116],[137.9993,37.1157],[137.9953,37.1101],[138.0264,37.1162],[138.0491,37.1283],[138.053,37.1345],[138.0497,37.137],[138.0563,37.1364],[138.0678,37.1482],[138.0727,37.1454],[138.0845,37.1206],[138.0742,37.0915],[138.0957,37.0619],[138.0874,37.0145],[138.0938,36.9761],[138.1125,36.9564],[138.1078,36.9469],[138.0795,36.9422],[138.0623,36.9203],[138.0326,36.921],[138.0137,36.904],[137.9696,36.9108],[137.9579,36.9028],[137.9485,36.9128],[137.9206,36.92],[137.8938,36.91],[137.8665,36.9153],[137.8621,36.9077],[137.8716,36.9011],[137.8616,36.8911],[137.8765,36.8664],[137.8316,36.8194],[137.831,36.808],[137.7624,36.7662],[137.7497,36.7812]]],[[[137.6633,36.9872],[137.6633,36.9869],[137.6631,36.987],[137.6633,36.9872]]],[[[137.6759,36.989],[137.6757,36.9891],[137.6759,36.9891],[137.6759,36.989]]],[[[137.6763,36.9898],[137.6764,36.9897],[137.6763,36.9897],[137.6763,36.9898]]],[[[137.678,36.9908],[137.6778,36.9908],[137.6778,36.9909],[137.678,36.9908]]],[[[137.679,36.9912],[137.6788,36.9914],[137.679,36.9914],[137.679,36.9912]]],[[[137.6861,36.992],[137.6861,36.9922],[137.6863,36.9921],[137.6861,36.992]]],[[[137.7013,36.996],[137.7015,36.996],[137.7014,36.9959],[137.7013,36.996]]],[[[137.7077,36.9983],[137.7078,36.9985],[137.7079,36.9984],[137.7077,36.9983]]],[[[137.7159,36.9999],[137.7161,37.0],[137.7161,36.9999],[137.7159,36.9999]]],[[[137.735,37.0068],[137.7348,37.0069],[137.7351,37.0069],[137.735,37.0068]]],[[[137.7339,37.0069],[137.7341,37.007],[137.7341,37.0069],[137.7339,37.0069]]],[[[137.8498,37.0522],[137.8451,37.0506],[137.845,37.0509],[137.8498,37.0522]]],[[[137.9306,37.0744],[137.9303,37.0744],[137.9305,37.0745],[137.9306,37.0744]]],[[[137.9619,37.0909],[137.9619,37.091],[137.962,37.091],[137.9619,37.0909]]],[[[137.993,37.1088],[137.9932,37.1104],[137.9936,37.1106],[137.993,37.1088]]],[[[137.9929,37.1107],[137.9929,37.1109],[137.993,37.1108],[137.9929,37.1107]]],[[[137.9933,37.111],[137.9932,37.1109],[137.9932,37.1111],[137.9933,37.111]]],[[[137.9936,37.1115],[137.9935,37.1116],[137.9936,37.1116],[137.9936,37.1115]]],[[[137.9937,37.1117],[137.9937,37.1119],[137.9938,37.1118],[137.9937,37.1117]]],[[[137.9937,37.1121],[137.9941,37.1123],[137.9938,37.1119],[137.9937,37.1121]]],[[[138.0017,37.1136],[138.0015,37.1136],[138.0016,37.1137],[138.0017,37.1136]]],[[[138.002,37.1138],[138.0019,37.1135],[138.0018,37.1138],[138.002,37.1138]]],[[[138.001,37.1138],[138.0013,37.1138],[138.0013,37.1137],[138.001,37.1138]]],[[[138.0016,37.1138],[138.0015,37.1139],[138.0016,37.1139],[138.0016,37.1138]]],[[[138.0012,37.1146],[138.0011,37.1146],[138.0011,37.1147],[138.0012,37.1146]]],[[[138.004,37.1147],[138.0043,37.1149],[138.0045,37.1149],[138.004,37.1147]]],[[[138.0065,37.1148],[138.0064,37.1149],[138.0065,37.1149],[138.0065,37.1148]]],[[[138.0073,37.1151],[138.0072,37.1149],[138.0072,37.115],[138.0073,37.1151]]],[[[138.0073,37.1152],[138.0073,37.1152],[138.0073,37.1152],[138.0073,37.1152]]],[[[138.0052,37.1154],[138.0056,37.1153],[138.0051,37.1153],[138.0052,37.1154]]],[[[138.0065,37.1155],[138.0068,37.1154],[138.0065,37.1154],[138.0065,37.1155]]],[[[138.007,37.1156],[138.007,37.1156],[138.0071,37.1156],[138.007,37.1156]]],[[[138.0056,37.1157],[138.0057,37.1158],[138.0057,37.1157],[138.0056,37.1157]]],[[[138.0057,37.1161],[138.0058,37.116],[138.0057,37.116],[138.0057,37.1161]]],[[[138.0058,37.1162],[138.0058,37.1162],[138.0058,37.1162],[138.0058,37.1162]]],[[[138.0157,37.1153],[138.0158,37.1149],[138.0156,37.115],[138.0157,37.1153]]],[[[138.0074,37.1153],[138.0074,37.1153],[138.0074,37.1153],[138.0074,37.1153]]],[[[138.0074,37.1154],[138.0074,37.1154],[138.0074,37.1154],[138.0074,37.1154]]],[[[138.0115,37.1163],[138.0116,37.1163],[138.0115,37.1162],[138.0115,37.1163]]],[[[138.0134,37.1163],[138.0136,37.1163],[138.0133,37.1163],[138.0134,37.1163]]],[[[138.0122,37.1166],[138.0122,37.1165],[138.0121,37.1165],[138.0122,37.1166]]],[[[138.0139,37.1167],[138.0139,37.1166],[138.0139,37.1166],[138.0139,37.1167]]],[[[138.0129,37.1168],[138.0128,37.1168],[138.0128,37.1168],[138.0129,37.1168]]],[[[138.0131,37.1169],[138.0131,37.1169],[138.013,37.1169],[138.0131,37.1169]]],[[[138.0409,37.1276],[138.041,37.1275],[138.0409,37.1275],[138.0409,37.1276]]],[[[138.0503,37.1356],[138.0506,37.1344],[138.0505,37.1344],[138.0503,37.1356]]],[[[138.0482,37.1372],[138.0488,37.1377],[138.0481,37.1356],[138.0482,37.1372]]],[[[138.0499,37.1371],[138.0498,37.1371],[138.0498,37.1371],[138.0499,37.1371]]],[[[138.0497,37.1375],[138.0498,37.1374],[138.0497,37.1374],[138.0497,37.1375]]],[[[138.0584,37.1391],[138.0583,37.1391],[138.0584,37.1392],[138.0584,37.1391]]],[[[138.0583,37.1394],[138.0582,37.1393],[138.0582,37.1394],[138.0583,37.1394]]],[[[138.0583,37.1411],[138.0582,37.1411],[138.0584,37.1412],[138.0583,37.1411]]]]}},{"type":"Feature","properties":{"id":"15217","name":"妙高市","pref":"新潟県"},"geometry":{"type":"Polygon","coordinates":[[[138.0858,36.8332],[138.0713,36.8059],[138.0534,36.8],[138.0515,36.8076],[138.0338,36.8088],[138.0035,36.8264],[138.0202,36.8424],[138.0137,36.8604],[138.0325,36.881],[138.0311,36.8914],[138.0151,36.8938],[138.016,36.9114],[138.0331,36.9212],[138.0674,36.9222],[138.0795,36.9422],[138.1077,36.9467],[138.1126,36.9562],[138.1021,36.9688],[138.1071,36.9761],[138.1547,36.9509],[138.1538,36.9416],[138.2089,36.9539],[138.2105,36.9418],[138.2213,36.9409],[138.2313,36.9442],[138.2502,36.9783],[138.2434,36.9902],[138.2478,37.0114],[138.2371,37.0094],[138.2292,36.9956],[138.2066,36.9792],[138.2221,36.9939],[138.2193,37.002],[138.2028,36.9982],[138.1742,36.9704],[138.1701,36.9749],[138.1542,36.9644],[138.1337,36.9689],[138.1379,37.031],[138.1583,37.0356],[138.1626,37.0451],[138.1829,37.0443],[138.1777,37.0612],[138.2081,37.0708],[138.2188,37.0648],[138.2494,37.0693],[138.2617,37.0573],[138.2643,37.0654],[138.2797,37.0657],[138.2784,37.0518],[138.2672,37.0495],[138.283,37.0427],[138.2788,37.0334],[138.2958,36.9977],[138.33,36.9922],[138.3479,36.9765],[138.3822,36.9766],[138.3432,36.9208],[138.3176,36.9252],[138.2963,36.9108],[138.2903,36.8968],[138.2994,36.8867],[138.2885,36.869],[138.2961,36.8558],[138.2876,36.8457],[138.2718,36.8426],[138.2716,36.8555],[138.2547,36.87],[138.235,36.8637],[138.2138,36.8711],[138.2034,36.8571],[138.169,36.8451],[138.1148,36.8504],[138.0858,36.8332]]]}},{"type":"Feature","properties":{"id":"15218","name":"五泉市","pref":"新潟県"},"geometry":{"type":"Polygon","coordinates":[[[139.2599,37.512],[139.2587,37.5357],[139.234,37.555],[139.2189,37.602],[139.1955,37.6143],[139.17,37.5991],[139.1544,37.6086],[139.1504,37.6263],[139.1391,37.6301],[139.1341,37.6568],[139.1092,37.6518],[139.1088,37.6638],[139.0999,37.6697],[139.1063,37.6982],[139.0933,37.7093],[139.0987,37.7192],[139.1112,37.7344],[139.1312,37.7373],[139.1474,37.7632],[139.155,37.7677],[139.1535,37.7627],[139.1585,37.7608],[139.169,37.7746],[139.1804,37.7775],[139.2114,37.7641],[139.2279,37.7426],[139.297,37.7365],[139.2803,37.7016],[139.3084,37.6914],[139.3071,37.6751],[139.324,37.6622],[139.3219,37.6471],[139.3481,37.6297],[139.3427,37.6137],[139.3486,37.6008],[139.3197,37.5946],[139.3251,37.5846],[139.3087,37.5649],[139.3206,37.54],[139.281,37.5099],[139.274,37.5158],[139.2599,37.512]],[[139.2252,37.7411],[139.2242,37.7429],[139.2235,37.7424],[139.2252,37.7411]]]}},{"type":"Feature","properties":{"id":"15222","name":"上越市","pref":"新潟県"},"geometry":{"type":"MultiPolygon","coordinates":[[[[138.1351,37.1638],[138.1357,37.1639],[138.1357,37.1638],[138.1351,37.1638]]],[[[138.1346,37.1639],[138.134,37.164],[138.1347,37.1639],[138.1346,37.1639]]],[[[138.1366,37.1639],[138.1361,37.164],[138.1369,37.164],[138.1366,37.1639]]],[[[138.1358,37.1641],[138.1357,37.1642],[138.1358,37.1642],[138.1358,37.1641]]],[[[138.1363,37.1642],[138.1364,37.1642],[138.1364,37.1642],[138.1363,37.1642]]],[[[138.1372,37.1641],[138.1378,37.1644],[138.1379,37.1643],[138.1372,37.1641]]],[[[138.1353,37.1643],[138.1354,37.1644],[138.1355,37.1643],[138.1353,37.1643]]],[[[138.1381,37.1644],[138.1386,37.1644],[138.1381,37.1643],[138.1381,37.1644]]],[[[138.1375,37.1644],[138.1374,37.1645],[138.1375,37.1645],[138.1375,37.1644]]],[[[138.1368,37.1646],[138.1368,37.1645],[138.1367,37.1646],[138.1368,37.1646]]],[[[138.1372,37.1647],[138.1373,37.1647],[138.1373,37.1647],[138.1372,37.1647]]],[[[138.1362,37.1647],[138.1361,37.1648],[138.1363,37.1647],[138.1362,37.1647]]],[[[138.1367,37.1651],[138.1368,37.1651],[138.1366,37.1651],[138.1367,37.1651]]],[[[138.0877,37.1665],[138.0886,37.167],[138.0884,37.1665],[138.0877,37.1665]]],[[[138.1241,37.1701],[138.1243,37.1701],[138.1242,37.17],[138.1241,37.1701]]],[[[138.0919,37.1721],[138.0925,37.1726],[138.0926,37.1725],[138.0919,37.1721]]],[[[138.1511,37.1613],[138.1511,37.1614],[138.1521,37.1614],[138.1511,37.1613]]],[[[138.1683,37.1622],[138.1677,37.1622],[138.1689,37.1623],[138.1683,37.1622]]],[[[138.1663,37.1623],[138.1675,37.1623],[138.1675,37.1622],[138.1663,37.1623]]],[[[138.1697,37.1631],[138.1707,37.1635],[138.1708,37.1634],[138.1697,37.1631]]],[[[138.1746,37.1645],[138.1757,37.1648],[138.1757,37.1647],[138.1746,37.1645]]],[[[138.1868,37.1677],[138.1867,37.1677],[138.1868,37.1678],[138.1868,37.1677]]],[[[138.1869,37.1679],[138.1866,37.1679],[138.1869,37.168],[138.1869,37.1679]]],[[[138.1867,37.1683],[138.1867,37.1684],[138.1868,37.1683],[138.1867,37.1683]]],[[[138.1907,37.1694],[138.1916,37.1698],[138.1908,37.1694],[138.1907,37.1694]]],[[[138.192,37.1702],[138.1923,37.1703],[138.1916,37.17],[138.192,37.1702]]],[[[138.1922,37.1705],[138.1925,37.1709],[138.1926,37.1709],[138.1922,37.1705]]],[[[138.1928,37.171],[138.193,37.1713],[138.1931,37.1712],[138.1928,37.171]]],[[[138.1966,37.1714],[138.1967,37.1714],[138.1967,37.1713],[138.1966,37.1714]]],[[[138.1968,37.1716],[138.1967,37.1716],[138.1967,37.1716],[138.1968,37.1716]]],[[[138.1935,37.1717],[138.1936,37.1718],[138.1937,37.1718],[138.1935,37.1717]]],[[[138.1967,37.172],[138.1968,37.1719],[138.1966,37.172],[138.1967,37.172]]],[[[138.0974,36.9737],[138.0874,37.0145],[138.0957,37.0619],[138.0742,37.0915],[138.0844,37.1208],[138.0678,37.1482],[138.087,37.1693],[138.0878,37.1655],[138.1017,37.1741],[138.1334,37.1635],[138.1387,37.164],[138.1392,37.1654],[138.1419,37.1663],[138.1391,37.1643],[138.1516,37.1611],[138.1691,37.1622],[138.1988,37.1701],[138.1983,37.171],[138.1991,37.1713],[138.1994,37.17],[138.2072,37.168],[138.2315,37.1741],[138.2469,37.184],[138.2463,37.1851],[138.2463,37.1864],[138.253,37.2051],[138.2568,37.2086],[138.2464,37.1864],[138.2494,37.1825],[138.2521,37.1909],[138.2757,37.1982],[138.2722,37.2153],[138.287,37.2051],[138.4181,37.3066],[138.424,37.3028],[138.4183,37.2943],[138.4323,37.3029],[138.4391,37.2937],[138.4901,37.2881],[138.5412,37.2632],[138.52,37.2525],[138.5049,37.2287],[138.525,37.2195],[138.5365,37.1984],[138.5519,37.204],[138.5541,37.1898],[138.5689,37.179],[138.5624,37.1557],[138.5274,37.1367],[138.5245,37.1068],[138.5445,37.0857],[138.536,37.0718],[138.5403,37.0447],[138.5247,37.0304],[138.4907,37.0199],[138.4551,37.0196],[138.3947,36.9972],[138.3736,36.9776],[138.3505,36.9761],[138.3328,36.991],[138.2879,37.0053],[138.2886,37.0222],[138.2788,37.0334],[138.283,37.0427],[138.2672,37.0496],[138.2784,37.0518],[138.2797,37.0657],[138.2643,37.0654],[138.2617,37.0573],[138.2494,37.0693],[138.2188,37.0648],[138.2078,37.0707],[138.1773,37.0609],[138.1827,37.0442],[138.1626,37.0451],[138.1583,37.0356],[138.1379,37.031],[138.1404,36.9975],[138.1296,36.9747],[138.154,36.9644],[138.1701,36.9749],[138.1742,36.9704],[138.2028,36.9982],[138.2193,37.002],[138.2221,36.9939],[138.2079,36.9831],[138.2066,36.9792],[138.2292,36.9956],[138.2371,37.0094],[138.2485,37.0113],[138.2434,36.9902],[138.2502,36.9783],[138.2313,36.9442],[138.2105,36.9418],[138.2089,36.9539],[138.1538,36.9416],[138.1547,36.9509],[138.1073,36.9761],[138.0974,36.9737]]],[[[138.2082,37.1696],[138.209,37.1696],[138.208,37.1695],[138.2082,37.1696]]],[[[138.2106,37.1698],[138.2101,37.1698],[138.2107,37.1698],[138.2106,37.1698]]],[[[138.1983,37.1703],[138.1983,37.1705],[138.1984,37.1704],[138.1983,37.1703]]],[[[138.1985,37.1707],[138.1983,37.1706],[138.1983,37.1708],[138.1985,37.1707]]],[[[138.1982,37.171],[138.1983,37.1709],[138.1983,37.1708],[138.1982,37.171]]],[[[138.1993,37.1712],[138.1994,37.1712],[138.1993,37.1711],[138.1993,37.1712]]],[[[138.1968,37.1718],[138.197,37.1718],[138.1969,37.1717],[138.1968,37.1718]]],[[[138.2382,37.1796],[138.2375,37.1793],[138.2381,37.1797],[138.2382,37.1796]]],[[[138.2399,37.1805],[138.2392,37.1802],[138.2398,37.1805],[138.2399,37.1805]]],[[[138.2438,37.188],[138.2431,37.1853],[138.2429,37.185],[138.2438,37.188]]],[[[138.2604,37.1993],[138.2547,37.1961],[138.2546,37.1962],[138.2604,37.1993]]],[[[138.2598,37.2009],[138.2665,37.2001],[138.2676,37.2005],[138.2665,37.1999],[138.2598,37.2009]]],[[[138.2542,37.2082],[138.2754,37.2281],[138.2756,37.228],[138.2553,37.2086],[138.2542,37.2082]]]]}},{"type":"Feature","properties":{"id":"15223","name":"阿賀野市","pref":"新潟県"},"geometry":{"type":"MultiPolygon","coordinates":[[[[139.2247,37.7416],[139.2242,37.7429],[139.2252,37.7411],[139.2247,37.7416]]],[[[139.284,37.7345],[139.2259,37.7433],[139.2208,37.7579],[139.1755,37.7808],[139.1794,37.804],[139.1554,37.8075],[139.1509,37.8147],[139.1777,37.8283],[139.1584,37.8362],[139.1521,37.8437],[139.1543,37.8498],[139.1582,37.8458],[139.1769,37.8654],[139.2274,37.8621],[139.2426,37.8844],[139.2452,37.8757],[139.2491,37.8898],[139.26,37.8835],[139.2604,37.8922],[139.2968,37.8567],[139.3024,37.8635],[139.3123,37.8583],[139.3307,37.864],[139.3705,37.845],[139.3598,37.8271],[139.3641,37.8149],[139.3435,37.7994],[139.3244,37.7704],[139.2895,37.757],[139.2922,37.744],[139.284,37.7345]]]]}},{"type":"Feature","properties":{"id":"15224","name":"佐渡市","pref":"新潟県"},"geometry":{"type":"MultiPolygon","coordinates":[[[[138.2254,37.8079],[138.2255,37.8081],[138.2256,37.8079],[138.2254,37.8079]]],[[[138.2234,37.8081],[138.2234,37.8083],[138.2235,37.8082],[138.2234,37.8081]]],[[[138.2201,37.8097],[138.22,37.8096],[138.22,37.8098],[138.2201,37.8097]]],[[[138.2198,37.8099],[138.2197,37.8098],[138.2196,37.8098],[138.2198,37.8099]]],[[[138.2201,37.81],[138.2201,37.8098],[138.22,37.8099],[138.2201,37.81]]],[[[138.2134,37.8116],[138.2136,37.812],[138.2139,37.8119],[138.2134,37.8116]]],[[[138.2137,37.8121],[138.2138,37.8122],[138.2138,37.8121],[138.2137,37.8121]]],[[[138.2132,37.8123],[138.2132,37.8122],[138.2131,37.8123],[138.2132,37.8123]]],[[[138.2138,37.8123],[138.2139,37.8125],[138.2141,37.8124],[138.2138,37.8123]]],[[[138.2065,37.8192],[138.2069,37.8191],[138.2067,37.819],[138.2065,37.8192]]],[[[138.2039,37.8211],[138.204,37.8209],[138.2038,37.821],[138.2039,37.8211]]],[[[138.2023,37.8216],[138.2027,37.8215],[138.2025,37.8214],[138.2023,37.8216]]],[[[138.2031,37.8214],[138.2035,37.822],[138.2035,37.8216],[138.2031,37.8214]]],[[[138.2044,37.8237],[138.2042,37.8237],[138.2045,37.8238],[138.2044,37.8237]]],[[[138.2056,37.8243],[138.2056,37.8241],[138.2055,37.8242],[138.2056,37.8243]]],[[[138.2072,37.8259],[138.207,37.8258],[138.207,37.8258],[138.2072,37.8259]]],[[[138.2068,37.8261],[138.2071,37.826],[138.2067,37.826],[138.2068,37.8261]]],[[[138.2068,37.8269],[138.2068,37.827],[138.2069,37.8269],[138.2068,37.8269]]],[[[138.2062,37.8273],[138.2062,37.8276],[138.2062,37.8276],[138.2062,37.8273]]],[[[138.2042,37.8282],[138.2045,37.8283],[138.204,37.828],[138.2042,37.8282]]],[[[138.2046,37.8284],[138.2048,37.8284],[138.2047,37.8283],[138.2046,37.8284]]],[[[138.2039,37.8282],[138.2038,37.8286],[138.2042,37.8287],[138.2039,37.8282]]],[[[138.2051,37.8286],[138.2048,37.8286],[138.2051,37.8286],[138.2051,37.8286]]],[[[138.2088,37.829],[138.2086,37.8296],[138.209,37.8294],[138.2088,37.829]]],[[[138.2103,37.8299],[138.2106,37.8304],[138.2108,37.8303],[138.2103,37.8299]]],[[[138.2108,37.8304],[138.2111,37.8301],[138.2109,37.8302],[138.2108,37.8304]]],[[[138.2105,37.8305],[138.2102,37.8305],[138.2106,37.8306],[138.2105,37.8305]]],[[[138.2107,37.8309],[138.211,37.8306],[138.2106,37.8308],[138.2107,37.8309]]],[[[138.2121,37.8312],[138.2123,37.8313],[138.2123,37.8312],[138.2121,37.8312]]],[[[138.213,37.8313],[138.2129,37.8313],[138.213,37.8314],[138.213,37.8313]]],[[[138.2127,37.8315],[138.2128,37.8315],[138.2128,37.8314],[138.2127,37.8315]]],[[[138.2114,37.8316],[138.2113,37.8317],[138.2115,37.8316],[138.2114,37.8316]]],[[[138.2128,37.8317],[138.2126,37.8317],[138.2126,37.8318],[138.2128,37.8317]]],[[[138.2128,37.8321],[138.2128,37.8318],[138.2126,37.8321],[138.2128,37.8321]]],[[[138.2128,37.8324],[138.213,37.8325],[138.213,37.8324],[138.2128,37.8324]]],[[[138.2126,37.8329],[138.2126,37.833],[138.2126,37.833],[138.2126,37.8329]]],[[[138.2119,37.833],[138.2116,37.8328],[138.2116,37.8329],[138.2119,37.833]]],[[[138.2127,37.833],[138.2128,37.8331],[138.2129,37.8331],[138.2127,37.833]]],[[[138.2121,37.8332],[138.2124,37.8332],[138.2123,37.8331],[138.2121,37.8332]]],[[[138.2124,37.8333],[138.213,37.8336],[138.213,37.8334],[138.2124,37.8333]]],[[[138.2136,37.8337],[138.213,37.8342],[138.2138,37.8341],[138.2136,37.8337]]],[[[138.2138,37.8349],[138.2139,37.8346],[138.2137,37.8349],[138.2138,37.8349]]],[[[138.2132,37.8349],[138.2135,37.8349],[138.2133,37.8347],[138.2132,37.8349]]],[[[138.2137,37.8352],[138.2138,37.8351],[138.2137,37.835],[138.2137,37.8352]]],[[[138.213,37.8351],[138.2133,37.8355],[138.2134,37.8352],[138.213,37.8351]]],[[[138.2147,37.8355],[138.215,37.836],[138.2149,37.8355],[138.2147,37.8355]]],[[[138.2144,37.8362],[138.2141,37.8359],[138.214,37.836],[138.2144,37.8362]]],[[[138.2151,37.8363],[138.2154,37.836],[138.2153,37.8358],[138.2151,37.8363]]],[[[138.2146,37.8362],[138.2147,37.8361],[138.2144,37.836],[138.2146,37.8362]]],[[[138.2155,37.8362],[138.2154,37.8366],[138.2155,37.8366],[138.2155,37.8362]]],[[[138.2143,37.8366],[138.2143,37.8365],[138.2142,37.8365],[138.2143,37.8366]]],[[[138.2148,37.8363],[138.215,37.8368],[138.2151,37.8364],[138.2148,37.8363]]],[[[138.2145,37.8368],[138.2147,37.8366],[138.2145,37.8365],[138.2145,37.8368]]],[[[138.2143,37.8366],[138.2143,37.8367],[138.2143,37.8367],[138.2143,37.8366]]],[[[138.2154,37.8368],[138.2151,37.8369],[138.2153,37.837],[138.2154,37.8368]]],[[[138.2205,37.8369],[138.2204,37.8367],[138.2205,37.837],[138.2205,37.8369]]],[[[138.2141,37.8367],[138.2144,37.8372],[138.2146,37.8371],[138.2141,37.8367]]],[[[138.2196,37.837],[138.2198,37.837],[138.2198,37.8369],[138.2196,37.837]]],[[[138.2204,37.837],[138.2202,37.8371],[138.2203,37.8372],[138.2204,37.837]]],[[[138.2125,37.8371],[138.2123,37.8371],[138.2125,37.8372],[138.2125,37.8371]]],[[[138.2132,37.8372],[138.2135,37.8373],[138.2136,37.8372],[138.2132,37.8372]]],[[[138.2194,37.8376],[138.2193,37.8374],[138.2192,37.8375],[138.2194,37.8376]]],[[[138.225,37.8376],[138.2252,37.8376],[138.224,37.8375],[138.225,37.8376]]],[[[138.219,37.8375],[138.2191,37.8376],[138.2191,37.8375],[138.219,37.8375]]],[[[138.2196,37.8379],[138.2195,37.8377],[138.2195,37.8379],[138.2196,37.8379]]],[[[138.2148,37.8378],[138.2153,37.838],[138.215,37.8375],[138.2148,37.8378]]],[[[138.2192,37.8378],[138.2187,37.8379],[138.2188,37.8382],[138.2192,37.8378]]],[[[138.2171,37.8382],[138.2173,37.8381],[138.217,37.8381],[138.2171,37.8382]]],[[[138.2173,37.8383],[138.2174,37.8383],[138.2175,37.8382],[138.2173,37.8383]]],[[[138.2186,37.8381],[138.2183,37.8382],[138.2185,37.8384],[138.2186,37.8381]]],[[[138.2167,37.8381],[138.2167,37.8384],[138.2169,37.8384],[138.2167,37.8381]]],[[[138.2175,37.8383],[138.2176,37.8384],[138.2176,37.8382],[138.2175,37.8383]]],[[[138.2191,37.8383],[138.219,37.8384],[138.2191,37.8384],[138.2191,37.8383]]],[[[138.2181,37.8384],[138.2177,37.8386],[138.218,37.8386],[138.2181,37.8384]]],[[[138.2191,37.8385],[138.2192,37.8385],[138.2191,37.8385],[138.2191,37.8385]]],[[[138.219,37.8385],[138.2189,37.8385],[138.219,37.8386],[138.219,37.8385]]],[[[138.2155,37.8387],[138.215,37.8388],[138.2154,37.8392],[138.2155,37.8387]]],[[[138.2178,37.8388],[138.2176,37.8386],[138.2178,37.8388],[138.2178,37.8388]]],[[[138.2143,37.8389],[138.2142,37.839],[138.2143,37.839],[138.2143,37.8389]]],[[[138.2183,37.8391],[138.2184,37.8389],[138.2182,37.839],[138.2183,37.8391]]],[[[138.2161,37.8394],[138.2159,37.8395],[138.216,37.8395],[138.2161,37.8394]]],[[[138.2272,37.979],[138.2275,37.9793],[138.2273,37.979],[138.2272,37.979]]],[[[138.2269,37.9791],[138.2271,37.9794],[138.2269,37.9791],[138.2269,37.9791]]],[[[138.2268,37.9794],[138.2265,37.9794],[138.2268,37.9795],[138.2268,37.9794]]],[[[138.2265,37.9796],[138.2264,37.9795],[138.2264,37.9796],[138.2265,37.9796]]],[[[138.2269,37.9796],[138.2269,37.9797],[138.227,37.9797],[138.2269,37.9796]]],[[[138.2267,37.9797],[138.2268,37.9797],[138.2267,37.9797],[138.2267,37.9797]]],[[[138.2268,37.9837],[138.2266,37.9837],[138.2266,37.9838],[138.2268,37.9837]]],[[[138.227,37.984],[138.2272,37.9839],[138.2271,37.9838],[138.227,37.984]]],[[[138.2265,37.9842],[138.2264,37.9842],[138.2265,37.9842],[138.2265,37.9842]]],[[[138.2271,37.9899],[138.2272,37.9898],[138.227,37.9897],[138.2271,37.9899]]],[[[138.2271,37.9924],[138.2271,37.9926],[138.2272,37.9925],[138.2271,37.9924]]],[[[138.2245,38.0004],[138.2247,38.0003],[138.2247,38.0002],[138.2245,38.0004]]],[[[138.2221,38.0108],[138.2223,38.0107],[138.2222,38.0107],[138.2221,38.0108]]],[[[138.2209,38.0117],[138.2211,38.011],[138.2206,38.0115],[138.2209,38.0117]]],[[[138.2205,38.0135],[138.2208,38.0135],[138.2206,38.0134],[138.2205,38.0135]]],[[[138.22,38.0148],[138.22,38.0152],[138.2202,38.0152],[138.22,38.0148]]],[[[138.2207,38.0165],[138.2202,38.0165],[138.2206,38.0166],[138.2207,38.0165]]],[[[138.2215,38.0164],[138.2213,38.0164],[138.2214,38.0165],[138.2215,38.0164]]],[[[138.2205,38.0168],[138.2189,38.0165],[138.2186,38.0169],[138.2205,38.0168]]],[[[138.221,38.0171],[138.221,38.0176],[138.223,38.0176],[138.221,38.0171]]],[[[138.2202,38.0215],[138.2203,38.0217],[138.2204,38.0215],[138.2202,38.0215]]],[[[138.2197,38.023],[138.22,38.0228],[138.2197,38.0228],[138.2197,38.023]]],[[[138.2261,38.0231],[138.2262,38.023],[138.2261,38.0229],[138.2261,38.0231]]],[[[138.2257,38.0232],[138.2256,38.023],[138.2256,38.0231],[138.2257,38.0232]]],[[[138.2273,37.8074],[138.2278,37.8072],[138.2277,37.8072],[138.2273,37.8074]]],[[[138.2355,37.808],[138.2359,37.8077],[138.2354,37.8077],[138.2355,37.808]]],[[[138.2316,37.8391],[138.2313,37.8388],[138.2311,37.8391],[138.2316,37.8391]]],[[[138.2283,37.8431],[138.2287,37.8431],[138.2284,37.8428],[138.2283,37.8431]]],[[[138.2348,37.9713],[138.235,37.9714],[138.2348,37.9713],[138.2348,37.9713]]],[[[138.2351,37.9723],[138.235,37.9723],[138.2351,37.9723],[138.2351,37.9723]]],[[[138.2325,37.973],[138.2329,37.9733],[138.233,37.9732],[138.2325,37.973]]],[[[138.2345,37.9733],[138.2344,37.9733],[138.2345,37.9733],[138.2345,37.9733]]],[[[138.2321,37.9734],[138.2319,37.9734],[138.2322,37.9736],[138.2321,37.9734]]],[[[138.2325,37.9738],[138.2325,37.9736],[138.2324,37.9736],[138.2325,37.9738]]],[[[138.2323,37.974],[138.2321,37.9741],[138.2323,37.9741],[138.2323,37.974]]],[[[138.2317,37.9742],[138.232,37.9742],[138.2316,37.9739],[138.2317,37.9742]]],[[[138.2315,37.9741],[138.2318,37.9745],[138.2315,37.9741],[138.2315,37.9741]]],[[[138.231,37.9747],[138.2315,37.975],[138.2312,37.9746],[138.231,37.9747]]],[[[138.2327,37.9759],[138.2324,37.9756],[138.2324,37.9758],[138.2327,37.9759]]],[[[138.2322,37.9758],[138.2322,37.9759],[138.2323,37.9759],[138.2322,37.9758]]],[[[138.2327,37.9761],[138.2328,37.9763],[138.233,37.9762],[138.2327,37.9761]]],[[[138.2325,37.9763],[138.2323,37.9761],[138.2323,37.9762],[138.2325,37.9763]]],[[[138.2293,37.9762],[138.2292,37.9763],[138.2293,37.9763],[138.2293,37.9762]]],[[[138.2293,37.9765],[138.2293,37.9769],[138.2295,37.9765],[138.2293,37.9765]]],[[[138.2287,37.9775],[138.2285,37.9777],[138.2288,37.9776],[138.2287,37.9775]]],[[[138.2282,37.978],[138.2285,37.9779],[138.2281,37.9779],[138.2282,37.978]]],[[[138.2286,37.9783],[138.2288,37.9781],[138.2285,37.9781],[138.2286,37.9783]]],[[[138.2297,37.9784],[138.2299,37.9784],[138.2297,37.9783],[138.2297,37.9784]]],[[[138.2284,37.9789],[138.228,37.9782],[138.2277,37.9785],[138.2284,37.9789]]],[[[138.23,37.9788],[138.23,37.9789],[138.2301,37.9789],[138.23,37.9788]]],[[[138.2297,37.979],[138.2297,37.9789],[138.2297,37.9789],[138.2297,37.979]]],[[[138.2292,37.9788],[138.229,37.9792],[138.229,37.9792],[138.2292,37.9788]]],[[[138.2282,37.9832],[138.228,37.9831],[138.2281,37.9833],[138.2282,37.9832]]],[[[138.2276,37.9834],[138.2276,37.9835],[138.2277,37.9834],[138.2276,37.9834]]],[[[138.2287,37.9834],[138.2285,37.9835],[138.2286,37.9836],[138.2287,37.9834]]],[[[138.2278,37.9835],[138.2279,37.9835],[138.2279,37.9835],[138.2278,37.9835]]],[[[138.2334,37.984],[138.2338,37.9845],[138.2339,37.9844],[138.2334,37.984]]],[[[138.2286,37.9844],[138.2285,37.9843],[138.2285,37.9846],[138.2286,37.9844]]],[[[138.2285,37.9853],[138.2287,37.9844],[138.2284,37.9853],[138.2285,37.9853]]],[[[138.2289,37.9849],[138.2291,37.9849],[138.2291,37.9848],[138.2289,37.9849]]],[[[138.2327,37.9863],[138.2329,37.9862],[138.2328,37.9862],[138.2327,37.9863]]],[[[138.2329,37.9869],[138.2325,37.9868],[138.2324,37.987],[138.2329,37.9869]]],[[[138.2313,37.989],[138.2315,37.9891],[138.2314,37.9889],[138.2313,37.989]]],[[[138.2312,37.9892],[138.2312,37.9893],[138.2313,37.9892],[138.2312,37.9892]]],[[[138.2312,37.9895],[138.2312,37.9894],[138.2311,37.9895],[138.2312,37.9895]]],[[[138.2321,37.9902],[138.2321,37.9901],[138.232,37.9901],[138.2321,37.9902]]],[[[138.2277,37.9904],[138.2284,37.9908],[138.2282,37.9901],[138.2277,37.9904]]],[[[138.231,37.9907],[138.2313,37.9904],[138.2309,37.9905],[138.231,37.9907]]],[[[138.2314,37.9908],[138.2311,37.9908],[138.231,37.9909],[138.2314,37.9908]]],[[[138.231,37.9912],[138.2311,37.9912],[138.231,37.9912],[138.231,37.9912]]],[[[138.2283,37.9912],[138.2284,37.9919],[138.2288,37.9919],[138.2283,37.9912]]],[[[138.2282,37.9919],[138.2271,37.993],[138.2284,37.9926],[138.2282,37.9919]]],[[[138.2328,37.9936],[138.233,37.9949],[138.2329,37.9936],[138.2328,37.9936]]],[[[138.234,37.9945],[138.2342,37.9946],[138.2342,37.9944],[138.234,37.9945]]],[[[138.2299,37.9946],[138.2297,37.9949],[138.23,37.9948],[138.2299,37.9946]]],[[[138.2343,37.9948],[138.2343,37.9947],[138.2343,37.9948],[138.2343,37.9948]]],[[[138.2347,37.9952],[138.2348,37.9953],[138.2348,37.9952],[138.2347,37.9952]]],[[[138.2291,37.9955],[138.2293,37.9954],[138.2291,37.9954],[138.2291,37.9955]]],[[[138.2343,37.9972],[138.2342,37.9973],[138.2342,37.9973],[138.2343,37.9972]]],[[[138.2316,37.9974],[138.2317,37.9973],[138.2315,37.9973],[138.2316,37.9974]]],[[[138.234,37.9974],[138.2341,37.9975],[138.2341,37.9974],[138.234,37.9974]]],[[[138.2333,37.998],[138.2334,37.9981],[138.2334,37.998],[138.2333,37.998]]],[[[138.2337,37.9982],[138.2337,37.9982],[138.2338,37.9982],[138.2337,37.9982]]],[[[138.2334,37.9982],[138.2333,37.9982],[138.2333,37.9982],[138.2334,37.9982]]],[[[138.229,37.9985],[138.2292,37.9987],[138.2292,37.9987],[138.229,37.9985]]],[[[138.2304,37.999],[138.2297,37.9987],[138.2294,37.999],[138.2304,37.999]]],[[[138.2301,37.9994],[138.2304,37.9993],[138.2301,37.9993],[138.2301,37.9994]]],[[[138.2301,37.9996],[138.2303,37.9996],[138.23,37.9995],[138.2301,37.9996]]],[[[138.2309,38.0009],[138.2311,38.0008],[138.2309,38.0008],[138.2309,38.0009]]],[[[138.2302,38.0014],[138.2299,38.0014],[138.2299,38.0014],[138.2302,38.0014]]],[[[138.2322,38.0034],[138.2322,38.0034],[138.2323,38.0034],[138.2322,38.0034]]],[[[138.2326,38.0035],[138.2327,38.0034],[138.2325,38.0034],[138.2326,38.0035]]],[[[138.2331,38.0036],[138.2334,38.0036],[138.2331,38.0033],[138.2331,38.0036]]],[[[138.2302,38.0047],[138.2299,38.0048],[138.2303,38.0049],[138.2302,38.0047]]],[[[138.2354,38.0257],[138.2357,38.0256],[138.2354,38.0256],[138.2354,38.0257]]],[[[138.2302,38.0398],[138.2305,38.0397],[138.2302,38.0397],[138.2302,38.0398]]],[[[138.2306,38.0404],[138.2304,38.041],[138.2307,38.041],[138.2306,38.0404]]],[[[138.2356,38.0469],[138.2357,38.0468],[138.2356,38.0467],[138.2356,38.0469]]],[[[138.234,38.0471],[138.234,38.0473],[138.2341,38.0473],[138.234,38.0471]]],[[[138.2345,38.05],[138.2346,38.0499],[138.2345,38.0499],[138.2345,38.05]]],[[[138.2349,38.05],[138.2348,38.0501],[138.2349,38.0501],[138.2349,38.05]]],[[[138.2346,38.0526],[138.2344,38.0526],[138.2344,38.0526],[138.2346,38.0526]]],[[[138.2333,38.0528],[138.2333,38.0529],[138.2334,38.0529],[138.2333,38.0528]]],[[[138.2339,38.0529],[138.234,38.053],[138.234,38.0529],[138.2339,38.0529]]],[[[138.2352,38.0532],[138.2353,38.0533],[138.2353,38.0532],[138.2352,38.0532]]],[[[138.2351,38.0535],[138.2351,38.0535],[138.2352,38.0535],[138.2351,38.0535]]],[[[138.2351,38.0542],[138.2352,38.0542],[138.2352,38.0542],[138.2351,38.0542]]],[[[138.2354,38.0543],[138.2353,38.0543],[138.2354,38.0543],[138.2354,38.0543]]],[[[138.2351,38.0545],[138.2348,38.0544],[138.2352,38.0546],[138.2351,38.0545]]],[[[138.2308,38.0557],[138.2309,38.0559],[138.2309,38.0557],[138.2308,38.0557]]],[[[138.2337,38.0564],[138.2338,38.0565],[138.2338,38.0565],[138.2337,38.0564]]],[[[138.233,38.0564],[138.2333,38.0567],[138.2331,38.0564],[138.233,38.0564]]],[[[138.2344,38.0567],[138.2342,38.0568],[138.2344,38.0568],[138.2344,38.0567]]],[[[138.2346,38.0568],[138.2346,38.0569],[138.2347,38.0569],[138.2346,38.0568]]],[[[138.2344,38.057],[138.2345,38.0569],[138.2344,38.0569],[138.2344,38.057]]],[[[138.2348,38.057],[138.2348,38.057],[138.2348,38.057],[138.2348,38.057]]],[[[138.234,38.0571],[138.2339,38.0572],[138.234,38.0571],[138.234,38.0571]]],[[[138.2332,38.0573],[138.2333,38.0571],[138.2331,38.0572],[138.2332,38.0573]]],[[[138.2329,38.0576],[138.2328,38.058],[138.2331,38.0579],[138.2329,38.0576]]],[[[138.2325,38.0584],[138.2322,38.0583],[138.2321,38.0584],[138.2325,38.0584]]],[[[138.2328,38.0589],[138.2325,38.0592],[138.233,38.059],[138.2328,38.0589]]],[[[138.2333,38.0593],[138.2334,38.0593],[138.2334,38.0593],[138.2333,38.0593]]],[[[138.2335,38.0594],[138.2335,38.0595],[138.2336,38.0594],[138.2335,38.0594]]],[[[138.2332,38.0595],[138.2333,38.0596],[138.2333,38.0595],[138.2332,38.0595]]],[[[138.2334,38.0595],[138.2335,38.0596],[138.2335,38.0595],[138.2334,38.0595]]],[[[138.2325,38.0603],[138.2325,38.0604],[138.2326,38.0603],[138.2325,38.0603]]],[[[138.2327,38.0604],[138.2325,38.0609],[138.2329,38.0605],[138.2327,38.0604]]],[[[138.235,38.0645],[138.2352,38.0643],[138.2351,38.0642],[138.235,38.0645]]],[[[138.236,38.0642],[138.2361,38.0646],[138.2363,38.0645],[138.236,38.0642]]],[[[138.2483,37.8032],[138.2482,37.8031],[138.2482,37.8032],[138.2483,37.8032]]],[[[138.241,37.8049],[138.2407,37.8049],[138.241,37.805],[138.241,37.8049]]],[[[138.2418,37.8054],[138.2416,37.805],[138.2415,37.805],[138.2418,37.8054]]],[[[138.241,37.8053],[138.2408,37.8053],[138.2411,37.8054],[138.241,37.8053]]],[[[138.2403,37.8054],[138.2402,37.8056],[138.2403,37.8055],[138.2403,37.8054]]],[[[138.2384,37.8056],[138.2384,37.8059],[138.2391,37.8052],[138.2384,37.8056]]],[[[138.237,37.8058],[138.2367,37.8057],[138.2366,37.8057],[138.237,37.8058]]],[[[138.2387,37.8063],[138.2386,37.8061],[138.2384,37.8063],[138.2387,37.8063]]],[[[138.2438,37.8387],[138.2436,37.8387],[138.2436,37.8388],[138.2438,37.8387]]],[[[138.2409,37.8387],[138.2412,37.8389],[138.2412,37.8388],[138.2409,37.8387]]],[[[138.2392,37.8388],[138.2393,37.8389],[138.2393,37.8388],[138.2392,37.8388]]],[[[138.2446,37.8387],[138.2444,37.839],[138.2448,37.8388],[138.2446,37.8387]]],[[[138.2424,37.8389],[138.2422,37.8389],[138.2424,37.8389],[138.2424,37.8389]]],[[[138.2438,37.8391],[138.2441,37.8389],[138.2438,37.8389],[138.2438,37.8391]]],[[[138.2409,37.839],[138.2407,37.839],[138.2408,37.8391],[138.2409,37.839]]],[[[138.2473,37.8392],[138.2469,37.8392],[138.2473,37.8393],[138.2473,37.8392]]],[[[138.2391,37.8393],[138.2394,37.8392],[138.2392,37.8391],[138.2391,37.8393]]],[[[138.2435,37.8394],[138.2436,37.8392],[138.2434,37.8393],[138.2435,37.8394]]],[[[138.2445,37.8393],[138.2443,37.8393],[138.2444,37.8394],[138.2445,37.8393]]],[[[138.2378,37.8395],[138.2376,37.8392],[138.2376,37.8393],[138.2378,37.8395]]],[[[138.2417,37.8398],[138.242,37.8393],[138.2418,37.8392],[138.2417,37.8398]]],[[[138.2426,37.8399],[138.2421,37.8396],[138.2421,37.8397],[138.2426,37.8399]]],[[[138.248,37.8402],[138.2481,37.8403],[138.2482,37.8402],[138.248,37.8402]]],[[[138.2365,37.8404],[138.2367,37.8404],[138.2366,37.8403],[138.2365,37.8404]]],[[[138.2481,37.8404],[138.2482,37.8406],[138.2485,37.8405],[138.2481,37.8404]]],[[[138.2371,37.8406],[138.2371,37.8405],[138.2369,37.8404],[138.2371,37.8406]]],[[[138.2368,37.8406],[138.237,37.8407],[138.2369,37.8406],[138.2368,37.8406]]],[[[138.2363,37.8408],[138.2362,37.8405],[138.2359,37.8411],[138.2363,37.8408]]],[[[138.2368,37.8408],[138.2366,37.8408],[138.2367,37.8409],[138.2368,37.8408]]],[[[138.2463,37.961],[138.2465,37.9611],[138.2465,37.9611],[138.2463,37.961]]],[[[138.2481,37.9612],[138.2483,37.9611],[138.2482,37.9611],[138.2481,37.9612]]],[[[138.2447,37.9611],[138.2447,37.9614],[138.2449,37.9612],[138.2447,37.9611]]],[[[138.2427,37.9621],[138.2428,37.9623],[138.2429,37.9623],[138.2427,37.9621]]],[[[138.2484,37.9644],[138.2483,37.9644],[138.2484,37.9645],[138.2484,37.9644]]],[[[138.2489,37.9644],[138.2488,37.9645],[138.2489,37.9645],[138.2489,37.9644]]],[[[138.2486,37.9644],[138.2486,37.9645],[138.2487,37.9645],[138.2486,37.9644]]],[[[138.2487,37.9648],[138.2489,37.9648],[138.2489,37.9647],[138.2487,37.9648]]],[[[138.2485,37.965],[138.2484,37.9649],[138.2484,37.9649],[138.2485,37.965]]],[[[138.2479,37.9653],[138.2479,37.9651],[138.2478,37.9651],[138.2479,37.9653]]],[[[138.2469,37.9654],[138.2471,37.9652],[138.2469,37.9653],[138.2469,37.9654]]],[[[138.2476,37.9654],[138.2475,37.9653],[138.2475,37.9654],[138.2476,37.9654]]],[[[138.2438,37.9657],[138.244,37.9658],[138.2439,37.9657],[138.2438,37.9657]]],[[[138.2427,37.966],[138.2428,37.966],[138.2427,37.966],[138.2427,37.966]]],[[[138.2478,37.9662],[138.2478,37.966],[138.2476,37.9661],[138.2478,37.9662]]],[[[138.2463,37.9664],[138.2464,37.9664],[138.2463,37.9663],[138.2463,37.9664]]],[[[138.2415,37.9669],[138.241,37.9675],[138.2418,37.9672],[138.2415,37.9669]]],[[[138.2431,37.9673],[138.2425,37.9672],[138.2425,37.9674],[138.2431,37.9673]]],[[[138.2481,37.9678],[138.2484,37.9675],[138.2483,37.9675],[138.2481,37.9678]]],[[[138.2477,37.9681],[138.2478,37.9679],[138.2478,37.9679],[138.2477,37.9681]]],[[[138.2447,37.9683],[138.2448,37.9681],[138.2446,37.9681],[138.2447,37.9683]]],[[[138.2469,37.9681],[138.2468,37.968],[138.2455,37.9686],[138.2469,37.9681]]],[[[138.2452,37.9685],[138.244,37.9693],[138.2453,37.9686],[138.2452,37.9685]]],[[[138.2435,37.9694],[138.2425,37.9701],[138.2436,37.9695],[138.2435,37.9694]]],[[[138.2414,37.9707],[138.2419,37.9704],[138.2414,37.9706],[138.2414,37.9707]]],[[[138.2362,37.9707],[138.2362,37.9706],[138.2361,37.9706],[138.2362,37.9707]]],[[[138.2402,37.9706],[138.2401,37.9708],[138.2403,37.9707],[138.2402,37.9706]]],[[[138.2421,37.9708],[138.2422,37.9703],[138.2425,37.9712],[138.2421,37.9708]]],[[[138.2399,37.9708],[138.2398,37.9709],[138.2399,37.9708],[138.2399,37.9708]]],[[[138.2397,37.9716],[138.2412,37.9708],[138.2411,37.9707],[138.2397,37.9716]]],[[[138.2409,37.9715],[138.2404,37.9716],[138.2408,37.9716],[138.2409,37.9715]]],[[[138.2376,38.0294],[138.2377,38.0293],[138.2374,38.029],[138.2376,38.0294]]],[[[138.2383,38.0311],[138.2386,38.0314],[138.2385,38.031],[138.2383,38.0311]]],[[[138.2374,38.067],[138.2368,38.0673],[138.2376,38.0674],[138.2374,38.067]]],[[[138.2401,38.0682],[138.2401,38.0681],[138.24,38.0681],[138.2401,38.0682]]],[[[138.2413,38.0694],[138.2413,38.0693],[138.2412,38.0693],[138.2413,38.0694]]],[[[138.2402,38.0696],[138.2401,38.0694],[138.24,38.0695],[138.2402,38.0696]]],[[[138.2406,38.0695],[138.2405,38.0696],[138.2406,38.0696],[138.2406,38.0695]]],[[[138.2436,38.0719],[138.2435,38.072],[138.2437,38.0719],[138.2436,38.0719]]],[[[138.2433,38.0721],[138.2429,38.0722],[138.2435,38.0723],[138.2433,38.0721]]],[[[138.2444,38.0736],[138.2447,38.0737],[138.2445,38.0735],[138.2444,38.0736]]],[[[138.2442,38.0737],[138.2442,38.0736],[138.244,38.0736],[138.2442,38.0737]]],[[[138.2443,38.0737],[138.2443,38.0738],[138.2444,38.0737],[138.2443,38.0737]]],[[[138.2446,38.074],[138.2447,38.0739],[138.2446,38.0739],[138.2446,38.074]]],[[[138.2413,38.0742],[138.2415,38.0743],[138.2414,38.0741],[138.2413,38.0742]]],[[[138.2417,38.0743],[138.242,38.0743],[138.2417,38.0743],[138.2417,38.0743]]],[[[138.2422,38.0745],[138.2421,38.0745],[138.2422,38.0746],[138.2422,38.0745]]],[[[138.2425,38.0747],[138.2426,38.0749],[138.2427,38.0749],[138.2425,38.0747]]],[[[138.2409,38.0781],[138.2407,38.078],[138.2409,38.0782],[138.2409,38.0781]]],[[[138.2444,38.0792],[138.2446,38.0791],[138.2445,38.079],[138.2444,38.0792]]],[[[138.2399,38.0795],[138.24,38.0797],[138.2401,38.0796],[138.2399,38.0795]]],[[[138.24,38.0798],[138.24,38.0799],[138.2401,38.0798],[138.24,38.0798]]],[[[138.2387,38.0828],[138.2373,38.0822],[138.2381,38.0829],[138.2387,38.0828]]],[[[138.2385,38.0832],[138.2384,38.0832],[138.2385,38.0832],[138.2385,38.0832]]],[[[138.241,38.0869],[138.2391,38.0799],[138.2388,38.0799],[138.2391,38.0846],[138.2402,38.0853],[138.2396,38.087],[138.241,38.0869]]],[[[138.239,38.0844],[138.2389,38.0843],[138.2388,38.0844],[138.239,38.0844]]],[[[138.2382,38.0848],[138.2383,38.0848],[138.2384,38.0848],[138.2382,38.0848]]],[[[138.2391,38.0849],[138.2393,38.085],[138.2392,38.0848],[138.2391,38.0849]]],[[[138.2382,38.0852],[138.2381,38.0853],[138.2382,38.0852],[138.2382,38.0852]]],[[[138.2396,38.0856],[138.2399,38.0852],[138.2395,38.0856],[138.2396,38.0856]]],[[[138.2394,38.0859],[138.2391,38.0866],[138.2392,38.0867],[138.2394,38.0859]]],[[[138.241,38.0872],[138.2412,38.0871],[138.2412,38.087],[138.241,38.0872]]],[[[138.2418,38.0871],[138.2421,38.0872],[138.242,38.087],[138.2418,38.0871]]],[[[138.2442,38.0872],[138.2443,38.0876],[138.2446,38.0872],[138.2442,38.0872]]],[[[138.2447,38.0891],[138.2446,38.0894],[138.2449,38.0892],[138.2447,38.0891]]],[[[138.2457,38.09],[138.2457,38.0904],[138.2459,38.0901],[138.2457,38.09]]],[[[138.2449,38.0904],[138.2454,38.0904],[138.2454,38.0903],[138.2449,38.0904]]],[[[138.2471,38.0909],[138.2471,38.0908],[138.247,38.0909],[138.2471,38.0909]]],[[[138.2469,38.0916],[138.2472,38.091],[138.2466,38.0915],[138.2469,38.0916]]],[[[138.2474,38.0915],[138.2476,38.0913],[138.2474,38.0913],[138.2474,38.0915]]],[[[138.2465,38.0919],[138.2466,38.0918],[138.2465,38.0918],[138.2465,38.0919]]],[[[138.2482,38.0931],[138.2482,38.0932],[138.2482,38.0931],[138.2482,38.0931]]],[[[138.2478,38.0932],[138.2477,38.0931],[138.2477,38.0932],[138.2478,38.0932]]],[[[138.2477,38.0943],[138.2467,38.0933],[138.2462,38.0937],[138.2477,38.0943]]],[[[138.2471,38.0975],[138.247,38.0974],[138.247,38.0975],[138.2471,38.0975]]],[[[138.2461,38.0985],[138.2472,38.098],[138.2471,38.0978],[138.2461,38.0985]]],[[[138.2511,37.8032],[138.2517,37.8024],[138.2509,37.8031],[138.2511,37.8032]]],[[[138.2526,37.8032],[138.2527,37.8031],[138.2524,37.8029],[138.2526,37.8032]]],[[[138.261,37.8039],[138.2616,37.8037],[138.2609,37.8037],[138.261,37.8039]]],[[[138.2619,37.8038],[138.262,37.8039],[138.2621,37.8038],[138.2619,37.8038]]],[[[138.2639,37.806],[138.2637,37.8059],[138.2637,37.806],[138.2639,37.806]]],[[[138.2668,37.8067],[138.2653,37.8068],[138.2663,37.8078],[138.2668,37.8067]]],[[[138.2757,37.8088],[138.2755,37.8088],[138.2755,37.8089],[138.2757,37.8088]]],[[[138.2758,37.8092],[138.2759,37.809],[138.2758,37.809],[138.2758,37.8092]]],[[[138.2751,37.8093],[138.2752,37.8094],[138.2752,37.8094],[138.2751,37.8093]]],[[[138.2762,37.8097],[138.2763,37.8096],[138.2762,37.8096],[138.2762,37.8097]]],[[[138.2757,37.8096],[138.2753,37.8095],[138.2758,37.8098],[138.2757,37.8096]]],[[[138.2763,37.8098],[138.2764,37.8099],[138.2765,37.8099],[138.2763,37.8098]]],[[[138.27,37.8102],[138.2698,37.8104],[138.2701,37.8103],[138.27,37.8102]]],[[[138.2802,37.8104],[138.2803,37.8103],[138.2803,37.8103],[138.2802,37.8104]]],[[[138.2805,37.8105],[138.2804,37.8104],[138.2804,37.8105],[138.2805,37.8105]]],[[[138.2818,37.8106],[138.2817,37.8106],[138.2817,37.8107],[138.2818,37.8106]]],[[[138.2793,37.8105],[138.2793,37.8107],[138.2795,37.8107],[138.2793,37.8105]]],[[[138.2789,37.8109],[138.2791,37.8108],[138.2789,37.8108],[138.2789,37.8109]]],[[[138.2817,37.811],[138.2817,37.8108],[138.2816,37.8109],[138.2817,37.811]]],[[[138.2741,37.814],[138.2735,37.8143],[138.2735,37.8144],[138.2741,37.814]]],[[[138.2491,37.8407],[138.2493,37.841],[138.2494,37.8408],[138.2491,37.8407]]],[[[138.2491,37.8411],[138.2489,37.8411],[138.2491,37.8411],[138.2491,37.8411]]],[[[138.2494,37.8412],[138.2492,37.8412],[138.2493,37.8413],[138.2494,37.8412]]],[[[138.2495,37.8417],[138.2495,37.8416],[138.2494,37.8416],[138.2495,37.8417]]],[[[138.2494,37.8421],[138.2493,37.842],[138.2492,37.842],[138.2494,37.8421]]],[[[138.2497,37.8424],[138.2497,37.8425],[138.2498,37.8424],[138.2497,37.8424]]],[[[138.2496,37.8426],[138.2495,37.8425],[138.2495,37.8425],[138.2496,37.8426]]],[[[138.2498,37.8428],[138.2497,37.8429],[138.2498,37.8429],[138.2498,37.8428]]],[[[138.2495,37.843],[138.2497,37.843],[138.2496,37.843],[138.2495,37.843]]],[[[138.2618,37.8436],[138.2618,37.8434],[138.2617,37.8435],[138.2618,37.8436]]],[[[138.2614,37.8436],[138.2616,37.8436],[138.2617,37.8436],[138.2614,37.8436]]],[[[138.2498,37.844],[138.2499,37.8439],[138.2495,37.8438],[138.2498,37.844]]],[[[138.2641,37.844],[138.264,37.8441],[138.2641,37.8441],[138.2641,37.844]]],[[[138.2555,37.8446],[138.2561,37.8443],[138.2553,37.8444],[138.2555,37.8446]]],[[[138.2532,37.8446],[138.2529,37.8446],[138.2531,37.8447],[138.2532,37.8446]]],[[[138.2538,37.8447],[138.2541,37.8445],[138.2537,37.8446],[138.2538,37.8447]]],[[[138.2559,37.8446],[138.2558,37.8446],[138.256,37.8446],[138.2559,37.8446]]],[[[138.2812,37.902],[138.281,37.9021],[138.2812,37.9021],[138.2812,37.902]]],[[[138.2812,37.9025],[138.2813,37.9024],[138.2811,37.9025],[138.2812,37.9025]]],[[[138.2811,37.9027],[138.2813,37.9027],[138.2811,37.9027],[138.2811,37.9027]]],[[[138.2814,37.9032],[138.2813,37.9034],[138.2814,37.9034],[138.2814,37.9032]]],[[[138.276,37.9061],[138.2761,37.9061],[138.276,37.906],[138.276,37.9061]]],[[[138.2787,37.9061],[138.2787,37.9062],[138.2788,37.9062],[138.2787,37.9061]]],[[[138.2785,37.9064],[138.2784,37.9063],[138.2783,37.9064],[138.2785,37.9064]]],[[[138.2774,37.9069],[138.2775,37.9069],[138.2774,37.9068],[138.2774,37.9069]]],[[[138.2774,37.9075],[138.2774,37.9074],[138.2774,37.9074],[138.2774,37.9075]]],[[[138.278,37.9077],[138.2779,37.9076],[138.2778,37.9077],[138.278,37.9077]]],[[[138.2772,37.9079],[138.2772,37.9077],[138.2771,37.9077],[138.2772,37.9079]]],[[[138.2797,37.9108],[138.2796,37.9109],[138.2797,37.9108],[138.2797,37.9108]]],[[[138.2795,37.9112],[138.2794,37.9111],[138.2794,37.9112],[138.2795,37.9112]]],[[[138.2801,37.9115],[138.28,37.9115],[138.2799,37.9115],[138.2801,37.9115]]],[[[138.2801,37.9117],[138.28,37.9116],[138.28,37.9117],[138.2801,37.9117]]],[[[138.2493,37.9609],[138.2491,37.9608],[138.2491,37.9609],[138.2493,37.9609]]],[[[138.2491,37.9611],[138.249,37.961],[138.249,37.961],[138.2491,37.9611]]],[[[138.2494,37.9613],[138.2493,37.9616],[138.2496,37.9614],[138.2494,37.9613]]],[[[138.2501,37.9638],[138.25,37.9639],[138.2501,37.9639],[138.2501,37.9638]]],[[[138.2498,37.964],[138.2497,37.964],[138.2497,37.964],[138.2498,37.964]]],[[[138.2524,37.9642],[138.2525,37.964],[138.2523,37.964],[138.2524,37.9642]]],[[[138.2534,37.9642],[138.2535,37.9641],[138.2534,37.9641],[138.2534,37.9642]]],[[[138.2499,37.9642],[138.2499,37.9641],[138.2498,37.9641],[138.2499,37.9642]]],[[[138.2529,37.9641],[138.2529,37.9642],[138.253,37.9642],[138.2529,37.9641]]],[[[138.2502,37.9643],[138.2501,37.9643],[138.2502,37.9643],[138.2502,37.9643]]],[[[138.25,37.9644],[138.2501,37.9645],[138.2501,37.9644],[138.25,37.9644]]],[[[138.2555,37.966],[138.2553,37.966],[138.2553,37.966],[138.2555,37.966]]],[[[138.2556,37.9661],[138.2555,37.9661],[138.2556,37.9662],[138.2556,37.9661]]],[[[138.2567,37.9679],[138.2569,37.9679],[138.2568,37.9678],[138.2567,37.9679]]],[[[138.2578,37.9694],[138.2577,37.9692],[138.2578,37.9694],[138.2578,37.9694]]],[[[138.2582,37.9736],[138.2582,37.973],[138.2581,37.973],[138.2582,37.9736]]],[[[138.2587,37.9731],[138.2589,37.9736],[138.259,37.9736],[138.2587,37.9731]]],[[[138.2584,37.9737],[138.2588,37.9744],[138.2589,37.9743],[138.2584,37.9737]]],[[[138.2591,37.975],[138.2589,37.9744],[138.2588,37.9744],[138.2591,37.975]]],[[[138.2644,37.9804],[138.2646,37.9781],[138.2643,37.9804],[138.2644,37.9804]]],[[[138.275,38.0024],[138.2753,38.0027],[138.2753,38.0027],[138.275,38.0024]]],[[[138.2758,38.0031],[138.2755,38.0028],[138.2754,38.0028],[138.2758,38.0031]]],[[[138.2783,38.0042],[138.2785,38.0043],[138.2785,38.0043],[138.2783,38.0042]]],[[[138.2789,38.0044],[138.2788,38.0045],[138.2794,38.0046],[138.2789,38.0044]]],[[[138.2803,38.005],[138.2803,38.0049],[138.2797,38.0048],[138.2803,38.005]]],[[[138.2815,38.0054],[138.2816,38.0053],[138.2807,38.0051],[138.2815,38.0054]]],[[[138.2542,38.0951],[138.2543,38.0952],[138.2545,38.095],[138.2542,38.0951]]],[[[138.2528,38.0957],[138.2525,38.0952],[138.2523,38.0953],[138.2528,38.0957]]],[[[138.2548,38.0965],[138.2551,38.0963],[138.2549,38.0962],[138.2548,38.0965]]],[[[138.2576,38.0969],[138.2578,38.097],[138.2578,38.0968],[138.2576,38.0969]]],[[[138.2602,38.0987],[138.2604,38.0991],[138.2605,38.099],[138.2602,38.0987]]],[[[138.2591,38.0998],[138.259,38.0998],[138.259,38.0999],[138.2591,38.0998]]],[[[138.2596,38.1],[138.2593,38.1003],[138.2598,38.1002],[138.2596,38.1]]],[[[138.259,38.1019],[138.2591,38.102],[138.2591,38.1019],[138.259,38.1019]]],[[[138.2596,38.1025],[138.26,38.1024],[138.2598,38.1023],[138.2596,38.1025]]],[[[138.2602,38.1027],[138.2602,38.1025],[138.2601,38.1026],[138.2602,38.1027]]],[[[138.2599,38.1028],[138.2599,38.1029],[138.26,38.1028],[138.2599,38.1028]]],[[[138.2616,38.1034],[138.2617,38.1035],[138.2617,38.1034],[138.2616,38.1034]]],[[[138.2605,38.1047],[138.2604,38.1046],[138.2603,38.1047],[138.2605,38.1047]]],[[[138.2623,38.105],[138.2621,38.1052],[138.2624,38.1051],[138.2623,38.105]]],[[[138.261,38.1055],[138.2611,38.1055],[138.2609,38.1055],[138.261,38.1055]]],[[[138.2608,38.1057],[138.2608,38.1059],[138.2609,38.1058],[138.2608,38.1057]]],[[[138.2645,38.1076],[138.2644,38.1076],[138.2644,38.1077],[138.2645,38.1076]]],[[[138.2643,38.1078],[138.2642,38.1078],[138.2642,38.1078],[138.2643,38.1078]]],[[[138.2671,38.1114],[138.267,38.1115],[138.2671,38.1114],[138.2671,38.1114]]],[[[138.2667,38.1129],[138.267,38.1128],[138.267,38.1127],[138.2667,38.1129]]],[[[138.2683,38.1131],[138.2682,38.1129],[138.268,38.113],[138.2683,38.1131]]],[[[138.2672,38.1131],[138.2674,38.1134],[138.2675,38.1131],[138.2672,38.1131]]],[[[138.2693,38.1137],[138.2693,38.1135],[138.2692,38.1137],[138.2693,38.1137]]],[[[138.2726,38.1173],[138.2727,38.1168],[138.2726,38.1168],[138.2726,38.1173]]],[[[138.2728,38.1176],[138.2725,38.1175],[138.2726,38.1177],[138.2728,38.1176]]],[[[138.2725,38.1174],[138.2725,38.1177],[138.2726,38.1182],[138.2725,38.1174]]],[[[138.2658,38.1225],[138.2659,38.1225],[138.2659,38.1224],[138.2658,38.1225]]],[[[138.2871,37.8101],[138.2868,37.81],[138.287,37.8102],[138.2871,37.8101]]],[[[138.2875,37.8106],[138.2871,37.8103],[138.287,37.8103],[138.2875,37.8106]]],[[[138.2873,37.8106],[138.2872,37.8107],[138.2873,37.8107],[138.2873,37.8106]]],[[[138.282,37.8109],[138.2821,37.8108],[138.282,37.8108],[138.282,37.8109]]],[[[138.2882,37.8117],[138.2876,37.8107],[138.2875,37.8107],[138.2882,37.8117]]],[[[138.2881,37.812],[138.288,37.8122],[138.2881,37.8122],[138.2881,37.812]]],[[[138.2883,37.8124],[138.2883,37.8123],[138.2882,37.8123],[138.2883,37.8124]]],[[[138.2911,37.8132],[138.2909,37.813],[138.2908,37.8132],[138.2911,37.8132]]],[[[138.2886,37.8123],[138.2898,37.8142],[138.2918,37.8153],[138.2886,37.8123]]],[[[138.2941,37.8147],[138.2941,37.8146],[138.2918,37.8149],[138.2941,37.8147]]],[[[138.2891,37.8194],[138.289,37.8195],[138.2892,37.8195],[138.2891,37.8194]]],[[[138.2899,37.8208],[138.29,37.8206],[138.2898,37.8206],[138.2899,37.8208]]],[[[138.2911,37.8212],[138.2912,37.8209],[138.2911,37.821],[138.2911,37.8212]]],[[[138.3216,37.8235],[138.3217,37.8235],[138.3218,37.8234],[138.3216,37.8235]]],[[[138.3217,37.8245],[138.322,37.8246],[138.3216,37.8244],[138.3217,37.8245]]],[[[138.3034,37.8249],[138.3042,37.8252],[138.3034,37.8248],[138.3034,37.8249]]],[[[138.3218,37.8252],[138.3218,37.8251],[138.3217,37.8251],[138.3218,37.8252]]],[[[138.3216,37.8253],[138.3216,37.8252],[138.3215,37.8252],[138.3216,37.8253]]],[[[138.2862,37.8816],[138.2864,37.8817],[138.2863,37.8816],[138.2862,37.8816]]],[[[138.2864,37.8821],[138.2863,37.8822],[138.2864,37.8823],[138.2864,37.8821]]],[[[138.2868,37.8826],[138.2866,37.8823],[138.2866,37.8825],[138.2868,37.8826]]],[[[138.2887,37.8891],[138.2887,37.8889],[138.2886,37.889],[138.2887,37.8891]]],[[[138.2894,37.8896],[138.2894,37.8894],[138.2892,37.8895],[138.2894,37.8896]]],[[[138.2898,37.8903],[138.2896,37.8901],[138.2894,37.8903],[138.2898,37.8903]]],[[[138.2893,37.8936],[138.2893,37.8938],[138.2895,37.8937],[138.2893,37.8936]]],[[[138.2858,37.8985],[138.2857,37.8986],[138.2859,37.8986],[138.2858,37.8985]]],[[[138.2862,37.8987],[138.2862,37.8988],[138.2863,37.8988],[138.2862,37.8987]]],[[[138.2864,37.8989],[138.2865,37.8989],[138.2865,37.8988],[138.2864,37.8989]]],[[[138.2851,37.8992],[138.2853,37.8994],[138.2854,37.8993],[138.2851,37.8992]]],[[[138.2851,37.8996],[138.2853,37.8998],[138.2853,37.8997],[138.2851,37.8996]]],[[[138.2849,37.9007],[138.285,37.9005],[138.2849,37.9006],[138.2849,37.9007]]],[[[138.2842,37.9006],[138.2841,37.9006],[138.2842,37.9007],[138.2842,37.9006]]],[[[138.2845,37.9006],[138.2846,37.9007],[138.2846,37.9007],[138.2845,37.9006]]],[[[138.2847,37.9008],[138.2849,37.9008],[138.2847,37.9007],[138.2847,37.9008]]],[[[138.2822,37.9116],[138.2821,37.9117],[138.2823,37.9117],[138.2822,37.9116]]],[[[138.282,37.9118],[138.282,37.9117],[138.2819,37.9117],[138.282,37.9118]]],[[[138.2818,37.9132],[138.282,37.9132],[138.2819,37.9132],[138.2818,37.9132]]],[[[138.2827,37.9145],[138.2828,37.9146],[138.283,37.9145],[138.2827,37.9145]]],[[[138.3179,37.9981],[138.3184,37.9978],[138.3178,37.9981],[138.3179,37.9981]]],[[[138.3174,37.9984],[138.3171,37.9987],[138.3175,37.9985],[138.3174,37.9984]]],[[[138.3159,37.9993],[138.3154,37.9998],[138.316,37.9994],[138.3159,37.9993]]],[[[138.3149,38.0],[138.3144,38.0005],[138.315,38.0001],[138.3149,38.0]]],[[[138.2817,38.0053],[138.2817,38.0054],[138.2821,38.0054],[138.2817,38.0053]]],[[[138.3013,38.0056],[138.3024,38.0054],[138.3013,38.0054],[138.3013,38.0056]]],[[[138.2999,38.0057],[138.2989,38.006],[138.2999,38.0058],[138.2999,38.0057]]],[[[138.2939,38.0063],[138.2929,38.0061],[138.2929,38.0062],[138.2939,38.0063]]],[[[138.2959,38.0063],[138.2969,38.0062],[138.2959,38.0063],[138.2959,38.0063]]],[[[138.2956,38.0063],[138.2945,38.0063],[138.2956,38.0063],[138.2956,38.0063]]],[[[138.2891,38.0066],[138.2898,38.0065],[138.2891,38.0065],[138.2891,38.0066]]],[[[138.2905,38.0065],[138.2911,38.0066],[138.2911,38.0065],[138.2905,38.0065]]],[[[138.2916,38.0065],[138.2922,38.0066],[138.2922,38.0065],[138.2916,38.0065]]],[[[138.2878,38.0066],[138.2883,38.0065],[138.2878,38.0065],[138.2878,38.0066]]],[[[138.2912,38.1419],[138.2913,38.142],[138.2913,38.1419],[138.2912,38.1419]]],[[[138.2909,38.142],[138.2909,38.1422],[138.2911,38.1422],[138.2909,38.142]]],[[[138.2904,38.1425],[138.2905,38.1425],[138.2904,38.1424],[138.2904,38.1425]]],[[[138.2931,38.1435],[138.293,38.1437],[138.2934,38.1436],[138.2931,38.1435]]],[[[138.2938,38.1436],[138.294,38.1438],[138.294,38.1435],[138.2938,38.1436]]],[[[138.295,38.1451],[138.2949,38.1453],[138.295,38.1452],[138.295,38.1451]]],[[[138.2958,38.1456],[138.296,38.146],[138.2961,38.1457],[138.2958,38.1456]]],[[[138.297,38.1472],[138.2973,38.1474],[138.2973,38.1472],[138.297,38.1472]]],[[[138.2987,38.1475],[138.2988,38.1477],[138.2989,38.1477],[138.2987,38.1475]]],[[[138.2972,38.1476],[138.2971,38.1477],[138.2972,38.1477],[138.2972,38.1476]]],[[[138.2985,38.1492],[138.2985,38.1491],[138.2984,38.1492],[138.2985,38.1492]]],[[[138.3007,38.1513],[138.301,38.1513],[138.3007,38.1511],[138.3007,38.1513]]],[[[138.2999,38.1514],[138.2999,38.1512],[138.2997,38.1513],[138.2999,38.1514]]],[[[138.2975,38.1535],[138.2976,38.1533],[138.2975,38.1534],[138.2975,38.1535]]],[[[138.2981,38.1538],[138.2983,38.1537],[138.2981,38.1536],[138.2981,38.1538]]],[[[138.2985,38.1541],[138.2986,38.154],[138.2984,38.154],[138.2985,38.1541]]],[[[138.299,38.1544],[138.2991,38.1547],[138.2992,38.1544],[138.299,38.1544]]],[[[138.2966,38.1556],[138.2969,38.1556],[138.2967,38.1555],[138.2966,38.1556]]],[[[138.2964,38.1559],[138.2968,38.156],[138.2968,38.1558],[138.2964,38.1559]]],[[[138.295,38.1573],[138.2951,38.1572],[138.295,38.1572],[138.295,38.1573]]],[[[138.296,38.1573],[138.2963,38.1573],[138.2959,38.1572],[138.296,38.1573]]],[[[138.2953,38.1574],[138.2953,38.1576],[138.2954,38.1576],[138.2953,38.1574]]],[[[138.2965,38.1577],[138.2964,38.1578],[138.2965,38.1577],[138.2965,38.1577]]],[[[138.2954,38.1579],[138.2957,38.158],[138.2957,38.1579],[138.2954,38.1579]]],[[[138.2964,38.1588],[138.2966,38.1585],[138.2962,38.1585],[138.2964,38.1588]]],[[[138.2971,38.1587],[138.2968,38.1587],[138.2968,38.1588],[138.2971,38.1587]]],[[[138.2951,38.1587],[138.2953,38.1587],[138.2953,38.1586],[138.2951,38.1587]]],[[[138.2944,38.1588],[138.2945,38.1589],[138.2945,38.1589],[138.2944,38.1588]]],[[[138.2964,38.1588],[138.2965,38.159],[138.2966,38.1589],[138.2964,38.1588]]],[[[138.2965,38.1591],[138.2969,38.1594],[138.2969,38.1593],[138.2965,38.1591]]],[[[138.295,38.16],[138.2951,38.1601],[138.2951,38.16],[138.295,38.16]]],[[[138.3019,38.1619],[138.3022,38.1619],[138.3019,38.1618],[138.3019,38.1619]]],[[[138.3019,38.1622],[138.3019,38.1621],[138.3017,38.1621],[138.3019,38.1622]]],[[[138.3021,38.1624],[138.3022,38.1623],[138.302,38.1623],[138.3021,38.1624]]],[[[138.3082,38.1698],[138.3069,38.1693],[138.3071,38.17],[138.3082,38.1698]]],[[[138.3106,38.1726],[138.3105,38.1727],[138.3106,38.1727],[138.3106,38.1726]]],[[[138.3099,38.1727],[138.3102,38.1728],[138.3102,38.1726],[138.3099,38.1727]]],[[[138.3126,38.1745],[138.3129,38.1744],[138.3126,38.1743],[138.3126,38.1745]]],[[[138.3129,38.1748],[138.3127,38.1747],[138.3127,38.1748],[138.3129,38.1748]]],[[[138.3138,38.1749],[138.3138,38.1747],[138.3137,38.1748],[138.3138,38.1749]]],[[[138.3136,38.1752],[138.3134,38.1751],[138.3134,38.1752],[138.3136,38.1752]]],[[[138.3132,38.1755],[138.3131,38.1754],[138.3131,38.1755],[138.3132,38.1755]]],[[[138.3132,38.1758],[138.3133,38.1755],[138.3132,38.1756],[138.3132,38.1758]]],[[[138.3133,38.1784],[138.3132,38.1782],[138.3131,38.1783],[138.3133,38.1784]]],[[[138.3127,38.1787],[138.3129,38.1789],[138.3129,38.1789],[138.3127,38.1787]]],[[[138.315,38.1864],[138.3152,38.1864],[138.315,38.1863],[138.315,38.1864]]],[[[138.318,38.1873],[138.318,38.1871],[138.3179,38.1872],[138.318,38.1873]]],[[[138.3185,38.2054],[138.3185,38.2053],[138.3184,38.2053],[138.3185,38.2054]]],[[[138.3193,38.2057],[138.3192,38.2058],[138.3194,38.2058],[138.3193,38.2057]]],[[[138.3183,38.2058],[138.3185,38.2057],[138.3182,38.2057],[138.3183,38.2058]]],[[[138.3178,38.2057],[138.3176,38.206],[138.3179,38.2061],[138.3178,38.2057]]],[[[138.3194,38.2062],[138.3195,38.206],[138.3194,38.206],[138.3194,38.2062]]],[[[138.319,38.2058],[138.3184,38.2065],[138.3192,38.2064],[138.319,38.2058]]],[[[138.3223,37.8231],[138.3223,37.8233],[138.3224,37.8231],[138.3223,37.8231]]],[[[138.3308,37.8244],[138.331,37.8244],[138.3308,37.8243],[138.3308,37.8244]]],[[[138.329,37.8245],[138.3289,37.8246],[138.329,37.8246],[138.329,37.8245]]],[[[138.3295,37.8247],[138.3294,37.8247],[138.3295,37.8248],[138.3295,37.8247]]],[[[138.3299,37.8248],[138.3299,37.8248],[138.33,37.8248],[138.3299,37.8248]]],[[[138.3418,37.8249],[138.3417,37.8248],[138.3417,37.8249],[138.3418,37.8249]]],[[[138.3302,37.8249],[138.3301,37.8249],[138.3302,37.8249],[138.3302,37.8249]]],[[[138.3423,37.825],[138.3424,37.8251],[138.3425,37.825],[138.3423,37.825]]],[[[138.3376,37.8255],[138.3378,37.8255],[138.3376,37.8254],[138.3376,37.8255]]],[[[138.3372,37.8256],[138.3372,37.8256],[138.3371,37.8256],[138.3372,37.8256]]],[[[138.338,37.8257],[138.3381,37.8256],[138.338,37.8257],[138.338,37.8257]]],[[[138.3373,37.8259],[138.3372,37.8259],[138.3372,37.8259],[138.3373,37.8259]]],[[[138.338,37.8259],[138.3381,37.826],[138.3381,37.8259],[138.338,37.8259]]],[[[138.3384,37.826],[138.3382,37.8259],[138.3383,37.826],[138.3384,37.826]]],[[[138.347,37.8273],[138.3468,37.8273],[138.347,37.8273],[138.347,37.8273]]],[[[138.3477,37.8274],[138.3477,37.8273],[138.3476,37.8274],[138.3477,37.8274]]],[[[138.3485,37.8275],[138.3487,37.8276],[138.3485,37.8274],[138.3485,37.8275]]],[[[138.3506,37.8282],[138.3507,37.8283],[138.3507,37.8283],[138.3506,37.8282]]],[[[138.3506,37.8287],[138.3506,37.8287],[138.3505,37.8287],[138.3506,37.8287]]],[[[138.3505,37.8288],[138.3504,37.8288],[138.3505,37.8288],[138.3505,37.8288]]],[[[138.3568,37.8289],[138.3569,37.829],[138.3569,37.829],[138.3568,37.8289]]],[[[138.357,37.829],[138.3571,37.8291],[138.3571,37.829],[138.357,37.829]]],[[[138.3546,37.8291],[138.3544,37.8291],[138.3545,37.8291],[138.3546,37.8291]]],[[[138.3548,37.8291],[138.3547,37.8291],[138.3546,37.8291],[138.3548,37.8291]]],[[[138.3568,37.8292],[138.3568,37.8291],[138.3567,37.8291],[138.3568,37.8292]]],[[[138.3537,37.8292],[138.3536,37.8291],[138.3536,37.8291],[138.3537,37.8292]]],[[[138.3532,37.8289],[138.3526,37.8294],[138.3535,37.8292],[138.3532,37.8289]]],[[[138.3569,37.8294],[138.3569,37.8293],[138.3568,37.8294],[138.3569,37.8294]]],[[[138.3569,37.8296],[138.3566,37.8295],[138.3565,37.8296],[138.3569,37.8296]]],[[[138.3555,37.8297],[138.3556,37.8296],[138.3554,37.8296],[138.3555,37.8297]]],[[[138.3567,37.8298],[138.3566,37.8299],[138.3567,37.8299],[138.3567,37.8298]]],[[[138.3565,37.83],[138.3565,37.8301],[138.3566,37.8301],[138.3565,37.83]]],[[[138.3595,37.8304],[138.3596,37.8303],[138.3593,37.8303],[138.3595,37.8304]]],[[[138.3611,37.8306],[138.3612,37.8308],[138.3612,37.8307],[138.3611,37.8306]]],[[[138.3612,37.831],[138.3609,37.831],[138.3612,37.8311],[138.3612,37.831]]],[[[138.3608,37.8312],[138.3609,37.8313],[138.3609,37.8312],[138.3608,37.8312]]],[[[138.3614,37.8314],[138.3615,37.8314],[138.3614,37.8314],[138.3614,37.8314]]],[[[138.3664,37.835],[138.3664,37.8351],[138.3665,37.8351],[138.3664,37.835]]],[[[138.3669,37.8353],[138.3669,37.8354],[138.3669,37.8353],[138.3669,37.8353]]],[[[138.3685,37.8354],[138.3684,37.8354],[138.3685,37.8355],[138.3685,37.8354]]],[[[138.3664,37.8356],[138.3663,37.8354],[138.3661,37.8355],[138.3664,37.8356]]],[[[138.3686,37.8357],[138.3688,37.8357],[138.3685,37.8356],[138.3686,37.8357]]],[[[138.3655,37.8357],[138.3657,37.8357],[138.3655,37.8356],[138.3655,37.8357]]],[[[138.3657,37.8359],[138.3658,37.8358],[138.3657,37.8358],[138.3657,37.8359]]],[[[138.3662,37.836],[138.3662,37.8359],[138.3661,37.8359],[138.3662,37.836]]],[[[138.3709,37.8365],[138.3713,37.8369],[138.3717,37.8369],[138.3709,37.8365]]],[[[138.3727,37.8379],[138.3727,37.8377],[138.3726,37.8377],[138.3727,37.8379]]],[[[138.3731,37.8383],[138.3732,37.8382],[138.3731,37.8383],[138.3731,37.8383]]],[[[138.3732,37.8384],[138.3733,37.8385],[138.3734,37.8384],[138.3732,37.8384]]],[[[138.3749,37.8392],[138.3753,37.8389],[138.375,37.8388],[138.3749,37.8392]]],[[[138.3744,37.8392],[138.3745,37.8392],[138.3744,37.8391],[138.3744,37.8392]]],[[[138.3746,37.8392],[138.3747,37.8393],[138.3747,37.8392],[138.3746,37.8392]]],[[[138.3769,37.8415],[138.3769,37.8414],[138.3768,37.8414],[138.3769,37.8415]]],[[[138.3791,37.8424],[138.3791,37.8423],[138.3791,37.8423],[138.3791,37.8424]]],[[[138.3793,37.8425],[138.3792,37.8424],[138.3792,37.8425],[138.3793,37.8425]]],[[[138.3804,37.8426],[138.3806,37.8426],[138.3806,37.8425],[138.3804,37.8426]]],[[[138.3801,37.8427],[138.3801,37.8427],[138.3802,37.8427],[138.3801,37.8427]]],[[[138.3808,37.8427],[138.3809,37.8428],[138.381,37.8427],[138.3808,37.8427]]],[[[138.3824,37.8442],[138.3824,37.8443],[138.3825,37.8443],[138.3824,37.8442]]],[[[138.3831,37.8445],[138.3831,37.8446],[138.3831,37.8445],[138.3831,37.8445]]],[[[138.3833,37.8448],[138.3833,37.8447],[138.3832,37.8447],[138.3833,37.8448]]],[[[138.3295,37.9513],[138.3296,37.9512],[138.3293,37.9511],[138.3295,37.9513]]],[[[138.3304,37.9526],[138.3305,37.9526],[138.33,37.9517],[138.3304,37.9526]]],[[[138.3302,37.953],[138.3304,37.9534],[138.3303,37.953],[138.3302,37.953]]],[[[138.3419,37.9619],[138.3421,37.9628],[138.3422,37.9628],[138.3419,37.9619]]],[[[138.3424,37.9639],[138.3423,37.963],[138.3422,37.963],[138.3424,37.9639]]],[[[138.3426,37.9649],[138.3428,37.9656],[138.3427,37.9649],[138.3426,37.9649]]],[[[138.3425,37.9667],[138.3427,37.9673],[138.3426,37.9667],[138.3425,37.9667]]],[[[138.3427,37.9681],[138.3426,37.9676],[138.3426,37.9681],[138.3427,37.9681]]],[[[138.3426,37.9684],[138.3426,37.969],[138.3427,37.9684],[138.3426,37.9684]]],[[[138.341,37.9698],[138.341,37.9708],[138.3412,37.9698],[138.341,37.9698]]],[[[138.3397,37.975],[138.3404,37.9735],[138.3394,37.975],[138.3397,37.975]]],[[[138.3237,38.191],[138.3235,38.1909],[138.3237,38.191],[138.3237,38.191]]],[[[138.3238,38.1914],[138.3239,38.1915],[138.3238,38.1913],[138.3238,38.1914]]],[[[138.3237,38.1915],[138.3235,38.1915],[138.3237,38.1916],[138.3237,38.1915]]],[[[138.3234,38.1962],[138.3237,38.196],[138.3235,38.196],[138.3234,38.1962]]],[[[138.3248,38.1975],[138.3245,38.1979],[138.3248,38.1979],[138.3248,38.1975]]],[[[138.3241,38.1983],[138.3244,38.1983],[138.3244,38.1982],[138.3241,38.1983]]],[[[138.3347,38.1985],[138.335,38.1986],[138.3347,38.1983],[138.3347,38.1985]]],[[[138.3261,38.1998],[138.3264,38.1997],[138.3262,38.1995],[138.3261,38.1998]]],[[[138.3297,38.2001],[138.3301,38.1999],[138.3298,38.1999],[138.3297,38.2001]]],[[[138.3418,38.2001],[138.342,38.2],[138.3417,38.2],[138.3418,38.2001]]],[[[138.3395,38.2018],[138.3378,38.201],[138.3356,38.1996],[138.3356,38.2001],[138.3395,38.2018]]],[[[138.3244,38.2004],[138.325,38.2014],[138.3253,38.2005],[138.3244,38.2004]]],[[[138.3256,38.2013],[138.3259,38.2014],[138.3259,38.2013],[138.3256,38.2013]]],[[[138.3447,38.2022],[138.3451,38.2021],[138.3446,38.2021],[138.3447,38.2022]]],[[[138.3446,38.2028],[138.3451,38.2027],[138.3446,38.2026],[138.3446,38.2028]]],[[[138.3472,38.2029],[138.347,38.2029],[138.3471,38.203],[138.3472,38.2029]]],[[[138.3474,38.2034],[138.3477,38.2035],[138.3476,38.2033],[138.3474,38.2034]]],[[[138.3511,38.2052],[138.3512,38.205],[138.351,38.2051],[138.3511,38.2052]]],[[[138.3514,38.2057],[138.3515,38.2061],[138.3516,38.2059],[138.3514,38.2057]]],[[[138.3543,38.2097],[138.3544,38.2095],[138.3542,38.2095],[138.3543,38.2097]]],[[[138.354,38.2097],[138.3543,38.2102],[138.3544,38.2099],[138.354,38.2097]]],[[[138.3541,38.2106],[138.3541,38.2103],[138.354,38.2105],[138.3541,38.2106]]],[[[138.3582,38.2129],[138.3581,38.2128],[138.358,38.2129],[138.3582,38.2129]]],[[[138.3578,38.2133],[138.3581,38.2133],[138.3582,38.2132],[138.3578,38.2133]]],[[[138.3568,38.2136],[138.357,38.2137],[138.3571,38.2136],[138.3568,38.2136]]],[[[138.361,38.2188],[138.3609,38.2186],[138.3608,38.2187],[138.361,38.2188]]],[[[138.3746,38.2253],[138.3741,38.2262],[138.3747,38.2256],[138.3746,38.2253]]],[[[138.3744,38.2273],[138.3744,38.2274],[138.3745,38.2273],[138.3744,38.2273]]],[[[138.3741,38.228],[138.3741,38.2278],[138.374,38.2279],[138.3741,38.228]]],[[[138.3725,38.2284],[138.3723,38.2288],[138.3728,38.2285],[138.3725,38.2284]]],[[[138.3735,38.2292],[138.3727,38.2287],[138.3725,38.2294],[138.3735,38.2292]]],[[[138.3736,38.2295],[138.3739,38.2297],[138.3739,38.2295],[138.3736,38.2295]]],[[[138.3813,38.2335],[138.3812,38.2339],[138.3815,38.2335],[138.3813,38.2335]]],[[[138.3838,37.8458],[138.3837,37.8459],[138.3838,37.8459],[138.3838,37.8458]]],[[[138.3939,37.8538],[138.3938,37.8537],[138.3938,37.8538],[138.3939,37.8538]]],[[[138.3942,37.8539],[138.3942,37.854],[138.3942,37.8539],[138.3942,37.8539]]],[[[138.3943,37.8542],[138.3944,37.8543],[138.3944,37.8542],[138.3943,37.8542]]],[[[138.3946,37.8548],[138.3946,37.8548],[138.3946,37.8548],[138.3946,37.8548]]],[[[138.3955,37.8552],[138.3955,37.8551],[138.3955,37.8552],[138.3955,37.8552]]],[[[138.3953,37.8553],[138.3952,37.8553],[138.3953,37.8553],[138.3953,37.8553]]],[[[138.4424,37.883],[138.4424,37.8828],[138.4423,37.883],[138.4424,37.883]]],[[[138.2493,37.8031],[138.2356,37.8085],[138.2304,37.806],[138.226,37.8098],[138.2254,37.8082],[138.2213,37.8101],[138.2162,37.8098],[138.2176,37.8172],[138.2085,37.8162],[138.2073,37.8214],[138.2044,37.8203],[138.2077,37.825],[138.2072,37.8275],[138.2054,37.8285],[138.2088,37.8284],[138.2135,37.8313],[138.2166,37.8376],[138.2252,37.8353],[138.2371,37.8404],[138.2374,37.839],[138.2388,37.8384],[138.2465,37.8378],[138.2496,37.84],[138.2508,37.844],[138.2598,37.8417],[138.2647,37.844],[138.2692,37.8478],[138.2899,37.8855],[138.2882,37.8884],[138.2901,37.8899],[138.2905,37.8922],[138.2894,37.8972],[138.2784,37.9074],[138.2814,37.9092],[138.2853,37.9161],[138.2846,37.9195],[138.3074,37.9411],[138.3293,37.9498],[138.3316,37.9523],[138.3325,37.9574],[138.3331,37.9589],[138.3365,37.9571],[138.3356,37.9592],[138.3407,37.9598],[138.3427,37.9625],[138.3437,37.9657],[138.3412,37.978],[138.3278,37.9919],[138.3134,38.0021],[138.298,38.0072],[138.2859,38.0065],[138.2826,38.0043],[138.2819,38.0058],[138.2762,38.0037],[138.2741,38.0022],[138.2586,37.976],[138.2609,37.9757],[138.2608,37.9765],[138.266,37.9767],[138.2624,37.9765],[138.261,37.9757],[138.2585,37.9755],[138.2549,37.9647],[138.2494,37.9653],[138.2485,37.9684],[138.2451,37.9695],[138.243,37.9712],[138.2398,37.9725],[138.2388,37.9712],[138.2382,37.9714],[138.2356,37.9745],[138.2372,37.9706],[138.2333,37.9764],[138.231,37.9763],[138.23,37.9797],[138.2272,37.9797],[138.2347,37.9842],[138.2317,37.9894],[138.2351,37.9927],[138.2344,38.0041],[138.2225,38.0106],[138.2239,38.0189],[138.2213,38.0222],[138.228,38.023],[138.2322,38.0255],[138.2359,38.0253],[138.2384,38.028],[138.2388,38.0321],[138.2344,38.0387],[138.2359,38.0414],[138.233,38.0421],[138.2381,38.0473],[138.2338,38.0514],[138.2363,38.0533],[138.233,38.0619],[138.2407,38.0668],[138.2456,38.0732],[138.2429,38.0756],[138.2479,38.0762],[138.2418,38.0867],[138.2461,38.0863],[138.2438,38.0889],[138.2456,38.0884],[138.2495,38.0921],[138.2485,38.096],[138.2547,38.0935],[138.2608,38.097],[138.273,38.1167],[138.2723,38.1202],[138.2684,38.1207],[138.29,38.1339],[138.3021,38.152],[138.2971,38.1572],[138.3118,38.1689],[138.3263,38.1941],[138.3266,38.1963],[138.3244,38.1986],[138.3396,38.1981],[138.3397,38.2008],[138.342,38.1997],[138.3469,38.2017],[138.3638,38.2129],[138.374,38.2223],[138.3756,38.2257],[138.3745,38.2281],[138.3792,38.228],[138.3868,38.2318],[138.3991,38.245],[138.4019,38.2546],[138.4088,38.2486],[138.4287,38.2543],[138.4373,38.262],[138.4392,38.2654],[138.4393,38.2667],[138.437,38.27],[138.4427,38.275],[138.444,38.278],[138.4409,38.2894],[138.4494,38.2963],[138.4538,38.307],[138.454,38.308],[138.4531,38.3085],[138.4637,38.3141],[138.4637,38.317],[138.4629,38.3194],[138.4582,38.3218],[138.4733,38.3222],[138.485,38.3293],[138.4855,38.331],[138.4851,38.3319],[138.4889,38.3304],[138.5149,38.3321],[138.517,38.325],[138.522,38.3239],[138.5122,38.3146],[138.5079,38.2952],[138.5098,38.2655],[138.5073,38.2606],[138.5033,38.2407],[138.4924,38.2214],[138.4925,38.2037],[138.4501,38.1461],[138.4352,38.115],[138.4344,38.093],[138.4357,38.0926],[138.4402,38.0895],[138.4342,38.0884],[138.4459,38.0746],[138.4611,38.0699],[138.4614,38.0695],[138.4606,38.0682],[138.4608,38.068],[138.4662,38.066],[138.4814,38.0623],[138.4866,38.0647],[138.492,38.0699],[138.5209,38.0713],[138.5329,38.0747],[138.5357,38.0784],[138.5356,38.0818],[138.5382,38.0799],[138.5532,38.0812],[138.5596,38.0852],[138.5632,38.0881],[138.5627,38.0853],[138.5726,38.0786],[138.5693,38.0737],[138.5716,38.0639],[138.5746,38.0627],[138.5726,38.0623],[138.5672,38.0557],[138.5651,38.0512],[138.5665,38.0505],[138.5663,38.049],[138.563,38.0459],[138.5636,38.0422],[138.5609,38.0408],[138.5533,38.0309],[138.5467,38.0076],[138.5443,38.0068],[138.5392,38.0032],[138.5212,37.9785],[138.5029,37.9439],[138.5027,37.9414],[138.5028,37.9394],[138.5038,37.937],[138.5031,37.9356],[138.5025,37.9333],[138.5015,37.9315],[138.5015,37.9288],[138.5005,37.9281],[138.499,37.9253],[138.5,37.9202],[138.4857,37.917],[138.4802,37.9093],[138.4851,37.9117],[138.485,37.9112],[138.482,37.9095],[138.4805,37.9091],[138.4798,37.9093],[138.4705,37.8968],[138.4644,37.8949],[138.4642,37.893],[138.4274,37.8799],[138.41,37.8676],[138.4209,37.8678],[138.3999,37.8604],[138.3859,37.8488],[138.3815,37.8433],[138.3771,37.8423],[138.3696,37.836],[138.3673,37.8354],[138.3664,37.8361],[138.3651,37.8358],[138.3597,37.8305],[138.3054,37.827],[138.2888,37.8214],[138.2793,37.8139],[138.2868,37.811],[138.2733,37.8156],[138.2493,37.8031]]],[[[138.441,38.0854],[138.4422,38.0849],[138.441,38.0853],[138.441,38.0854]]],[[[138.4384,38.0892],[138.4386,38.0871],[138.4381,38.0883],[138.4384,38.0892]]],[[[138.4408,38.0906],[138.4415,38.0884],[138.4407,38.0906],[138.4408,38.0906]]],[[[138.3844,38.2315],[138.3844,38.2313],[138.3843,38.2313],[138.3844,38.2315]]],[[[138.384,38.2315],[138.3841,38.2314],[138.384,38.2314],[138.384,38.2315]]],[[[138.3849,38.2316],[138.3848,38.2315],[138.3847,38.2315],[138.3849,38.2316]]],[[[138.3856,38.2314],[138.3852,38.2316],[138.3857,38.2315],[138.3856,38.2314]]],[[[138.3881,38.2345],[138.3884,38.2343],[138.388,38.2343],[138.3881,38.2345]]],[[[138.3854,38.2367],[138.3856,38.2369],[138.3856,38.2368],[138.3854,38.2367]]],[[[138.3898,38.2399],[138.3898,38.24],[138.3899,38.24],[138.3898,38.2399]]],[[[138.3899,38.2404],[138.39,38.2402],[138.3899,38.2402],[138.3899,38.2404]]],[[[138.3903,38.2404],[138.3904,38.2404],[138.3903,38.2403],[138.3903,38.2404]]],[[[138.3917,38.2406],[138.3915,38.2407],[138.3916,38.2408],[138.3917,38.2406]]],[[[138.3908,38.2413],[138.3906,38.2412],[138.3907,38.2413],[138.3908,38.2413]]],[[[138.3912,38.2415],[138.3912,38.2414],[138.3911,38.2414],[138.3912,38.2415]]],[[[138.3876,38.2446],[138.3885,38.2437],[138.3872,38.2437],[138.3876,38.2446]]],[[[138.3881,38.2448],[138.3884,38.2447],[138.3883,38.2446],[138.3881,38.2448]]],[[[138.3987,38.2461],[138.399,38.2462],[138.3988,38.246],[138.3987,38.2461]]],[[[138.3932,38.2466],[138.3931,38.2461],[138.3922,38.2459],[138.3932,38.2466]]],[[[138.3919,38.246],[138.3923,38.2466],[138.3925,38.2463],[138.3919,38.246]]],[[[138.3988,38.2463],[138.3988,38.2466],[138.3991,38.2464],[138.3988,38.2463]]],[[[138.3981,38.247],[138.398,38.2469],[138.398,38.247],[138.3981,38.247]]],[[[138.3906,38.2471],[138.3906,38.2473],[138.3908,38.2471],[138.3906,38.2471]]],[[[138.3915,38.2465],[138.3923,38.2483],[138.3931,38.2474],[138.3915,38.2465]]],[[[138.3978,38.2476],[138.3983,38.2482],[138.3982,38.2474],[138.3978,38.2476]]],[[[138.3976,38.2488],[138.3975,38.2489],[138.3976,38.2489],[138.3976,38.2488]]],[[[138.3966,38.2497],[138.3967,38.2501],[138.3968,38.2501],[138.3966,38.2497]]],[[[138.3969,38.2503],[138.397,38.2511],[138.3972,38.2511],[138.3969,38.2503]]],[[[138.4159,38.2522],[138.4157,38.2523],[138.4159,38.2523],[138.4159,38.2522]]],[[[138.4275,38.2543],[138.4274,38.2543],[138.4275,38.2543],[138.4275,38.2543]]],[[[138.4282,38.2544],[138.4283,38.2546],[138.4284,38.2544],[138.4282,38.2544]]],[[[138.4272,38.2546],[138.4273,38.2544],[138.4271,38.2545],[138.4272,38.2546]]],[[[138.4198,38.2546],[138.4196,38.2548],[138.42,38.2547],[138.4198,38.2546]]],[[[138.4285,38.2547],[138.4283,38.2547],[138.4283,38.2548],[138.4285,38.2547]]],[[[138.4203,38.2547],[138.4206,38.2546],[138.4205,38.2545],[138.4203,38.2547]]],[[[138.4178,38.2546],[138.4181,38.255],[138.4181,38.2547],[138.4178,38.2546]]],[[[138.4204,38.2551],[138.4207,38.2552],[138.4206,38.255],[138.4204,38.2551]]],[[[138.4055,38.2555],[138.4055,38.2556],[138.4056,38.2555],[138.4055,38.2555]]],[[[138.4046,38.2556],[138.4047,38.2557],[138.4047,38.2556],[138.4046,38.2556]]],[[[138.4301,38.2566],[138.4303,38.2569],[138.4303,38.2566],[138.4301,38.2566]]],[[[138.4307,38.257],[138.4307,38.2569],[138.4306,38.2569],[138.4307,38.257]]],[[[138.431,38.2575],[138.431,38.2573],[138.4309,38.2573],[138.431,38.2575]]],[[[138.4387,38.2655],[138.4388,38.2654],[138.4386,38.2654],[138.4387,38.2655]]],[[[138.4387,38.2659],[138.4387,38.266],[138.4388,38.266],[138.4387,38.2659]]],[[[138.4385,38.2661],[138.4387,38.2666],[138.439,38.2664],[138.4385,38.2661]]],[[[138.4387,38.2669],[138.4386,38.267],[138.4387,38.267],[138.4387,38.2669]]],[[[138.4382,38.2731],[138.4383,38.273],[138.4382,38.2731],[138.4382,38.2731]]],[[[138.4424,38.2758],[138.4425,38.2755],[138.4423,38.2756],[138.4424,38.2758]]],[[[138.4424,38.2764],[138.4424,38.2762],[138.4423,38.2762],[138.4424,38.2764]]],[[[138.4423,38.2765],[138.4421,38.2764],[138.4423,38.2765],[138.4423,38.2765]]],[[[138.4413,38.277],[138.4412,38.2769],[138.4412,38.277],[138.4413,38.277]]],[[[138.441,38.2768],[138.4408,38.2772],[138.441,38.2771],[138.441,38.2768]]],[[[138.442,38.2803],[138.4419,38.2804],[138.4421,38.2804],[138.442,38.2803]]],[[[138.4424,38.2803],[138.4423,38.2806],[138.4426,38.2807],[138.4424,38.2803]]],[[[138.4409,38.2807],[138.441,38.2809],[138.4411,38.2808],[138.4409,38.2807]]],[[[138.441,38.2811],[138.4409,38.2814],[138.441,38.2812],[138.441,38.2811]]],[[[138.434,38.2868],[138.4341,38.2867],[138.4339,38.2867],[138.434,38.2868]]],[[[138.4348,38.287],[138.4347,38.2869],[138.4347,38.287],[138.4348,38.287]]],[[[138.4338,38.2868],[138.4342,38.2875],[138.4344,38.2872],[138.4338,38.2868]]],[[[138.4347,38.2873],[138.4345,38.2874],[138.4346,38.2875],[138.4347,38.2873]]],[[[138.433,38.2875],[138.4331,38.2875],[138.4332,38.2875],[138.433,38.2875]]],[[[138.4347,38.2877],[138.4348,38.2878],[138.4348,38.2876],[138.4347,38.2877]]],[[[138.4341,38.2878],[138.434,38.2876],[138.4339,38.2877],[138.4341,38.2878]]],[[[138.4334,38.2878],[138.4332,38.2879],[138.4334,38.2879],[138.4334,38.2878]]],[[[138.4351,38.288],[138.4351,38.2882],[138.4352,38.288],[138.4351,38.288]]],[[[138.4348,38.2884],[138.4351,38.2882],[138.4347,38.2883],[138.4348,38.2884]]],[[[138.4341,38.2883],[138.4344,38.2886],[138.4346,38.2884],[138.4341,38.2883]]],[[[138.4353,38.2886],[138.4352,38.2889],[138.4354,38.2889],[138.4353,38.2886]]],[[[138.4358,38.2888],[138.4359,38.2892],[138.4362,38.2893],[138.4358,38.2888]]],[[[138.4368,38.2893],[138.4363,38.2895],[138.4369,38.2897],[138.4368,38.2893]]],[[[138.4356,38.29],[138.4348,38.29],[138.4352,38.2905],[138.4356,38.29]]],[[[138.4345,38.2901],[138.4345,38.2903],[138.4346,38.2903],[138.4345,38.2901]]],[[[138.4371,38.2902],[138.437,38.2903],[138.4372,38.2903],[138.4371,38.2902]]],[[[138.4349,38.2904],[138.4347,38.2904],[138.4346,38.2906],[138.4349,38.2904]]],[[[138.4375,38.2906],[138.4374,38.2904],[138.4373,38.2904],[138.4375,38.2906]]],[[[138.4344,38.2904],[138.4343,38.2909],[138.4344,38.2908],[138.4344,38.2904]]],[[[138.437,38.2913],[138.4365,38.29],[138.436,38.2906],[138.437,38.2913]]],[[[138.4375,38.2908],[138.4375,38.2909],[138.4375,38.2909],[138.4375,38.2908]]],[[[138.4353,38.2911],[138.4353,38.2913],[138.4353,38.2912],[138.4353,38.2911]]],[[[138.4361,38.2915],[138.4362,38.2913],[138.4361,38.2913],[138.4361,38.2915]]],[[[138.4418,38.2914],[138.4417,38.2916],[138.4419,38.2915],[138.4418,38.2914]]],[[[138.437,38.2915],[138.4368,38.2919],[138.4372,38.2919],[138.437,38.2915]]],[[[138.4411,38.2914],[138.4424,38.2929],[138.4425,38.2928],[138.4411,38.2914]]],[[[138.4316,38.2929],[138.4318,38.2928],[138.4317,38.2927],[138.4316,38.2929]]],[[[138.4395,38.2933],[138.4396,38.2929],[138.4394,38.2927],[138.4395,38.2933]]],[[[138.439,38.2928],[138.4393,38.2933],[138.4391,38.2928],[138.439,38.2928]]],[[[138.4316,38.293],[138.4311,38.2929],[138.4317,38.2933],[138.4316,38.293]]],[[[138.4258,38.2935],[138.4257,38.2934],[138.4257,38.2935],[138.4258,38.2935]]],[[[138.4307,38.2936],[138.4312,38.2937],[138.4307,38.2935],[138.4307,38.2936]]],[[[138.4406,38.2934],[138.4404,38.2937],[138.4408,38.2938],[138.4406,38.2934]]],[[[138.4416,38.2938],[138.4408,38.2935],[138.4416,38.294],[138.4416,38.2938]]],[[[138.4256,38.2939],[138.4256,38.2936],[138.4255,38.2939],[138.4256,38.2939]]],[[[138.4413,38.294],[138.4414,38.2944],[138.4416,38.2943],[138.4413,38.294]]],[[[138.4412,38.295],[138.4414,38.2949],[138.4412,38.2949],[138.4412,38.295]]],[[[138.4403,38.3041],[138.4405,38.3043],[138.4404,38.3041],[138.4403,38.3041]]],[[[138.4405,38.3047],[138.4405,38.3054],[138.4406,38.3047],[138.4405,38.3047]]],[[[138.4439,37.8851],[138.4439,37.8852],[138.4439,37.8851],[138.4439,37.8851]]],[[[138.4436,37.8851],[138.4437,37.8852],[138.4437,37.8851],[138.4436,37.8851]]],[[[138.4664,37.8954],[138.4663,37.8954],[138.4664,37.8954],[138.4664,37.8954]]],[[[138.4793,37.9074],[138.4793,37.9073],[138.4792,37.9073],[138.4793,37.9074]]],[[[138.484,38.0638],[138.4841,38.0637],[138.484,38.0637],[138.484,38.0638]]],[[[138.4844,38.064],[138.4843,38.0639],[138.4843,38.064],[138.4844,38.064]]],[[[138.4847,38.0644],[138.4847,38.0643],[138.4846,38.0644],[138.4847,38.0644]]],[[[138.4855,38.0651],[138.4856,38.065],[138.4855,38.065],[138.4855,38.0651]]],[[[138.4844,38.0652],[138.4843,38.0652],[138.4844,38.0653],[138.4844,38.0652]]],[[[138.4713,38.0657],[138.4726,38.0652],[138.4712,38.0656],[138.4713,38.0657]]],[[[138.4701,38.0654],[138.4694,38.0655],[138.4694,38.0655],[138.4701,38.0654]]],[[[138.4852,38.0655],[138.4852,38.0655],[138.4852,38.0655],[138.4852,38.0655]]],[[[138.4678,38.0659],[138.4683,38.0658],[138.4692,38.0656],[138.4678,38.0659]]],[[[138.4848,38.066],[138.4848,38.066],[138.4848,38.066],[138.4848,38.066]]],[[[138.4675,38.066],[138.4662,38.0664],[138.4675,38.066],[138.4675,38.066]]],[[[138.4874,38.0666],[138.4875,38.0666],[138.4875,38.0666],[138.4874,38.0666]]],[[[138.4853,38.0666],[138.4853,38.0666],[138.4853,38.0667],[138.4853,38.0666]]],[[[138.4646,38.0669],[138.4659,38.0665],[138.4659,38.0665],[138.4646,38.0669]]],[[[138.4876,38.0668],[138.4875,38.0668],[138.4875,38.0668],[138.4876,38.0668]]],[[[138.4629,38.0675],[138.4642,38.0671],[138.4642,38.0671],[138.4629,38.0675]]],[[[138.4881,38.0676],[138.4881,38.0677],[138.4882,38.0677],[138.4881,38.0676]]],[[[138.4876,38.0678],[138.4875,38.0678],[138.4875,38.0678],[138.4876,38.0678]]],[[[138.4626,38.0676],[138.4608,38.0683],[138.4626,38.0677],[138.4626,38.0676]]],[[[138.4922,38.07],[138.4923,38.07],[138.4923,38.07],[138.4922,38.07]]],[[[138.4413,38.0846],[138.4503,38.0809],[138.4457,38.0814],[138.443,38.0827],[138.4413,38.0846]]],[[[138.4452,38.1311],[138.4451,38.1311],[138.4452,38.1312],[138.4452,38.1311]]],[[[138.4519,38.1402],[138.4518,38.1423],[138.4519,38.1423],[138.4519,38.1402]]],[[[138.4535,38.1505],[138.4535,38.1506],[138.4535,38.1506],[138.4535,38.1505]]],[[[138.4741,38.1765],[138.474,38.1769],[138.4742,38.1768],[138.4741,38.1765]]],[[[138.4934,38.2117],[138.4934,38.2114],[138.4932,38.2116],[138.4934,38.2117]]],[[[138.4934,38.2131],[138.4933,38.213],[138.4933,38.2131],[138.4934,38.2131]]],[[[138.4934,38.2134],[138.4933,38.2132],[138.4933,38.2134],[138.4934,38.2134]]],[[[138.4936,38.2162],[138.4934,38.2162],[138.4935,38.2162],[138.4936,38.2162]]],[[[138.4428,38.2802],[138.4428,38.2804],[138.4429,38.2803],[138.4428,38.2802]]],[[[138.4454,38.2943],[138.4455,38.2942],[138.4455,38.2942],[138.4454,38.2943]]],[[[138.4455,38.2954],[138.4458,38.2952],[138.4455,38.2952],[138.4455,38.2954]]],[[[138.4459,38.2954],[138.4459,38.2956],[138.446,38.2955],[138.4459,38.2954]]],[[[138.4467,38.2957],[138.4468,38.2956],[138.4466,38.2955],[138.4467,38.2957]]],[[[138.4465,38.2957],[138.4465,38.2958],[138.4465,38.2957],[138.4465,38.2957]]],[[[138.4463,38.2962],[138.4464,38.2961],[138.4463,38.296],[138.4463,38.2962]]],[[[138.4459,38.2962],[138.446,38.296],[138.4458,38.296],[138.4459,38.2962]]],[[[138.4466,38.2962],[138.4469,38.2963],[138.4467,38.296],[138.4466,38.2962]]],[[[138.4483,38.2965],[138.4483,38.2963],[138.4481,38.2963],[138.4483,38.2965]]],[[[138.4433,38.297],[138.4434,38.2974],[138.4437,38.2973],[138.4433,38.297]]],[[[138.4494,38.299],[138.4496,38.2988],[138.4494,38.2987],[138.4494,38.299]]],[[[138.4512,38.305],[138.4512,38.3051],[138.4513,38.305],[138.4512,38.305]]],[[[138.4516,38.3056],[138.4517,38.3057],[138.4517,38.3056],[138.4516,38.3056]]],[[[138.4507,38.3058],[138.4507,38.3057],[138.4507,38.3057],[138.4507,38.3058]]],[[[138.4447,38.307],[138.4444,38.3074],[138.4448,38.3074],[138.4447,38.307]]],[[[138.4451,38.3069],[138.445,38.3076],[138.4454,38.3072],[138.4451,38.3069]]],[[[138.4464,38.3081],[138.4466,38.3073],[138.4461,38.3072],[138.4464,38.3081]]],[[[138.4535,38.3077],[138.4536,38.3076],[138.4535,38.3077],[138.4535,38.3077]]],[[[138.4457,38.3073],[138.4458,38.3081],[138.4459,38.3082],[138.4457,38.3073]]],[[[138.4485,38.3075],[138.4485,38.3079],[138.4486,38.3079],[138.4485,38.3075]]],[[[138.4488,38.3076],[138.4488,38.308],[138.4489,38.308],[138.4488,38.3076]]],[[[138.448,38.3077],[138.4482,38.3079],[138.4481,38.3077],[138.448,38.3077]]],[[[138.4499,38.3082],[138.449,38.3074],[138.4496,38.3085],[138.4499,38.3082]]],[[[138.4534,38.308],[138.4534,38.3079],[138.4533,38.308],[138.4534,38.308]]],[[[138.4532,38.3081],[138.4531,38.3081],[138.4531,38.3082],[138.4532,38.3081]]],[[[138.4455,38.3082],[138.4454,38.3081],[138.4455,38.3083],[138.4455,38.3082]]],[[[138.4488,38.3083],[138.4489,38.3082],[138.4488,38.3082],[138.4488,38.3083]]],[[[138.453,38.3082],[138.4529,38.3083],[138.453,38.3083],[138.453,38.3082]]],[[[138.4456,38.3083],[138.4457,38.3083],[138.4457,38.3083],[138.4456,38.3083]]],[[[138.4515,38.3086],[138.4517,38.3085],[138.4515,38.3085],[138.4515,38.3086]]],[[[138.4522,38.3089],[138.4523,38.3089],[138.4523,38.3089],[138.4522,38.3089]]],[[[138.4528,38.3108],[138.4537,38.3094],[138.4528,38.3095],[138.4528,38.3108]]],[[[138.4509,38.3103],[138.451,38.3104],[138.451,38.3103],[138.4509,38.3103]]],[[[138.4592,38.3119],[138.4594,38.312],[138.4595,38.3119],[138.4592,38.3119]]],[[[138.4597,38.3126],[138.4598,38.313],[138.4599,38.313],[138.4597,38.3126]]],[[[138.4591,38.3132],[138.4592,38.3136],[138.4595,38.3135],[138.4591,38.3132]]],[[[138.4631,38.3174],[138.4633,38.3176],[138.4632,38.3173],[138.4631,38.3174]]],[[[138.4605,38.3228],[138.4603,38.3229],[138.4603,38.323],[138.4605,38.3228]]],[[[138.4596,38.323],[138.4594,38.3228],[138.4593,38.3229],[138.4596,38.323]]],[[[138.4721,38.3228],[138.472,38.323],[138.4721,38.323],[138.4721,38.3228]]],[[[138.4605,38.3233],[138.4606,38.3234],[138.4606,38.3233],[138.4605,38.3233]]],[[[138.4633,38.3237],[138.4636,38.3236],[138.4635,38.3235],[138.4633,38.3237]]],[[[138.469,38.3235],[138.4686,38.3238],[138.4692,38.3236],[138.469,38.3235]]],[[[138.4611,38.3236],[138.4614,38.324],[138.4615,38.3239],[138.4611,38.3236]]],[[[138.4628,38.3237],[138.4626,38.3239],[138.4626,38.3239],[138.4628,38.3237]]],[[[138.4678,38.3238],[138.4678,38.3239],[138.4679,38.3238],[138.4678,38.3238]]],[[[138.4653,38.3237],[138.4653,38.324],[138.4655,38.3238],[138.4653,38.3237]]],[[[138.461,38.3239],[138.4604,38.324],[138.4614,38.3241],[138.461,38.3239]]],[[[138.4678,38.3242],[138.4679,38.3241],[138.4678,38.324],[138.4678,38.3242]]],[[[138.4668,38.3242],[138.4668,38.3241],[138.4667,38.3241],[138.4668,38.3242]]],[[[138.4671,38.3243],[138.467,38.3242],[138.467,38.3243],[138.4671,38.3243]]],[[[138.4604,38.3242],[138.4609,38.3244],[138.4613,38.3244],[138.4604,38.3242]]],[[[138.4653,38.3246],[138.4652,38.3242],[138.465,38.3243],[138.4653,38.3246]]],[[[138.4658,38.3247],[138.4654,38.3247],[138.4658,38.3248],[138.4658,38.3247]]],[[[138.48,38.3276],[138.4799,38.3277],[138.48,38.3277],[138.48,38.3276]]],[[[138.4848,38.3301],[138.4852,38.3302],[138.4848,38.33],[138.4848,38.3301]]],[[[138.4737,38.331],[138.4736,38.331],[138.4736,38.331],[138.4737,38.331]]],[[[138.4712,38.3311],[138.4713,38.3312],[138.4713,38.3311],[138.4712,38.3311]]],[[[138.4735,38.3317],[138.4734,38.3316],[138.4734,38.3317],[138.4735,38.3317]]],[[[138.4736,38.3321],[138.4736,38.3321],[138.4735,38.3321],[138.4736,38.3321]]],[[[138.4854,38.3324],[138.4856,38.3323],[138.4855,38.3323],[138.4854,38.3324]]],[[[138.4857,38.3324],[138.4859,38.3327],[138.4861,38.3325],[138.4857,38.3324]]],[[[138.4856,38.3327],[138.4858,38.3329],[138.4861,38.3328],[138.4856,38.3327]]],[[[138.4871,38.3332],[138.4869,38.3338],[138.4874,38.3338],[138.4871,38.3332]]],[[[138.484,38.3366],[138.483,38.3317],[138.4804,38.3345],[138.484,38.3366]]],[[[138.4866,38.3349],[138.4867,38.335],[138.4867,38.3349],[138.4866,38.3349]]],[[[138.4884,38.3372],[138.4886,38.3373],[138.4885,38.3371],[138.4884,38.3372]]],[[[138.4895,38.3378],[138.4884,38.338],[138.4892,38.3384],[138.4895,38.3378]]],[[[138.4882,38.3384],[138.4881,38.3383],[138.4881,38.3384],[138.4882,38.3384]]],[[[138.4935,38.339],[138.4932,38.3391],[138.4934,38.3393],[138.4935,38.339]]],[[[138.4931,38.3422],[138.4935,38.3422],[138.4931,38.342],[138.4931,38.3422]]],[[[138.4993,37.9255],[138.4993,37.9253],[138.4992,37.9254],[138.4993,37.9255]]],[[[138.5007,37.9276],[138.5006,37.9275],[138.5005,37.9275],[138.5007,37.9276]]],[[[138.5029,37.9342],[138.503,37.9342],[138.5029,37.9342],[138.5029,37.9342]]],[[[138.5031,37.9343],[138.5031,37.9344],[138.5031,37.9343],[138.5031,37.9343]]],[[[138.503,37.9346],[138.5031,37.9345],[138.5031,37.9345],[138.503,37.9346]]],[[[138.5033,37.9359],[138.5034,37.9359],[138.5033,37.9358],[138.5033,37.9359]]],[[[138.5034,37.936],[138.5034,37.9361],[138.5034,37.9361],[138.5034,37.936]]],[[[138.5036,37.9362],[138.5035,37.9362],[138.5037,37.9362],[138.5036,37.9362]]],[[[138.5039,37.9367],[138.5039,37.9367],[138.5038,37.9367],[138.5039,37.9367]]],[[[138.5039,37.9369],[138.5039,37.9369],[138.5039,37.9368],[138.5039,37.9369]]],[[[138.504,37.937],[138.504,37.9371],[138.504,37.937],[138.504,37.937]]],[[[138.504,37.9372],[138.504,37.9372],[138.5039,37.9372],[138.504,37.9372]]],[[[138.5039,37.9375],[138.5039,37.9374],[138.5039,37.9375],[138.5039,37.9375]]],[[[138.5039,37.9376],[138.5039,37.9376],[138.5038,37.9376],[138.5039,37.9376]]],[[[138.5038,37.9379],[138.5038,37.9378],[138.5037,37.9379],[138.5038,37.9379]]],[[[138.5029,37.941],[138.5029,37.9411],[138.5029,37.941],[138.5029,37.941]]],[[[138.5032,37.941],[138.5031,37.9411],[138.5032,37.9411],[138.5032,37.941]]],[[[138.5028,37.9414],[138.5029,37.9414],[138.5028,37.9414],[138.5028,37.9414]]],[[[138.5073,37.9492],[138.5072,37.9492],[138.5072,37.9492],[138.5073,37.9492]]],[[[138.5076,37.9496],[138.5076,37.9497],[138.5076,37.9497],[138.5076,37.9496]]],[[[138.5096,37.9522],[138.5096,37.9522],[138.5095,37.9522],[138.5096,37.9522]]],[[[138.5114,37.9572],[138.5115,37.9572],[138.5114,37.9572],[138.5114,37.9572]]],[[[138.5115,37.9576],[138.5116,37.9576],[138.5115,37.9576],[138.5115,37.9576]]],[[[138.5211,37.9776],[138.5212,37.9777],[138.5212,37.9776],[138.5211,37.9776]]],[[[138.5212,37.9779],[138.5213,37.9778],[138.5212,37.9778],[138.5212,37.9779]]],[[[138.5295,37.987],[138.5295,37.9872],[138.5295,37.9871],[138.5295,37.987]]],[[[138.4948,38.0702],[138.4947,38.0704],[138.4947,38.0704],[138.4948,38.0702]]],[[[138.4965,38.0707],[138.4966,38.0706],[138.4965,38.0707],[138.4965,38.0707]]],[[[138.4984,38.0708],[138.4985,38.071],[138.4985,38.0709],[138.4984,38.0708]]],[[[138.5029,38.0713],[138.5028,38.0713],[138.5029,38.0714],[138.5029,38.0713]]],[[[138.502,38.0714],[138.5018,38.0714],[138.501,38.0717],[138.502,38.0714]]],[[[138.5178,38.0716],[138.5178,38.0715],[138.5178,38.0715],[138.5178,38.0716]]],[[[138.5172,38.0716],[138.5171,38.0717],[138.5172,38.0717],[138.5172,38.0716]]],[[[138.5075,38.0719],[138.5075,38.0719],[138.5075,38.0719],[138.5075,38.0719]]],[[[138.5078,38.0719],[138.5077,38.0719],[138.5078,38.0719],[138.5078,38.0719]]],[[[138.5167,38.072],[138.5167,38.072],[138.5167,38.072],[138.5167,38.072]]],[[[138.5014,38.0722],[138.4999,38.0723],[138.5007,38.0725],[138.5014,38.0722]]],[[[138.5226,38.0725],[138.5226,38.0725],[138.5226,38.0725],[138.5226,38.0725]]],[[[138.5245,38.0728],[138.5244,38.0728],[138.5245,38.0729],[138.5245,38.0728]]],[[[138.5243,38.0728],[138.5243,38.0729],[138.5243,38.0728],[138.5243,38.0728]]],[[[138.5247,38.0731],[138.5254,38.0731],[138.5247,38.073],[138.5247,38.0731]]],[[[138.5231,38.0732],[138.5232,38.0731],[138.5232,38.0731],[138.5231,38.0732]]],[[[138.5245,38.0732],[138.5245,38.0732],[138.5245,38.0732],[138.5245,38.0732]]],[[[138.4937,38.2123],[138.4937,38.2124],[138.4938,38.2123],[138.4937,38.2123]]],[[[138.4936,38.217],[138.4939,38.217],[138.4939,38.2169],[138.4936,38.217]]],[[[138.494,38.2171],[138.4939,38.2171],[138.4938,38.2172],[138.494,38.2171]]],[[[138.4939,38.2174],[138.494,38.2173],[138.4939,38.2173],[138.4939,38.2174]]],[[[138.4937,38.2174],[138.4936,38.2176],[138.4937,38.2175],[138.4937,38.2174]]],[[[138.4951,38.2195],[138.4954,38.2194],[138.4951,38.2194],[138.4951,38.2195]]],[[[138.5051,38.245],[138.5051,38.2452],[138.5052,38.2451],[138.5051,38.245]]],[[[138.5052,38.2455],[138.5053,38.2454],[138.5051,38.2454],[138.5052,38.2455]]],[[[138.5076,38.2578],[138.5077,38.2575],[138.5074,38.2577],[138.5076,38.2578]]],[[[138.5078,38.2596],[138.5079,38.2595],[138.5077,38.2595],[138.5078,38.2596]]],[[[138.5076,38.2608],[138.5076,38.261],[138.5079,38.2609],[138.5076,38.2608]]],[[[138.5095,38.2637],[138.5093,38.2639],[138.5095,38.264],[138.5095,38.2637]]],[[[138.5092,38.2845],[138.5094,38.2845],[138.5092,38.2845],[138.5092,38.2845]]],[[[138.5097,38.2865],[138.5099,38.2861],[138.5095,38.2864],[138.5097,38.2865]]],[[[138.5098,38.287],[138.5096,38.2871],[138.5098,38.2871],[138.5098,38.287]]],[[[138.5104,38.2895],[138.5106,38.2895],[138.5104,38.2894],[138.5104,38.2895]]],[[[138.51,38.2896],[138.5099,38.2897],[138.51,38.2897],[138.51,38.2896]]],[[[138.509,38.2916],[138.5093,38.2916],[138.5093,38.2914],[138.509,38.2916]]],[[[138.5097,38.2917],[138.5099,38.2918],[138.5098,38.2917],[138.5097,38.2917]]],[[[138.5097,38.2925],[138.5096,38.2924],[138.5096,38.2925],[138.5097,38.2925]]],[[[138.5084,38.2952],[138.5084,38.2952],[138.5085,38.2952],[138.5084,38.2952]]],[[[138.5084,38.2955],[138.5084,38.2953],[138.5083,38.2953],[138.5084,38.2955]]],[[[138.511,38.2996],[138.5108,38.2994],[138.5107,38.2997],[138.511,38.2996]]],[[[138.5125,38.3021],[138.5127,38.3022],[138.5128,38.3021],[138.5125,38.3021]]],[[[138.5117,38.3031],[138.5118,38.3032],[138.5119,38.3031],[138.5117,38.3031]]],[[[138.5122,38.3116],[138.5128,38.3117],[138.5129,38.3115],[138.5122,38.3116]]],[[[138.5137,38.3131],[138.5135,38.313],[138.5136,38.3131],[138.5137,38.3131]]],[[[138.5141,38.3142],[138.514,38.3141],[138.514,38.3141],[138.5141,38.3142]]],[[[138.5141,38.3155],[138.5141,38.3156],[138.5142,38.3155],[138.5141,38.3155]]],[[[138.5199,38.3203],[138.52,38.3204],[138.52,38.3203],[138.5199,38.3203]]],[[[138.5205,38.3205],[138.5204,38.3206],[138.5205,38.3206],[138.5205,38.3205]]],[[[138.5208,38.3215],[138.5208,38.3214],[138.5208,38.3215],[138.5208,38.3215]]],[[[138.521,38.3218],[138.521,38.3219],[138.5211,38.3219],[138.521,38.3218]]],[[[138.5244,38.3227],[138.5243,38.3226],[138.5243,38.3227],[138.5244,38.3227]]],[[[138.5219,38.3231],[138.522,38.323],[138.522,38.323],[138.5219,38.3231]]],[[[138.5223,38.3233],[138.5222,38.3232],[138.5221,38.3232],[138.5223,38.3233]]],[[[138.5218,38.3234],[138.5219,38.3234],[138.5219,38.3234],[138.5218,38.3234]]],[[[138.5217,38.3252],[138.5221,38.3254],[138.5222,38.325],[138.5217,38.3252]]],[[[138.5174,38.3275],[138.5176,38.3276],[138.5175,38.3274],[138.5174,38.3275]]],[[[138.5182,38.328],[138.518,38.3279],[138.518,38.328],[138.5182,38.328]]],[[[138.5187,38.3282],[138.5189,38.3286],[138.519,38.3286],[138.5187,38.3282]]],[[[138.5159,38.3311],[138.5159,38.3309],[138.5158,38.3309],[138.5159,38.3311]]],[[[138.5079,38.3319],[138.5078,38.3319],[138.5079,38.3319],[138.5079,38.3319]]],[[[138.5068,38.3319],[138.5067,38.332],[138.5069,38.332],[138.5068,38.3319]]],[[[138.5076,38.3321],[138.5077,38.332],[138.5076,38.332],[138.5076,38.3321]]],[[[138.5074,38.3323],[138.5074,38.3321],[138.5072,38.332],[138.5074,38.3323]]],[[[138.5155,38.3324],[138.5155,38.3326],[138.5156,38.3326],[138.5155,38.3324]]],[[[138.515,38.3328],[138.5152,38.3326],[138.5149,38.3327],[138.515,38.3328]]],[[[138.5023,38.3329],[138.5021,38.3329],[138.5021,38.333],[138.5023,38.3329]]],[[[138.4935,38.3328],[138.4938,38.333],[138.4936,38.3327],[138.4935,38.3328]]],[[[138.5147,38.3329],[138.515,38.333],[138.5148,38.3328],[138.5147,38.3329]]],[[[138.5144,38.333],[138.5145,38.3331],[138.5145,38.333],[138.5144,38.333]]],[[[138.5152,38.3333],[138.5153,38.3332],[138.5152,38.3333],[138.5152,38.3333]]],[[[138.5029,38.3333],[138.5028,38.3334],[138.5029,38.3335],[138.5029,38.3333]]],[[[138.5016,38.334],[138.5018,38.3337],[138.5016,38.3338],[138.5016,38.334]]],[[[138.515,38.334],[138.5151,38.3338],[138.5149,38.3339],[138.515,38.334]]],[[[138.502,38.3339],[138.5021,38.334],[138.502,38.3339],[138.502,38.3339]]],[[[138.5019,38.3342],[138.5017,38.3341],[138.5017,38.3342],[138.5019,38.3342]]],[[[138.5027,38.3342],[138.5027,38.3343],[138.5028,38.3342],[138.5027,38.3342]]],[[[138.5044,38.3357],[138.5043,38.3356],[138.5042,38.3357],[138.5044,38.3357]]],[[[138.4939,38.3417],[138.4941,38.3416],[138.4938,38.3415],[138.4939,38.3417]]],[[[138.4935,38.3419],[138.4939,38.342],[138.4934,38.3418],[138.4935,38.3419]]],[[[138.53,37.9877],[138.53,37.9876],[138.53,37.9876],[138.53,37.9877]]],[[[138.5301,37.9878],[138.5302,37.9878],[138.5301,37.9878],[138.5301,37.9878]]],[[[138.5301,37.9886],[138.5302,37.9886],[138.5302,37.9886],[138.5301,37.9886]]],[[[138.5304,37.9888],[138.5303,37.9888],[138.5303,37.9888],[138.5304,37.9888]]],[[[138.5301,37.9889],[138.5302,37.9889],[138.5301,37.9889],[138.5301,37.9889]]],[[[138.5303,37.9894],[138.5302,37.9894],[138.5303,37.9895],[138.5303,37.9894]]],[[[138.5304,37.9897],[138.5304,37.9896],[138.5303,37.9896],[138.5304,37.9897]]],[[[138.5385,37.9994],[138.5386,37.9995],[138.5386,37.9994],[138.5385,37.9994]]],[[[138.5427,38.0053],[138.5426,38.0052],[138.5426,38.0053],[138.5427,38.0053]]],[[[138.543,38.0055],[138.5429,38.0054],[138.5429,38.0054],[138.543,38.0055]]],[[[138.5433,38.0056],[138.5433,38.0056],[138.5432,38.0056],[138.5433,38.0056]]],[[[138.5459,38.0072],[138.5458,38.0071],[138.5458,38.0072],[138.5459,38.0072]]],[[[138.5524,38.0215],[138.5523,38.0215],[138.5523,38.0215],[138.5524,38.0215]]],[[[138.5529,38.022],[138.5528,38.0219],[138.5528,38.022],[138.5529,38.022]]],[[[138.553,38.022],[138.553,38.022],[138.553,38.022],[138.553,38.022]]],[[[138.5527,38.022],[138.5526,38.022],[138.5527,38.022],[138.5527,38.022]]],[[[138.5528,38.0223],[138.5528,38.0222],[138.5528,38.0223],[138.5528,38.0223]]],[[[138.5521,38.0251],[138.5521,38.0249],[138.552,38.025],[138.5521,38.0251]]],[[[138.5532,38.0286],[138.5532,38.0287],[138.5532,38.0286],[138.5532,38.0286]]],[[[138.5535,38.0289],[138.5535,38.0289],[138.5535,38.0289],[138.5535,38.0289]]],[[[138.5535,38.0292],[138.5534,38.0291],[138.5534,38.0292],[138.5535,38.0292]]],[[[138.5534,38.0305],[138.5534,38.0305],[138.5534,38.0305],[138.5534,38.0305]]],[[[138.5535,38.0307],[138.5535,38.0306],[138.5535,38.0307],[138.5535,38.0307]]],[[[138.5598,38.0381],[138.5597,38.0382],[138.5598,38.0382],[138.5598,38.0381]]],[[[138.56,38.0387],[138.5601,38.0387],[138.5601,38.0387],[138.56,38.0387]]],[[[138.5605,38.039],[138.5605,38.0391],[138.5605,38.039],[138.5605,38.039]]],[[[138.5603,38.0392],[138.5602,38.0392],[138.5603,38.0392],[138.5603,38.0392]]],[[[138.5603,38.0394],[138.5603,38.0393],[138.5602,38.0393],[138.5603,38.0394]]],[[[138.5314,38.0751],[138.5313,38.0751],[138.5313,38.0751],[138.5314,38.0751]]],[[[138.5338,38.0773],[138.5337,38.0774],[138.5338,38.0774],[138.5338,38.0773]]],[[[138.534,38.0774],[138.534,38.0775],[138.534,38.0774],[138.534,38.0774]]],[[[138.5343,38.0776],[138.5342,38.0775],[138.5343,38.0777],[138.5343,38.0776]]],[[[138.535,38.0792],[138.5341,38.079],[138.534,38.079],[138.535,38.0792]]],[[[138.549,38.0812],[138.5489,38.0812],[138.549,38.0812],[138.549,38.0812]]],[[[138.5432,38.0811],[138.5431,38.0812],[138.5432,38.0813],[138.5432,38.0811]]],[[[138.5436,38.0813],[138.5436,38.0813],[138.5436,38.0813],[138.5436,38.0813]]],[[[138.5528,38.0813],[138.5528,38.0813],[138.5528,38.0813],[138.5528,38.0813]]],[[[138.5371,38.0814],[138.5371,38.0814],[138.5371,38.0814],[138.5371,38.0814]]],[[[138.5489,38.0814],[138.5489,38.0814],[138.549,38.0814],[138.5489,38.0814]]],[[[138.5472,38.0814],[138.5471,38.0815],[138.5472,38.0815],[138.5472,38.0814]]],[[[138.5526,38.0815],[138.5526,38.0815],[138.5526,38.0815],[138.5526,38.0815]]],[[[138.5436,38.0815],[138.5437,38.0815],[138.5437,38.0815],[138.5436,38.0815]]],[[[138.5504,38.0815],[138.5504,38.0816],[138.5505,38.0815],[138.5504,38.0815]]],[[[138.5438,38.0815],[138.5438,38.0816],[138.5438,38.0816],[138.5438,38.0815]]],[[[138.537,38.0816],[138.537,38.0816],[138.537,38.0816],[138.537,38.0816]]],[[[138.5526,38.0816],[138.5526,38.0817],[138.5527,38.0817],[138.5526,38.0816]]],[[[138.5499,38.0817],[138.55,38.0817],[138.55,38.0817],[138.5499,38.0817]]],[[[138.5504,38.0817],[138.5504,38.0817],[138.5504,38.0817],[138.5504,38.0817]]],[[[138.5446,38.0817],[138.5447,38.0818],[138.5448,38.0817],[138.5446,38.0817]]],[[[138.535,38.0818],[138.5351,38.0817],[138.535,38.0817],[138.535,38.0818]]],[[[138.537,38.0817],[138.537,38.0818],[138.5371,38.0818],[138.537,38.0817]]],[[[138.5501,38.0818],[138.5502,38.0818],[138.5502,38.0818],[138.5501,38.0818]]],[[[138.5372,38.0818],[138.5372,38.0818],[138.5372,38.0818],[138.5372,38.0818]]],[[[138.552,38.0818],[138.5519,38.0818],[138.5519,38.0818],[138.552,38.0818]]],[[[138.5521,38.0819],[138.5521,38.0818],[138.552,38.0818],[138.5521,38.0819]]],[[[138.5455,38.0819],[138.5456,38.0819],[138.5456,38.0819],[138.5455,38.0819]]],[[[138.5447,38.0819],[138.5446,38.0819],[138.5447,38.082],[138.5447,38.0819]]],[[[138.5361,38.082],[138.5361,38.082],[138.536,38.082],[138.5361,38.082]]],[[[138.5445,38.0819],[138.5445,38.0822],[138.5447,38.0822],[138.5445,38.0819]]],[[[138.5368,38.0821],[138.5368,38.082],[138.5368,38.082],[138.5368,38.0821]]],[[[138.5538,38.0822],[138.5537,38.082],[138.5536,38.082],[138.5538,38.0822]]],[[[138.5541,38.0821],[138.5541,38.0821],[138.5541,38.0821],[138.5541,38.0821]]],[[[138.5483,38.0821],[138.5483,38.0822],[138.5483,38.0822],[138.5483,38.0821]]],[[[138.5361,38.0822],[138.5361,38.0821],[138.536,38.0821],[138.5361,38.0822]]],[[[138.5448,38.0822],[138.5449,38.0822],[138.5449,38.0821],[138.5448,38.0822]]],[[[138.5543,38.0822],[138.5542,38.0822],[138.5543,38.0822],[138.5543,38.0822]]],[[[138.5486,38.082],[138.5493,38.0825],[138.5489,38.0818],[138.5486,38.082]]],[[[138.554,38.0822],[138.5539,38.0822],[138.554,38.0822],[138.554,38.0822]]],[[[138.5362,38.0822],[138.5362,38.0822],[138.5362,38.0822],[138.5362,38.0822]]],[[[138.5541,38.0823],[138.5541,38.0822],[138.5541,38.0822],[138.5541,38.0823]]],[[[138.5535,38.0822],[138.5535,38.0823],[138.5535,38.0822],[138.5535,38.0822]]],[[[138.5369,38.0824],[138.5369,38.0822],[138.5368,38.0822],[138.5369,38.0824]]],[[[138.5545,38.0824],[138.5545,38.0823],[138.5545,38.0824],[138.5545,38.0824]]],[[[138.5485,38.0824],[138.5484,38.0823],[138.5484,38.0825],[138.5485,38.0824]]],[[[138.5482,38.0824],[138.5482,38.0824],[138.5482,38.0824],[138.5482,38.0824]]],[[[138.5543,38.0824],[138.5543,38.0824],[138.5543,38.0825],[138.5543,38.0824]]],[[[138.554,38.0824],[138.554,38.0824],[138.554,38.0825],[138.554,38.0824]]],[[[138.5502,38.0825],[138.5501,38.0825],[138.5501,38.0825],[138.5502,38.0825]]],[[[138.5545,38.0825],[138.5545,38.0825],[138.5545,38.0825],[138.5545,38.0825]]],[[[138.5358,38.0825],[138.5358,38.0825],[138.5358,38.0825],[138.5358,38.0825]]],[[[138.5487,38.0825],[138.5486,38.0825],[138.5486,38.0826],[138.5487,38.0825]]],[[[138.5483,38.0826],[138.5483,38.0825],[138.5483,38.0826],[138.5483,38.0826]]],[[[138.5539,38.0826],[138.5539,38.0826],[138.5539,38.0826],[138.5539,38.0826]]],[[[138.5358,38.0827],[138.5358,38.0826],[138.5358,38.0826],[138.5358,38.0827]]],[[[138.555,38.0826],[138.5549,38.0827],[138.555,38.0827],[138.555,38.0826]]],[[[138.5542,38.0827],[138.5542,38.0826],[138.5542,38.0826],[138.5542,38.0827]]],[[[138.5487,38.0827],[138.5486,38.0827],[138.5486,38.0827],[138.5487,38.0827]]],[[[138.5547,38.0827],[138.5548,38.0827],[138.5547,38.0826],[138.5547,38.0827]]],[[[138.5485,38.0827],[138.5485,38.0827],[138.5485,38.0827],[138.5485,38.0827]]],[[[138.5488,38.0827],[138.5488,38.0828],[138.5488,38.0827],[138.5488,38.0827]]],[[[138.5546,38.0828],[138.5545,38.0828],[138.5545,38.0829],[138.5546,38.0828]]],[[[138.5477,38.083],[138.5481,38.0827],[138.5476,38.0829],[138.5477,38.083]]],[[[138.5552,38.0828],[138.5551,38.0829],[138.5552,38.083],[138.5552,38.0828]]],[[[138.5492,38.0827],[138.5493,38.0831],[138.5496,38.0831],[138.5492,38.0827]]],[[[138.555,38.0829],[138.5549,38.083],[138.555,38.083],[138.555,38.0829]]],[[[138.5481,38.083],[138.5481,38.0829],[138.548,38.0829],[138.5481,38.083]]],[[[138.5548,38.0831],[138.5548,38.083],[138.5547,38.0831],[138.5548,38.0831]]],[[[138.5351,38.0831],[138.535,38.083],[138.535,38.0831],[138.5351,38.0831]]],[[[138.5491,38.0831],[138.5491,38.0832],[138.5492,38.0832],[138.5491,38.0831]]],[[[138.5579,38.0844],[138.5579,38.0844],[138.5578,38.0844],[138.5579,38.0844]]],[[[138.5583,38.0846],[138.5583,38.0846],[138.5583,38.0846],[138.5583,38.0846]]],[[[138.5579,38.0846],[138.5579,38.0847],[138.5579,38.0847],[138.5579,38.0846]]],[[[138.5585,38.0847],[138.5585,38.0847],[138.5585,38.0847],[138.5585,38.0847]]],[[[138.559,38.085],[138.5589,38.085],[138.559,38.085],[138.559,38.085]]],[[[138.5597,38.0857],[138.5596,38.0857],[138.5596,38.0857],[138.5597,38.0857]]],[[[138.5606,38.0391],[138.5606,38.0391],[138.5606,38.0391],[138.5606,38.0391]]],[[[138.5607,38.0397],[138.5607,38.0396],[138.5607,38.0397],[138.5607,38.0397]]],[[[138.566,38.0517],[138.5661,38.0517],[138.566,38.0517],[138.566,38.0517]]],[[[138.5658,38.0518],[138.5657,38.0517],[138.5657,38.0518],[138.5658,38.0518]]],[[[138.5659,38.0517],[138.566,38.0518],[138.5659,38.0517],[138.5659,38.0517]]],[[[138.5655,38.0518],[138.5654,38.0518],[138.5655,38.0518],[138.5655,38.0518]]],[[[138.5668,38.0536],[138.5667,38.0536],[138.5668,38.0536],[138.5668,38.0536]]],[[[138.567,38.0549],[138.567,38.055],[138.567,38.055],[138.567,38.0549]]],[[[138.5672,38.055],[138.5671,38.055],[138.5672,38.0551],[138.5672,38.055]]],[[[138.5674,38.0554],[138.5673,38.0554],[138.5673,38.0554],[138.5674,38.0554]]],[[[138.5674,38.0558],[138.5674,38.0557],[138.5674,38.0557],[138.5674,38.0558]]],[[[138.5676,38.056],[138.5677,38.056],[138.5676,38.056],[138.5676,38.056]]],[[[138.5678,38.0561],[138.5678,38.0561],[138.5679,38.0561],[138.5678,38.0561]]],[[[138.5693,38.0575],[138.5693,38.0575],[138.5693,38.0575],[138.5693,38.0575]]],[[[138.5695,38.0575],[138.5695,38.0575],[138.5695,38.0575],[138.5695,38.0575]]],[[[138.5697,38.0577],[138.5696,38.0577],[138.5697,38.0578],[138.5697,38.0577]]],[[[138.5699,38.0578],[138.5699,38.0578],[138.5699,38.0578],[138.5699,38.0578]]],[[[138.5698,38.0583],[138.5698,38.0582],[138.5698,38.0583],[138.5698,38.0583]]],[[[138.5706,38.0584],[138.5705,38.0584],[138.5706,38.0584],[138.5706,38.0584]]],[[[138.5701,38.0585],[138.5701,38.0584],[138.57,38.0585],[138.5701,38.0585]]],[[[138.5703,38.0586],[138.5702,38.0586],[138.5703,38.0586],[138.5703,38.0586]]],[[[138.5705,38.0588],[138.5705,38.0588],[138.5706,38.0588],[138.5705,38.0588]]],[[[138.5704,38.0589],[138.5704,38.0589],[138.5704,38.0589],[138.5704,38.0589]]],[[[138.5706,38.0589],[138.5707,38.059],[138.5706,38.0589],[138.5706,38.0589]]],[[[138.5705,38.059],[138.5705,38.059],[138.5705,38.059],[138.5705,38.059]]],[[[138.5705,38.0591],[138.5706,38.0592],[138.5706,38.0591],[138.5705,38.0591]]],[[[138.5715,38.0602],[138.5714,38.0603],[138.5714,38.0603],[138.5715,38.0602]]],[[[138.572,38.0608],[138.572,38.0608],[138.572,38.0608],[138.572,38.0608]]],[[[138.5719,38.0608],[138.5719,38.0608],[138.5719,38.0608],[138.5719,38.0608]]],[[[138.5721,38.0613],[138.5721,38.0612],[138.5721,38.0613],[138.5721,38.0613]]],[[[138.5732,38.0613],[138.5732,38.0613],[138.5733,38.0613],[138.5732,38.0613]]],[[[138.5742,38.0622],[138.5741,38.0623],[138.5742,38.0623],[138.5742,38.0622]]],[[[138.5738,38.0634],[138.5739,38.0633],[138.5738,38.0633],[138.5738,38.0634]]],[[[138.572,38.0654],[138.572,38.0653],[138.572,38.0654],[138.572,38.0654]]],[[[138.5723,38.0656],[138.5723,38.0656],[138.5723,38.0656],[138.5723,38.0656]]],[[[138.5726,38.0659],[138.5725,38.0659],[138.5725,38.0659],[138.5726,38.0659]]],[[[138.5731,38.0658],[138.573,38.0659],[138.5731,38.066],[138.5731,38.0658]]],[[[138.5735,38.0663],[138.5734,38.0664],[138.5735,38.0664],[138.5735,38.0663]]],[[[138.5732,38.0671],[138.5731,38.0672],[138.5732,38.0671],[138.5732,38.0671]]],[[[138.5723,38.068],[138.5726,38.0685],[138.5726,38.0681],[138.5723,38.068]]],[[[138.5729,38.0685],[138.5728,38.0685],[138.5728,38.0686],[138.5729,38.0685]]],[[[138.5725,38.0687],[138.5726,38.0687],[138.5726,38.0687],[138.5725,38.0687]]],[[[138.5728,38.0687],[138.5728,38.0688],[138.5728,38.0688],[138.5728,38.0687]]],[[[138.5731,38.0696],[138.5731,38.0697],[138.5731,38.0697],[138.5731,38.0696]]],[[[138.5729,38.0696],[138.5728,38.0697],[138.5729,38.0697],[138.5729,38.0696]]],[[[138.5727,38.0698],[138.5727,38.0697],[138.5727,38.0698],[138.5727,38.0698]]],[[[138.5732,38.0699],[138.5732,38.0699],[138.5733,38.0699],[138.5732,38.0699]]],[[[138.5725,38.0701],[138.5725,38.0701],[138.5725,38.0701],[138.5725,38.0701]]],[[[138.5722,38.0707],[138.5721,38.0707],[138.5722,38.0707],[138.5722,38.0707]]],[[[138.5728,38.0708],[138.5728,38.0709],[138.5728,38.0709],[138.5728,38.0708]]],[[[138.5721,38.0718],[138.5721,38.0716],[138.572,38.0715],[138.5721,38.0718]]],[[[138.5715,38.0722],[138.5714,38.0722],[138.5714,38.0723],[138.5715,38.0722]]],[[[138.5719,38.0722],[138.5718,38.0726],[138.5721,38.0726],[138.5719,38.0722]]],[[[138.573,38.0729],[138.5725,38.0723],[138.5724,38.0725],[138.573,38.0729]]],[[[138.5739,38.0732],[138.5735,38.0735],[138.5731,38.0739],[138.5739,38.0732]]],[[[138.5715,38.0763],[138.5715,38.0763],[138.5715,38.0763],[138.5715,38.0763]]],[[[138.5716,38.0766],[138.5715,38.0766],[138.5716,38.0766],[138.5716,38.0766]]],[[[138.5715,38.0767],[138.5714,38.0766],[138.5714,38.0767],[138.5715,38.0767]]],[[[138.5716,38.0767],[138.5716,38.0767],[138.5716,38.0768],[138.5716,38.0767]]],[[[138.5716,38.0769],[138.5716,38.077],[138.5717,38.0769],[138.5716,38.0769]]],[[[138.5717,38.0771],[138.5717,38.0771],[138.5717,38.0771],[138.5717,38.0771]]],[[[138.5731,38.0787],[138.573,38.0787],[138.573,38.0787],[138.5731,38.0787]]],[[[138.5729,38.0788],[138.5728,38.0788],[138.5728,38.0788],[138.5729,38.0788]]],[[[138.5725,38.0791],[138.5725,38.0791],[138.5725,38.0791],[138.5725,38.0791]]],[[[138.5724,38.0791],[138.5724,38.0791],[138.5724,38.0791],[138.5724,38.0791]]],[[[138.5705,38.081],[138.5706,38.081],[138.5705,38.081],[138.5705,38.081]]],[[[138.5707,38.081],[138.5707,38.081],[138.5707,38.081],[138.5707,38.081]]],[[[138.5709,38.081],[138.5709,38.0811],[138.5709,38.081],[138.5709,38.081]]],[[[138.5706,38.0812],[138.5705,38.0812],[138.5705,38.0812],[138.5706,38.0812]]],[[[138.5701,38.0814],[138.5701,38.0815],[138.5701,38.0815],[138.5701,38.0814]]],[[[138.5699,38.0819],[138.5699,38.0819],[138.5699,38.0819],[138.5699,38.0819]]],[[[138.5695,38.0823],[138.5694,38.0823],[138.5695,38.0823],[138.5695,38.0823]]],[[[138.5698,38.0824],[138.5698,38.0823],[138.5698,38.0823],[138.5698,38.0824]]],[[[138.5696,38.0826],[138.5697,38.0826],[138.5697,38.0826],[138.5696,38.0826]]],[[[138.5699,38.0826],[138.5699,38.0827],[138.5699,38.0826],[138.5699,38.0826]]],[[[138.57,38.0829],[138.57,38.0829],[138.57,38.0829],[138.57,38.0829]]],[[[138.5692,38.0829],[138.5693,38.083],[138.5693,38.0829],[138.5692,38.0829]]],[[[138.5693,38.0831],[138.5693,38.0831],[138.5693,38.0831],[138.5693,38.0831]]],[[[138.5687,38.0832],[138.5686,38.0832],[138.5687,38.0833],[138.5687,38.0832]]],[[[138.5655,38.0838],[138.5654,38.0838],[138.5655,38.0838],[138.5655,38.0838]]],[[[138.567,38.084],[138.567,38.0841],[138.567,38.0841],[138.567,38.084]]],[[[138.5659,38.0842],[138.566,38.0842],[138.5658,38.084],[138.5659,38.0842]]],[[[138.5677,38.0843],[138.5678,38.0843],[138.5678,38.0843],[138.5677,38.0843]]],[[[138.5643,38.0846],[138.5641,38.0848],[138.5644,38.0848],[138.5643,38.0846]]],[[[138.5716,38.0847],[138.5716,38.0848],[138.5716,38.0848],[138.5716,38.0847]]],[[[138.5641,38.0848],[138.5641,38.0848],[138.5641,38.0848],[138.5641,38.0848]]],[[[138.568,38.0848],[138.5679,38.0849],[138.5681,38.0849],[138.568,38.0848]]],[[[138.5642,38.0849],[138.5641,38.0849],[138.5642,38.085],[138.5642,38.0849]]],[[[138.5639,38.0854],[138.5638,38.0854],[138.5639,38.0854],[138.5639,38.0854]]],[[[138.5636,38.0854],[138.5637,38.0857],[138.5638,38.0856],[138.5636,38.0854]]],[[[138.5628,38.0858],[138.5628,38.0858],[138.5628,38.0859],[138.5628,38.0858]]],[[[138.5629,38.0861],[138.5629,38.0861],[138.5629,38.0861],[138.5629,38.0861]]],[[[138.5633,38.0862],[138.5633,38.0863],[138.5634,38.0863],[138.5633,38.0862]]],[[[138.5632,38.0866],[138.5634,38.0865],[138.5632,38.0865],[138.5632,38.0866]]],[[[138.5722,38.0869],[138.5717,38.0864],[138.5718,38.0869],[138.5722,38.0869]]],[[[138.5635,38.0867],[138.5634,38.0867],[138.5634,38.0867],[138.5635,38.0867]]],[[[138.561,38.0868],[138.5611,38.0868],[138.561,38.0868],[138.561,38.0868]]],[[[138.5635,38.0873],[138.5635,38.0872],[138.5634,38.0872],[138.5635,38.0873]]],[[[138.5614,38.0873],[138.5614,38.0872],[138.5614,38.0872],[138.5614,38.0873]]],[[[138.5614,38.0875],[138.5615,38.0874],[138.5614,38.0874],[138.5614,38.0875]]],[[[138.5628,38.0881],[138.5628,38.0881],[138.5627,38.0881],[138.5628,38.0881]]],[[[138.5624,38.0882],[138.5623,38.0882],[138.5623,38.0882],[138.5624,38.0882]]]]}},{"type":"Feature","properties":{"id":"15225","name":"魚沼市","pref":"新潟県"},"geometry":{"type":"Polygon","coordinates":[[[139.1245,37.0408],[139.0777,37.0818],[139.0784,37.1312],[139.0252,37.1506],[139.0217,37.1864],[138.9637,37.1919],[138.9534,37.1753],[138.9389,37.1717],[138.9279,37.1807],[138.9444,37.198],[138.9344,37.2087],[138.9077,37.1945],[138.9117,37.1822],[138.9047,37.172],[138.8878,37.1724],[138.8821,37.1911],[138.8728,37.1944],[138.8449,37.1655],[138.8349,37.1765],[138.8812,37.2251],[138.8812,37.2397],[138.893,37.2544],[138.8862,37.2747],[138.9019,37.2831],[138.9021,37.2922],[138.9321,37.3005],[138.9405,37.323],[138.9329,37.3386],[138.9647,37.3519],[138.9567,37.3733],[138.9687,37.3838],[138.993,37.3715],[139.0142,37.3782],[139.0285,37.3978],[139.0484,37.3968],[139.0498,37.4126],[139.081,37.4034],[139.1232,37.4099],[139.1396,37.3975],[139.1594,37.4137],[139.1972,37.4108],[139.2121,37.3921],[139.2313,37.3881],[139.238,37.373],[139.2336,37.3436],[139.2179,37.3341],[139.2243,37.32],[139.2133,37.2878],[139.1747,37.2564],[139.1648,37.2375],[139.1966,37.194],[139.2207,37.2092],[139.2444,37.1816],[139.2432,37.1704],[139.2538,37.165],[139.2351,37.1124],[139.2603,37.0477],[139.2434,37.0151],[139.2557,36.9887],[139.2472,36.9806],[139.2513,36.9627],[139.2419,36.9418],[139.2319,36.9405],[139.238,36.9466],[139.2285,36.9613],[139.2061,36.9559],[139.1827,36.9617],[139.1752,36.9733],[139.1773,36.9937],[139.1319,37.0257],[139.1245,37.0408]]]}},{"type":"Feature","properties":{"id":"15226","name":"南魚沼市","pref":"新潟県"},"geometry":{"type":"Polygon","coordinates":[[[138.8806,36.9496],[138.8546,36.9502],[138.8507,36.9613],[138.8201,36.951],[138.8069,36.9621],[138.7853,36.9642],[138.779,36.9578],[138.7649,36.9718],[138.7752,37.01],[138.8111,37.0669],[138.83,37.0757],[138.8235,37.0872],[138.8295,37.1018],[138.8406,37.1184],[138.8745,37.1394],[138.8439,37.1675],[138.8725,37.1943],[138.8821,37.1911],[138.8878,37.1724],[138.9049,37.1721],[138.9117,37.1822],[138.9077,37.1945],[138.9328,37.2086],[138.9444,37.1982],[138.9279,37.1807],[138.9389,37.1717],[138.9534,37.1753],[138.9601,37.1899],[138.9798,37.1947],[139.023,37.1857],[139.0252,37.1506],[139.0784,37.1312],[139.0776,37.082],[139.0979,37.0664],[139.0911,37.0197],[139.0474,36.9873],[138.9666,36.9791],[138.9667,36.9312],[138.9767,36.9208],[138.9801,36.8977],[138.9715,36.8872],[138.9545,36.8954],[138.9322,36.8937],[138.9142,36.9312],[138.8806,36.9496]]]}},{"type":"Feature","properties":{"id":"15227","name":"胎内市","pref":"新潟県"},"geometry":{"type":"MultiPolygon","coordinates":[[[[139.5118,37.9212],[139.4887,37.9652],[139.4931,37.9981],[139.4743,38.0096],[139.4599,38.008],[139.4383,38.0213],[139.4178,38.0202],[139.3825,38.0331],[139.36,38.0319],[139.3545,38.0179],[139.3136,38.0495],[139.3676,38.0996],[139.4062,38.1506],[139.4124,38.142],[139.4082,38.1209],[139.4263,38.0989],[139.4452,38.1042],[139.4424,38.1025],[139.444,38.0951],[139.4812,38.0782],[139.4975,38.0884],[139.5245,38.0827],[139.5226,38.0626],[139.5396,38.0323],[139.5311,38.0128],[139.5651,37.9842],[139.5561,37.9591],[139.5633,37.9539],[139.5627,37.9399],[139.5682,37.9317],[139.6067,37.9351],[139.6075,37.9265],[139.6271,37.9164],[139.632,37.8991],[139.6069,37.8866],[139.5857,37.8636],[139.5567,37.8632],[139.5523,37.8827],[139.5071,37.8887],[139.499,37.8985],[139.5118,37.9212]]],[[[139.4451,38.0984],[139.4447,38.0989],[139.4452,38.0988],[139.4451,38.0984]]],[[[139.4455,38.1],[139.4455,38.0993],[139.4452,38.0994],[139.4455,38.1]]]]}},{"type":"Feature","properties":{"id":"15307","name":"聖籠町","pref":"新潟県"},"geometry":{"type":"MultiPolygon","coordinates":[[[[139.2282,37.9474],[139.2394,37.957],[139.2314,37.9628],[139.2337,37.9715],[139.2455,37.9721],[139.2363,37.9747],[139.2397,37.9816],[139.2306,37.9807],[139.2255,38.0012],[139.2274,37.999],[139.2413,38.0069],[139.2363,38.0129],[139.2414,38.0069],[139.2474,38.0048],[139.2466,38.0097],[139.2415,38.0096],[139.2466,38.0098],[139.2495,38.0067],[139.2524,38.0079],[139.2534,38.0121],[139.2586,38.0113],[139.2597,38.0149],[139.2626,38.014],[139.2769,38.0225],[139.2767,38.0249],[139.2883,38.0306],[139.2955,38.0167],[139.286,38.0094],[139.3006,38.0143],[139.271,37.9946],[139.286,37.9856],[139.3001,37.9896],[139.3163,37.9844],[139.2886,37.9528],[139.2552,37.9556],[139.2409,37.9453],[139.2282,37.9474]]],[[[139.2265,38.001],[139.2264,38.0009],[139.2264,38.001],[139.2265,38.001]]],[[[139.2446,38.0063],[139.2445,38.0062],[139.2458,38.0081],[139.2446,38.0063]]],[[[139.2662,38.017],[139.2664,38.017],[139.2669,38.0165],[139.2662,38.017]]]]}},{"type":"Feature","properties":{"id":"15342","name":"弥彦村","pref":"新潟県"},"geometry":{"type":"Polygon","coordinates":[[[138.8393,37.6583],[138.8525,37.6736],[138.8404,37.6686],[138.8056,37.678],[138.8164,37.7184],[138.8444,37.7147],[138.8643,37.7074],[138.8721,37.6963],[138.8664,37.6919],[138.8683,37.6709],[138.8551,37.6732],[138.8476,37.658],[138.8393,37.6583]],[[138.8415,37.7139],[138.8418,37.7127],[138.8419,37.7139],[138.8415,37.7139]]]}},{"type":"Feature","properties":{"id":"15361","name":"田上町","pref":"新潟県"},"geometry":{"type":"Polygon","coordinates":[[[139.0312,37.6889],[139.0338,37.7036],[139.0617,37.7282],[139.0653,37.7205],[139.0657,37.7299],[139.0829,37.732],[139.0827,37.7267],[139.095,37.7369],[139.1079,37.7258],[139.0933,37.7094],[139.1063,37.6984],[139.0983,37.6796],[139.0644,37.6742],[139.0648,37.6682],[139.0462,37.6711],[139.0312,37.6889]]]}},{"type":"Feature","properties":{"id":"15385","name":"阿賀町","pref":"新潟県"},"geometry":{"type":"Polygon","coordinates":[[[139.3265,37.4624],[139.2512,37.4524],[139.2595,37.4678],[139.2835,37.4839],[139.2984,37.485],[139.2875,37.5074],[139.2761,37.5097],[139.322,37.5417],[139.3083,37.562],[139.3251,37.5846],[139.3197,37.5946],[139.3486,37.6008],[139.3427,37.6137],[139.348,37.6298],[139.3219,37.6471],[139.324,37.6623],[139.3071,37.6752],[139.3096,37.69],[139.2803,37.7016],[139.2851,37.7203],[139.2965,37.729],[139.297,37.7365],[139.2872,37.7376],[139.2894,37.7568],[139.3244,37.7704],[139.3435,37.7994],[139.3641,37.8149],[139.3616,37.8218],[139.3872,37.8273],[139.4109,37.813],[139.4289,37.8152],[139.469,37.7881],[139.4818,37.797],[139.5244,37.7932],[139.5375,37.805],[139.5849,37.8109],[139.6198,37.8303],[139.6531,37.8309],[139.7107,37.8544],[139.7365,37.8273],[139.7415,37.8177],[139.7216,37.8094],[139.6579,37.755],[139.6496,37.7291],[139.6241,37.7102],[139.6272,37.6883],[139.6094,37.6843],[139.5964,37.6659],[139.5493,37.649],[139.5553,37.6411],[139.546,37.6289],[139.5485,37.6096],[139.565,37.5974],[139.5724,37.5703],[139.5657,37.5461],[139.5787,37.53],[139.5905,37.528],[139.5849,37.5127],[139.5647,37.5017],[139.5234,37.5145],[139.4858,37.5103],[139.4761,37.5026],[139.4572,37.5179],[139.4294,37.5147],[139.4112,37.5052],[139.4063,37.466],[139.3975,37.4598],[139.3626,37.47],[139.3355,37.4578],[139.3265,37.4624]]]}},{"type":"Feature","properties":{"id":"15405","name":"出雲崎町","pref":"新潟県"},"geometry":{"type":"MultiPolygon","coordinates":[[[[138.7218,37.4874],[138.695,37.5042],[138.6751,37.4948],[138.6786,37.522],[138.6602,37.5235],[138.709,37.5553],[138.7267,37.5781],[138.7229,37.5656],[138.7491,37.5621],[138.7424,37.5439],[138.7641,37.5292],[138.742,37.5157],[138.7333,37.5007],[138.7403,37.4964],[138.7375,37.4894],[138.7218,37.4874]]],[[[138.6815,37.5452],[138.6836,37.5453],[138.6815,37.5451],[138.6815,37.5452]]],[[[138.689,37.5458],[138.6891,37.5457],[138.6886,37.545],[138.689,37.5458]]],[[[138.6904,37.5462],[138.6911,37.5466],[138.6911,37.5466],[138.6904,37.5462]]]]}},{"type":"Feature","properties":{"id":"15461","name":"湯沢町","pref":"新潟県"},"geometry":{"type":"Polygon","coordinates":[[[138.727,36.7642],[138.7124,36.7388],[138.6974,36.7376],[138.6881,36.7657],[138.6695,36.7737],[138.6958,36.8079],[138.6796,36.8211],[138.6902,36.8327],[138.6904,36.8457],[138.7032,36.85],[138.7004,36.8682],[138.7128,36.8722],[138.7306,36.9092],[138.7844,36.9638],[138.807,36.9621],[138.8201,36.951],[138.8508,36.9613],[138.8546,36.9502],[138.886,36.9508],[138.8984,36.9359],[138.9142,36.9312],[138.9324,36.8936],[138.9179,36.8738],[138.9224,36.8634],[138.916,36.851],[138.9297,36.8332],[138.8819,36.8258],[138.8564,36.8116],[138.8217,36.8176],[138.8318,36.7939],[138.8269,36.7723],[138.8178,36.7616],[138.7953,36.7581],[138.7894,36.7449],[138.727,36.7642]]]}},{"type":"Feature","properties":{"id":"15482","name":"津南町","pref":"新潟県"},"geometry":{"type":"Polygon","coordinates":[[[138.6643,36.9349],[138.6566,36.8991],[138.6983,36.8713],[138.7064,36.8601],[138.7031,36.8499],[138.6904,36.8457],[138.687,36.8628],[138.6254,36.8824],[138.6178,36.892],[138.621,36.9041],[138.5888,36.914],[138.5921,36.9253],[138.5829,36.9287],[138.5868,36.988],[138.5659,37.0213],[138.6026,37.0403],[138.6309,37.0428],[138.6674,37.0654],[138.6866,37.0592],[138.6827,37.0504],[138.6919,37.0361],[138.6838,37.0302],[138.6835,37.0129],[138.6953,37.0166],[138.6991,36.9852],[138.7086,36.9806],[138.7165,36.9603],[138.7103,36.9466],[138.6895,36.9394],[138.6857,36.9515],[138.6745,36.9434],[138.6782,36.9371],[138.6643,36.9349]]]}},{"type":"Feature","properties":{"id":"15504","name":"刈羽村","pref":"新潟県"},"geometry":{"type":"MultiPolygon","coordinates":[[[[138.7077,37.416],[138.6989,37.4017],[138.6923,37.4039],[138.6797,37.4195],[138.6803,37.4329],[138.692,37.4379],[138.7077,37.416]]],[[[138.625,37.4063],[138.5906,37.402],[138.6076,37.4302],[138.5993,37.4366],[138.603,37.4429],[138.6346,37.4577],[138.6432,37.4521],[138.6315,37.432],[138.645,37.431],[138.6704,37.41],[138.6554,37.4062],[138.6324,37.4136],[138.625,37.4063]]]]}},{"type":"Feature","properties":{"id":"15581","name":"関川村","pref":"新潟県"},"geometry":{"type":"Polygon","coordinates":[[[139.6216,37.9198],[139.6075,37.9265],[139.6065,37.9353],[139.5679,37.9319],[139.5561,37.9591],[139.5637,37.9669],[139.5635,37.9881],[139.5311,38.0128],[139.5396,38.0323],[139.5226,38.0626],[139.5245,38.0827],[139.508,38.0889],[139.4899,38.0847],[139.5115,38.0999],[139.5124,38.1086],[139.5018,38.1161],[139.5143,38.1272],[139.5037,38.1345],[139.5094,38.1425],[139.5289,38.1502],[139.5566,38.1486],[139.5878,38.1698],[139.6154,38.164],[139.6546,38.1683],[139.6695,38.1579],[139.6847,38.1594],[139.6923,38.1485],[139.6939,38.1158],[139.6827,38.1081],[139.6713,38.0769],[139.6918,38.0751],[139.6862,38.065],[139.6927,38.057],[139.6801,38.0432],[139.6547,38.0352],[139.6545,37.997],[139.6437,37.9953],[139.6393,37.9855],[139.643,37.9467],[139.6216,37.9198]]]}},{"type":"Feature","properties":{"id":"15586","name":"粟島浦村","pref":"新潟県"},"geometry":{"type":"MultiPolygon","coordinates":[[[[139.2133,38.4368],[139.2138,38.4368],[139.2137,38.4365],[139.2133,38.4368]]],[[[139.215,38.4368],[139.2151,38.4369],[139.2151,38.4368],[139.215,38.4368]]],[[[139.214,38.437],[139.214,38.4369],[139.214,38.437],[139.214,38.437]]],[[[139.2146,38.4369],[139.2146,38.437],[139.2146,38.437],[139.2146,38.4369]]],[[[139.2139,38.4372],[139.2139,38.4371],[139.2138,38.4372],[139.2139,38.4372]]],[[[139.2142,38.4372],[139.2141,38.4372],[139.2141,38.4372],[139.2142,38.4372]]],[[[139.2146,38.4372],[139.2148,38.4372],[139.2147,38.4371],[139.2146,38.4372]]],[[[139.2141,38.4374],[139.2145,38.4375],[139.2145,38.4374],[139.2141,38.4374]]],[[[139.2144,38.4377],[139.2143,38.4378],[139.2144,38.4377],[139.2144,38.4377]]],[[[139.2142,38.4379],[139.2141,38.438],[139.2142,38.4379],[139.2142,38.4379]]],[[[139.2132,38.4386],[139.2131,38.4387],[139.2132,38.4387],[139.2132,38.4386]]],[[[139.2137,38.4388],[139.2137,38.4389],[139.2137,38.4389],[139.2137,38.4388]]],[[[139.2132,38.4388],[139.2132,38.4389],[139.2133,38.4388],[139.2132,38.4388]]],[[[139.214,38.4389],[139.2141,38.439],[139.2141,38.439],[139.214,38.4389]]],[[[139.2134,38.439],[139.2134,38.4391],[139.2135,38.439],[139.2134,38.439]]],[[[139.2142,38.4393],[139.2142,38.4392],[139.2141,38.4392],[139.2142,38.4393]]],[[[139.2141,38.4395],[139.214,38.4395],[139.214,38.4395],[139.2141,38.4395]]],[[[139.2137,38.4396],[139.2137,38.4395],[139.2137,38.4395],[139.2137,38.4396]]],[[[139.2155,38.4399],[139.2161,38.4396],[139.2154,38.4398],[139.2155,38.4399]]],[[[139.2142,38.44],[139.2139,38.4402],[139.2143,38.4402],[139.2142,38.44]]],[[[139.2161,38.4404],[139.2161,38.4403],[139.2161,38.4403],[139.2161,38.4404]]],[[[139.217,38.4407],[139.217,38.4405],[139.2169,38.4407],[139.217,38.4407]]],[[[139.2171,38.4409],[139.2172,38.4409],[139.2171,38.4408],[139.2171,38.4409]]],[[[139.2176,38.4411],[139.2175,38.441],[139.2175,38.4411],[139.2176,38.4411]]],[[[139.2149,38.4424],[139.2143,38.4426],[139.215,38.4426],[139.2149,38.4424]]],[[[139.2166,38.4436],[139.2165,38.4437],[139.2166,38.4437],[139.2166,38.4436]]],[[[139.2172,38.4436],[139.217,38.4438],[139.2173,38.4437],[139.2172,38.4436]]],[[[139.2174,38.4438],[139.2174,38.4439],[139.2174,38.4439],[139.2174,38.4438]]],[[[139.2168,38.4439],[139.2167,38.4438],[139.2167,38.4439],[139.2168,38.4439]]],[[[139.2174,38.444],[139.2172,38.4441],[139.2174,38.4441],[139.2174,38.444]]],[[[139.2171,38.4442],[139.2169,38.4441],[139.2168,38.4442],[139.2171,38.4442]]],[[[139.2176,38.4443],[139.2176,38.4444],[139.2176,38.4444],[139.2176,38.4443]]],[[[139.2172,38.4444],[139.2172,38.4445],[139.2173,38.4444],[139.2172,38.4444]]],[[[139.2167,38.4447],[139.2166,38.4447],[139.2165,38.4447],[139.2167,38.4447]]],[[[139.2167,38.4449],[139.2167,38.445],[139.2168,38.4449],[139.2167,38.4449]]],[[[139.2164,38.4452],[139.2163,38.4453],[139.2164,38.4453],[139.2164,38.4452]]],[[[139.2169,38.446],[139.2169,38.4458],[139.2168,38.446],[139.2169,38.446]]],[[[139.2165,38.4459],[139.2165,38.4459],[139.2165,38.4459],[139.2165,38.4459]]],[[[139.2173,38.4459],[139.2171,38.4459],[139.2171,38.446],[139.2173,38.4459]]],[[[139.2176,38.446],[139.2175,38.4461],[139.2177,38.446],[139.2176,38.446]]],[[[139.2172,38.4476],[139.2174,38.4475],[139.2173,38.4475],[139.2172,38.4476]]],[[[139.2176,38.4478],[139.2171,38.4484],[139.2177,38.4479],[139.2176,38.4478]]],[[[139.2133,38.4486],[139.2131,38.4484],[139.2132,38.4485],[139.2133,38.4486]]],[[[139.2224,38.4354],[139.2224,38.4353],[139.2224,38.4354],[139.2224,38.4354]]],[[[139.2206,38.4355],[139.2208,38.4357],[139.2209,38.4356],[139.2206,38.4355]]],[[[139.2227,38.4358],[139.2225,38.4355],[139.2225,38.4355],[139.2227,38.4358]]],[[[139.221,38.4358],[139.2211,38.4357],[139.221,38.4358],[139.221,38.4358]]],[[[139.2178,38.4412],[139.2179,38.4412],[139.2178,38.4411],[139.2178,38.4412]]],[[[139.2183,38.4415],[139.2184,38.4416],[139.2184,38.4415],[139.2183,38.4415]]],[[[139.2178,38.4434],[139.2177,38.4432],[139.2177,38.4434],[139.2178,38.4434]]],[[[139.2184,38.4433],[139.2182,38.4434],[139.2184,38.4434],[139.2184,38.4433]]],[[[139.2177,38.4437],[139.2178,38.444],[139.2179,38.4437],[139.2177,38.4437]]],[[[139.218,38.4459],[139.2179,38.4458],[139.2178,38.4459],[139.218,38.4459]]],[[[139.2179,38.4465],[139.218,38.4465],[139.2179,38.4465],[139.2179,38.4465]]],[[[139.2181,38.4478],[139.2182,38.4478],[139.2181,38.4478],[139.2181,38.4478]]],[[[139.22,38.4479],[139.22,38.4478],[139.22,38.4478],[139.22,38.4479]]],[[[139.2197,38.4479],[139.2196,38.4478],[139.2195,38.448],[139.2197,38.4479]]],[[[139.2187,38.4479],[139.2187,38.4479],[139.2187,38.4479],[139.2187,38.4479]]],[[[139.2179,38.448],[139.2178,38.4481],[139.2179,38.448],[139.2179,38.448]]],[[[139.2202,38.448],[139.2203,38.448],[139.2202,38.448],[139.2202,38.448]]],[[[139.218,38.4482],[139.2181,38.4481],[139.218,38.4482],[139.218,38.4482]]],[[[139.218,38.4489],[139.218,38.4484],[139.2176,38.4487],[139.218,38.4489]]],[[[139.2213,38.4487],[139.2212,38.4488],[139.2213,38.4487],[139.2213,38.4487]]],[[[139.2205,38.4491],[139.2203,38.449],[139.2205,38.4492],[139.2205,38.4491]]],[[[139.2178,38.4492],[139.2178,38.449],[139.2176,38.4491],[139.2178,38.4492]]],[[[139.2233,38.4504],[139.2233,38.4504],[139.2233,38.4504],[139.2233,38.4504]]],[[[139.2235,38.4505],[139.2235,38.4504],[139.2235,38.4504],[139.2235,38.4505]]],[[[139.2229,38.452],[139.223,38.4518],[139.2228,38.4519],[139.2229,38.452]]],[[[139.2218,38.4521],[139.2218,38.4521],[139.2218,38.4521],[139.2218,38.4521]]],[[[139.223,38.4522],[139.2229,38.4521],[139.2229,38.4522],[139.223,38.4522]]],[[[139.2224,38.4533],[139.2227,38.4532],[139.2226,38.4531],[139.2224,38.4533]]],[[[139.2223,38.4539],[139.2223,38.4538],[139.2223,38.4539],[139.2223,38.4539]]],[[[139.2224,38.4541],[139.2225,38.4541],[139.2224,38.4541],[139.2224,38.4541]]],[[[139.2216,38.4541],[139.2215,38.4541],[139.2215,38.4542],[139.2216,38.4541]]],[[[139.2231,38.4549],[139.2232,38.455],[139.2232,38.455],[139.2231,38.4549]]],[[[139.2218,38.4556],[139.2219,38.4556],[139.2219,38.4555],[139.2218,38.4556]]],[[[139.2242,38.4562],[139.2242,38.4562],[139.2242,38.4562],[139.2242,38.4562]]],[[[139.2244,38.4564],[139.2243,38.4563],[139.2243,38.4563],[139.2244,38.4564]]],[[[139.2242,38.4569],[139.2242,38.4569],[139.2242,38.4569],[139.2242,38.4569]]],[[[139.2212,38.459],[139.221,38.4591],[139.2211,38.4591],[139.2212,38.459]]],[[[139.2206,38.4596],[139.2205,38.4597],[139.2205,38.4597],[139.2206,38.4596]]],[[[139.2219,38.46],[139.2218,38.4603],[139.2221,38.4602],[139.2219,38.46]]],[[[139.2221,38.4607],[139.222,38.4605],[139.222,38.4606],[139.2221,38.4607]]],[[[139.2216,38.4607],[139.2218,38.4606],[139.2213,38.4603],[139.2216,38.4607]]],[[[139.2242,38.4613],[139.2239,38.4614],[139.2242,38.4614],[139.2242,38.4613]]],[[[139.2243,38.4616],[139.2235,38.4618],[139.2241,38.4624],[139.2243,38.4616]]],[[[139.2318,38.4404],[139.2317,38.4406],[139.2318,38.4405],[139.2318,38.4404]]],[[[139.2319,38.4406],[139.2319,38.4407],[139.232,38.4407],[139.2319,38.4406]]],[[[139.232,38.441],[139.2322,38.441],[139.232,38.4409],[139.232,38.441]]],[[[139.2244,38.4566],[139.2244,38.4565],[139.2244,38.4566],[139.2244,38.4566]]],[[[139.2244,38.4615],[139.2244,38.4613],[139.2243,38.4613],[139.2244,38.4615]]],[[[139.2245,38.462],[139.2244,38.4619],[139.2244,38.462],[139.2245,38.462]]],[[[139.2256,38.4622],[139.2256,38.4621],[139.2256,38.4621],[139.2256,38.4622]]],[[[139.2291,38.4637],[139.229,38.4636],[139.229,38.4637],[139.2291,38.4637]]],[[[139.2305,38.4637],[139.2307,38.4637],[139.2305,38.4637],[139.2305,38.4637]]],[[[139.2276,38.4638],[139.2277,38.4639],[139.2277,38.4638],[139.2276,38.4638]]],[[[139.2303,38.464],[139.2303,38.4639],[139.2302,38.4639],[139.2303,38.464]]],[[[139.23,38.464],[139.2301,38.4639],[139.2301,38.4639],[139.23,38.464]]],[[[139.2294,38.464],[139.229,38.464],[139.2292,38.4643],[139.2294,38.464]]],[[[139.2303,38.4642],[139.2303,38.4643],[139.2304,38.4642],[139.2303,38.4642]]],[[[139.2326,38.4666],[139.2329,38.4666],[139.2329,38.4665],[139.2326,38.4666]]],[[[139.2325,38.467],[139.2324,38.467],[139.2324,38.467],[139.2325,38.467]]],[[[139.2311,38.4672],[139.2311,38.4671],[139.231,38.4672],[139.2311,38.4672]]],[[[139.2319,38.4672],[139.2321,38.4673],[139.2321,38.4672],[139.2319,38.4672]]],[[[139.2313,38.4674],[139.2313,38.4673],[139.2313,38.4674],[139.2313,38.4674]]],[[[139.233,38.4676],[139.2331,38.4676],[139.2331,38.4675],[139.233,38.4676]]],[[[139.2326,38.4677],[139.2328,38.4677],[139.2328,38.4676],[139.2326,38.4677]]],[[[139.2334,38.4675],[139.2335,38.4679],[139.2337,38.4675],[139.2334,38.4675]]],[[[139.2322,38.468],[139.2324,38.4681],[139.2325,38.4679],[139.2322,38.468]]],[[[139.2337,38.4682],[139.2336,38.4679],[139.2333,38.4682],[139.2337,38.4682]]],[[[139.2328,38.4678],[139.2322,38.4685],[139.233,38.4679],[139.2328,38.4678]]],[[[139.2341,38.4681],[139.2338,38.4683],[139.2339,38.4684],[139.2341,38.4681]]],[[[139.2341,38.4685],[139.2341,38.4685],[139.2341,38.4685],[139.2341,38.4685]]],[[[139.233,38.4687],[139.2336,38.4685],[139.2336,38.4684],[139.233,38.4687]]],[[[139.2362,38.4688],[139.2363,38.4687],[139.2362,38.4687],[139.2362,38.4688]]],[[[139.2343,38.4689],[139.2344,38.4686],[139.2342,38.4687],[139.2343,38.4689]]],[[[139.2339,38.4688],[139.2336,38.4687],[139.2336,38.4689],[139.2339,38.4688]]],[[[139.2357,38.4688],[139.2357,38.469],[139.2357,38.4689],[139.2357,38.4688]]],[[[139.2353,38.4691],[139.2353,38.469],[139.2352,38.4691],[139.2353,38.4691]]],[[[139.236,38.4691],[139.2361,38.4691],[139.236,38.4691],[139.236,38.4691]]],[[[139.2354,38.4693],[139.2354,38.4693],[139.2355,38.4693],[139.2354,38.4693]]],[[[139.2358,38.4694],[139.2359,38.4694],[139.2358,38.4694],[139.2358,38.4694]]],[[[139.2366,38.4702],[139.2365,38.4703],[139.2366,38.4703],[139.2366,38.4702]]],[[[139.2362,38.4704],[139.2362,38.4704],[139.2363,38.4704],[139.2362,38.4704]]],[[[139.2366,38.4704],[139.2366,38.4706],[139.2367,38.4705],[139.2366,38.4704]]],[[[139.2361,38.4705],[139.236,38.4706],[139.2361,38.4706],[139.2361,38.4705]]],[[[139.2365,38.4707],[139.2366,38.4707],[139.2367,38.4707],[139.2365,38.4707]]],[[[139.2354,38.4708],[139.2356,38.4709],[139.2356,38.4706],[139.2354,38.4708]]],[[[139.2362,38.4709],[139.2361,38.4708],[139.2361,38.4709],[139.2362,38.4709]]],[[[139.2407,38.4471],[139.2406,38.447],[139.2407,38.4471],[139.2407,38.4471]]],[[[139.256,38.4712],[139.2265,38.4373],[139.2138,38.4383],[139.2145,38.4391],[139.2141,38.4399],[139.216,38.4394],[139.2189,38.4415],[139.218,38.445],[139.217,38.4451],[139.2187,38.4458],[139.2175,38.4477],[139.2228,38.4475],[139.2253,38.4489],[139.2248,38.4567],[139.2211,38.4593],[139.2266,38.4624],[139.2245,38.465],[139.2271,38.4633],[139.2318,38.4638],[139.2311,38.466],[139.2332,38.4659],[139.2343,38.4684],[139.2363,38.4684],[139.2386,38.4711],[139.2389,38.4727],[139.2373,38.4758],[139.2408,38.4766],[139.2439,38.4813],[139.2438,38.4827],[139.251,38.4842],[139.2503,38.4874],[139.2547,38.4899],[139.2545,38.4909],[139.2609,38.4888],[139.2642,38.4889],[139.2569,38.4765],[139.258,38.4736],[139.2603,38.4728],[139.256,38.4712]]],[[[139.237,38.4695],[139.2371,38.4695],[139.2371,38.4694],[139.237,38.4695]]],[[[139.2366,38.4698],[139.2367,38.4697],[139.2366,38.4698],[139.2366,38.4698]]],[[[139.2369,38.4699],[139.2367,38.47],[139.2368,38.47],[139.2369,38.4699]]],[[[139.2374,38.4703],[139.2374,38.4704],[139.2374,38.4704],[139.2374,38.4703]]],[[[139.237,38.4705],[139.2369,38.4704],[139.2369,38.4705],[139.237,38.4705]]],[[[139.2374,38.4705],[139.2375,38.4706],[139.2375,38.4704],[139.2374,38.4705]]],[[[139.2377,38.4707],[139.2377,38.4706],[139.2377,38.4706],[139.2377,38.4707]]],[[[139.237,38.4707],[139.2371,38.4708],[139.2372,38.4708],[139.237,38.4707]]],[[[139.2384,38.4722],[139.2383,38.4724],[139.2384,38.4724],[139.2384,38.4722]]],[[[139.2381,38.4723],[139.2382,38.4724],[139.2382,38.4724],[139.2381,38.4723]]],[[[139.2379,38.4725],[139.2378,38.4726],[139.2381,38.4726],[139.2379,38.4725]]],[[[139.238,38.4729],[139.2382,38.4729],[139.238,38.4729],[139.238,38.4729]]],[[[139.2381,38.4737],[139.238,38.4738],[139.2381,38.4738],[139.2381,38.4737]]],[[[139.2377,38.4745],[139.2376,38.4744],[139.2376,38.4744],[139.2377,38.4745]]],[[[139.2374,38.4745],[139.2374,38.4744],[139.2374,38.4745],[139.2374,38.4745]]],[[[139.2409,38.4775],[139.2409,38.4776],[139.241,38.4776],[139.2409,38.4775]]],[[[139.2398,38.4776],[139.2399,38.4777],[139.2399,38.4776],[139.2398,38.4776]]],[[[139.2412,38.4777],[139.2411,38.4776],[139.2411,38.4777],[139.2412,38.4777]]],[[[139.2413,38.479],[139.2413,38.4789],[139.2413,38.479],[139.2413,38.479]]],[[[139.2391,38.4792],[139.2393,38.479],[139.2392,38.479],[139.2391,38.4792]]],[[[139.2389,38.4793],[139.2389,38.479],[139.2388,38.4791],[139.2389,38.4793]]],[[[139.2425,38.4799],[139.2421,38.4803],[139.2426,38.4801],[139.2425,38.4799]]],[[[139.2426,38.4803],[139.2424,38.4806],[139.2425,38.4807],[139.2426,38.4803]]],[[[139.242,38.4805],[139.2422,38.4805],[139.2422,38.4805],[139.242,38.4805]]],[[[139.2433,38.4807],[139.2434,38.4807],[139.2433,38.4806],[139.2433,38.4807]]],[[[139.2422,38.4808],[139.2422,38.4807],[139.2422,38.4807],[139.2422,38.4808]]],[[[139.2419,38.4809],[139.2419,38.481],[139.242,38.481],[139.2419,38.4809]]],[[[139.2431,38.4812],[139.243,38.4811],[139.2431,38.4812],[139.2431,38.4812]]],[[[139.2434,38.4813],[139.2434,38.4811],[139.2433,38.4812],[139.2434,38.4813]]],[[[139.241,38.4813],[139.2409,38.4817],[139.2411,38.4816],[139.241,38.4813]]],[[[139.2433,38.4816],[139.2432,38.4816],[139.2432,38.4816],[139.2433,38.4816]]],[[[139.2429,38.4816],[139.243,38.4818],[139.2432,38.4818],[139.2429,38.4816]]],[[[139.2434,38.4818],[139.2434,38.4817],[139.2434,38.4818],[139.2434,38.4818]]],[[[139.2428,38.4821],[139.2427,38.4821],[139.2429,38.4821],[139.2428,38.4821]]],[[[139.2431,38.4826],[139.243,38.4824],[139.2429,38.4824],[139.2431,38.4826]]],[[[139.243,38.4828],[139.2429,38.4828],[139.243,38.4828],[139.243,38.4828]]],[[[139.244,38.4831],[139.244,38.4832],[139.2441,38.4832],[139.244,38.4831]]],[[[139.2442,38.4832],[139.2443,38.4833],[139.2443,38.4832],[139.2442,38.4832]]],[[[139.2436,38.4835],[139.2436,38.4834],[139.2436,38.4834],[139.2436,38.4835]]],[[[139.2438,38.4836],[139.244,38.4836],[139.2439,38.4835],[139.2438,38.4836]]],[[[139.2439,38.4847],[139.2439,38.4845],[139.2437,38.4847],[139.2439,38.4847]]],[[[139.2445,38.4495],[139.2445,38.4497],[139.2446,38.4496],[139.2445,38.4495]]],[[[139.2449,38.4831],[139.245,38.4831],[139.2449,38.483],[139.2449,38.4831]]],[[[139.2446,38.4834],[139.2453,38.4835],[139.2446,38.4833],[139.2446,38.4834]]],[[[139.2448,38.4837],[139.2448,38.4836],[139.2448,38.4837],[139.2448,38.4837]]],[[[139.2456,38.4837],[139.2454,38.4837],[139.2454,38.4838],[139.2456,38.4837]]],[[[139.2481,38.4843],[139.248,38.4843],[139.248,38.4843],[139.2481,38.4843]]],[[[139.2444,38.4843],[139.2446,38.4846],[139.2446,38.4843],[139.2444,38.4843]]],[[[139.2481,38.4845],[139.2481,38.4844],[139.2481,38.4845],[139.2481,38.4845]]],[[[139.2471,38.4845],[139.2474,38.4846],[139.2475,38.4845],[139.2471,38.4845]]],[[[139.2476,38.4849],[139.2476,38.4847],[139.2474,38.4848],[139.2476,38.4849]]],[[[139.248,38.4848],[139.2478,38.4849],[139.2478,38.4849],[139.248,38.4848]]],[[[139.2471,38.4852],[139.2473,38.485],[139.2471,38.4851],[139.2471,38.4852]]],[[[139.2477,38.4861],[139.2482,38.4856],[139.2477,38.4858],[139.2477,38.4861]]],[[[139.2503,38.4862],[139.2504,38.4862],[139.2503,38.4861],[139.2503,38.4862]]],[[[139.25,38.4863],[139.25,38.4863],[139.25,38.4863],[139.25,38.4863]]],[[[139.2479,38.4863],[139.2481,38.4863],[139.248,38.4863],[139.2479,38.4863]]],[[[139.25,38.4865],[139.2501,38.4865],[139.2501,38.4864],[139.25,38.4865]]],[[[139.2476,38.4865],[139.2477,38.4865],[139.2478,38.4864],[139.2476,38.4865]]],[[[139.248,38.4867],[139.2478,38.4866],[139.2478,38.4867],[139.248,38.4867]]],[[[139.2467,38.487],[139.2468,38.487],[139.2467,38.4869],[139.2467,38.487]]],[[[139.2473,38.4875],[139.2473,38.4873],[139.2472,38.4873],[139.2473,38.4875]]],[[[139.247,38.4876],[139.2471,38.4878],[139.2472,38.4876],[139.247,38.4876]]],[[[139.2511,38.4881],[139.251,38.488],[139.251,38.4881],[139.2511,38.4881]]],[[[139.2513,38.4881],[139.2512,38.4881],[139.2512,38.4882],[139.2513,38.4881]]],[[[139.2509,38.4883],[139.2509,38.4882],[139.2509,38.4883],[139.2509,38.4883]]],[[[139.2518,38.4885],[139.2517,38.4885],[139.2518,38.4885],[139.2518,38.4885]]],[[[139.2511,38.4884],[139.251,38.4886],[139.2511,38.4885],[139.2511,38.4884]]],[[[139.2515,38.4886],[139.2516,38.4887],[139.2516,38.4886],[139.2515,38.4886]]],[[[139.2518,38.4889],[139.2517,38.489],[139.2518,38.4889],[139.2518,38.4889]]],[[[139.2521,38.489],[139.252,38.489],[139.252,38.489],[139.2521,38.489]]],[[[139.2522,38.4895],[139.252,38.4895],[139.2521,38.4896],[139.2522,38.4895]]],[[[139.2515,38.4897],[139.2515,38.4895],[139.2514,38.4897],[139.2515,38.4897]]],[[[139.2525,38.4897],[139.2521,38.4899],[139.2523,38.49],[139.2525,38.4897]]],[[[139.2518,38.4897],[139.2518,38.4904],[139.252,38.4898],[139.2518,38.4897]]],[[[139.2526,38.4901],[139.2527,38.4901],[139.2526,38.4901],[139.2526,38.4901]]],[[[139.2522,38.4906],[139.2523,38.4903],[139.2521,38.4905],[139.2522,38.4906]]],[[[139.2514,38.4907],[139.2514,38.4904],[139.2513,38.4907],[139.2514,38.4907]]],[[[139.2523,38.4909],[139.2521,38.4909],[139.2522,38.491],[139.2523,38.4909]]],[[[139.2519,38.4912],[139.252,38.4915],[139.252,38.4912],[139.2519,38.4912]]],[[[139.2517,38.4918],[139.2518,38.4919],[139.2517,38.4918],[139.2517,38.4918]]],[[[139.2496,38.4949],[139.25,38.4946],[139.2496,38.4947],[139.2496,38.4949]]],[[[139.2497,38.4953],[139.2496,38.4949],[139.2494,38.495],[139.2497,38.4953]]],[[[139.2502,38.4957],[139.2499,38.4956],[139.2498,38.4957],[139.2502,38.4957]]],[[[139.2563,38.4699],[139.2596,38.4675],[139.2563,38.4698],[139.2563,38.4699]]],[[[139.2561,38.4701],[139.2562,38.4701],[139.2561,38.4701],[139.2561,38.4701]]],[[[139.2562,38.4705],[139.2561,38.4705],[139.2562,38.4705],[139.2562,38.4705]]],[[[139.2566,38.4705],[139.2566,38.4705],[139.2566,38.4705],[139.2566,38.4705]]],[[[139.2569,38.4707],[139.2569,38.4706],[139.2569,38.4707],[139.2569,38.4707]]],[[[139.2574,38.4708],[139.2574,38.4707],[139.2573,38.4707],[139.2574,38.4708]]],[[[139.2572,38.4707],[139.2572,38.4708],[139.2572,38.4708],[139.2572,38.4707]]],[[[139.2589,38.4736],[139.2589,38.4734],[139.2588,38.4735],[139.2589,38.4736]]],[[[139.2582,38.4737],[139.2582,38.4738],[139.2583,38.4737],[139.2582,38.4737]]],[[[139.2579,38.4747],[139.258,38.4745],[139.2579,38.4746],[139.2579,38.4747]]],[[[139.2595,38.4793],[139.2594,38.4793],[139.2595,38.4794],[139.2595,38.4793]]],[[[139.2652,38.4872],[139.265,38.4871],[139.2651,38.4872],[139.2652,38.4872]]],[[[139.2649,38.4876],[139.2648,38.4875],[139.2648,38.4876],[139.2649,38.4876]]],[[[139.265,38.4877],[139.2649,38.4877],[139.2649,38.4877],[139.265,38.4877]]],[[[139.2648,38.4879],[139.2647,38.488],[139.2648,38.4879],[139.2648,38.4879]]],[[[139.2646,38.4884],[139.2647,38.4883],[139.2646,38.4883],[139.2646,38.4884]]],[[[139.2636,38.489],[139.2635,38.4889],[139.2635,38.489],[139.2636,38.489]]],[[[139.2635,38.4893],[139.2637,38.489],[139.2634,38.4891],[139.2635,38.4893]]],[[[139.2631,38.4892],[139.2631,38.4892],[139.2631,38.4892],[139.2631,38.4892]]],[[[139.2611,38.4893],[139.2615,38.4894],[139.2614,38.4892],[139.2611,38.4893]]],[[[139.2605,38.4895],[139.2608,38.4893],[139.2604,38.4894],[139.2605,38.4895]]],[[[139.2644,38.4896],[139.2646,38.4893],[139.2644,38.4892],[139.2644,38.4896]]],[[[139.2628,38.4896],[139.2624,38.4894],[139.2623,38.4896],[139.2628,38.4896]]],[[[139.2615,38.4896],[139.2613,38.4897],[139.2614,38.4898],[139.2615,38.4896]]],[[[139.2651,38.4897],[139.2651,38.4897],[139.2651,38.4898],[139.2651,38.4897]]],[[[139.2602,38.4899],[139.2603,38.4899],[139.2602,38.4898],[139.2602,38.4899]]],[[[139.2606,38.4899],[139.2607,38.49],[139.2607,38.49],[139.2606,38.4899]]],[[[139.2635,38.4901],[139.2635,38.4901],[139.2634,38.4901],[139.2635,38.4901]]],[[[139.2543,38.4903],[139.2534,38.4899],[139.2532,38.4899],[139.2538,38.4905],[139.2543,38.4903]]],[[[139.2587,38.49],[139.2586,38.4904],[139.2588,38.4904],[139.2587,38.49]]],[[[139.2605,38.4902],[139.2606,38.4902],[139.2605,38.4902],[139.2605,38.4902]]],[[[139.2582,38.4902],[139.2583,38.4903],[139.2583,38.4902],[139.2582,38.4902]]],[[[139.2578,38.4903],[139.2578,38.4902],[139.2578,38.4903],[139.2578,38.4903]]],[[[139.2528,38.4904],[139.253,38.4904],[139.2529,38.4901],[139.2528,38.4904]]],[[[139.2592,38.4906],[139.2593,38.4906],[139.2592,38.4905],[139.2592,38.4906]]],[[[139.2639,38.4906],[139.264,38.4907],[139.264,38.4906],[139.2639,38.4906]]],[[[139.264,38.4908],[139.264,38.4909],[139.264,38.4909],[139.264,38.4908]]],[[[139.2548,38.4911],[139.2548,38.4911],[139.2549,38.4911],[139.2548,38.4911]]],[[[139.2565,38.4913],[139.2562,38.4915],[139.2566,38.4916],[139.2565,38.4913]]],[[[139.2558,38.4915],[139.2558,38.4914],[139.2558,38.4915],[139.2558,38.4915]]],[[[139.256,38.4916],[139.2561,38.4917],[139.2562,38.4917],[139.256,38.4916]]],[[[139.2547,38.492],[139.2544,38.4922],[139.2548,38.492],[139.2547,38.492]]]]}},{"type":"Feature","properties":{"id":"17201","name":"金沢市","pref":"石川県"},"geometry":{"type":"MultiPolygon","coordinates":[[[[136.6132,36.5002],[136.6153,36.5232],[136.6308,36.5314],[136.622,36.5338],[136.6219,36.5462],[136.6051,36.5402],[136.5988,36.555],[136.5945,36.5456],[136.5847,36.5516],[136.5798,36.5469],[136.5769,36.5628],[136.5571,36.5677],[136.5855,36.5987],[136.5864,36.6008],[136.5856,36.6013],[136.5834,36.6034],[136.5806,36.6061],[136.5809,36.6075],[136.5861,36.601],[136.585,36.6078],[136.6005,36.6205],[136.5978,36.6236],[136.5998,36.6456],[136.6023,36.6181],[136.6133,36.639],[136.6061,36.6433],[136.6182,36.639],[136.6329,36.6256],[136.686,36.6742],[136.6966,36.6681],[136.6897,36.66],[136.7083,36.6429],[136.7139,36.6501],[136.7458,36.6358],[136.7859,36.6301],[136.7833,36.6153],[136.7953,36.5848],[136.791,36.5696],[136.8024,36.5688],[136.8172,36.5521],[136.7951,36.5108],[136.794,36.497],[136.8028,36.485],[136.7956,36.4749],[136.7984,36.4616],[136.7882,36.4527],[136.7967,36.4447],[136.7696,36.4309],[136.7684,36.4235],[136.7702,36.4147],[136.7951,36.4013],[136.806,36.3554],[136.7714,36.3394],[136.7698,36.3465],[136.7161,36.3713],[136.7102,36.3914],[136.6933,36.3884],[136.6622,36.4058],[136.6655,36.4168],[136.6486,36.4453],[136.6544,36.4516],[136.6356,36.4768],[136.6442,36.4767],[136.6439,36.4849],[136.6132,36.5002]]],[[[136.5943,36.6155],[136.5949,36.6163],[136.595,36.6163],[136.5943,36.6155]]],[[[136.5957,36.6171],[136.595,36.6163],[136.5949,36.6164],[136.5957,36.6171]]],[[[136.5958,36.6171],[136.5965,36.618],[136.5966,36.618],[136.5958,36.6171]]],[[[136.5969,36.6182],[136.5965,36.618],[136.5975,36.6188],[136.5969,36.6182]]],[[[136.5976,36.6191],[136.5983,36.6197],[136.5974,36.6189],[136.5976,36.6191]]],[[[136.5984,36.6198],[136.5991,36.6208],[136.5992,36.6207],[136.5984,36.6198]]],[[[136.5993,36.6207],[136.5997,36.6213],[136.5997,36.6213],[136.5993,36.6207]]]]}},{"type":"Feature","properties":{"id":"17202","name":"七尾市","pref":"石川県"},"geometry":{"type":"MultiPolygon","coordinates":[[[[136.8891,37.0703],[136.8891,37.0708],[136.8892,37.0708],[136.8891,37.0703]]],[[[136.8892,37.0731],[136.8889,37.0735],[136.8892,37.0737],[136.8892,37.0731]]],[[[136.8888,37.0742],[136.8892,37.0738],[136.8888,37.0736],[136.8888,37.0742]]],[[[136.8719,37.0872],[136.8596,37.0757],[136.8878,37.0683],[136.9021,37.0741],[136.9074,37.0894],[136.9154,37.0903],[136.9155,37.0918],[136.9279,37.0857],[136.9344,37.0871],[136.9437,37.0837],[136.9353,37.0789],[136.9363,37.0719],[136.9391,37.0687],[136.9625,37.0673],[136.9565,37.0565],[136.9727,37.0469],[136.9765,37.0483],[136.9762,37.0532],[136.9858,37.048],[136.994,37.0513],[136.9885,37.0564],[136.9971,37.0608],[137.0001,37.0551],[137.0052,37.0571],[137.0007,37.0647],[137.007,37.0766],[137.0116,37.0733],[137.0218,37.1013],[137.0577,37.1089],[137.0495,37.1012],[137.0503,37.0828],[137.0545,37.0751],[137.0456,37.0377],[137.0519,37.0217],[137.0463,37.011],[137.0473,37.0033],[137.0538,36.9948],[137.0486,36.9867],[137.0555,36.9639],[137.0051,36.9611],[136.9857,36.9652],[136.9764,36.9767],[136.9607,36.9718],[136.9492,36.977],[136.9525,36.9882],[136.9239,37.0002],[136.9182,37.0172],[136.8963,37.0141],[136.8573,37.0231],[136.8533,37.0311],[136.8623,37.0433],[136.8428,37.0621],[136.8324,37.0611],[136.8377,37.0711],[136.8105,37.0793],[136.7767,37.1177],[136.7859,37.1304],[136.7849,37.1563],[136.8004,37.1738],[136.8032,37.1908],[136.8234,37.1999],[136.8482,37.1981],[136.8554,37.1751],[136.8718,37.1794],[136.8898,37.1688],[136.8732,37.1457],[136.875,37.1405],[136.8809,37.1354],[136.8908,37.1442],[136.9008,37.137],[136.8929,37.1108],[136.8674,37.1112],[136.8719,37.0872]]],[[[136.9267,37.0866],[136.9265,37.0864],[136.9269,37.0868],[136.9267,37.0866]]],[[[136.9147,37.0917],[136.9154,37.0924],[136.9142,37.0911],[136.9147,37.0917]]],[[[136.8925,37.1017],[136.8895,37.109],[136.8925,37.1087],[136.8925,37.1017]]],[[[136.8899,37.1104],[136.8898,37.1102],[136.8898,37.1104],[136.8899,37.1104]]],[[[136.8897,37.1103],[136.8895,37.1104],[136.8897,37.1104],[136.8897,37.1103]]],[[[136.9037,37.1356],[136.9038,37.1347],[136.9027,37.134],[136.9037,37.1356]]],[[[136.9242,37.147],[136.9243,37.1471],[136.9243,37.147],[136.9242,37.147]]],[[[136.9243,37.1471],[136.9244,37.1472],[136.9244,37.1471],[136.9243,37.1471]]],[[[136.9238,37.1473],[136.9239,37.1473],[136.9239,37.1473],[136.9238,37.1473]]],[[[136.8892,37.147],[136.8891,37.1479],[136.8896,37.1473],[136.8892,37.147]]],[[[136.9166,37.1515],[136.9166,37.1515],[136.9166,37.1515],[136.9166,37.1515]]],[[[136.9164,37.152],[136.9164,37.152],[136.9164,37.152],[136.9164,37.152]]],[[[136.9015,37.1523],[136.9015,37.1522],[136.9015,37.1522],[136.9015,37.1523]]],[[[136.9016,37.1523],[136.9016,37.1523],[136.9016,37.1523],[136.9016,37.1523]]],[[[136.9167,37.1529],[136.9166,37.1531],[136.9167,37.153],[136.9167,37.1529]]],[[[136.9053,37.1533],[136.9053,37.1532],[136.9052,37.1532],[136.9053,37.1533]]],[[[136.9164,37.1532],[136.9164,37.1534],[136.9165,37.1533],[136.9164,37.1532]]],[[[136.9157,37.1533],[136.9157,37.1534],[136.9158,37.1533],[136.9157,37.1533]]],[[[136.9161,37.1533],[136.9162,37.1534],[136.9162,37.1533],[136.9161,37.1533]]],[[[136.9164,37.154],[136.9165,37.1539],[136.9164,37.1539],[136.9164,37.154]]],[[[136.9105,37.155],[136.9106,37.155],[136.9105,37.155],[136.9105,37.155]]],[[[136.9108,37.1551],[136.9108,37.155],[136.9107,37.155],[136.9108,37.1551]]],[[[136.9111,37.1551],[136.9113,37.1551],[136.9112,37.155],[136.9111,37.1551]]],[[[136.911,37.1551],[136.9109,37.1552],[136.911,37.1551],[136.911,37.1551]]],[[[136.9159,37.1556],[136.916,37.1556],[136.9159,37.1555],[136.9159,37.1556]]],[[[136.9163,37.1556],[136.9162,37.1556],[136.9163,37.1557],[136.9163,37.1556]]],[[[136.9174,37.1563],[136.9171,37.1565],[136.9173,37.1566],[136.9174,37.1563]]],[[[136.9127,37.1566],[136.9126,37.1564],[136.9125,37.1565],[136.9127,37.1566]]],[[[136.9117,37.1566],[136.9116,37.1565],[136.9115,37.1566],[136.9117,37.1566]]],[[[136.9126,37.1577],[136.9127,37.1573],[136.9125,37.1577],[136.9126,37.1577]]],[[[136.9046,37.1578],[136.9048,37.158],[136.9048,37.1577],[136.9046,37.1578]]],[[[136.905,37.1581],[136.9049,37.1581],[136.9049,37.1581],[136.905,37.1581]]],[[[136.8894,37.1677],[136.8895,37.1677],[136.8895,37.1676],[136.8894,37.1677]]],[[[136.8893,37.1679],[136.8893,37.1678],[136.8892,37.1679],[136.8893,37.1679]]],[[[136.9741,37.0486],[136.9741,37.0485],[136.9731,37.0486],[136.9741,37.0486]]],[[[136.9724,37.0487],[136.9699,37.051],[136.9725,37.0487],[136.9724,37.0487]]],[[[136.968,37.0527],[136.9667,37.0534],[136.9637,37.0549],[136.968,37.0527]]],[[[136.9631,37.0553],[136.9613,37.0564],[136.9604,37.0569],[136.9631,37.0553]]],[[[136.9862,37.0706],[136.9863,37.0706],[136.9862,37.0706],[136.9862,37.0706]]],[[[136.9859,37.0707],[136.9861,37.0708],[136.986,37.0706],[136.9859,37.0707]]],[[[136.9862,37.0709],[136.9865,37.071],[136.9861,37.0707],[136.9862,37.0709]]],[[[136.9368,37.0753],[136.9368,37.0753],[136.9369,37.0727],[136.9368,37.0753]]],[[[136.9397,37.0774],[136.9401,37.0761],[136.9401,37.076],[136.9397,37.0774]]],[[[136.9366,37.0773],[136.9366,37.0773],[136.9369,37.0763],[136.9366,37.0773]]],[[[136.9871,37.112],[136.9869,37.1124],[136.987,37.1124],[136.9871,37.112]]],[[[136.9338,37.1155],[136.9345,37.1181],[136.9348,37.1183],[136.9339,37.1155],[136.9365,37.1154],[136.9369,37.1149],[136.9338,37.1155]]],[[[137.0005,37.1175],[136.9966,37.117],[136.9941,37.1179],[136.9924,37.1153],[136.9877,37.1132],[136.9801,37.1068],[136.9756,37.0969],[136.9635,37.1042],[136.9455,37.0911],[136.9404,37.1143],[136.917,37.1326],[136.9062,37.1336],[136.9016,37.1522],[136.9241,37.147],[136.9234,37.1303],[136.9389,37.1399],[136.9404,37.1462],[136.9489,37.1387],[136.9636,37.1469],[136.977,37.14],[136.9675,37.1553],[136.9784,37.1468],[136.9865,37.151],[136.9889,37.1423],[137.0008,37.1349],[137.0087,37.143],[137.0221,37.1424],[137.0342,37.168],[137.0465,37.1633],[137.0446,37.16],[137.0543,37.1487],[137.0479,37.1483],[137.0431,37.1444],[137.0406,37.1388],[137.0487,37.1213],[137.0219,37.1112],[137.0072,37.1208],[137.0064,37.1124],[137.0005,37.1175]]],[[[136.9354,37.139],[136.9348,37.1389],[136.9348,37.139],[136.9354,37.139]]],[[[136.9675,37.154],[136.9675,37.154],[136.9675,37.154],[136.9675,37.154]]],[[[136.9673,37.1542],[136.9673,37.1542],[136.9673,37.1542],[136.9673,37.1542]]],[[[136.9672,37.1545],[136.9672,37.1544],[136.9672,37.1544],[136.9672,37.1545]]],[[[136.9671,37.1546],[136.9672,37.1547],[136.9672,37.1546],[136.9671,37.1546]]],[[[136.9827,37.1547],[136.9827,37.1549],[136.9828,37.1548],[136.9827,37.1547]]],[[[136.9679,37.1552],[136.968,37.1553],[136.968,37.1552],[136.9679,37.1552]]],[[[136.9677,37.1553],[136.9678,37.1554],[136.9678,37.1553],[136.9677,37.1553]]],[[[136.9675,37.1554],[136.9676,37.1554],[136.9675,37.1554],[136.9675,37.1554]]],[[[136.9827,37.155],[136.9828,37.156],[136.9828,37.155],[136.9827,37.155]]],[[[136.9834,37.1574],[136.9835,37.1573],[136.9834,37.1572],[136.9834,37.1574]]],[[[136.9834,37.1576],[136.9835,37.1577],[136.9836,37.1577],[136.9834,37.1576]]],[[[136.9837,37.1578],[136.9837,37.1579],[136.9838,37.1578],[136.9837,37.1578]]],[[[136.9831,37.1579],[136.9832,37.1587],[136.9836,37.1579],[136.9831,37.1579]]],[[[136.9889,37.1609],[136.9889,37.1608],[136.9889,37.1609],[136.9889,37.1609]]],[[[136.9885,37.1611],[136.989,37.1612],[136.9891,37.161],[136.9885,37.1611]]],[[[136.9891,37.1613],[136.9891,37.1612],[136.9891,37.1613],[136.9891,37.1613]]],[[[136.9883,37.1616],[136.9883,37.1617],[136.9884,37.1617],[136.9883,37.1616]]],[[[136.9886,37.1618],[136.9886,37.1618],[136.9885,37.1618],[136.9886,37.1618]]],[[[136.989,37.1617],[136.9891,37.162],[136.9892,37.1619],[136.989,37.1617]]],[[[136.9884,37.1619],[136.987,37.1618],[136.9871,37.1625],[136.9884,37.1619]]],[[[136.9878,37.1631],[136.9877,37.163],[136.9877,37.1631],[136.9878,37.1631]]],[[[136.9878,37.1633],[136.9863,37.1639],[136.9871,37.1648],[136.9873,37.1641],[136.9878,37.1633]]],[[[136.9874,37.1643],[136.9873,37.1643],[136.9873,37.1643],[136.9874,37.1643]]],[[[136.9872,37.1645],[136.9873,37.1647],[136.9873,37.1645],[136.9872,37.1645]]],[[[137.0029,37.0609],[137.0016,37.0625],[137.0016,37.0626],[137.0029,37.0609]]],[[[136.9935,37.0732],[136.9929,37.0736],[136.9937,37.0738],[136.9935,37.0732]]],[[[137.0128,37.0892],[137.0128,37.088],[137.0127,37.088],[137.0128,37.0892]]],[[[137.0132,37.0905],[137.0131,37.0906],[137.0134,37.091],[137.0132,37.0905]]],[[[137.0173,37.0958],[137.0189,37.0964],[137.0189,37.0964],[137.0173,37.0958]]],[[[137.0192,37.0966],[137.0191,37.0966],[137.0196,37.0974],[137.0192,37.0966]]],[[[137.0198,37.0981],[137.0197,37.0982],[137.0205,37.0994],[137.0198,37.0981]]],[[[137.0211,37.1002],[137.021,37.1001],[137.0211,37.1003],[137.0211,37.1002]]],[[[137.0212,37.1012],[137.0205,37.0995],[137.0204,37.0996],[137.0207,37.1008],[137.0212,37.1012]]],[[[137.0231,37.1017],[137.0231,37.1017],[137.0221,37.1016],[137.0231,37.1017]]],[[[137.0248,37.1021],[137.0249,37.102],[137.0232,37.1018],[137.0248,37.1021]]],[[[136.9931,37.102],[136.9934,37.1021],[136.9932,37.1018],[136.9931,37.102]]],[[[136.9955,37.1046],[136.9957,37.1049],[136.9958,37.1048],[136.9955,37.1046]]],[[[136.9939,37.1056],[136.9935,37.104],[136.9927,37.1048],[136.9939,37.1056]]],[[[137.0434,37.1068],[137.0434,37.1068],[137.0432,37.107],[137.0434,37.1068]]],[[[136.9981,37.1077],[136.9978,37.1085],[136.9984,37.1079],[136.9981,37.1077]]],[[[136.9996,37.1168],[136.9997,37.1168],[136.9997,37.1168],[136.9996,37.1168]]],[[[136.9957,37.1397],[136.9956,37.1397],[136.9956,37.1398],[136.9957,37.1397]]],[[[136.9959,37.1398],[136.9958,37.1397],[136.9958,37.1398],[136.9959,37.1398]]],[[[136.9963,37.1398],[136.9964,37.1399],[136.9965,37.1398],[136.9963,37.1398]]],[[[136.9908,37.1414],[136.9914,37.1411],[136.9908,37.1413],[136.9908,37.1414]]],[[[137.0444,37.1435],[137.0442,37.1437],[137.0445,37.1436],[137.0444,37.1435]]],[[[137.0441,37.1444],[137.044,37.1441],[137.044,37.1444],[137.0441,37.1444]]],[[[136.9926,37.1543],[136.9926,37.1542],[136.9926,37.1542],[136.9926,37.1543]]],[[[136.9921,37.1543],[136.992,37.1542],[136.992,37.1542],[136.9921,37.1543]]],[[[136.9923,37.1543],[136.9924,37.1542],[136.9922,37.1542],[136.9923,37.1543]]],[[[136.9933,37.1545],[136.9932,37.1545],[136.9932,37.1545],[136.9933,37.1545]]],[[[136.9933,37.1548],[136.9934,37.1547],[136.9933,37.1548],[136.9933,37.1548]]],[[[136.9934,37.1556],[136.9929,37.1543],[136.9919,37.1544],[136.9934,37.1556]]],[[[136.9933,37.1551],[136.9935,37.1553],[136.9935,37.1552],[136.9933,37.1551]]],[[[136.9935,37.1555],[136.9935,37.1554],[136.9935,37.1554],[136.9935,37.1555]]],[[[136.9935,37.1557],[136.9935,37.1556],[136.9934,37.1556],[136.9935,37.1557]]],[[[136.9942,37.1564],[136.9943,37.1565],[136.9944,37.1565],[136.9942,37.1564]]],[[[136.9939,37.1566],[136.994,37.1566],[136.994,37.1566],[136.9939,37.1566]]],[[[136.9946,37.1569],[136.9946,37.1571],[136.9946,37.157],[136.9946,37.1569]]],[[[136.9893,37.1609],[136.9892,37.1609],[136.9892,37.161],[136.9893,37.1609]]],[[[136.9893,37.1611],[136.9892,37.1611],[136.9892,37.1612],[136.9893,37.1611]]],[[[136.9891,37.1617],[136.9892,37.1617],[136.9892,37.1617],[136.9891,37.1617]]],[[[137.0536,36.9596],[137.0536,36.9594],[137.0536,36.9594],[137.0536,36.9596]]],[[[137.0508,36.9884],[137.0506,36.9884],[137.0506,36.9884],[137.0508,36.9884]]],[[[137.0533,36.9915],[137.0534,36.9914],[137.0533,36.9915],[137.0533,36.9915]]],[[[137.0534,36.9916],[137.0534,36.9915],[137.0533,36.9916],[137.0534,36.9916]]],[[[137.0534,36.9916],[137.0534,36.9916],[137.0534,36.9916],[137.0534,36.9916]]],[[[137.0532,36.9918],[137.0532,36.9917],[137.0532,36.9918],[137.0532,36.9918]]],[[[137.0532,36.9919],[137.0531,36.9918],[137.0531,36.9919],[137.0532,36.9919]]],[[[137.0532,36.9919],[137.0531,36.9921],[137.0531,36.9922],[137.0532,36.9919]]],[[[137.0474,37.0059],[137.0471,37.006],[137.0472,37.0061],[137.0474,37.0059]]],[[[137.0465,37.0371],[137.0461,37.0371],[137.0462,37.0373],[137.0465,37.0371]]],[[[137.0473,37.0372],[137.0473,37.0373],[137.0481,37.0374],[137.0473,37.0372]]],[[[137.0495,37.0506],[137.0495,37.0508],[137.0496,37.0509],[137.0495,37.0506]]],[[[137.0529,37.0623],[137.0527,37.0626],[137.0531,37.0624],[137.0529,37.0623]]],[[[137.0532,37.0644],[137.0532,37.0647],[137.0533,37.0645],[137.0532,37.0644]]],[[[137.0531,37.065],[137.0529,37.0648],[137.0527,37.065],[137.0531,37.065]]],[[[137.0532,37.0653],[137.0528,37.0652],[137.0528,37.0654],[137.0532,37.0653]]],[[[137.0519,37.0848],[137.0518,37.0849],[137.0519,37.0849],[137.0519,37.0848]]],[[[137.0517,37.0849],[137.0518,37.0848],[137.0517,37.0847],[137.0517,37.0849]]],[[[137.0598,37.1075],[137.0596,37.1077],[137.0598,37.1077],[137.0598,37.1075]]],[[[137.0595,37.1078],[137.0595,37.108],[137.0596,37.1078],[137.0595,37.1078]]],[[[137.0505,37.1238],[137.0501,37.1232],[137.0507,37.1248],[137.0505,37.1238]]],[[[137.0497,37.1256],[137.0499,37.1252],[137.0496,37.1256],[137.0497,37.1256]]],[[[137.0509,37.1261],[137.0514,37.1253],[137.0508,37.1261],[137.0509,37.1261]]],[[[137.05,37.1262],[137.05,37.126],[137.0499,37.1262],[137.05,37.1262]]],[[[137.0502,37.1264],[137.0502,37.1271],[137.0504,37.1273],[137.0502,37.1264]]],[[[137.0509,37.1277],[137.0503,37.1283],[137.0508,37.1283],[137.0509,37.1277]]],[[[137.0501,37.1296],[137.0504,37.1298],[137.0504,37.1296],[137.0501,37.1296]]],[[[137.0503,37.13],[137.05,37.1301],[137.0502,37.1301],[137.0503,37.13]]],[[[137.0497,37.1302],[137.0498,37.1304],[137.0499,37.1303],[137.0497,37.1302]]],[[[137.0505,37.1306],[137.0506,37.1309],[137.0506,37.1306],[137.0505,37.1306]]],[[[137.0496,37.1306],[137.0497,37.131],[137.0499,37.1307],[137.0496,37.1306]]],[[[137.0479,37.1313],[137.0479,37.1312],[137.0478,37.1312],[137.0479,37.1313]]],[[[137.0447,37.1442],[137.0444,37.1441],[137.0443,37.1442],[137.0447,37.1442]]],[[[137.0491,37.1481],[137.0492,37.1483],[137.0492,37.1481],[137.0491,37.1481]]],[[[137.0563,37.1506],[137.0564,37.1509],[137.0565,37.1506],[137.0563,37.1506]]],[[[137.0452,37.1604],[137.0451,37.1601],[137.0451,37.1604],[137.0452,37.1604]]]]}},{"type":"Feature","properties":{"id":"17203","name":"小松市","pref":"石川県"},"geometry":{"type":"Polygon","coordinates":[[[136.4965,36.15],[136.4916,36.1598],[136.4981,36.1848],[136.4911,36.1885],[136.4759,36.2527],[136.4608,36.2649],[136.4203,36.2677],[136.4117,36.2852],[136.4149,36.305],[136.4018,36.3115],[136.4191,36.3278],[136.4155,36.3269],[136.4114,36.3393],[136.3975,36.3385],[136.3873,36.3535],[136.3941,36.3652],[136.3795,36.3668],[136.3832,36.3732],[136.3723,36.3834],[136.4261,36.4303],[136.4726,36.4356],[136.4805,36.4434],[136.4891,36.4413],[136.4787,36.4248],[136.4823,36.4159],[136.4894,36.4246],[136.526,36.4289],[136.546,36.415],[136.5343,36.4044],[136.5522,36.4066],[136.5594,36.3943],[136.5747,36.3966],[136.5851,36.3848],[136.5869,36.3729],[136.5763,36.3626],[136.5792,36.3409],[136.5601,36.3344],[136.549,36.3211],[136.5559,36.3087],[136.5485,36.2847],[136.5957,36.2778],[136.6,36.2634],[136.6124,36.262],[136.5952,36.2178],[136.5674,36.2041],[136.5518,36.1549],[136.5312,36.1473],[136.4965,36.15]],[[136.416,36.3357],[136.4163,36.3353],[136.4178,36.3354],[136.416,36.3357]]]}},{"type":"Feature","properties":{"id":"17204","name":"輪島市","pref":"石川県"},"geometry":{"type":"MultiPolygon","coordinates":[[[[136.6945,37.222],[136.6946,37.2215],[136.6942,37.222],[136.6945,37.222]]],[[[136.6953,37.2232],[136.6954,37.2233],[136.6953,37.2231],[136.6953,37.2232]]],[[[136.6949,37.2233],[136.6951,37.2234],[136.6951,37.2233],[136.6949,37.2233]]],[[[136.6962,37.2237],[136.6959,37.2238],[136.6957,37.2239],[136.6962,37.2237]]],[[[136.6951,37.2237],[136.6945,37.2238],[136.6944,37.2239],[136.6951,37.2237]]],[[[136.6948,37.2243],[136.6947,37.2244],[136.6948,37.2244],[136.6948,37.2243]]],[[[136.701,37.2353],[136.7011,37.2353],[136.7011,37.2352],[136.701,37.2353]]],[[[136.7001,37.2356],[136.7001,37.2355],[136.7,37.2355],[136.7001,37.2356]]],[[[136.7004,37.236],[136.7003,37.236],[136.7004,37.236],[136.7004,37.236]]],[[[136.7002,37.2361],[136.7001,37.2362],[136.7002,37.2361],[136.7002,37.2361]]],[[[136.6998,37.2369],[136.6995,37.237],[136.6998,37.2371],[136.6998,37.2369]]],[[[136.6992,37.238],[136.6989,37.2375],[136.6988,37.2376],[136.6992,37.238]]],[[[136.6985,37.2378],[136.6984,37.2378],[136.6984,37.2379],[136.6985,37.2378]]],[[[136.6988,37.238],[136.6986,37.2381],[136.6988,37.2381],[136.6988,37.238]]],[[[136.7005,37.2398],[136.7004,37.24],[136.7006,37.2398],[136.7005,37.2398]]],[[[136.7007,37.2401],[136.7008,37.24],[136.7006,37.24],[136.7007,37.2401]]],[[[136.6968,37.2402],[136.6971,37.2399],[136.6969,37.2399],[136.6968,37.2402]]],[[[136.6974,37.2404],[136.6973,37.24],[136.6972,37.2403],[136.6974,37.2404]]],[[[136.7002,37.2444],[136.7004,37.2442],[136.7004,37.2441],[136.7002,37.2444]]],[[[136.7007,37.2444],[136.7009,37.2444],[136.7009,37.2444],[136.7007,37.2444]]],[[[136.7025,37.2449],[136.7024,37.245],[136.7026,37.2449],[136.7025,37.2449]]],[[[136.703,37.2452],[136.703,37.2453],[136.703,37.2453],[136.703,37.2452]]],[[[136.7027,37.2454],[136.7028,37.2454],[136.7027,37.2453],[136.7027,37.2454]]],[[[136.7024,37.2462],[136.7021,37.2462],[136.7023,37.2463],[136.7024,37.2462]]],[[[136.7034,37.2463],[136.7035,37.2466],[136.7035,37.2463],[136.7034,37.2463]]],[[[136.7053,37.2468],[136.7051,37.247],[136.7053,37.2471],[136.7053,37.2468]]],[[[136.7047,37.2487],[136.7047,37.2486],[136.7046,37.2486],[136.7047,37.2487]]],[[[136.7047,37.2491],[136.7048,37.249],[136.7046,37.249],[136.7047,37.2491]]],[[[136.7069,37.2496],[136.7083,37.2502],[136.7047,37.2481],[136.706,37.25],[136.7069,37.2496]]],[[[136.7048,37.2494],[136.7046,37.2494],[136.7048,37.2495],[136.7048,37.2494]]],[[[136.705,37.2495],[136.705,37.2496],[136.7051,37.2496],[136.705,37.2495]]],[[[136.7052,37.2497],[136.7053,37.2497],[136.7053,37.2496],[136.7052,37.2497]]],[[[136.7053,37.2499],[136.7055,37.2499],[136.7055,37.2498],[136.7053,37.2499]]],[[[136.7076,37.2501],[136.7074,37.2504],[136.7076,37.2504],[136.7076,37.2501]]],[[[136.7315,37.2812],[136.7313,37.2819],[136.7318,37.2813],[136.7315,37.2812]]],[[[136.7308,37.2823],[136.7299,37.2826],[136.7299,37.2827],[136.7308,37.2823]]],[[[136.7271,37.2916],[136.7273,37.2914],[136.7271,37.2914],[136.7271,37.2916]]],[[[136.7246,37.2933],[136.7243,37.2934],[136.7246,37.2936],[136.7246,37.2933]]],[[[136.7234,37.2936],[136.7233,37.2937],[136.7234,37.2937],[136.7234,37.2936]]],[[[136.7247,37.294],[136.7247,37.2941],[136.7248,37.2941],[136.7247,37.294]]],[[[136.7248,37.2946],[136.7249,37.2944],[136.7247,37.2944],[136.7248,37.2946]]],[[[136.7237,37.2942],[136.7239,37.2948],[136.7244,37.2947],[136.7237,37.2942]]],[[[136.7244,37.2953],[136.7243,37.2953],[136.7243,37.2954],[136.7244,37.2953]]],[[[136.7245,37.2954],[136.7245,37.2954],[136.7245,37.2955],[136.7245,37.2954]]],[[[136.7247,37.2955],[136.7246,37.2955],[136.7247,37.2955],[136.7247,37.2955]]],[[[136.7247,37.2959],[136.7249,37.296],[136.7248,37.2958],[136.7247,37.2959]]],[[[136.7248,37.2968],[136.7249,37.2969],[136.7249,37.2968],[136.7248,37.2968]]],[[[136.7249,37.2972],[136.7249,37.2971],[136.7248,37.2972],[136.7249,37.2972]]],[[[136.7251,37.2975],[136.7252,37.2975],[136.7251,37.2974],[136.7251,37.2975]]],[[[136.7235,37.2993],[136.7235,37.299],[136.7234,37.2991],[136.7235,37.2993]]],[[[136.7218,37.2994],[136.7222,37.2994],[136.7219,37.2992],[136.7218,37.2994]]],[[[136.7211,37.2996],[136.7214,37.2997],[136.7212,37.2996],[136.7211,37.2996]]],[[[136.7239,37.3081],[136.7239,37.3083],[136.724,37.3081],[136.7239,37.3081]]],[[[136.7242,37.3101],[136.7246,37.31],[136.7241,37.3101],[136.7242,37.3101]]],[[[136.7325,37.3342],[136.7323,37.3343],[136.7326,37.3342],[136.7325,37.3342]]],[[[136.7331,37.3343],[136.7329,37.3345],[136.7331,37.3344],[136.7331,37.3343]]],[[[136.7343,37.3355],[136.7342,37.3356],[136.7343,37.3356],[136.7343,37.3355]]],[[[136.7358,37.3366],[136.7359,37.3364],[136.7357,37.3366],[136.7358,37.3366]]],[[[136.7362,37.3367],[136.736,37.3367],[136.736,37.3368],[136.7362,37.3367]]],[[[136.7356,37.3447],[136.7354,37.3448],[136.7356,37.3448],[136.7356,37.3447]]],[[[136.7353,37.3449],[136.7354,37.3449],[136.7354,37.3448],[136.7353,37.3449]]],[[[136.7361,37.3456],[136.7363,37.3457],[136.7363,37.3455],[136.7361,37.3456]]],[[[136.739,37.3405],[136.7391,37.3405],[136.739,37.3404],[136.739,37.3405]]],[[[136.7388,37.3407],[136.7388,37.3406],[136.7388,37.3406],[136.7388,37.3407]]],[[[136.7391,37.3408],[136.739,37.3408],[136.7391,37.3408],[136.7391,37.3408]]],[[[136.7374,37.3436],[136.7374,37.3439],[136.7375,37.3437],[136.7374,37.3436]]],[[[136.7368,37.3448],[136.7367,37.3449],[136.7368,37.3449],[136.7368,37.3448]]],[[[136.7366,37.3459],[136.7368,37.3457],[136.7366,37.3457],[136.7366,37.3459]]],[[[136.7521,37.3463],[136.752,37.3461],[136.7519,37.3462],[136.7521,37.3463]]],[[[136.7507,37.3473],[136.7508,37.347],[136.7506,37.3472],[136.7507,37.3473]]],[[[136.7527,37.3476],[136.7527,37.3477],[136.7527,37.3476],[136.7527,37.3476]]],[[[136.754,37.3479],[136.7538,37.348],[136.7541,37.3479],[136.754,37.3479]]],[[[136.7394,37.3481],[136.7391,37.3481],[136.7392,37.3483],[136.7394,37.3481]]],[[[136.7547,37.349],[136.7548,37.3491],[136.7548,37.349],[136.7547,37.349]]],[[[136.7552,37.3491],[136.7551,37.349],[136.7551,37.3491],[136.7552,37.3491]]],[[[136.7548,37.3496],[136.7547,37.3497],[136.7548,37.3497],[136.7548,37.3496]]],[[[136.7515,37.3556],[136.7514,37.3555],[136.7513,37.3556],[136.7515,37.3556]]],[[[136.7515,37.3558],[136.7515,37.3558],[136.7515,37.3559],[136.7515,37.3558]]],[[[136.7513,37.3559],[136.7513,37.3558],[136.7512,37.3559],[136.7513,37.3559]]],[[[136.7523,37.3584],[136.7517,37.3585],[136.7525,37.3585],[136.7523,37.3584]]],[[[136.7528,37.3589],[136.7522,37.3589],[136.753,37.359],[136.7528,37.3589]]],[[[136.7534,37.3612],[136.7537,37.3613],[136.7536,37.3611],[136.7534,37.3612]]],[[[136.7542,37.3613],[136.7544,37.3615],[136.7544,37.3614],[136.7542,37.3613]]],[[[136.7627,37.3653],[136.7624,37.3655],[136.7627,37.3654],[136.7627,37.3653]]],[[[136.7654,37.3654],[136.7653,37.3655],[136.7655,37.3655],[136.7654,37.3654]]],[[[136.7631,37.3654],[136.763,37.3656],[136.7631,37.3655],[136.7631,37.3654]]],[[[136.7618,37.3657],[136.7617,37.3656],[136.7617,37.3657],[136.7618,37.3657]]],[[[136.7664,37.3658],[136.7663,37.3656],[136.7663,37.3657],[136.7664,37.3658]]],[[[136.7625,37.3665],[136.7623,37.3663],[136.7623,37.3665],[136.7625,37.3665]]],[[[136.7711,37.3673],[136.771,37.3674],[136.7711,37.3673],[136.7711,37.3673]]],[[[136.7696,37.3674],[136.7699,37.3675],[136.7699,37.3674],[136.7696,37.3674]]],[[[136.7698,37.3679],[136.7697,37.3681],[136.7698,37.368],[136.7698,37.3679]]],[[[136.7711,37.3683],[136.7712,37.3681],[136.771,37.3681],[136.7711,37.3683]]],[[[136.7762,37.3695],[136.7766,37.3695],[136.7763,37.3694],[136.7762,37.3695]]],[[[136.7757,37.3694],[136.7757,37.3696],[136.7759,37.3696],[136.7757,37.3694]]],[[[136.7756,37.3696],[136.7756,37.3697],[136.7757,37.3697],[136.7756,37.3696]]],[[[136.7801,37.3702],[136.7801,37.3705],[136.7802,37.3703],[136.7801,37.3702]]],[[[136.7761,37.3703],[136.7764,37.3708],[136.7766,37.3705],[136.7761,37.3703]]],[[[136.7775,37.3707],[136.7775,37.371],[136.7777,37.371],[136.7775,37.3707]]],[[[136.7773,37.3711],[136.7774,37.371],[136.7773,37.371],[136.7773,37.3711]]],[[[136.7829,37.3728],[136.7829,37.3726],[136.7828,37.3727],[136.7829,37.3728]]],[[[136.7836,37.3727],[136.7841,37.3729],[136.7843,37.3727],[136.7836,37.3727]]],[[[136.7873,37.3739],[136.7873,37.3738],[136.7872,37.3738],[136.7873,37.3739]]],[[[136.7855,37.374],[136.7855,37.3738],[136.7854,37.3739],[136.7855,37.374]]],[[[136.7873,37.3742],[136.7871,37.3742],[136.7871,37.3742],[136.7873,37.3742]]],[[[136.7917,37.3749],[136.7917,37.3751],[136.7917,37.3751],[136.7917,37.3749]]],[[[136.7906,37.3772],[136.7907,37.377],[136.7905,37.3771],[136.7906,37.3772]]],[[[136.8021,37.3771],[136.8021,37.3772],[136.8022,37.3772],[136.8021,37.3771]]],[[[136.7904,37.3773],[136.7905,37.3774],[136.7906,37.3773],[136.7904,37.3773]]],[[[136.794,37.3776],[136.7942,37.3776],[136.794,37.3776],[136.794,37.3776]]],[[[136.8025,37.3778],[136.8027,37.3776],[136.8025,37.3776],[136.8025,37.3778]]],[[[136.7966,37.3778],[136.7965,37.3779],[136.7967,37.3779],[136.7966,37.3778]]],[[[136.7905,37.3777],[136.79,37.378],[136.7899,37.3781],[136.7905,37.3777]]],[[[136.7913,37.3782],[136.7914,37.3779],[136.7913,37.378],[136.7913,37.3782]]],[[[136.7922,37.3782],[136.7924,37.378],[136.7923,37.378],[136.7922,37.3782]]],[[[136.7908,37.3783],[136.7908,37.3781],[136.7907,37.3783],[136.7908,37.3783]]],[[[136.798,37.3785],[136.7981,37.3787],[136.7982,37.3785],[136.798,37.3785]]],[[[136.7987,37.3788],[136.7989,37.3786],[136.7987,37.3785],[136.7987,37.3788]]],[[[136.791,37.3788],[136.791,37.3785],[136.7909,37.3788],[136.791,37.3788]]],[[[136.8025,37.3787],[136.8027,37.3788],[136.8027,37.3787],[136.8025,37.3787]]],[[[136.7979,37.3789],[136.7978,37.3789],[136.7978,37.379],[136.7979,37.3789]]],[[[136.7991,37.3789],[136.7993,37.379],[136.7993,37.3789],[136.7991,37.3789]]],[[[136.7982,37.3792],[136.7982,37.3791],[136.7981,37.3792],[136.7982,37.3792]]],[[[136.7976,37.3794],[136.7976,37.3796],[136.7977,37.3794],[136.7976,37.3794]]],[[[136.803,37.3798],[136.8032,37.3796],[136.8029,37.3795],[136.803,37.3798]]],[[[136.8034,37.3797],[136.8032,37.3798],[136.8034,37.3799],[136.8034,37.3797]]],[[[136.8044,37.3805],[136.8043,37.3807],[136.8044,37.3806],[136.8044,37.3805]]],[[[136.8042,37.3807],[136.8042,37.3807],[136.8041,37.3807],[136.8042,37.3807]]],[[[136.8077,37.3823],[136.8076,37.3823],[136.8076,37.3824],[136.8077,37.3823]]],[[[136.8085,37.3823],[136.8086,37.3824],[136.8086,37.3823],[136.8085,37.3823]]],[[[136.8083,37.3824],[136.8084,37.3825],[136.8084,37.3824],[136.8083,37.3824]]],[[[136.8172,37.3877],[136.8172,37.3878],[136.8173,37.3878],[136.8172,37.3877]]],[[[136.8198,37.3877],[136.8197,37.388],[136.8199,37.388],[136.8198,37.3877]]],[[[136.8244,37.3881],[136.8247,37.388],[136.8244,37.388],[136.8244,37.3881]]],[[[136.8251,37.3882],[136.8249,37.3882],[136.825,37.3883],[136.8251,37.3882]]],[[[136.8204,37.3882],[136.8205,37.3884],[136.8206,37.3882],[136.8204,37.3882]]],[[[136.8247,37.3883],[136.8246,37.3882],[136.8245,37.3883],[136.8247,37.3883]]],[[[136.8191,37.3883],[136.8193,37.3884],[136.8194,37.3882],[136.8191,37.3883]]],[[[136.8189,37.3882],[136.819,37.3884],[136.8191,37.3884],[136.8189,37.3882]]],[[[136.8187,37.3885],[136.8185,37.3883],[136.8185,37.3885],[136.8187,37.3885]]],[[[136.819,37.3887],[136.8192,37.3886],[136.8191,37.3885],[136.819,37.3887]]],[[[136.8274,37.3888],[136.8274,37.3886],[136.8273,37.3887],[136.8274,37.3888]]],[[[136.8276,37.3888],[136.8279,37.3889],[136.8277,37.3888],[136.8276,37.3888]]],[[[136.8275,37.3892],[136.8273,37.3893],[136.8274,37.3893],[136.8275,37.3892]]],[[[136.83,37.3901],[136.8298,37.39],[136.8298,37.39],[136.83,37.3901]]],[[[136.8297,37.3904],[136.8296,37.3903],[136.8296,37.3904],[136.8297,37.3904]]],[[[136.8301,37.3905],[136.8302,37.3906],[136.8301,37.3905],[136.8301,37.3905]]],[[[136.8304,37.3907],[136.8304,37.3906],[136.8303,37.3907],[136.8304,37.3907]]],[[[136.8305,37.3908],[136.8306,37.3908],[136.8307,37.3907],[136.8305,37.3908]]],[[[136.8331,37.3929],[136.8329,37.393],[136.833,37.393],[136.8331,37.3929]]],[[[136.8337,37.3939],[136.8337,37.3941],[136.8338,37.3939],[136.8337,37.3939]]],[[[136.8327,37.3942],[136.8328,37.3941],[136.8327,37.3942],[136.8327,37.3942]]],[[[136.8328,37.3944],[136.8326,37.3944],[136.8326,37.3944],[136.8328,37.3944]]],[[[136.8332,37.3944],[136.8332,37.3944],[136.8331,37.3944],[136.8332,37.3944]]],[[[136.8326,37.3947],[136.8326,37.3946],[136.8325,37.3947],[136.8326,37.3947]]],[[[136.8325,37.3949],[136.8324,37.395],[136.8326,37.3949],[136.8325,37.3949]]],[[[136.8368,37.396],[136.8369,37.3959],[136.8368,37.3958],[136.8368,37.396]]],[[[136.8372,37.396],[136.837,37.3959],[136.837,37.396],[136.8372,37.396]]],[[[136.8376,37.3965],[136.8369,37.3962],[136.8374,37.3965],[136.8375,37.3968],[136.8376,37.3965]]],[[[136.8368,37.3966],[136.8368,37.3964],[136.8367,37.3966],[136.8368,37.3966]]],[[[136.8373,37.3965],[136.8371,37.3965],[136.8372,37.3967],[136.8373,37.3965]]],[[[136.8369,37.3969],[136.8369,37.3967],[136.8369,37.3968],[136.8369,37.3969]]],[[[136.8382,37.3969],[136.8381,37.3969],[136.8381,37.397],[136.8382,37.3969]]],[[[136.8369,37.397],[136.8371,37.397],[136.837,37.3969],[136.8369,37.397]]],[[[136.8385,37.3971],[136.8386,37.3973],[136.8388,37.3972],[136.8385,37.3971]]],[[[136.8395,37.3974],[136.8396,37.3973],[136.8395,37.3974],[136.8395,37.3974]]],[[[136.8403,37.3975],[136.8405,37.3975],[136.8403,37.3975],[136.8403,37.3975]]],[[[136.8387,37.3976],[136.8389,37.3975],[136.8387,37.3974],[136.8387,37.3976]]],[[[136.8397,37.3977],[136.8395,37.3976],[136.8395,37.3977],[136.8397,37.3977]]],[[[136.841,37.3989],[136.8409,37.399],[136.8411,37.399],[136.841,37.3989]]],[[[136.8419,37.3996],[136.8418,37.3997],[136.8418,37.3997],[136.8419,37.3996]]],[[[136.8421,37.4],[136.8426,37.4002],[136.8426,37.3999],[136.8421,37.4]]],[[[136.8452,37.4003],[136.8453,37.4004],[136.8453,37.4003],[136.8452,37.4003]]],[[[136.8455,37.4004],[136.8454,37.4003],[136.8454,37.4004],[136.8455,37.4004]]],[[[136.8523,37.4026],[136.8521,37.4027],[136.8523,37.4027],[136.8523,37.4026]]],[[[136.8555,37.403],[136.8556,37.403],[136.8555,37.403],[136.8555,37.403]]],[[[136.8553,37.403],[136.8554,37.403],[136.8554,37.403],[136.8553,37.403]]],[[[136.8547,37.5867],[136.8545,37.5869],[136.8547,37.5867],[136.8547,37.5867]]],[[[136.8529,37.5866],[136.8526,37.587],[136.8531,37.5866],[136.8529,37.5866]]],[[[136.8538,37.5869],[136.8538,37.5868],[136.8537,37.5869],[136.8538,37.5869]]],[[[136.8565,37.5869],[136.8561,37.587],[136.8566,37.5869],[136.8565,37.5869]]],[[[136.8564,37.5876],[136.8566,37.5874],[136.8563,37.5875],[136.8564,37.5876]]],[[[136.8535,37.5876],[136.854,37.5878],[136.8541,37.5876],[136.8535,37.5876]]],[[[136.8537,37.5887],[136.8558,37.587],[136.854,37.5871],[136.8543,37.5876],[136.8537,37.5887]]],[[[136.8562,37.588],[136.8568,37.5879],[136.8568,37.5878],[136.8562,37.588]]],[[[136.8567,37.5882],[136.8567,37.5881],[136.8566,37.5882],[136.8567,37.5882]]],[[[136.8582,37.402],[136.8581,37.402],[136.8581,37.402],[136.8582,37.402]]],[[[136.8584,37.4022],[136.8582,37.4022],[136.8584,37.4022],[136.8584,37.4022]]],[[[136.858,37.4022],[136.858,37.4023],[136.858,37.4023],[136.858,37.4022]]],[[[136.8585,37.4024],[136.8585,37.4023],[136.8585,37.4023],[136.8585,37.4024]]],[[[136.8587,37.4025],[136.8587,37.4024],[136.8587,37.4024],[136.8587,37.4025]]],[[[136.8594,37.4026],[136.8594,37.4027],[136.8595,37.4026],[136.8594,37.4026]]],[[[136.8595,37.4027],[136.8596,37.4028],[136.8596,37.4027],[136.8595,37.4027]]],[[[136.8598,37.4029],[136.8597,37.403],[136.8598,37.4029],[136.8598,37.4029]]],[[[136.8599,37.4031],[136.8602,37.403],[136.8599,37.403],[136.8599,37.4031]]],[[[136.8594,37.4032],[136.8596,37.4033],[136.8596,37.4032],[136.8594,37.4032]]],[[[136.862,37.4043],[136.8621,37.4043],[136.8621,37.4042],[136.862,37.4043]]],[[[136.8647,37.4052],[136.8649,37.4052],[136.8647,37.4051],[136.8647,37.4052]]],[[[136.8658,37.4052],[136.8657,37.4052],[136.8659,37.4053],[136.8658,37.4052]]],[[[136.8663,37.4053],[136.8663,37.4052],[136.8662,37.4053],[136.8663,37.4053]]],[[[136.8705,37.4069],[136.8704,37.4068],[136.8704,37.4069],[136.8705,37.4069]]],[[[136.87,37.407],[136.8701,37.4069],[136.8699,37.407],[136.87,37.407]]],[[[136.8739,37.407],[136.8739,37.407],[136.8739,37.407],[136.8739,37.407]]],[[[136.8733,37.407],[136.8735,37.4071],[136.8735,37.407],[136.8733,37.407]]],[[[136.8705,37.407],[136.8704,37.4071],[136.8704,37.4071],[136.8705,37.407]]],[[[136.8741,37.4071],[136.8741,37.407],[136.874,37.4071],[136.8741,37.4071]]],[[[136.8675,37.4072],[136.8675,37.4071],[136.8675,37.4071],[136.8675,37.4072]]],[[[136.8706,37.4073],[136.8707,37.4071],[136.8706,37.4071],[136.8706,37.4073]]],[[[136.8727,37.4071],[136.8728,37.4073],[136.8729,37.4072],[136.8727,37.4071]]],[[[136.8701,37.4072],[136.87,37.4072],[136.8701,37.4073],[136.8701,37.4072]]],[[[136.8675,37.4069],[136.8686,37.4076],[136.8686,37.4072],[136.8675,37.4069]]],[[[136.8725,37.4073],[136.8726,37.4074],[136.8726,37.4074],[136.8725,37.4073]]],[[[136.8716,37.4075],[136.8716,37.4074],[136.8716,37.4074],[136.8716,37.4075]]],[[[136.87,37.4075],[136.8699,37.4076],[136.87,37.4076],[136.87,37.4075]]],[[[136.8746,37.4076],[136.8749,37.4077],[136.8746,37.4076],[136.8746,37.4076]]],[[[136.8771,37.4076],[136.8771,37.4077],[136.8772,37.4077],[136.8771,37.4076]]],[[[136.8755,37.4077],[136.8755,37.4077],[136.8756,37.4077],[136.8755,37.4077]]],[[[136.8752,37.4078],[136.8751,37.4077],[136.8751,37.4077],[136.8752,37.4078]]],[[[136.8758,37.4078],[136.8759,37.4077],[136.8758,37.4077],[136.8758,37.4078]]],[[[136.8765,37.4079],[136.8766,37.4078],[136.8765,37.4078],[136.8765,37.4079]]],[[[136.8768,37.4079],[136.8769,37.4078],[136.8768,37.4078],[136.8768,37.4079]]],[[[136.8737,37.4084],[136.8736,37.4083],[136.8735,37.4084],[136.8737,37.4084]]],[[[136.874,37.4084],[136.8739,37.4084],[136.874,37.4084],[136.874,37.4084]]],[[[136.8744,37.4085],[136.8743,37.4085],[136.8744,37.4085],[136.8744,37.4085]]],[[[136.871,37.4086],[136.871,37.4085],[136.8709,37.4085],[136.871,37.4086]]],[[[136.8712,37.4087],[136.8713,37.4086],[136.8712,37.4086],[136.8712,37.4087]]],[[[136.8588,37.5833],[136.8587,37.5831],[136.8586,37.5832],[136.8588,37.5833]]],[[[136.8593,37.5833],[136.8591,37.5831],[136.8591,37.5832],[136.8593,37.5833]]],[[[136.8639,37.584],[136.8641,37.584],[136.8641,37.5839],[136.8639,37.584]]],[[[136.8643,37.5846],[136.864,37.5844],[136.8643,37.5848],[136.8643,37.5846]]],[[[136.8644,37.5841],[136.8652,37.5851],[136.8648,37.584],[136.8644,37.5841]]],[[[136.8668,37.5856],[136.8669,37.5855],[136.8667,37.5855],[136.8668,37.5856]]],[[[136.8648,37.5854],[136.8651,37.5857],[136.8652,37.5855],[136.8648,37.5854]]],[[[136.8667,37.5856],[136.8666,37.5857],[136.8668,37.5858],[136.8667,37.5856]]],[[[136.8608,37.5858],[136.8607,37.5859],[136.8608,37.5858],[136.8608,37.5858]]],[[[136.8604,37.5859],[136.8605,37.586],[136.8606,37.5859],[136.8604,37.5859]]],[[[136.8607,37.5861],[136.8605,37.5861],[136.8607,37.5862],[136.8607,37.5861]]],[[[136.861,37.5866],[136.8609,37.5865],[136.8609,37.5865],[136.861,37.5866]]],[[[136.8577,37.5865],[136.8579,37.5866],[136.8577,37.5865],[136.8577,37.5865]]],[[[136.8766,37.5897],[136.8776,37.5891],[136.877,37.5886],[136.8772,37.5875],[136.8779,37.5871],[136.8768,37.5863],[136.8766,37.5897]]],[[[136.8584,37.5882],[136.8582,37.5882],[136.8583,37.5883],[136.8584,37.5882]]],[[[136.8591,37.5884],[136.8594,37.5886],[136.8595,37.5885],[136.8591,37.5884]]],[[[136.8586,37.5888],[136.8586,37.5884],[136.8582,37.5886],[136.8586,37.5888]]],[[[136.8748,37.589],[136.8746,37.5891],[136.8749,37.5891],[136.8748,37.589]]],[[[136.8599,37.5903],[136.8595,37.5902],[136.8594,37.5904],[136.8599,37.5903]]],[[[136.8637,37.5915],[136.8622,37.5924],[136.864,37.5925],[136.8637,37.5915]]],[[[136.862,37.5926],[136.8623,37.5928],[136.8626,37.5929],[136.862,37.5926]]],[[[136.8619,37.5931],[136.8621,37.5929],[136.8617,37.5928],[136.8619,37.5931]]],[[[136.8921,37.4014],[136.892,37.402],[136.892,37.402],[136.8921,37.4014]]],[[[136.8899,37.4018],[136.89,37.4019],[136.89,37.4018],[136.8899,37.4018]]],[[[136.8904,37.4018],[136.8901,37.402],[136.8901,37.4021],[136.8904,37.4018]]],[[[136.8873,37.4032],[136.8874,37.4033],[136.8874,37.4032],[136.8873,37.4032]]],[[[136.8835,37.4045],[136.8832,37.4044],[136.8831,37.4044],[136.8835,37.4045]]],[[[136.8869,37.4049],[136.8869,37.405],[136.887,37.4049],[136.8869,37.4049]]],[[[136.8876,37.4051],[136.8875,37.4051],[136.8875,37.4052],[136.8876,37.4051]]],[[[136.887,37.4052],[136.8866,37.4051],[136.8864,37.4054],[136.887,37.4052]]],[[[136.8949,37.4054],[136.8947,37.4054],[136.8947,37.4054],[136.8949,37.4054]]],[[[136.8938,37.4054],[136.8939,37.4055],[136.8939,37.4053],[136.8938,37.4054]]],[[[136.8873,37.4054],[136.8874,37.4056],[136.8875,37.4055],[136.8873,37.4054]]],[[[136.8951,37.4057],[136.895,37.4056],[136.895,37.4057],[136.8951,37.4057]]],[[[136.8859,37.4059],[136.8861,37.4059],[136.8862,37.4058],[136.8859,37.4059]]],[[[136.8854,37.406],[136.8853,37.4059],[136.8852,37.406],[136.8854,37.406]]],[[[136.8956,37.406],[136.8957,37.4061],[136.8957,37.4061],[136.8956,37.406]]],[[[136.8858,37.4061],[136.8858,37.4062],[136.8859,37.4062],[136.8858,37.4061]]],[[[136.8851,37.4064],[136.8851,37.4063],[136.8848,37.4063],[136.8851,37.4064]]],[[[136.8799,37.4065],[136.8797,37.4065],[136.8797,37.4066],[136.8799,37.4065]]],[[[136.8809,37.4066],[136.8809,37.4066],[136.8808,37.4066],[136.8809,37.4066]]],[[[136.8813,37.4066],[136.8812,37.4066],[136.8814,37.4066],[136.8813,37.4066]]],[[[136.8805,37.4067],[136.8804,37.4067],[136.8805,37.4067],[136.8805,37.4067]]],[[[136.8807,37.4068],[136.8808,37.4068],[136.8808,37.4067],[136.8807,37.4068]]],[[[136.8798,37.4067],[136.8799,37.4068],[136.88,37.4067],[136.8798,37.4067]]],[[[136.8801,37.4069],[136.88,37.4069],[136.8801,37.4069],[136.8801,37.4069]]],[[[136.8808,37.4069],[136.8807,37.407],[136.8808,37.4069],[136.8808,37.4069]]],[[[136.881,37.407],[136.8809,37.4069],[136.8809,37.407],[136.881,37.407]]],[[[136.8794,37.4069],[136.8795,37.407],[136.8796,37.407],[136.8794,37.4069]]],[[[136.8814,37.407],[136.8814,37.4069],[136.8813,37.407],[136.8814,37.407]]],[[[136.8818,37.4071],[136.8816,37.407],[136.8816,37.4071],[136.8818,37.4071]]],[[[136.8824,37.4072],[136.8825,37.407],[136.8819,37.4071],[136.8824,37.4072]]],[[[136.8957,37.4072],[136.8954,37.4071],[136.8955,37.4073],[136.8957,37.4072]]],[[[136.883,37.4072],[136.8831,37.4074],[136.8833,37.4073],[136.883,37.4072]]],[[[136.8835,37.4072],[136.8836,37.4074],[136.8837,37.4073],[136.8835,37.4072]]],[[[136.8793,37.4074],[136.8789,37.4073],[136.8782,37.4073],[136.8793,37.4074]]],[[[136.8802,37.4076],[136.8802,37.4074],[136.8801,37.4073],[136.8802,37.4076]]],[[[136.8796,37.4074],[136.8797,37.4075],[136.8797,37.4074],[136.8796,37.4074]]],[[[136.8782,37.4075],[136.8783,37.4075],[136.8781,37.4074],[136.8782,37.4075]]],[[[136.8774,37.4075],[136.8774,37.4076],[136.8775,37.4076],[136.8774,37.4075]]],[[[136.8794,37.4075],[136.8794,37.4076],[136.8795,37.4075],[136.8794,37.4075]]],[[[136.878,37.4076],[136.8779,37.4076],[136.8778,37.4076],[136.878,37.4076]]],[[[136.8782,37.4076],[136.8781,37.4076],[136.8781,37.4077],[136.8782,37.4076]]],[[[136.8784,37.4084],[136.8786,37.4084],[136.8785,37.4084],[136.8784,37.4084]]],[[[136.8783,37.4086],[136.8782,37.4084],[136.8782,37.4084],[136.8783,37.4086]]],[[[136.878,37.4085],[136.8781,37.4086],[136.8781,37.4085],[136.878,37.4085]]],[[[136.8776,37.4089],[136.8776,37.409],[136.8776,37.4089],[136.8776,37.4089]]],[[[136.8779,37.4091],[136.8779,37.409],[136.8778,37.409],[136.8779,37.4091]]],[[[136.8776,37.5876],[136.8774,37.5878],[136.8776,37.5878],[136.8776,37.5876]]],[[[136.8776,37.5882],[136.8777,37.5881],[136.8776,37.588],[136.8776,37.5882]]],[[[136.8773,37.5881],[136.8772,37.5882],[136.8773,37.5883],[136.8773,37.5881]]],[[[136.8781,37.5885],[136.878,37.5886],[136.8781,37.5886],[136.8781,37.5885]]],[[[136.8782,37.5892],[136.8782,37.5889],[136.8779,37.5891],[136.8782,37.5892]]],[[[136.8788,37.5893],[136.879,37.589],[136.8785,37.589],[136.8788,37.5893]]],[[[136.895,37.6094],[136.8946,37.6093],[136.8945,37.6094],[136.895,37.6094]]],[[[136.8949,37.6097],[136.8947,37.6095],[136.8946,37.6097],[136.8949,37.6097]]],[[[136.8946,37.6106],[136.8947,37.6107],[136.8948,37.6106],[136.8946,37.6106]]],[[[136.8949,37.6109],[136.8948,37.6108],[136.8948,37.6108],[136.8949,37.6109]]],[[[136.8927,37.6143],[136.8933,37.6146],[136.8934,37.6146],[136.8927,37.6143]]],[[[136.8908,37.615],[136.8904,37.6146],[136.8901,37.6147],[136.8908,37.615]]],[[[136.8868,37.6161],[136.8874,37.6148],[136.8855,37.6149],[136.8868,37.6161]]],[[[136.8855,37.6161],[136.8856,37.616],[136.8855,37.616],[136.8855,37.6161]]],[[[136.8862,37.6164],[136.8864,37.6163],[136.8858,37.6159],[136.8862,37.6164]]],[[[136.887,37.6167],[136.8872,37.6166],[136.8869,37.6164],[136.887,37.6167]]],[[[136.9009,37.4058],[136.9009,37.4059],[136.901,37.4058],[136.9009,37.4058]]],[[[136.8998,37.4071],[136.8999,37.4074],[136.9001,37.4073],[136.8998,37.4071]]],[[[136.8958,37.4073],[136.8957,37.4073],[136.8957,37.4074],[136.8958,37.4073]]],[[[136.9002,37.4073],[136.9003,37.4074],[136.9003,37.4073],[136.9002,37.4073]]],[[[136.8997,37.4074],[136.8996,37.4074],[136.8997,37.4075],[136.8997,37.4074]]],[[[136.9005,37.4077],[136.9008,37.4075],[136.9005,37.4074],[136.9005,37.4077]]],[[[136.9011,37.4082],[136.9015,37.408],[136.9012,37.4077],[136.9011,37.4082]]],[[[136.901,37.408],[136.9009,37.408],[136.9009,37.408],[136.901,37.408]]],[[[136.9152,37.4092],[136.9077,37.4093],[136.9019,37.4076],[136.9018,37.4078],[136.9077,37.4094],[136.9152,37.4092]]],[[[136.8994,37.6091],[136.9002,37.6089],[136.9001,37.6088],[136.8994,37.6091]]],[[[136.8977,37.6089],[136.8973,37.6094],[136.8979,37.6092],[136.8977,37.6089]]],[[[136.9009,37.6085],[136.9011,37.6125],[136.9027,37.609],[136.9009,37.6085]]],[[[136.8952,37.6107],[136.898,37.6115],[136.8953,37.6094],[136.8952,37.6107]]],[[[136.9025,37.6117],[136.9021,37.6106],[136.9018,37.6117],[136.9025,37.6117]]],[[[136.8988,37.6116],[136.8985,37.6118],[136.8989,37.6118],[136.8988,37.6116]]],[[[136.9136,37.8436],[136.9138,37.8436],[136.9137,37.8435],[136.9136,37.8436]]],[[[136.914,37.8436],[136.9138,37.8437],[136.9138,37.8438],[136.914,37.8436]]],[[[136.9141,37.8441],[136.9141,37.8438],[136.914,37.8441],[136.9141,37.8441]]],[[[136.9126,37.8441],[136.9126,37.8441],[136.9126,37.8441],[136.9126,37.8441]]],[[[136.9145,37.8442],[136.9147,37.8441],[136.9145,37.8442],[136.9145,37.8442]]],[[[136.912,37.8445],[136.9121,37.8445],[136.9121,37.8444],[136.912,37.8445]]],[[[136.9122,37.8446],[136.9122,37.8446],[136.9122,37.8446],[136.9122,37.8446]]],[[[136.915,37.8448],[136.915,37.845],[136.9152,37.845],[136.915,37.8448]]],[[[136.9149,37.8454],[136.9148,37.8454],[136.915,37.8454],[136.9149,37.8454]]],[[[136.9151,37.8455],[136.9152,37.8454],[136.9151,37.8455],[136.9151,37.8455]]],[[[136.913,37.8457],[136.9129,37.8457],[136.9129,37.8458],[136.913,37.8457]]],[[[136.9178,37.846],[136.9176,37.8461],[136.9178,37.8461],[136.9178,37.846]]],[[[136.9172,37.8461],[136.9171,37.8462],[136.9172,37.8462],[136.9172,37.8461]]],[[[136.9117,37.8463],[136.9115,37.8463],[136.9115,37.8463],[136.9117,37.8463]]],[[[136.9193,37.8467],[136.9191,37.8466],[136.9191,37.8467],[136.9193,37.8467]]],[[[136.9116,37.8468],[136.9114,37.8465],[136.9114,37.8465],[136.9116,37.8468]]],[[[136.918,37.8468],[136.9179,37.847],[136.9181,37.8469],[136.918,37.8468]]],[[[136.909,37.848],[136.9093,37.8478],[136.9092,37.8476],[136.909,37.848]]],[[[136.9117,37.848],[136.9117,37.8479],[136.9117,37.8479],[136.9117,37.848]]],[[[136.9115,37.8484],[136.9116,37.8481],[136.9114,37.8484],[136.9115,37.8484]]],[[[136.9083,37.8489],[136.9084,37.849],[136.9084,37.8488],[136.9083,37.8489]]],[[[136.9117,37.849],[136.9118,37.8489],[136.9116,37.8488],[136.9117,37.849]]],[[[136.9108,37.8494],[136.9109,37.8492],[136.9106,37.8492],[136.9108,37.8494]]],[[[136.9101,37.8494],[136.9099,37.8494],[136.91,37.8495],[136.9101,37.8494]]],[[[136.9106,37.8495],[136.9106,37.8496],[136.9108,37.8494],[136.9106,37.8495]]],[[[136.9129,37.8495],[136.9128,37.8495],[136.9128,37.8496],[136.9129,37.8495]]],[[[136.9112,37.8495],[136.9112,37.8496],[136.9113,37.8495],[136.9112,37.8495]]],[[[136.9121,37.8497],[136.912,37.8495],[136.912,37.8496],[136.9121,37.8497]]],[[[136.9101,37.8497],[136.9101,37.8496],[136.9101,37.8496],[136.9101,37.8497]]],[[[136.9136,37.8441],[136.9158,37.8508],[136.9144,37.8519],[136.9172,37.8529],[136.9169,37.8539],[136.9187,37.8536],[136.9217,37.8555],[136.9243,37.8552],[136.9236,37.8529],[136.9251,37.8519],[136.9247,37.8509],[136.9187,37.8497],[136.9136,37.8441]]],[[[136.9224,37.8501],[136.9223,37.8499],[136.9221,37.85],[136.9224,37.8501]]],[[[136.9108,37.8501],[136.9107,37.85],[136.9107,37.85],[136.9108,37.8501]]],[[[136.9112,37.8501],[136.9112,37.8502],[136.9113,37.8501],[136.9112,37.8501]]],[[[136.9117,37.8504],[136.9115,37.8505],[136.9117,37.8506],[136.9117,37.8504]]],[[[136.9151,37.8509],[136.9149,37.851],[136.9151,37.851],[136.9151,37.8509]]],[[[136.9136,37.8511],[136.9139,37.8509],[136.9136,37.8509],[136.9136,37.8511]]],[[[136.9129,37.8522],[136.9131,37.8519],[136.9129,37.8518],[136.9129,37.8522]]],[[[136.9151,37.8532],[136.915,37.853],[136.9148,37.853],[136.9151,37.8532]]],[[[136.9165,37.8532],[136.9167,37.8532],[136.9167,37.8532],[136.9165,37.8532]]],[[[136.9156,37.8532],[136.9157,37.8533],[136.9157,37.8532],[136.9156,37.8532]]],[[[136.9183,37.8542],[136.9182,37.854],[136.9182,37.854],[136.9183,37.8542]]],[[[136.9177,37.8543],[136.9178,37.8542],[136.9177,37.8543],[136.9177,37.8543]]],[[[136.9213,37.8554],[136.9212,37.8554],[136.9214,37.8555],[136.9213,37.8554]]],[[[136.9193,37.8554],[136.9193,37.8556],[136.9193,37.8556],[136.9193,37.8554]]],[[[136.9221,37.8556],[136.9222,37.8555],[136.9221,37.8555],[136.9221,37.8556]]],[[[136.9205,37.856],[136.9209,37.8564],[136.9209,37.856],[136.9205,37.856]]],[[[136.9222,37.8578],[136.9224,37.8577],[136.9223,37.8577],[136.9222,37.8578]]],[[[136.6962,37.2197],[136.7051,37.2311],[136.6995,37.2377],[136.7004,37.2379],[136.7016,37.2417],[136.6998,37.2416],[136.6996,37.2424],[136.7209,37.2559],[136.7352,37.2846],[136.7318,37.2928],[136.7248,37.2929],[136.7276,37.3052],[136.7221,37.3239],[136.7387,37.3378],[136.7398,37.3408],[136.7375,37.3481],[136.7455,37.3426],[136.7541,37.3467],[136.7569,37.3527],[136.7505,37.3572],[136.7533,37.3578],[136.7565,37.3649],[136.7662,37.3652],[136.7719,37.3675],[136.7731,37.3659],[136.7782,37.3706],[136.7824,37.3682],[136.7918,37.3743],[136.7921,37.3756],[136.7911,37.3777],[136.8017,37.3762],[136.8104,37.3822],[136.8115,37.3866],[136.826,37.3877],[136.8305,37.3899],[136.8328,37.3917],[136.8332,37.3922],[136.8331,37.3928],[136.8327,37.3941],[136.835,37.3933],[136.8413,37.3977],[136.8431,37.4007],[136.8454,37.3996],[136.8492,37.4022],[136.8521,37.4003],[136.8564,37.4031],[136.8575,37.4019],[136.8584,37.4019],[136.8675,37.4051],[136.8684,37.4071],[136.8919,37.4011],[136.8959,37.4031],[136.8957,37.4069],[136.8986,37.4071],[136.9033,37.3975],[136.9259,37.3953],[137.0295,37.4328],[137.0455,37.4445],[137.0469,37.4468],[137.0461,37.4505],[137.0517,37.4488],[137.0648,37.4518],[137.073,37.4556],[137.0847,37.4658],[137.101,37.4525],[137.127,37.4593],[137.1327,37.4541],[137.1275,37.4405],[137.171,37.4243],[137.1526,37.4089],[137.1284,37.4007],[137.122,37.4054],[137.1017,37.3862],[137.0719,37.3949],[137.0519,37.3793],[137.0329,37.392],[137.0005,37.3957],[136.9677,37.3747],[136.9793,37.3497],[136.9703,37.3387],[136.9805,37.3322],[136.962,37.3091],[136.9708,37.3036],[136.9669,37.2942],[136.8929,37.272],[136.8748,37.2766],[136.8363,37.2432],[136.8171,37.2671],[136.8079,37.2425],[136.7884,37.2258],[136.7928,37.2207],[136.7623,37.1969],[136.7436,37.1905],[136.7373,37.2026],[136.7109,37.2066],[136.7123,37.2224],[136.6962,37.2197]]],[[[136.9266,37.3962],[136.9268,37.3963],[136.9266,37.3962],[136.9266,37.3962]]],[[[136.9826,37.42],[136.9829,37.4199],[136.9827,37.4198],[136.9826,37.42]]],[[[136.9821,37.4199],[136.9822,37.42],[136.9823,37.42],[136.9821,37.4199]]],[[[136.9818,37.4203],[136.9819,37.4202],[136.9818,37.4202],[136.9818,37.4203]]],[[[136.9831,37.4208],[136.9829,37.4208],[136.983,37.4208],[136.9831,37.4208]]],[[[136.984,37.4209],[136.9838,37.4208],[136.9837,37.4208],[136.984,37.4209]]],[[[136.9843,37.421],[136.9842,37.4208],[136.9841,37.4208],[136.9843,37.421]]],[[[136.9837,37.4211],[136.9836,37.4209],[136.9835,37.421],[136.9837,37.4211]]],[[[136.9839,37.421],[136.9841,37.421],[136.9839,37.421],[136.9839,37.421]]],[[[137.0382,37.4393],[137.0383,37.4394],[137.0383,37.4393],[137.0382,37.4393]]],[[[137.038,37.4394],[137.0381,37.4394],[137.0381,37.4394],[137.038,37.4394]]],[[[137.0385,37.4395],[137.0384,37.4395],[137.0384,37.4395],[137.0385,37.4395]]],[[[137.0384,37.4398],[137.0384,37.4397],[137.0384,37.4398],[137.0384,37.4398]]],[[[137.0389,37.4399],[137.0388,37.4399],[137.0388,37.4399],[137.0389,37.4399]]],[[[137.0386,37.4399],[137.0386,37.4399],[137.0386,37.4399],[137.0386,37.4399]]],[[[137.0388,37.4402],[137.0388,37.4401],[137.0388,37.4402],[137.0388,37.4402]]],[[[137.0391,37.4404],[137.0391,37.4404],[137.0391,37.4404],[137.0391,37.4404]]],[[[137.0465,37.4476],[137.0464,37.4476],[137.0464,37.4476],[137.0465,37.4476]]],[[[137.0459,37.4477],[137.046,37.4477],[137.0459,37.4477],[137.0459,37.4477]]],[[[137.0462,37.4484],[137.0462,37.4484],[137.0462,37.4484],[137.0462,37.4484]]],[[[137.0459,37.4487],[137.0458,37.4483],[137.0456,37.4486],[137.0459,37.4487]]],[[[137.0455,37.449],[137.0457,37.449],[137.0458,37.4489],[137.0455,37.449]]],[[[137.0463,37.4491],[137.0462,37.449],[137.0461,37.4491],[137.0463,37.4491]]],[[[137.0458,37.4497],[137.0458,37.4498],[137.0458,37.4497],[137.0458,37.4497]]],[[[137.0476,37.4505],[137.0477,37.4507],[137.0477,37.4505],[137.0476,37.4505]]],[[[137.0467,37.4509],[137.0468,37.4507],[137.0466,37.4508],[137.0467,37.4509]]],[[[137.0755,37.4591],[137.0754,37.4592],[137.0755,37.4593],[137.0755,37.4591]]],[[[137.0752,37.4594],[137.0751,37.4593],[137.0752,37.4594],[137.0752,37.4594]]],[[[137.0755,37.4594],[137.0754,37.4594],[137.0754,37.4595],[137.0755,37.4594]]],[[[137.0751,37.4597],[137.0752,37.4596],[137.0751,37.4596],[137.0751,37.4597]]],[[[137.077,37.4604],[137.077,37.4606],[137.0771,37.4605],[137.077,37.4604]]],[[[137.0771,37.4608],[137.0771,37.461],[137.0772,37.4608],[137.0771,37.4608]]],[[[137.0781,37.461],[137.0783,37.461],[137.0782,37.461],[137.0781,37.461]]],[[[137.0772,37.4613],[137.0775,37.4613],[137.0772,37.4611],[137.0772,37.4613]]],[[[137.0789,37.4613],[137.0788,37.4613],[137.0789,37.4613],[137.0789,37.4613]]],[[[137.0785,37.4614],[137.0784,37.4613],[137.0784,37.4614],[137.0785,37.4614]]],[[[137.078,37.4619],[137.0776,37.4616],[137.0779,37.462],[137.078,37.4619]]],[[[137.0773,37.4618],[137.0774,37.4619],[137.0775,37.4619],[137.0773,37.4618]]],[[[137.0776,37.4622],[137.0776,37.4621],[137.0776,37.4622],[137.0776,37.4622]]],[[[136.9243,37.8484],[136.9238,37.8461],[136.9236,37.8461],[136.9243,37.8484]]],[[[136.9228,37.8494],[136.9228,37.8493],[136.9227,37.8494],[136.9228,37.8494]]],[[[136.9234,37.8495],[136.9234,37.8494],[136.9234,37.8494],[136.9234,37.8495]]],[[[136.9238,37.8497],[136.9237,37.8498],[136.9239,37.8497],[136.9238,37.8497]]],[[[136.9246,37.8497],[136.9248,37.8499],[136.9249,37.8498],[136.9246,37.8497]]],[[[136.9238,37.85],[136.9238,37.8499],[136.9237,37.85],[136.9238,37.85]]],[[[136.9257,37.8515],[136.926,37.8516],[136.9257,37.8515],[136.9257,37.8515]]],[[[136.9249,37.8527],[136.9249,37.8528],[136.925,37.8527],[136.9249,37.8527]]],[[[136.9247,37.8529],[136.9248,37.853],[136.9248,37.8528],[136.9247,37.8529]]],[[[136.9244,37.8544],[136.9243,37.8546],[136.9244,37.8545],[136.9244,37.8544]]],[[[136.9254,37.8546],[136.9255,37.8548],[136.9255,37.8547],[136.9254,37.8546]]],[[[136.9263,37.8547],[136.9266,37.8549],[136.9266,37.8546],[136.9263,37.8547]]],[[[136.9247,37.8548],[136.9246,37.8548],[136.9247,37.8549],[136.9247,37.8548]]],[[[136.9249,37.8551],[136.9249,37.8548],[136.9248,37.8548],[136.9249,37.8551]]],[[[136.9248,37.8553],[136.9249,37.8552],[136.9247,37.8551],[136.9248,37.8553]]],[[[136.9255,37.8553],[136.9253,37.8552],[136.9253,37.8553],[136.9255,37.8553]]],[[[136.9239,37.8556],[136.9243,37.8556],[136.9242,37.8555],[136.9239,37.8556]]],[[[136.9265,37.8562],[136.9265,37.8563],[136.9266,37.8562],[136.9265,37.8562]]]]}},{"type":"Feature","properties":{"id":"17205","name":"珠洲市","pref":"石川県"},"geometry":{"type":"MultiPolygon","coordinates":[[[[137.0848,37.4675],[137.0849,37.4675],[137.0848,37.4674],[137.0848,37.4675]]],[[[137.0852,37.4675],[137.0853,37.4676],[137.0853,37.4675],[137.0852,37.4675]]],[[[137.0852,37.468],[137.0853,37.4679],[137.0852,37.4679],[137.0852,37.468]]],[[[137.0855,37.468],[137.0855,37.468],[137.0855,37.468],[137.0855,37.468]]],[[[137.0861,37.4681],[137.0862,37.468],[137.0861,37.468],[137.0861,37.4681]]],[[[137.0857,37.4681],[137.0856,37.4681],[137.0857,37.4682],[137.0857,37.4681]]],[[[137.0864,37.4681],[137.0865,37.4682],[137.0865,37.4682],[137.0864,37.4681]]],[[[137.0863,37.4687],[137.0863,37.4687],[137.0863,37.4686],[137.0863,37.4687]]],[[[137.0861,37.4692],[137.086,37.4692],[137.0861,37.4693],[137.0861,37.4692]]],[[[137.0865,37.4694],[137.0865,37.4694],[137.0865,37.4694],[137.0865,37.4694]]],[[[137.0879,37.4703],[137.0883,37.4699],[137.088,37.4699],[137.0879,37.4703]]],[[[137.0879,37.4705],[137.0879,37.4706],[137.0879,37.4706],[137.0879,37.4705]]],[[[137.0892,37.4719],[137.0891,37.4719],[137.0892,37.4719],[137.0892,37.4719]]],[[[137.089,37.472],[137.0889,37.4722],[137.089,37.4722],[137.089,37.472]]],[[[137.0896,37.4723],[137.0896,37.4724],[137.0897,37.4723],[137.0896,37.4723]]],[[[137.0927,37.4772],[137.093,37.4773],[137.093,37.4772],[137.0927,37.4772]]],[[[137.0938,37.4775],[137.0933,37.4773],[137.0933,37.4775],[137.0938,37.4775]]],[[[137.0911,37.4772],[137.091,37.4774],[137.0911,37.4774],[137.0911,37.4772]]],[[[137.0991,37.4784],[137.099,37.4785],[137.0991,37.4785],[137.0991,37.4784]]],[[[137.0987,37.4785],[137.0987,37.4786],[137.0987,37.4785],[137.0987,37.4785]]],[[[137.0993,37.4786],[137.0994,37.4786],[137.0994,37.4786],[137.0993,37.4786]]],[[[137.0983,37.4791],[137.0984,37.4784],[137.098,37.4786],[137.0983,37.4791]]],[[[137.0992,37.4788],[137.0992,37.4788],[137.0992,37.4787],[137.0992,37.4788]]],[[[137.0999,37.4788],[137.0998,37.4789],[137.0999,37.4789],[137.0999,37.4788]]],[[[137.0987,37.4789],[137.0988,37.4788],[137.0987,37.4788],[137.0987,37.4789]]],[[[137.0994,37.479],[137.0995,37.479],[137.0994,37.4789],[137.0994,37.479]]],[[[137.1001,37.479],[137.1001,37.4791],[137.1002,37.4791],[137.1001,37.479]]],[[[137.0988,37.4792],[137.0987,37.479],[137.0987,37.4791],[137.0988,37.4792]]],[[[137.0998,37.4793],[137.0999,37.4793],[137.0999,37.4793],[137.0998,37.4793]]],[[[137.0996,37.4793],[137.0996,37.4794],[137.0997,37.4793],[137.0996,37.4793]]],[[[137.0994,37.4795],[137.0994,37.4794],[137.0994,37.4794],[137.0994,37.4795]]],[[[137.0997,37.4795],[137.0996,37.4796],[137.0997,37.4796],[137.0997,37.4795]]],[[[137.1,37.4798],[137.0999,37.4799],[137.1,37.4798],[137.1,37.4798]]],[[[137.1009,37.4797],[137.1002,37.4798],[137.1009,37.4802],[137.1009,37.4797]]],[[[137.1014,37.48],[137.1015,37.48],[137.1014,37.48],[137.1014,37.48]]],[[[137.1036,37.4801],[137.1033,37.4802],[137.1037,37.4803],[137.1036,37.4801]]],[[[137.1042,37.4802],[137.1041,37.4802],[137.1041,37.4802],[137.1042,37.4802]]],[[[137.1016,37.4804],[137.1017,37.4803],[137.1016,37.4803],[137.1016,37.4804]]],[[[137.1021,37.4804],[137.1034,37.4803],[137.1019,37.4802],[137.1021,37.4804]]],[[[137.1009,37.4803],[137.1008,37.4804],[137.1009,37.4804],[137.1009,37.4803]]],[[[137.1047,37.4805],[137.1046,37.4802],[137.1044,37.4804],[137.1047,37.4805]]],[[[137.0993,37.4804],[137.0994,37.4804],[137.0993,37.4804],[137.0993,37.4804]]],[[[137.101,37.4804],[137.1011,37.4805],[137.1011,37.4805],[137.101,37.4804]]],[[[137.1039,37.4805],[137.104,37.4805],[137.104,37.4805],[137.1039,37.4805]]],[[[137.1013,37.4805],[137.1013,37.4806],[137.1014,37.4806],[137.1013,37.4805]]],[[[137.1018,37.4806],[137.1017,37.4805],[137.1017,37.4805],[137.1018,37.4806]]],[[[137.1034,37.4806],[137.1034,37.4806],[137.1034,37.4806],[137.1034,37.4806]]],[[[137.1062,37.4814],[137.1062,37.4813],[137.1061,37.4813],[137.1062,37.4814]]],[[[137.1067,37.4814],[137.1063,37.4818],[137.1067,37.4818],[137.1067,37.4814]]],[[[137.1052,37.4838],[137.105,37.484],[137.1052,37.484],[137.1052,37.4838]]],[[[137.1058,37.4839],[137.1058,37.4842],[137.1059,37.4841],[137.1058,37.4839]]],[[[137.1068,37.4843],[137.1061,37.4839],[137.106,37.4841],[137.1068,37.4843]]],[[[137.1074,37.4851],[137.1069,37.4844],[137.1069,37.485],[137.1074,37.4851]]],[[[137.1091,37.4859],[137.1091,37.4858],[137.109,37.4858],[137.1091,37.4859]]],[[[137.1088,37.4861],[137.1087,37.4862],[137.1088,37.4861],[137.1088,37.4861]]],[[[137.1097,37.4864],[137.1097,37.4864],[137.1097,37.4864],[137.1097,37.4864]]],[[[137.1086,37.4875],[137.1085,37.4875],[137.1085,37.4875],[137.1086,37.4875]]],[[[137.1173,37.4891],[137.1176,37.489],[137.1174,37.489],[137.1173,37.4891]]],[[[137.109,37.4895],[137.1089,37.4896],[137.109,37.4896],[137.109,37.4895]]],[[[137.1106,37.4917],[137.1106,37.4917],[137.1106,37.4917],[137.1106,37.4917]]],[[[137.1099,37.4919],[137.1102,37.4918],[137.1101,37.4917],[137.1099,37.4919]]],[[[137.1103,37.4921],[137.1104,37.4921],[137.1104,37.4921],[137.1103,37.4921]]],[[[137.119,37.4894],[137.1183,37.4898],[137.1195,37.49],[137.119,37.4894]]],[[[137.118,37.4898],[137.118,37.4897],[137.1179,37.4898],[137.118,37.4898]]],[[[137.1182,37.4899],[137.1182,37.49],[137.1183,37.49],[137.1182,37.4899]]],[[[137.119,37.4902],[137.119,37.4903],[137.1191,37.4903],[137.119,37.4902]]],[[[137.1197,37.4902],[137.1198,37.4903],[137.1198,37.4903],[137.1197,37.4902]]],[[[137.1189,37.4904],[137.1189,37.4903],[137.1188,37.4904],[137.1189,37.4904]]],[[[137.1195,37.4904],[137.1195,37.4904],[137.1196,37.4904],[137.1195,37.4904]]],[[[137.1185,37.4915],[137.1185,37.4913],[137.1184,37.4914],[137.1185,37.4915]]],[[[137.1188,37.4916],[137.119,37.4913],[137.1188,37.4913],[137.1188,37.4916]]],[[[137.1205,37.4906],[137.1212,37.4924],[137.1218,37.4922],[137.1205,37.4906]]],[[[137.1221,37.4922],[137.1221,37.4921],[137.1221,37.4921],[137.1221,37.4922]]],[[[137.1198,37.4924],[137.12,37.4921],[137.1198,37.4921],[137.1198,37.4924]]],[[[137.1227,37.4923],[137.1227,37.4922],[137.1226,37.4923],[137.1227,37.4923]]],[[[137.123,37.4924],[137.1232,37.4924],[137.1232,37.4922],[137.123,37.4924]]],[[[137.1227,37.4926],[137.1227,37.4929],[137.1229,37.4927],[137.1227,37.4926]]],[[[137.1256,37.4931],[137.1254,37.4933],[137.1255,37.4934],[137.1256,37.4931]]],[[[137.131,37.4938],[137.1311,37.4937],[137.1311,37.4936],[137.131,37.4938]]],[[[137.1302,37.4938],[137.129,37.4936],[137.1307,37.4938],[137.1302,37.4938]]],[[[137.1255,37.4948],[137.1254,37.4946],[137.1252,37.4948],[137.1255,37.4948]]],[[[137.1258,37.4952],[137.1256,37.4951],[137.1256,37.4952],[137.1258,37.4952]]],[[[137.1331,37.4954],[137.1331,37.4952],[137.133,37.4953],[137.1331,37.4954]]],[[[137.1349,37.496],[137.1349,37.4962],[137.1351,37.496],[137.1349,37.496]]],[[[137.1352,37.4963],[137.1352,37.4964],[137.1353,37.4963],[137.1352,37.4963]]],[[[137.1373,37.4968],[137.1374,37.497],[137.1375,37.4968],[137.1373,37.4968]]],[[[137.1413,37.497],[137.1415,37.4972],[137.1415,37.4971],[137.1413,37.497]]],[[[137.1375,37.4972],[137.1375,37.4971],[137.1374,37.4972],[137.1375,37.4972]]],[[[137.1455,37.4994],[137.1456,37.4992],[137.1454,37.4993],[137.1455,37.4994]]],[[[137.1449,37.4993],[137.1452,37.4994],[137.1452,37.4994],[137.1449,37.4993]]],[[[137.1461,37.4993],[137.1459,37.4995],[137.1462,37.4994],[137.1461,37.4993]]],[[[137.1451,37.4996],[137.1451,37.4998],[137.1454,37.4996],[137.1451,37.4996]]],[[[137.1796,37.4997],[137.1796,37.4998],[137.1799,37.4997],[137.1796,37.4997]]],[[[137.1459,37.4998],[137.1459,37.4997],[137.1458,37.4998],[137.1459,37.4998]]],[[[137.1792,37.4999],[137.1791,37.4998],[137.1791,37.4999],[137.1792,37.4999]]],[[[137.1476,37.4998],[137.1475,37.5],[137.1477,37.4998],[137.1476,37.4998]]],[[[137.1451,37.5],[137.1453,37.5],[137.1453,37.4999],[137.1451,37.5]]],[[[137.1478,37.5001],[137.1478,37.4999],[137.1477,37.5],[137.1478,37.5001]]],[[[137.178,37.5],[137.1779,37.5001],[137.178,37.5001],[137.178,37.5]]],[[[137.1808,37.5001],[137.1808,37.5],[137.1808,37.5001],[137.1808,37.5001]]],[[[137.1475,37.5002],[137.1476,37.5001],[137.1475,37.5001],[137.1475,37.5002]]],[[[137.1782,37.5003],[137.1782,37.5002],[137.1781,37.5002],[137.1782,37.5003]]],[[[137.1454,37.5004],[137.1453,37.5002],[137.1453,37.5003],[137.1454,37.5004]]],[[[137.1793,37.5003],[137.1794,37.5003],[137.1793,37.5003],[137.1793,37.5003]]],[[[137.1773,37.5003],[137.1775,37.5003],[137.1774,37.5003],[137.1773,37.5003]]],[[[137.1818,37.5004],[137.1817,37.5003],[137.1817,37.5004],[137.1818,37.5004]]],[[[137.1464,37.5003],[137.1469,37.5002],[137.1466,37.5001],[137.1464,37.5003]]],[[[137.1826,37.5006],[137.1826,37.5005],[137.1825,37.5006],[137.1826,37.5006]]],[[[137.1562,37.5007],[137.1563,37.5007],[137.1563,37.5007],[137.1562,37.5007]]],[[[137.1469,37.501],[137.1472,37.5007],[137.1468,37.5009],[137.1469,37.501]]],[[[137.1593,37.5015],[137.1594,37.5016],[137.1594,37.5015],[137.1593,37.5015]]],[[[137.1585,37.5016],[137.1585,37.5016],[137.1585,37.5015],[137.1585,37.5016]]],[[[137.1746,37.5019],[137.1748,37.5017],[137.1745,37.5018],[137.1746,37.5019]]],[[[137.1606,37.502],[137.1605,37.5021],[137.1606,37.5021],[137.1606,37.502]]],[[[137.1608,37.5021],[137.1609,37.5022],[137.1609,37.5021],[137.1608,37.5021]]],[[[137.1665,37.5027],[137.1665,37.5026],[137.1664,37.5027],[137.1665,37.5027]]],[[[137.1676,37.5028],[137.1675,37.5026],[137.1674,37.5027],[137.1676,37.5028]]],[[[137.1629,37.5027],[137.163,37.5027],[137.163,37.5027],[137.1629,37.5027]]],[[[137.1615,37.5028],[137.1616,37.5027],[137.1615,37.5027],[137.1615,37.5028]]],[[[137.1637,37.5028],[137.1639,37.5028],[137.1637,37.5028],[137.1637,37.5028]]],[[[137.1668,37.5028],[137.1668,37.5028],[137.1669,37.5028],[137.1668,37.5028]]],[[[137.1696,37.5034],[137.1696,37.5035],[137.1696,37.5035],[137.1696,37.5034]]],[[[137.1704,37.5034],[137.1705,37.5035],[137.1705,37.5034],[137.1704,37.5034]]],[[[137.1711,37.5035],[137.1711,37.5034],[137.171,37.5035],[137.1711,37.5035]]],[[[137.1829,37.5008],[137.1828,37.5008],[137.1829,37.5009],[137.1829,37.5008]]],[[[137.1838,37.5012],[137.1837,37.5012],[137.1838,37.5013],[137.1838,37.5012]]],[[[137.1848,37.5015],[137.1848,37.5014],[137.1847,37.5015],[137.1848,37.5015]]],[[[137.1841,37.5015],[137.184,37.5014],[137.184,37.5015],[137.1841,37.5015]]],[[[137.1832,37.5015],[137.1831,37.5015],[137.1831,37.5015],[137.1832,37.5015]]],[[[137.1833,37.5017],[137.1835,37.5017],[137.1834,37.5016],[137.1833,37.5017]]],[[[137.187,37.502],[137.1865,37.5019],[137.1865,37.5021],[137.187,37.502]]],[[[137.1875,37.5036],[137.1875,37.5035],[137.1875,37.5035],[137.1875,37.5036]]],[[[137.1886,37.5036],[137.1887,37.5037],[137.1887,37.5036],[137.1886,37.5036]]],[[[137.1881,37.5038],[137.188,37.5039],[137.1882,37.5039],[137.1881,37.5038]]],[[[137.1905,37.5041],[137.1906,37.504],[137.1905,37.5041],[137.1905,37.5041]]],[[[137.1891,37.5041],[137.1892,37.504],[137.1891,37.504],[137.1891,37.5041]]],[[[137.1937,37.5041],[137.1936,37.5042],[137.1937,37.5042],[137.1937,37.5041]]],[[[137.1909,37.5042],[137.1908,37.5042],[137.1908,37.5042],[137.1909,37.5042]]],[[[137.1871,37.5041],[137.1867,37.5042],[137.187,37.5043],[137.1871,37.5041]]],[[[137.1941,37.5042],[137.194,37.5042],[137.1941,37.5042],[137.1941,37.5042]]],[[[137.1912,37.5042],[137.1911,37.5042],[137.1911,37.5042],[137.1912,37.5042]]],[[[137.1917,37.5042],[137.1918,37.5042],[137.1918,37.5041],[137.1917,37.5042]]],[[[137.1894,37.5042],[137.1895,37.5041],[137.1895,37.5041],[137.1894,37.5042]]],[[[137.1947,37.5043],[137.1949,37.5043],[137.1948,37.5042],[137.1947,37.5043]]],[[[137.194,37.5043],[137.1939,37.5043],[137.1939,37.5044],[137.194,37.5043]]],[[[137.195,37.5044],[137.195,37.5043],[137.1949,37.5044],[137.195,37.5044]]],[[[137.1931,37.5044],[137.193,37.5043],[137.193,37.5044],[137.1931,37.5044]]],[[[137.1906,37.5044],[137.1905,37.5045],[137.1906,37.5044],[137.1906,37.5044]]],[[[137.1925,37.5045],[137.1924,37.5046],[137.1924,37.5046],[137.1925,37.5045]]],[[[137.1946,37.5046],[137.1947,37.5046],[137.1947,37.5045],[137.1946,37.5046]]],[[[137.1936,37.5047],[137.1936,37.5046],[137.1934,37.5045],[137.1936,37.5047]]],[[[137.1956,37.5048],[137.1957,37.5048],[137.1957,37.5048],[137.1956,37.5048]]],[[[137.1941,37.5048],[137.194,37.5049],[137.1941,37.5048],[137.1941,37.5048]]],[[[137.1914,37.5049],[137.1913,37.5048],[137.1912,37.5049],[137.1914,37.5049]]],[[[137.1966,37.5051],[137.1966,37.505],[137.1966,37.5052],[137.1966,37.5051]]],[[[137.1952,37.5053],[137.195,37.5054],[137.1951,37.5054],[137.1952,37.5053]]],[[[137.1956,37.5054],[137.1956,37.5055],[137.1956,37.5055],[137.1956,37.5054]]],[[[137.1975,37.5058],[137.1976,37.5057],[137.1975,37.5057],[137.1975,37.5058]]],[[[137.1965,37.506],[137.1963,37.5059],[137.1964,37.506],[137.1965,37.506]]],[[[137.1972,37.5061],[137.1971,37.5061],[137.1971,37.5061],[137.1972,37.5061]]],[[[137.1981,37.5065],[137.1981,37.5064],[137.198,37.5064],[137.1981,37.5065]]],[[[137.2056,37.507],[137.2057,37.5068],[137.2055,37.5069],[137.2056,37.507]]],[[[137.2038,37.5069],[137.2038,37.5069],[137.2039,37.5069],[137.2038,37.5069]]],[[[137.2025,37.507],[137.2026,37.5069],[137.2025,37.507],[137.2025,37.507]]],[[[137.2063,37.507],[137.2063,37.5071],[137.2064,37.507],[137.2063,37.507]]],[[[137.2026,37.5072],[137.2027,37.5072],[137.2027,37.5072],[137.2026,37.5072]]],[[[137.1986,37.5073],[137.1985,37.5072],[137.1985,37.5073],[137.1986,37.5073]]],[[[137.1991,37.5074],[137.1991,37.5073],[137.1991,37.5073],[137.1991,37.5074]]],[[[137.2044,37.5075],[137.2043,37.5073],[137.2043,37.5075],[137.2044,37.5075]]],[[[137.2024,37.5075],[137.2025,37.5074],[137.2024,37.5074],[137.2024,37.5075]]],[[[137.1994,37.5075],[137.1995,37.5075],[137.1994,37.5074],[137.1994,37.5075]]],[[[137.1996,37.5078],[137.1996,37.5076],[137.1996,37.5077],[137.1996,37.5078]]],[[[137.2028,37.5078],[137.2029,37.5079],[137.2029,37.5079],[137.2028,37.5078]]],[[[137.1981,37.5079],[137.198,37.5078],[137.198,37.508],[137.1981,37.5079]]],[[[137.2019,37.5084],[137.202,37.5082],[137.2019,37.5082],[137.2019,37.5084]]],[[[137.2023,37.5083],[137.2026,37.5087],[137.2028,37.5085],[137.2023,37.5083]]],[[[137.2008,37.5079],[137.2002,37.5101],[137.201,37.5101],[137.2008,37.5079]]],[[[137.2179,37.5142],[137.2178,37.5141],[137.2178,37.5142],[137.2179,37.5142]]],[[[137.2176,37.5144],[137.2177,37.5143],[137.2177,37.5143],[137.2176,37.5144]]],[[[137.2169,37.5144],[137.217,37.5143],[137.2169,37.5143],[137.2169,37.5144]]],[[[137.2164,37.5148],[137.2165,37.5149],[137.2165,37.5147],[137.2164,37.5148]]],[[[137.2176,37.5154],[137.2177,37.5151],[137.2173,37.5151],[137.2176,37.5154]]],[[[137.2169,37.5152],[137.2168,37.5153],[137.2169,37.5153],[137.2169,37.5152]]],[[[137.2181,37.5156],[137.2181,37.5155],[137.2179,37.5156],[137.2181,37.5156]]],[[[137.2176,37.5155],[137.2177,37.5156],[137.2177,37.5155],[137.2176,37.5155]]],[[[137.2172,37.5156],[137.2171,37.5155],[137.2172,37.5157],[137.2172,37.5156]]],[[[137.2473,37.3963],[137.2472,37.3959],[137.2464,37.3965],[137.2473,37.3963]]],[[[137.1193,37.4592],[137.101,37.4525],[137.0854,37.4677],[137.0866,37.4677],[137.0894,37.4714],[137.0934,37.4719],[137.0901,37.4769],[137.0952,37.477],[137.0941,37.4792],[137.0991,37.4782],[137.1055,37.48],[137.1272,37.4933],[137.1282,37.4935],[137.131,37.4935],[137.1322,37.4938],[137.1383,37.4969],[137.1432,37.4968],[137.1554,37.5012],[137.1545,37.5002],[137.1722,37.5031],[137.1712,37.5025],[137.1731,37.5027],[137.1769,37.5001],[137.1803,37.4996],[137.2103,37.5061],[137.2183,37.5103],[137.2195,37.5125],[137.2178,37.5147],[137.2203,37.5164],[137.2194,37.515],[137.223,37.5144],[137.2335,37.5165],[137.2389,37.5235],[137.2443,37.5195],[137.2471,37.522],[137.2455,37.5241],[137.2474,37.5248],[137.2461,37.5254],[137.2465,37.5261],[137.2481,37.5248],[137.2512,37.525],[137.2556,37.5269],[137.2569,37.5281],[137.2564,37.5291],[137.2612,37.5296],[137.2636,37.5312],[137.2667,37.5283],[137.2765,37.5334],[137.2824,37.527],[137.2875,37.5285],[137.2878,37.5289],[137.2865,37.5297],[137.2869,37.5302],[137.2874,37.5302],[137.2882,37.5311],[137.2889,37.531],[137.2866,37.5297],[137.2976,37.5261],[137.3047,37.5283],[137.3106,37.5265],[137.3278,37.5293],[137.3288,37.5194],[137.3338,37.517],[137.3359,37.5176],[137.3384,37.5162],[137.3397,37.5167],[137.3424,37.5163],[137.3435,37.5166],[137.3439,37.5154],[137.3461,37.5154],[137.3434,37.5107],[137.3517,37.5014],[137.3402,37.4827],[137.3607,37.4524],[137.3331,37.4395],[137.3118,37.4378],[137.311,37.4366],[137.3098,37.4367],[137.311,37.4379],[137.3088,37.4395],[137.3012,37.4411],[137.3032,37.438],[137.3008,37.4401],[137.3017,37.4422],[137.3003,37.4426],[137.2988,37.4429],[137.2677,37.4371],[137.249,37.4207],[137.2465,37.3967],[137.2376,37.39],[137.2395,37.3733],[137.1539,37.3548],[137.1318,37.4037],[137.1529,37.4091],[137.171,37.4243],[137.1323,37.4366],[137.1269,37.448],[137.1325,37.4551],[137.1193,37.4592]]],[[[137.2182,37.5138],[137.2181,37.5139],[137.2181,37.5139],[137.2182,37.5138]]],[[[137.2231,37.5148],[137.2233,37.5148],[137.2231,37.5147],[137.2231,37.5148]]],[[[137.2231,37.5151],[137.2229,37.5152],[137.223,37.5152],[137.2231,37.5151]]],[[[137.2233,37.5152],[137.2232,37.5152],[137.2232,37.5152],[137.2233,37.5152]]],[[[137.2216,37.5153],[137.2215,37.5153],[137.2215,37.5153],[137.2216,37.5153]]],[[[137.2234,37.5152],[137.2234,37.5153],[137.2234,37.5153],[137.2234,37.5152]]],[[[137.2236,37.5153],[137.2236,37.5155],[137.2237,37.5154],[137.2236,37.5153]]],[[[137.2221,37.5154],[137.222,37.5155],[137.2222,37.5154],[137.2221,37.5154]]],[[[137.2224,37.5155],[137.2224,37.5154],[137.2223,37.5154],[137.2224,37.5155]]],[[[137.2239,37.5155],[137.2239,37.5157],[137.224,37.5156],[137.2239,37.5155]]],[[[137.2183,37.5157],[137.2184,37.5158],[137.2184,37.5157],[137.2183,37.5157]]],[[[137.2244,37.5158],[137.2244,37.516],[137.2244,37.5159],[137.2244,37.5158]]],[[[137.2195,37.5161],[137.2186,37.516],[137.2198,37.5169],[137.2195,37.5161]]],[[[137.224,37.5162],[137.2241,37.5163],[137.2241,37.5162],[137.224,37.5162]]],[[[137.2186,37.5164],[137.2184,37.5164],[137.2186,37.5165],[137.2186,37.5164]]],[[[137.2305,37.5165],[137.2304,37.5164],[137.2303,37.5165],[137.2305,37.5165]]],[[[137.2201,37.5165],[137.22,37.5164],[137.22,37.5164],[137.2201,37.5165]]],[[[137.2259,37.5166],[137.2257,37.5167],[137.2259,37.5166],[137.2259,37.5166]]],[[[137.2187,37.5166],[137.2186,37.5167],[137.2187,37.5166],[137.2187,37.5166]]],[[[137.2206,37.5166],[137.2206,37.5168],[137.2207,37.5168],[137.2206,37.5166]]],[[[137.2242,37.5165],[137.2245,37.5173],[137.2249,37.5171],[137.2242,37.5165]]],[[[137.2252,37.5171],[137.2251,37.517],[137.2252,37.5171],[137.2252,37.5171]]],[[[137.2314,37.517],[137.2315,37.517],[137.2315,37.517],[137.2314,37.517]]],[[[137.2325,37.5171],[137.2324,37.5171],[137.2324,37.5171],[137.2325,37.5171]]],[[[137.2333,37.517],[137.2335,37.5172],[137.2335,37.5171],[137.2333,37.517]]],[[[137.2312,37.517],[137.2312,37.5171],[137.2312,37.5171],[137.2312,37.517]]],[[[137.2199,37.5171],[137.2199,37.5172],[137.22,37.5171],[137.2199,37.5171]]],[[[137.2212,37.5171],[137.2211,37.5173],[137.2211,37.5173],[137.2212,37.5171]]],[[[137.2331,37.5174],[137.233,37.5173],[137.233,37.5174],[137.2331,37.5174]]],[[[137.2248,37.5176],[137.225,37.5174],[137.2249,37.5174],[137.2248,37.5176]]],[[[137.2243,37.5175],[137.2244,37.5176],[137.2244,37.5175],[137.2243,37.5175]]],[[[137.2212,37.5176],[137.221,37.5176],[137.221,37.5177],[137.2212,37.5176]]],[[[137.2261,37.5183],[137.2261,37.5182],[137.226,37.5183],[137.2261,37.5183]]],[[[137.2344,37.5186],[137.2342,37.5186],[137.2343,37.5187],[137.2344,37.5186]]],[[[137.2264,37.5187],[137.2263,37.5186],[137.2263,37.5187],[137.2264,37.5187]]],[[[137.2329,37.519],[137.2329,37.5191],[137.2329,37.519],[137.2329,37.519]]],[[[137.2352,37.5191],[137.235,37.5191],[137.2351,37.5192],[137.2352,37.5191]]],[[[137.2274,37.5201],[137.2272,37.5202],[137.2274,37.5202],[137.2274,37.5201]]],[[[137.2437,37.5202],[137.2438,37.5201],[137.2438,37.52],[137.2437,37.5202]]],[[[137.2436,37.5204],[137.2436,37.5203],[137.2436,37.5204],[137.2436,37.5204]]],[[[137.2338,37.5208],[137.2338,37.5209],[137.2338,37.5208],[137.2338,37.5208]]],[[[137.2454,37.5209],[137.2453,37.5208],[137.2453,37.5209],[137.2454,37.5209]]],[[[137.234,37.5207],[137.2346,37.5212],[137.2347,37.5208],[137.234,37.5207]]],[[[137.2356,37.521],[137.2352,37.5212],[137.2357,37.5213],[137.2356,37.521]]],[[[137.2338,37.5213],[137.2339,37.5212],[137.2338,37.5211],[137.2338,37.5213]]],[[[137.2348,37.5213],[137.2349,37.5212],[137.2348,37.5212],[137.2348,37.5213]]],[[[137.2345,37.5215],[137.2345,37.5214],[137.2344,37.5215],[137.2345,37.5215]]],[[[137.2348,37.5216],[137.2347,37.5215],[137.2347,37.5216],[137.2348,37.5216]]],[[[137.2454,37.5217],[137.2455,37.5215],[137.2453,37.5216],[137.2454,37.5217]]],[[[137.2358,37.5217],[137.2359,37.5215],[137.2358,37.5215],[137.2358,37.5217]]],[[[137.2343,37.522],[137.2345,37.5219],[137.2345,37.5219],[137.2343,37.522]]],[[[137.2458,37.522],[137.2458,37.5221],[137.2459,37.522],[137.2458,37.522]]],[[[137.2455,37.5225],[137.2455,37.5223],[137.2454,37.5225],[137.2455,37.5225]]],[[[137.2366,37.5226],[137.2365,37.5226],[137.2366,37.5227],[137.2366,37.5226]]],[[[137.2457,37.5226],[137.2456,37.5227],[137.2457,37.5228],[137.2457,37.5226]]],[[[137.2353,37.5229],[137.2354,37.5229],[137.2354,37.5228],[137.2353,37.5229]]],[[[137.2379,37.523],[137.238,37.5229],[137.2379,37.5229],[137.2379,37.523]]],[[[137.2462,37.525],[137.2461,37.5249],[137.2461,37.525],[137.2462,37.525]]],[[[137.2457,37.525],[137.2456,37.525],[137.2456,37.5251],[137.2457,37.525]]],[[[137.2458,37.5253],[137.2459,37.5251],[137.2458,37.5252],[137.2458,37.5253]]],[[[137.2491,37.3961],[137.2491,37.3961],[137.2491,37.3961],[137.2491,37.3961]]],[[[137.2478,37.3968],[137.2479,37.3967],[137.2478,37.3967],[137.2478,37.3968]]],[[[137.2504,37.5251],[137.2502,37.5251],[137.2504,37.5251],[137.2504,37.5251]]],[[[137.2488,37.5253],[137.2489,37.5253],[137.2488,37.5253],[137.2488,37.5253]]],[[[137.2483,37.5252],[137.2483,37.5255],[137.2484,37.5253],[137.2483,37.5252]]],[[[137.2489,37.5255],[137.249,37.5256],[137.249,37.5256],[137.2489,37.5255]]],[[[137.2518,37.5256],[137.2518,37.5257],[137.2519,37.5257],[137.2518,37.5256]]],[[[137.2487,37.5257],[137.2488,37.5258],[137.2489,37.5257],[137.2487,37.5257]]],[[[137.2485,37.5257],[137.2486,37.5258],[137.2486,37.5257],[137.2485,37.5257]]],[[[137.248,37.5257],[137.2481,37.5258],[137.2481,37.5258],[137.248,37.5257]]],[[[137.252,37.5259],[137.2519,37.5258],[137.2519,37.5259],[137.252,37.5259]]],[[[137.2481,37.526],[137.2482,37.5261],[137.2482,37.526],[137.2481,37.526]]],[[[137.2478,37.527],[137.2479,37.5269],[137.2478,37.5269],[137.2478,37.527]]],[[[137.2551,37.5281],[137.2551,37.5279],[137.255,37.5279],[137.2551,37.5281]]],[[[137.2546,37.5282],[137.2543,37.5281],[137.2543,37.5281],[137.2546,37.5282]]],[[[137.2556,37.5282],[137.2556,37.5281],[137.2556,37.5281],[137.2556,37.5282]]],[[[137.2562,37.5282],[137.2559,37.5282],[137.2562,37.5283],[137.2562,37.5282]]],[[[137.2565,37.5282],[137.2566,37.5284],[137.2567,37.5282],[137.2565,37.5282]]],[[[137.2563,37.5286],[137.2559,37.5284],[137.2558,37.5285],[137.2563,37.5286]]],[[[137.285,37.5292],[137.285,37.5293],[137.2851,37.5292],[137.285,37.5292]]],[[[137.2681,37.5299],[137.2681,37.5298],[137.268,37.5299],[137.2681,37.5299]]],[[[137.2691,37.5299],[137.2691,37.53],[137.2691,37.5299],[137.2691,37.5299]]],[[[137.2684,37.53],[137.2683,37.5299],[137.2683,37.53],[137.2684,37.53]]],[[[137.2618,37.5301],[137.2611,37.5299],[137.2618,37.5303],[137.2618,37.5301]]],[[[137.2685,37.5302],[137.2686,37.5301],[137.2685,37.5301],[137.2685,37.5302]]],[[[137.2681,37.5302],[137.2683,37.5302],[137.2681,37.5302],[137.2681,37.5302]]],[[[137.268,37.5303],[137.268,37.5304],[137.2681,37.5304],[137.268,37.5303]]],[[[137.2613,37.5304],[137.2615,37.5306],[137.2612,37.5301],[137.2613,37.5304]]],[[[137.2689,37.5304],[137.2688,37.5304],[137.2688,37.5305],[137.2689,37.5304]]],[[[137.2696,37.5304],[137.2694,37.5305],[137.2694,37.5305],[137.2696,37.5304]]],[[[137.2851,37.5305],[137.2852,37.5305],[137.2852,37.5304],[137.2851,37.5305]]],[[[137.2699,37.5304],[137.2702,37.5304],[137.2702,37.5304],[137.2699,37.5304]]],[[[137.2704,37.5305],[137.2704,37.5306],[137.2705,37.5305],[137.2704,37.5305]]],[[[137.2693,37.5305],[137.2692,37.5306],[137.2692,37.5306],[137.2693,37.5305]]],[[[137.2853,37.5305],[137.2853,37.5307],[137.2854,37.5307],[137.2853,37.5305]]],[[[137.2654,37.5307],[137.2653,37.5306],[137.2652,37.5306],[137.2654,37.5307]]],[[[137.2854,37.5309],[137.2854,37.5308],[137.2853,37.5308],[137.2854,37.5309]]],[[[137.2656,37.531],[137.2657,37.5309],[137.2656,37.5309],[137.2656,37.531]]],[[[137.2713,37.531],[137.2711,37.5309],[137.2711,37.531],[137.2713,37.531]]],[[[137.2646,37.5312],[137.2645,37.5309],[137.2645,37.5312],[137.2646,37.5312]]],[[[137.2711,37.5312],[137.2712,37.5311],[137.271,37.5311],[137.2711,37.5312]]],[[[137.2651,37.5312],[137.2649,37.5311],[137.2648,37.5313],[137.2651,37.5312]]],[[[137.2563,37.5312],[137.2561,37.5314],[137.2564,37.5313],[137.2563,37.5312]]],[[[137.2715,37.5313],[137.2717,37.5313],[137.2715,37.5313],[137.2715,37.5313]]],[[[137.2856,37.5314],[137.2857,37.5313],[137.2857,37.5313],[137.2856,37.5314]]],[[[137.2573,37.5313],[137.2573,37.5314],[137.2574,37.5314],[137.2573,37.5313]]],[[[137.2655,37.5314],[137.266,37.5315],[137.2659,37.5312],[137.2655,37.5314]]],[[[137.2647,37.5314],[137.2646,37.5314],[137.2647,37.5314],[137.2647,37.5314]]],[[[137.265,37.5314],[137.265,37.5315],[137.265,37.5314],[137.265,37.5314]]],[[[137.2723,37.5316],[137.2723,37.5317],[137.2724,37.5317],[137.2723,37.5316]]],[[[137.2714,37.5318],[137.2712,37.5318],[137.2713,37.5319],[137.2714,37.5318]]],[[[137.2658,37.5319],[137.2659,37.5319],[137.2658,37.5318],[137.2658,37.5319]]],[[[137.2741,37.5329],[137.2739,37.5328],[137.2738,37.5329],[137.2741,37.5329]]],[[[137.2793,37.533],[137.2785,37.533],[137.2792,37.5333],[137.2793,37.533]]],[[[137.2737,37.5331],[137.2733,37.5332],[137.2736,37.5333],[137.2737,37.5331]]],[[[137.28,37.5333],[137.2801,37.5332],[137.28,37.5332],[137.28,37.5333]]],[[[137.2805,37.5338],[137.2805,37.5336],[137.2804,37.5338],[137.2805,37.5338]]],[[[137.2795,37.5339],[137.2797,37.5338],[137.2796,37.5338],[137.2795,37.5339]]],[[[137.2763,37.5339],[137.274,37.5338],[137.2765,37.5345],[137.2763,37.5339]]],[[[137.2741,37.534],[137.2743,37.534],[137.2741,37.5339],[137.2741,37.534]]],[[[137.2741,37.5342],[137.2744,37.5342],[137.2741,37.5341],[137.2741,37.5342]]],[[[137.2793,37.536],[137.2791,37.5357],[137.2789,37.5359],[137.2793,37.536]]],[[[137.3059,37.4371],[137.3048,37.4374],[137.3058,37.4372],[137.3059,37.4371]]],[[[137.3059,37.4372],[137.306,37.4373],[137.306,37.4372],[137.3059,37.4372]]],[[[137.3062,37.438],[137.3098,37.4369],[137.3059,37.4367],[137.3064,37.4375],[137.3062,37.438]]],[[[137.306,37.4373],[137.3061,37.4373],[137.306,37.4373],[137.306,37.4373]]],[[[137.2994,37.4428],[137.2994,37.4425],[137.2993,37.4425],[137.2994,37.4428]]],[[[137.2988,37.4425],[137.2988,37.4425],[137.2988,37.4428],[137.2988,37.4425]]],[[[137.311,37.527],[137.3109,37.5267],[137.3108,37.5269],[137.311,37.527]]],[[[137.3283,37.528],[137.3284,37.5279],[137.3282,37.5279],[137.3283,37.528]]],[[[137.2939,37.5281],[137.2937,37.5282],[137.2937,37.5282],[137.2939,37.5281]]],[[[137.3286,37.5282],[137.3283,37.5282],[137.3286,37.5283],[137.3286,37.5282]]],[[[137.3126,37.5285],[137.3126,37.5284],[137.3125,37.5285],[137.3126,37.5285]]],[[[137.3286,37.5285],[137.3283,37.5286],[137.3285,37.5287],[137.3286,37.5285]]],[[[137.3016,37.5289],[137.3018,37.5288],[137.3016,37.5287],[137.3016,37.5289]]],[[[137.2925,37.5288],[137.2924,37.5288],[137.2924,37.5288],[137.2925,37.5288]]],[[[137.2929,37.5289],[137.2927,37.5289],[137.2928,37.5289],[137.2929,37.5289]]],[[[137.2938,37.529],[137.2939,37.5288],[137.2938,37.5289],[137.2938,37.529]]],[[[137.3128,37.5288],[137.3128,37.5291],[137.3129,37.5291],[137.3128,37.5288]]],[[[137.2967,37.5291],[137.2965,37.5289],[137.2965,37.529],[137.2967,37.5291]]],[[[137.2871,37.5291],[137.287,37.529],[137.287,37.5291],[137.2871,37.5291]]],[[[137.312,37.5291],[137.3121,37.5292],[137.3121,37.5291],[137.312,37.5291]]],[[[137.2857,37.5291],[137.2857,37.5292],[137.2858,37.5292],[137.2857,37.5291]]],[[[137.2961,37.5292],[137.2961,37.5291],[137.296,37.5292],[137.2961,37.5292]]],[[[137.2965,37.5294],[137.2967,37.5294],[137.2965,37.5294],[137.2965,37.5294]]],[[[137.3113,37.5296],[137.3113,37.5295],[137.3112,37.5295],[137.3113,37.5296]]],[[[137.3119,37.5295],[137.3119,37.5298],[137.312,37.5295],[137.3119,37.5295]]],[[[137.2915,37.5298],[137.2917,37.5297],[137.2916,37.5296],[137.2915,37.5298]]],[[[137.3284,37.5297],[137.3286,37.5297],[137.3286,37.5297],[137.3284,37.5297]]],[[[137.2918,37.5297],[137.2918,37.5298],[137.2918,37.5297],[137.2918,37.5297]]],[[[137.2916,37.5299],[137.2916,37.53],[137.2916,37.53],[137.2916,37.5299]]],[[[137.2973,37.5301],[137.2973,37.5299],[137.2973,37.53],[137.2973,37.5301]]],[[[137.2912,37.5301],[137.2912,37.53],[137.291,37.53],[137.2912,37.5301]]],[[[137.2895,37.5299],[137.2898,37.5302],[137.2898,37.5299],[137.2895,37.5299]]],[[[137.2918,37.5301],[137.2917,37.5301],[137.2918,37.5301],[137.2918,37.5301]]],[[[137.2984,37.5303],[137.2983,37.5304],[137.2984,37.5304],[137.2984,37.5303]]],[[[137.3274,37.5304],[137.3273,37.5305],[137.3275,37.5305],[137.3274,37.5304]]],[[[137.2901,37.5306],[137.2901,37.5307],[137.2902,37.5306],[137.2901,37.5306]]],[[[137.3275,37.531],[137.3274,37.5308],[137.3273,37.5309],[137.3275,37.531]]],[[[137.3004,37.531],[137.3003,37.5309],[137.3004,37.531],[137.3004,37.531]]],[[[137.3278,37.531],[137.3279,37.5312],[137.328,37.531],[137.3278,37.531]]],[[[137.2899,37.5311],[137.2897,37.5314],[137.2899,37.5314],[137.2899,37.5311]]],[[[137.2894,37.5313],[137.2895,37.5313],[137.2895,37.5312],[137.2894,37.5313]]],[[[137.2875,37.5314],[137.2874,37.5313],[137.2874,37.5314],[137.2875,37.5314]]],[[[137.2869,37.5316],[137.2869,37.5316],[137.2868,37.5317],[137.2869,37.5316]]],[[[137.2893,37.5317],[137.2894,37.5317],[137.2894,37.5316],[137.2893,37.5317]]],[[[137.2904,37.5316],[137.29,37.5318],[137.2906,37.5321],[137.2904,37.5316]]],[[[137.2867,37.5318],[137.2867,37.5319],[137.2867,37.5318],[137.2867,37.5318]]],[[[137.2879,37.5318],[137.2876,37.532],[137.2879,37.532],[137.2879,37.5318]]],[[[137.2896,37.532],[137.2898,37.5319],[137.2897,37.5319],[137.2896,37.532]]],[[[137.2867,37.5322],[137.287,37.532],[137.2867,37.532],[137.2867,37.5322]]],[[[137.2875,37.5321],[137.2873,37.5321],[137.2873,37.5322],[137.2875,37.5321]]],[[[137.2866,37.5321],[137.286,37.532],[137.2864,37.5327],[137.2866,37.5321]]],[[[137.2871,37.5326],[137.2875,37.5325],[137.2874,37.5323],[137.2871,37.5326]]],[[[137.2908,37.5328],[137.2899,37.5322],[137.2908,37.5332],[137.2908,37.5328]]],[[[137.2876,37.5331],[137.2876,37.5335],[137.2879,37.5333],[137.2876,37.5331]]],[[[137.2873,37.5334],[137.2874,37.5335],[137.2875,37.5334],[137.2873,37.5334]]],[[[137.2885,37.5333],[137.2884,37.5338],[137.2885,37.5338],[137.2885,37.5333]]],[[[137.2916,37.5338],[137.2917,37.5337],[137.2915,37.5337],[137.2916,37.5338]]],[[[137.2882,37.5338],[137.288,37.5341],[137.2881,37.5341],[137.2882,37.5338]]],[[[137.2885,37.534],[137.2886,37.5341],[137.2887,37.534],[137.2885,37.534]]],[[[137.2881,37.5344],[137.2884,37.5345],[137.2883,37.5344],[137.2881,37.5344]]],[[[137.2886,37.5348],[137.2888,37.5348],[137.2886,37.5347],[137.2886,37.5348]]],[[[137.2909,37.5353],[137.2902,37.5349],[137.2908,37.5355],[137.2909,37.5353]]],[[[137.3522,37.4439],[137.3522,37.4438],[137.3521,37.4439],[137.3522,37.4439]]],[[[137.3523,37.4439],[137.3523,37.4439],[137.3522,37.4439],[137.3523,37.4439]]],[[[137.3568,37.4476],[137.3569,37.4475],[137.3568,37.4475],[137.3568,37.4476]]],[[[137.3593,37.4479],[137.3593,37.4479],[137.3593,37.4479],[137.3593,37.4479]]],[[[137.3611,37.4522],[137.3612,37.4522],[137.3612,37.4522],[137.3611,37.4522]]],[[[137.3611,37.4529],[137.3609,37.4534],[137.3613,37.453],[137.3611,37.4529]]],[[[137.3604,37.4545],[137.3603,37.4545],[137.3602,37.4548],[137.3604,37.4545]]],[[[137.3585,37.4639],[137.3584,37.4643],[137.3585,37.4639],[137.3585,37.4639]]],[[[137.358,37.4648],[137.3572,37.4652],[137.3579,37.465],[137.358,37.4648]]],[[[137.3514,37.5023],[137.3514,37.5022],[137.3513,37.5022],[137.3514,37.5023]]],[[[137.3517,37.5022],[137.3517,37.5023],[137.3518,37.5022],[137.3517,37.5022]]],[[[137.3523,37.5023],[137.3522,37.5023],[137.3523,37.5023],[137.3523,37.5023]]],[[[137.3524,37.5025],[137.3524,37.5026],[137.3524,37.5026],[137.3524,37.5025]]],[[[137.3606,37.5058],[137.3617,37.5066],[137.3606,37.5055],[137.3606,37.5058]]],[[[137.3618,37.5068],[137.3619,37.5067],[137.3618,37.5068],[137.3618,37.5068]]],[[[137.3622,37.5069],[137.3622,37.5072],[137.3624,37.5072],[137.3622,37.5069]]],[[[137.3631,37.5076],[137.3626,37.5075],[137.3631,37.5078],[137.3631,37.5076]]],[[[137.348,37.5081],[137.3475,37.5078],[137.3474,37.5078],[137.348,37.5081]]],[[[137.3633,37.5082],[137.3636,37.508],[137.3634,37.508],[137.3633,37.5082]]],[[[137.3485,37.5083],[137.3486,37.5081],[137.3483,37.5081],[137.3485,37.5083]]],[[[137.3641,37.5087],[137.3639,37.5086],[137.364,37.5088],[137.3641,37.5087]]],[[[137.3652,37.5091],[137.3647,37.5084],[137.3643,37.5084],[137.3652,37.5091]]],[[[137.3526,37.5093],[137.3527,37.5091],[137.3526,37.509],[137.3526,37.5093]]],[[[137.3465,37.5094],[137.3462,37.5093],[137.3462,37.5093],[137.3465,37.5094]]],[[[137.3467,37.5095],[137.347,37.5094],[137.3467,37.5094],[137.3467,37.5095]]],[[[137.3471,37.5096],[137.3473,37.5099],[137.3477,37.5099],[137.3471,37.5096]]],[[[137.346,37.5099],[137.3461,37.5097],[137.3458,37.5098],[137.346,37.5099]]],[[[137.3466,37.5098],[137.3465,37.51],[137.3467,37.51],[137.3466,37.5098]]],[[[137.3478,37.51],[137.3481,37.5103],[137.3483,37.5103],[137.3478,37.51]]],[[[137.3468,37.5103],[137.347,37.5103],[137.3468,37.5101],[137.3468,37.5103]]],[[[137.3477,37.5105],[137.3475,37.5107],[137.3479,37.5106],[137.3477,37.5105]]],[[[137.3463,37.5155],[137.3457,37.5156],[137.3463,37.5157],[137.3463,37.5155]]],[[[137.3442,37.5156],[137.3441,37.5158],[137.3442,37.5157],[137.3442,37.5156]]],[[[137.3441,37.5159],[137.3439,37.516],[137.3441,37.5161],[137.3441,37.5159]]],[[[137.3427,37.5166],[137.3429,37.5167],[137.3427,37.5165],[137.3427,37.5166]]],[[[137.3432,37.5168],[137.3432,37.5166],[137.3431,37.5166],[137.3432,37.5168]]],[[[137.3424,37.5168],[137.3426,37.5169],[137.3426,37.5168],[137.3424,37.5168]]],[[[137.3411,37.5166],[137.3414,37.517],[137.342,37.517],[137.3411,37.5166]]],[[[137.338,37.5168],[137.3378,37.5169],[137.338,37.5169],[137.338,37.5168]]],[[[137.3398,37.5168],[137.3399,37.517],[137.3399,37.5169],[137.3398,37.5168]]],[[[137.3427,37.517],[137.343,37.517],[137.3429,37.5169],[137.3427,37.517]]],[[[137.3383,37.517],[137.3383,37.517],[137.3382,37.517],[137.3383,37.517]]],[[[137.3386,37.5171],[137.3386,37.5172],[137.3386,37.5171],[137.3386,37.5171]]],[[[137.3387,37.5171],[137.3388,37.5171],[137.3387,37.5171],[137.3387,37.5171]]],[[[137.3395,37.5171],[137.3396,37.5172],[137.3397,37.5172],[137.3395,37.5171]]],[[[137.3377,37.5171],[137.3378,37.5173],[137.3379,37.5171],[137.3377,37.5171]]],[[[137.3371,37.5174],[137.3373,37.5175],[137.3373,37.5173],[137.3371,37.5174]]],[[[137.3369,37.5176],[137.3367,37.5175],[137.3367,37.5177],[137.3369,37.5176]]],[[[137.336,37.5179],[137.3364,37.5177],[137.3361,37.5177],[137.336,37.5179]]],[[[137.3335,37.5179],[137.3337,37.5178],[137.3335,37.5178],[137.3335,37.5179]]],[[[137.3335,37.5181],[137.3333,37.518],[137.3332,37.518],[137.3335,37.5181]]],[[[137.3326,37.518],[137.3327,37.5181],[137.3329,37.5181],[137.3326,37.518]]],[[[137.3322,37.5183],[137.3323,37.5182],[137.3322,37.5182],[137.3322,37.5183]]],[[[137.3333,37.5183],[137.3332,37.5184],[137.3333,37.5184],[137.3333,37.5183]]],[[[137.3324,37.5184],[137.3325,37.5186],[137.3326,37.5185],[137.3324,37.5184]]],[[[137.3318,37.5185],[137.3318,37.5186],[137.3319,37.5185],[137.3318,37.5185]]],[[[137.3323,37.5227],[137.3324,37.5227],[137.3324,37.5218],[137.3323,37.5227]]],[[[137.3285,37.5278],[137.3287,37.5277],[137.3285,37.5278],[137.3285,37.5278]]],[[[137.329,37.5278],[137.3292,37.5279],[137.3292,37.5278],[137.329,37.5278]]],[[[137.3294,37.5294],[137.3291,37.5294],[137.3295,37.5296],[137.3294,37.5294]]]]}},{"type":"Feature","properties":{"id":"17206","name":"加賀市","pref":"石川県"},"geometry":{"type":"MultiPolygon","coordinates":[[[[136.2428,36.2976],[136.242,36.2977],[136.2431,36.2976],[136.2428,36.2976]]],[[[136.2453,36.3021],[136.2453,36.3022],[136.2454,36.3022],[136.2453,36.3021]]],[[[136.2909,36.3442],[136.2909,36.344],[136.2908,36.344],[136.2909,36.3442]]],[[[136.2912,36.3443],[136.291,36.3444],[136.2911,36.3445],[136.2912,36.3443]]],[[[136.2988,36.352],[136.2991,36.3522],[136.299,36.3521],[136.2988,36.352]]],[[[136.2995,36.3528],[136.2994,36.3528],[136.2994,36.3528],[136.2995,36.3528]]],[[[136.3059,36.3528],[136.3061,36.3528],[136.306,36.3526],[136.3059,36.3528]]],[[[136.2987,36.3527],[136.2989,36.3529],[136.2989,36.3527],[136.2987,36.3527]]],[[[136.2992,36.3532],[136.2995,36.353],[136.2994,36.3529],[136.2992,36.3532]]],[[[136.3139,36.3551],[136.3139,36.355],[136.3139,36.355],[136.3139,36.3551]]],[[[136.3139,36.3557],[136.3139,36.3557],[136.3139,36.3557],[136.3139,36.3557]]],[[[136.3139,36.358],[136.314,36.3579],[136.3138,36.3579],[136.3139,36.358]]],[[[136.2429,36.2968],[136.2773,36.3209],[136.2993,36.3524],[136.3135,36.3519],[136.3325,36.3585],[136.3748,36.383],[136.3832,36.3732],[136.3795,36.3668],[136.3941,36.3652],[136.3873,36.3535],[136.3975,36.3385],[136.4114,36.3393],[136.4155,36.3269],[136.4191,36.3278],[136.4018,36.3115],[136.4149,36.305],[136.4117,36.2852],[136.4203,36.2677],[136.4608,36.2649],[136.4848,36.2356],[136.4911,36.1885],[136.4987,36.1804],[136.4917,36.1583],[136.464,36.1376],[136.4406,36.1373],[136.4143,36.1566],[136.4093,36.1722],[136.3583,36.1651],[136.3444,36.1728],[136.329,36.2033],[136.3323,36.2298],[136.317,36.2348],[136.3012,36.2582],[136.2668,36.2651],[136.2642,36.2783],[136.2563,36.2797],[136.2586,36.2893],[136.2429,36.2968]]],[[[136.4157,36.3352],[136.4178,36.3354],[136.4143,36.334],[136.4157,36.3352]]],[[[136.3147,36.3544],[136.3139,36.354],[136.3147,36.3545],[136.3147,36.3544]]],[[[136.3141,36.3565],[136.314,36.355],[136.314,36.3565],[136.3141,36.3565]]],[[[136.322,36.3564],[136.322,36.3565],[136.3221,36.3565],[136.322,36.3564]]],[[[136.3167,36.3573],[136.317,36.3572],[136.3167,36.3572],[136.3167,36.3573]]],[[[136.3153,36.3573],[136.3151,36.3572],[136.3151,36.3573],[136.3153,36.3573]]],[[[136.3193,36.3577],[136.3194,36.3577],[136.3194,36.3577],[136.3193,36.3577]]],[[[136.3193,36.3578],[136.3192,36.3578],[136.3192,36.3579],[136.3193,36.3578]]],[[[136.3191,36.3581],[136.3192,36.3579],[136.319,36.358],[136.3191,36.3581]]],[[[136.316,36.3593],[136.3144,36.3597],[136.3142,36.3598],[136.316,36.3593]]]]}},{"type":"Feature","properties":{"id":"17207","name":"羽咋市","pref":"石川県"},"geometry":{"type":"MultiPolygon","coordinates":[[[[136.7481,36.9283],[136.748,36.9283],[136.748,36.9283],[136.7481,36.9283]]],[[[136.7481,36.9295],[136.748,36.9294],[136.748,36.9295],[136.7481,36.9295]]],[[[136.7533,36.9502],[136.7532,36.9503],[136.7532,36.9503],[136.7533,36.9502]]],[[[136.754,36.9503],[136.754,36.9505],[136.7541,36.9503],[136.754,36.9503]]],[[[136.7536,36.9505],[136.7537,36.9504],[136.7536,36.9504],[136.7536,36.9505]]],[[[136.7524,36.9505],[136.7524,36.9505],[136.7524,36.9505],[136.7524,36.9505]]],[[[136.7543,36.9506],[136.7542,36.9508],[136.7544,36.9506],[136.7543,36.9506]]],[[[136.7533,36.9508],[136.7533,36.9507],[136.7532,36.9507],[136.7533,36.9508]]],[[[136.7545,36.9508],[136.7548,36.9512],[136.7549,36.9511],[136.7545,36.9508]]],[[[136.7543,36.951],[136.7544,36.9512],[136.7545,36.9511],[136.7543,36.951]]],[[[136.7547,36.9513],[136.7546,36.9513],[136.7546,36.9513],[136.7547,36.9513]]],[[[136.7545,36.9516],[136.7545,36.9517],[136.7545,36.9517],[136.7545,36.9516]]],[[[136.7497,36.9278],[136.7619,36.9443],[136.7561,36.9504],[136.7558,36.9515],[136.7565,36.9533],[136.7684,36.9637],[136.7809,36.9624],[136.7936,36.9459],[136.7889,36.9661],[136.8007,36.9648],[136.7941,36.9462],[136.808,36.9535],[136.8032,36.9481],[136.8086,36.9422],[136.803,36.9421],[136.8017,36.9393],[136.7982,36.9455],[136.7963,36.945],[136.7969,36.939],[136.7948,36.9451],[136.7963,36.9382],[136.8082,36.9397],[136.8182,36.9428],[136.8255,36.9491],[136.825,36.9327],[136.8547,36.948],[136.8527,36.9386],[136.865,36.9367],[136.8771,36.9144],[136.8857,36.9138],[136.8779,36.8995],[136.883,36.8768],[136.8757,36.8675],[136.8346,36.8711],[136.8267,36.8876],[136.7986,36.8912],[136.7844,36.8648],[136.7579,36.8661],[136.7674,36.9136],[136.7497,36.9278]]],[[[136.8097,36.9549],[136.8099,36.9475],[136.8095,36.9459],[136.8067,36.9503],[136.8097,36.9549]]],[[[136.7548,36.9508],[136.7547,36.9507],[136.7547,36.9508],[136.7548,36.9508]]],[[[136.7551,36.9512],[136.755,36.9511],[136.755,36.9512],[136.7551,36.9512]]],[[[136.7554,36.9514],[136.7553,36.9513],[136.7553,36.9514],[136.7554,36.9514]]],[[[136.7551,36.9514],[136.755,36.9516],[136.7551,36.9516],[136.7551,36.9514]]],[[[136.7556,36.9516],[136.7556,36.9514],[136.7555,36.9514],[136.7556,36.9516]]],[[[136.7547,36.9518],[136.7549,36.9519],[136.7548,36.9518],[136.7547,36.9518]]],[[[136.7556,36.9519],[136.7555,36.9519],[136.7555,36.9519],[136.7556,36.9519]]],[[[136.813,36.9536],[136.8148,36.9528],[136.8141,36.9523],[136.813,36.9536]]],[[[136.8004,36.9557],[136.8029,36.9549],[136.8026,36.9537],[136.8004,36.9557]]],[[[136.8119,36.9539],[136.8161,36.9562],[136.8184,36.9548],[136.8119,36.9539]]]]}},{"type":"Feature","properties":{"id":"17209","name":"かほく市","pref":"石川県"},"geometry":{"type":"Polygon","coordinates":[[[136.6722,36.6997],[136.7243,36.7899],[136.7768,36.7868],[136.7897,36.7748],[136.8172,36.7669],[136.7828,36.7543],[136.7687,36.7582],[136.7609,36.7427],[136.7683,36.7394],[136.7424,36.7182],[136.735,36.7013],[136.7066,36.6947],[136.701,36.6994],[136.693,36.6823],[136.682,36.6885],[136.6871,36.6945],[136.6722,36.6997]]]}},{"type":"Feature","properties":{"id":"17210","name":"白山市","pref":"石川県"},"geometry":{"type":"MultiPolygon","coordinates":[[[[136.6211,36.1067],[136.6014,36.1297],[136.5507,36.1567],[136.5674,36.2041],[136.5952,36.2178],[136.6124,36.262],[136.6,36.2634],[136.5957,36.2778],[136.5487,36.2843],[136.5559,36.3087],[136.549,36.3211],[136.5793,36.3412],[136.5763,36.3626],[136.5876,36.3758],[136.5776,36.3938],[136.5907,36.3886],[136.6015,36.395],[136.632,36.4374],[136.5899,36.4692],[136.5477,36.4812],[136.5321,36.472],[136.4883,36.481],[136.4789,36.4659],[136.4651,36.4718],[136.4787,36.4906],[136.5149,36.5226],[136.5571,36.5677],[136.5769,36.5628],[136.5798,36.5469],[136.5909,36.5484],[136.5943,36.5409],[136.5851,36.5355],[136.5913,36.5269],[136.5804,36.5257],[136.5954,36.5249],[136.5917,36.5024],[136.6439,36.4849],[136.6442,36.4767],[136.6356,36.4768],[136.6544,36.4516],[136.6486,36.4453],[136.6655,36.4168],[136.6622,36.4058],[136.6933,36.3884],[136.7102,36.3914],[136.7161,36.3713],[136.7698,36.3465],[136.771,36.3395],[136.7857,36.3417],[136.7906,36.3019],[136.806,36.2758],[136.8146,36.2664],[136.8337,36.2658],[136.8518,36.2479],[136.821,36.2107],[136.8226,36.2015],[136.8021,36.1871],[136.7984,36.1726],[136.7664,36.1626],[136.78,36.1342],[136.7538,36.0859],[136.6623,36.0676],[136.6513,36.0922],[136.6211,36.1067]]],[[[136.5388,36.5485],[136.5383,36.5482],[136.5382,36.5482],[136.5388,36.5485]]]]}},{"type":"Feature","properties":{"id":"17211","name":"能美市","pref":"石川県"},"geometry":{"type":"Polygon","coordinates":[[[136.6321,36.4372],[136.5907,36.3886],[136.5669,36.3987],[136.5595,36.3942],[136.5423,36.4094],[136.5343,36.4044],[136.546,36.415],[136.526,36.4289],[136.4894,36.4246],[136.4829,36.4156],[136.4787,36.4248],[136.4891,36.4413],[136.4419,36.4357],[136.4312,36.4272],[136.4262,36.4303],[136.4643,36.4715],[136.4931,36.4609],[136.5169,36.4682],[136.5229,36.4622],[136.6126,36.4554],[136.6321,36.4372]]]}},{"type":"Feature","properties":{"id":"17212","name":"野々市市","pref":"石川県"},"geometry":{"type":"Polygon","coordinates":[[[136.6133,36.4955],[136.5892,36.5068],[136.5954,36.5249],[136.5804,36.5256],[136.5803,36.5289],[136.5913,36.5269],[136.5852,36.5369],[136.5921,36.537],[136.5988,36.555],[136.6051,36.5402],[136.6218,36.5462],[136.622,36.5338],[136.6308,36.5314],[136.6153,36.5232],[136.6133,36.4955]]]}},{"type":"Feature","properties":{"id":"17324","name":"川北町","pref":"石川県"},"geometry":{"type":"Polygon","coordinates":[[[136.4883,36.481],[136.5321,36.472],[136.5477,36.4812],[136.6016,36.4597],[136.5229,36.4622],[136.5169,36.4682],[136.4931,36.4609],[136.4807,36.4682],[136.4883,36.481]]]}},{"type":"Feature","properties":{"id":"17361","name":"津幡町","pref":"石川県"},"geometry":{"type":"Polygon","coordinates":[[[136.7861,36.6297],[136.7603,36.6388],[136.7458,36.6358],[136.7139,36.6501],[136.7083,36.6429],[136.6897,36.66],[136.6966,36.6681],[136.686,36.6742],[136.701,36.6994],[136.7066,36.6947],[136.7351,36.7014],[136.7424,36.7182],[136.7683,36.7394],[136.7609,36.7427],[136.7687,36.7582],[136.7827,36.7543],[136.8166,36.765],[136.8266,36.7769],[136.8185,36.7834],[136.8319,36.7812],[136.8332,36.7645],[136.8447,36.7529],[136.822,36.7403],[136.8199,36.7306],[136.7961,36.7296],[136.7892,36.719],[136.8156,36.7005],[136.81,36.6866],[136.8206,36.6839],[136.8238,36.6699],[136.8006,36.6466],[136.7999,36.6364],[136.7861,36.6297]]]}},{"type":"Feature","properties":{"id":"17365","name":"内灘町","pref":"石川県"},"geometry":{"type":"Polygon","coordinates":[[[136.6329,36.6256],[136.6182,36.639],[136.6694,36.701],[136.6871,36.6945],[136.682,36.6885],[136.693,36.6823],[136.6666,36.6521],[136.6329,36.6256]]]}},{"type":"Feature","properties":{"id":"17384","name":"志賀町","pref":"石川県"},"geometry":{"type":"MultiPolygon","coordinates":[[[[136.6712,37.142],[136.6711,37.142],[136.6712,37.142],[136.6712,37.142]]],[[[136.6713,37.1423],[136.6713,37.1422],[136.6713,37.1422],[136.6713,37.1423]]],[[[136.6711,37.1424],[136.6712,37.1424],[136.6711,37.1424],[136.6711,37.1424]]],[[[136.67,37.1425],[136.6699,37.1426],[136.67,37.1426],[136.67,37.1425]]],[[[136.6711,37.1425],[136.6711,37.1426],[136.6712,37.1426],[136.6711,37.1425]]],[[[136.6704,37.1426],[136.6704,37.1426],[136.6703,37.1426],[136.6704,37.1426]]],[[[136.6703,37.1427],[136.6703,37.1427],[136.6703,37.1427],[136.6703,37.1427]]],[[[136.6702,37.1435],[136.6703,37.1435],[136.6702,37.1435],[136.6702,37.1435]]],[[[136.6704,37.1444],[136.6702,37.1445],[136.6703,37.1445],[136.6704,37.1444]]],[[[136.67,37.1448],[136.6699,37.1449],[136.67,37.1449],[136.67,37.1448]]],[[[136.6701,37.1451],[136.6699,37.1451],[136.67,37.1451],[136.6701,37.1451]]],[[[136.6697,37.1455],[136.6698,37.1455],[136.6698,37.1455],[136.6697,37.1455]]],[[[136.6701,37.1455],[136.67,37.1455],[136.6701,37.1455],[136.6701,37.1455]]],[[[136.6692,37.1461],[136.6691,37.146],[136.6691,37.1461],[136.6692,37.1461]]],[[[136.6698,37.1463],[136.6697,37.1462],[136.6697,37.1462],[136.6698,37.1463]]],[[[136.6695,37.1462],[136.6695,37.1463],[136.6696,37.1463],[136.6695,37.1462]]],[[[136.6697,37.1464],[136.6697,37.1464],[136.6697,37.1463],[136.6697,37.1464]]],[[[136.6694,37.1466],[136.6692,37.1465],[136.6692,37.1466],[136.6694,37.1466]]],[[[136.6695,37.1468],[136.6696,37.1469],[136.6696,37.1468],[136.6695,37.1468]]],[[[136.669,37.1468],[136.6689,37.1469],[136.669,37.1468],[136.669,37.1468]]],[[[136.6686,37.1469],[136.6685,37.147],[136.6686,37.147],[136.6686,37.1469]]],[[[136.6692,37.147],[136.669,37.147],[136.6691,37.1471],[136.6692,37.147]]],[[[136.6694,37.1471],[136.6694,37.1471],[136.6694,37.1471],[136.6694,37.1471]]],[[[136.6688,37.1476],[136.6687,37.1476],[136.6688,37.1477],[136.6688,37.1476]]],[[[136.6694,37.1477],[136.6695,37.1477],[136.6695,37.1477],[136.6694,37.1477]]],[[[136.669,37.1481],[136.669,37.148],[136.6689,37.1481],[136.669,37.1481]]],[[[136.6697,37.1481],[136.6697,37.1482],[136.6697,37.1481],[136.6697,37.1481]]],[[[136.6698,37.1488],[136.6698,37.1489],[136.6698,37.1489],[136.6698,37.1488]]],[[[136.6697,37.1489],[136.6697,37.1489],[136.6697,37.1489],[136.6697,37.1489]]],[[[136.6697,37.149],[136.6695,37.149],[136.6697,37.149],[136.6697,37.149]]],[[[136.6693,37.1491],[136.6693,37.149],[136.6693,37.149],[136.6693,37.1491]]],[[[136.6699,37.1492],[136.6698,37.1492],[136.6698,37.1492],[136.6699,37.1492]]],[[[136.6694,37.1493],[136.6693,37.1494],[136.6695,37.1494],[136.6694,37.1493]]],[[[136.6701,37.1494],[136.6702,37.1495],[136.6702,37.1495],[136.6701,37.1494]]],[[[136.6696,37.1497],[136.6698,37.1495],[136.6696,37.1497],[136.6696,37.1497]]],[[[136.6694,37.1497],[136.6694,37.1498],[136.6694,37.1498],[136.6694,37.1497]]],[[[136.6695,37.1501],[136.6695,37.15],[136.6694,37.15],[136.6695,37.1501]]],[[[136.6696,37.1502],[136.6695,37.1503],[136.6696,37.1503],[136.6696,37.1502]]],[[[136.67,37.1504],[136.6699,37.1503],[136.6699,37.1503],[136.67,37.1504]]],[[[136.6703,37.1504],[136.6703,37.1504],[136.6703,37.1504],[136.6703,37.1504]]],[[[136.6695,37.1505],[136.6694,37.1505],[136.6694,37.1506],[136.6695,37.1505]]],[[[136.6697,37.1506],[136.6697,37.1506],[136.6697,37.1505],[136.6697,37.1506]]],[[[136.6707,37.1508],[136.6707,37.1509],[136.6707,37.1508],[136.6707,37.1508]]],[[[136.671,37.1519],[136.671,37.1518],[136.671,37.1518],[136.671,37.1519]]],[[[136.6713,37.1519],[136.6713,37.1519],[136.6713,37.1519],[136.6713,37.1519]]],[[[136.6712,37.1521],[136.6713,37.152],[136.6713,37.152],[136.6712,37.1521]]],[[[136.6713,37.1522],[136.6713,37.1522],[136.6714,37.1522],[136.6713,37.1522]]],[[[136.671,37.1524],[136.6711,37.1523],[136.6709,37.1523],[136.671,37.1524]]],[[[136.6711,37.1527],[136.6711,37.1526],[136.671,37.1526],[136.6711,37.1527]]],[[[136.6714,37.1541],[136.6716,37.154],[136.6715,37.1539],[136.6714,37.1541]]],[[[136.6715,37.1542],[136.6717,37.1545],[136.6717,37.1542],[136.6715,37.1542]]],[[[136.6717,37.1547],[136.6717,37.1546],[136.6717,37.1547],[136.6717,37.1547]]],[[[136.6714,37.1549],[136.6716,37.1548],[136.6714,37.1548],[136.6714,37.1549]]],[[[136.6707,37.1687],[136.6706,37.1684],[136.6704,37.1686],[136.6707,37.1687]]],[[[136.6713,37.1689],[136.6711,37.1688],[136.6711,37.1689],[136.6713,37.1689]]],[[[136.6708,37.1689],[136.6707,37.1691],[136.6709,37.169],[136.6708,37.1689]]],[[[136.6703,37.169],[136.6705,37.1691],[136.6706,37.169],[136.6703,37.169]]],[[[136.6715,37.1691],[136.6715,37.169],[136.6714,37.169],[136.6715,37.1691]]],[[[136.6704,37.1693],[136.6704,37.1692],[136.6704,37.1692],[136.6704,37.1693]]],[[[136.6709,37.1692],[136.6706,37.1693],[136.6709,37.1693],[136.6709,37.1692]]],[[[136.6705,37.1696],[136.6703,37.1694],[136.6703,37.1696],[136.6705,37.1696]]],[[[136.6715,37.1695],[136.6713,37.1695],[136.6715,37.1696],[136.6715,37.1695]]],[[[136.6748,37.1379],[136.6746,37.138],[136.6748,37.1381],[136.6748,37.1379]]],[[[136.6745,37.1387],[136.6745,37.1388],[136.6745,37.1388],[136.6745,37.1387]]],[[[136.6739,37.1388],[136.6738,37.1389],[136.6739,37.1389],[136.6739,37.1388]]],[[[136.6747,37.1388],[136.6748,37.1389],[136.6748,37.1389],[136.6747,37.1388]]],[[[136.6735,37.1389],[136.6735,37.139],[136.6736,37.1389],[136.6735,37.1389]]],[[[136.6743,37.139],[136.6742,37.139],[136.6742,37.139],[136.6743,37.139]]],[[[136.6741,37.1389],[136.6741,37.139],[136.6741,37.1389],[136.6741,37.1389]]],[[[136.674,37.139],[136.674,37.139],[136.674,37.139],[136.674,37.139]]],[[[136.6744,37.139],[136.6745,37.139],[136.6744,37.139],[136.6744,37.139]]],[[[136.6738,37.1391],[136.6739,37.139],[136.6738,37.139],[136.6738,37.1391]]],[[[136.6739,37.1391],[136.674,37.1391],[136.6739,37.1391],[136.6739,37.1391]]],[[[136.6724,37.1391],[136.6723,37.1391],[136.6724,37.1392],[136.6724,37.1391]]],[[[136.6746,37.1391],[136.6746,37.1392],[136.6746,37.1391],[136.6746,37.1391]]],[[[136.6735,37.1391],[136.6734,37.1392],[136.6734,37.1392],[136.6735,37.1391]]],[[[136.6739,37.1392],[136.674,37.1392],[136.6739,37.1392],[136.6739,37.1392]]],[[[136.6739,37.1394],[136.6739,37.1393],[136.6738,37.1393],[136.6739,37.1394]]],[[[136.6736,37.1394],[136.6737,37.1394],[136.6737,37.1393],[136.6736,37.1394]]],[[[136.6723,37.1394],[136.6724,37.1395],[136.6724,37.1395],[136.6723,37.1394]]],[[[136.6735,37.1394],[136.6736,37.1396],[136.6737,37.1396],[136.6735,37.1394]]],[[[136.6737,37.1395],[136.6738,37.1395],[136.6737,37.1395],[136.6737,37.1395]]],[[[136.673,37.1397],[136.673,37.1394],[136.6728,37.1397],[136.673,37.1397]]],[[[136.6738,37.1396],[136.6739,37.1396],[136.6738,37.1396],[136.6738,37.1396]]],[[[136.6733,37.1397],[136.6732,37.1397],[136.6732,37.1397],[136.6733,37.1397]]],[[[136.6735,37.1397],[136.6734,37.1398],[136.6733,37.1399],[136.6735,37.1397]]],[[[136.6738,37.1399],[136.6738,37.1398],[136.6738,37.1398],[136.6738,37.1399]]],[[[136.6728,37.1405],[136.6729,37.1404],[136.6728,37.1404],[136.6728,37.1405]]],[[[136.6724,37.1409],[136.6723,37.1409],[136.6724,37.1409],[136.6724,37.1409]]],[[[136.6723,37.1412],[136.6723,37.1411],[136.6723,37.1412],[136.6723,37.1412]]],[[[136.6719,37.1415],[136.6719,37.1413],[136.6718,37.1414],[136.6719,37.1415]]],[[[136.6718,37.1543],[136.6718,37.1545],[136.6719,37.1545],[136.6718,37.1543]]],[[[136.6719,37.1546],[136.6719,37.1546],[136.6719,37.1546],[136.6719,37.1546]]],[[[136.6721,37.1547],[136.6721,37.1548],[136.6721,37.1548],[136.6721,37.1547]]],[[[136.6718,37.1548],[136.6719,37.1548],[136.6719,37.1547],[136.6718,37.1548]]],[[[136.6723,37.1549],[136.6724,37.155],[136.6724,37.1549],[136.6723,37.1549]]],[[[136.6737,37.1567],[136.6738,37.1564],[136.6737,37.1566],[136.6737,37.1567]]],[[[136.6737,37.1567],[136.6738,37.157],[136.6738,37.1569],[136.6737,37.1567]]],[[[136.6736,37.157],[136.6736,37.1572],[136.6737,37.157],[136.6736,37.157]]],[[[136.6738,37.1571],[136.6739,37.1573],[136.6739,37.1571],[136.6738,37.1571]]],[[[136.6737,37.1573],[136.6735,37.1573],[136.6736,37.1574],[136.6737,37.1573]]],[[[136.6738,37.1575],[136.6737,37.1574],[136.6737,37.1575],[136.6738,37.1575]]],[[[136.6735,37.1576],[136.6733,37.1576],[136.6734,37.1577],[136.6735,37.1576]]],[[[136.6736,37.1576],[136.6737,37.1577],[136.6736,37.1576],[136.6736,37.1576]]],[[[136.6736,37.1578],[136.6736,37.1577],[136.6736,37.1578],[136.6736,37.1578]]],[[[136.6729,37.1593],[136.6727,37.1591],[136.6727,37.1593],[136.6729,37.1593]]],[[[136.6729,37.1594],[136.6729,37.1595],[136.673,37.1595],[136.6729,37.1594]]],[[[136.6731,37.1598],[136.6731,37.1596],[136.673,37.1597],[136.6731,37.1598]]],[[[136.6722,37.1692],[136.6724,37.1693],[136.6724,37.1692],[136.6722,37.1692]]],[[[136.6723,37.1694],[136.6722,37.1696],[136.6723,37.1695],[136.6723,37.1694]]],[[[136.673,37.1695],[136.6729,37.1696],[136.673,37.1696],[136.673,37.1695]]],[[[136.6734,37.174],[136.6736,37.174],[136.6736,37.1739],[136.6734,37.174]]],[[[136.6738,37.174],[136.6738,37.1741],[136.6739,37.1741],[136.6738,37.174]]],[[[136.6743,37.1743],[136.6741,37.1742],[136.6744,37.1745],[136.6743,37.1743]]],[[[136.6739,37.1743],[136.6742,37.1745],[136.674,37.1743],[136.6739,37.1743]]],[[[136.6734,37.1743],[136.6735,37.1745],[136.6736,37.1745],[136.6734,37.1743]]],[[[136.6738,37.1747],[136.6739,37.1747],[136.6739,37.1747],[136.6738,37.1747]]],[[[136.6735,37.1747],[136.6734,37.1749],[136.6736,37.1748],[136.6735,37.1747]]],[[[136.6745,37.1749],[136.6745,37.1749],[136.6745,37.1749],[136.6745,37.1749]]],[[[136.6748,37.1801],[136.6747,37.18],[136.6747,37.1801],[136.6748,37.1801]]],[[[136.6745,37.1802],[136.6744,37.1802],[136.6745,37.1802],[136.6745,37.1802]]],[[[136.6745,37.1803],[136.6746,37.1803],[136.6746,37.1803],[136.6745,37.1803]]],[[[136.6745,37.1821],[136.6746,37.1821],[136.6746,37.1821],[136.6745,37.1821]]],[[[136.6742,37.189],[136.6743,37.1889],[136.6741,37.1889],[136.6742,37.189]]],[[[136.6756,37.1374],[136.6756,37.1372],[136.6755,37.1373],[136.6756,37.1374]]],[[[136.676,37.1373],[136.6758,37.1373],[136.6758,37.1374],[136.676,37.1373]]],[[[136.6757,37.1375],[136.6758,37.1375],[136.6757,37.1374],[136.6757,37.1375]]],[[[136.6763,37.1375],[136.6764,37.1375],[136.6764,37.1375],[136.6763,37.1375]]],[[[136.6777,37.1377],[136.6775,37.1376],[136.6775,37.1377],[136.6777,37.1377]]],[[[136.6767,37.1377],[136.6768,37.1377],[136.6768,37.1377],[136.6767,37.1377]]],[[[136.6756,37.1376],[136.6757,37.1378],[136.6758,37.1378],[136.6756,37.1376]]],[[[136.676,37.1377],[136.6761,37.1378],[136.6761,37.1378],[136.676,37.1377]]],[[[136.6765,37.1377],[136.6766,37.1378],[136.6766,37.1377],[136.6765,37.1377]]],[[[136.6759,37.1377],[136.6759,37.1379],[136.6759,37.1377],[136.6759,37.1377]]],[[[136.6754,37.1379],[136.6753,37.1378],[136.6753,37.1378],[136.6754,37.1379]]],[[[136.676,37.1379],[136.6759,37.1379],[136.676,37.1379],[136.676,37.1379]]],[[[136.6758,37.1379],[136.6756,37.138],[136.6758,37.138],[136.6758,37.1379]]],[[[136.6755,37.138],[136.6755,37.1381],[136.6756,37.138],[136.6755,37.138]]],[[[136.6759,37.138],[136.6759,37.1381],[136.676,37.1381],[136.6759,37.138]]],[[[136.6762,37.138],[136.6762,37.1381],[136.6762,37.1381],[136.6762,37.138]]],[[[136.6753,37.1381],[136.6754,37.138],[136.6749,37.138],[136.6749,37.1382],[136.6753,37.1381]]],[[[136.6754,37.1383],[136.6754,37.1383],[136.6754,37.1383],[136.6754,37.1383]]],[[[136.6754,37.1383],[136.6753,37.1383],[136.6754,37.1384],[136.6754,37.1383]]],[[[136.6755,37.1383],[136.6755,37.1384],[136.6756,37.1384],[136.6755,37.1383]]],[[[136.6749,37.1385],[136.675,37.1386],[136.6752,37.1387],[136.6751,37.1384],[136.675,37.1384],[136.6749,37.1385]]],[[[136.6755,37.1389],[136.6754,37.1384],[136.6752,37.1384],[136.6755,37.1389]]],[[[136.6749,37.1386],[136.675,37.1387],[136.675,37.1386],[136.6749,37.1386]]],[[[136.6748,37.1388],[136.6749,37.1389],[136.675,37.1389],[136.6748,37.1388]]],[[[136.6747,37.139],[136.6748,37.139],[136.6747,37.139],[136.6747,37.139]]],[[[136.6749,37.1636],[136.6748,37.1635],[136.6748,37.1636],[136.6749,37.1636]]],[[[136.6752,37.1637],[136.6751,37.1638],[136.6752,37.1638],[136.6752,37.1637]]],[[[136.6751,37.1801],[136.6751,37.1799],[136.6751,37.18],[136.6751,37.1801]]],[[[136.6749,37.1803],[136.6748,37.1802],[136.6748,37.1803],[136.6749,37.1803]]],[[[136.6749,37.1804],[136.6748,37.1804],[136.6749,37.1804],[136.6749,37.1804]]],[[[136.6751,37.1805],[136.6751,37.1804],[136.6751,37.1805],[136.6751,37.1805]]],[[[136.6751,37.1822],[136.675,37.1823],[136.6751,37.1823],[136.6751,37.1822]]],[[[136.675,37.1829],[136.675,37.183],[136.6751,37.1829],[136.675,37.1829]]],[[[136.6749,37.1848],[136.675,37.1847],[136.6748,37.1847],[136.6749,37.1848]]],[[[136.6748,37.1851],[136.6748,37.185],[136.6748,37.185],[136.6748,37.1851]]],[[[136.6754,37.1852],[136.6753,37.1852],[136.6754,37.1853],[136.6754,37.1852]]],[[[136.6755,37.1858],[136.6754,37.1858],[136.6754,37.1858],[136.6755,37.1858]]],[[[136.6753,37.1861],[136.6754,37.1861],[136.6754,37.1861],[136.6753,37.1861]]],[[[136.6756,37.1867],[136.6757,37.1867],[136.6757,37.1867],[136.6756,37.1867]]],[[[136.6753,37.1869],[136.6754,37.1868],[136.6753,37.1868],[136.6753,37.1869]]],[[[136.6753,37.1869],[136.6752,37.187],[136.6753,37.187],[136.6753,37.1869]]],[[[136.6752,37.187],[136.6753,37.187],[136.6752,37.187],[136.6752,37.187]]],[[[136.676,37.1882],[136.6761,37.1883],[136.6762,37.1883],[136.676,37.1882]]],[[[136.6757,37.1888],[136.6756,37.1888],[136.6758,37.1888],[136.6757,37.1888]]],[[[136.6752,37.189],[136.6753,37.1889],[136.6752,37.1889],[136.6752,37.189]]],[[[136.6756,37.1894],[136.6756,37.1893],[136.6755,37.1894],[136.6756,37.1894]]],[[[136.676,37.1895],[136.6759,37.1895],[136.676,37.1895],[136.676,37.1895]]],[[[136.6757,37.19],[136.6756,37.1902],[136.6757,37.1901],[136.6757,37.19]]],[[[136.6782,37.1905],[136.6781,37.1905],[136.6781,37.1906],[136.6782,37.1905]]],[[[136.6769,37.1913],[136.6768,37.1914],[136.677,37.1914],[136.6769,37.1913]]],[[[136.6771,37.1914],[136.6772,37.1915],[136.6772,37.1914],[136.6771,37.1914]]],[[[136.6768,37.1916],[136.6768,37.1915],[136.6767,37.1915],[136.6768,37.1916]]],[[[136.6773,37.1919],[136.6773,37.1918],[136.6772,37.1919],[136.6773,37.1919]]],[[[136.6771,37.1919],[136.6771,37.1919],[136.677,37.1919],[136.6771,37.1919]]],[[[136.6769,37.1921],[136.6769,37.1922],[136.677,37.1921],[136.6769,37.1921]]],[[[136.6777,37.1991],[136.6778,37.1989],[136.6776,37.199],[136.6777,37.1991]]],[[[136.6777,37.1998],[136.6776,37.1998],[136.6777,37.1999],[136.6777,37.1998]]],[[[136.6775,37.2004],[136.6769,37.2002],[136.6774,37.2005],[136.6775,37.2004]]],[[[136.6776,37.2004],[136.6775,37.2005],[136.6776,37.2005],[136.6776,37.2004]]],[[[136.678,37.2004],[136.6781,37.2005],[136.6781,37.2004],[136.678,37.2004]]],[[[136.6778,37.2006],[136.6779,37.2005],[136.6778,37.2006],[136.6778,37.2006]]],[[[136.6775,37.2006],[136.6774,37.2006],[136.6775,37.2007],[136.6775,37.2006]]],[[[136.6855,37.1356],[136.6857,37.1357],[136.6857,37.1357],[136.6855,37.1356]]],[[[136.6852,37.1356],[136.6853,37.1357],[136.6853,37.1356],[136.6852,37.1356]]],[[[136.6844,37.1357],[136.6843,37.1357],[136.6843,37.1357],[136.6844,37.1357]]],[[[136.6848,37.1356],[136.6847,37.1357],[136.6848,37.1357],[136.6848,37.1356]]],[[[136.6862,37.1359],[136.6863,37.1358],[136.6862,37.1358],[136.6862,37.1359]]],[[[136.6847,37.1358],[136.6848,37.1359],[136.685,37.1358],[136.6847,37.1358]]],[[[136.6851,37.1359],[136.6851,37.1359],[136.6851,37.1359],[136.6851,37.1359]]],[[[136.6843,37.1359],[136.6844,37.1359],[136.6844,37.1359],[136.6843,37.1359]]],[[[136.6854,37.1358],[136.6854,37.136],[136.6856,37.136],[136.6854,37.1358]]],[[[136.686,37.1361],[136.6861,37.1361],[136.686,37.136],[136.686,37.1361]]],[[[136.6868,37.136],[136.6866,37.1362],[136.6869,37.1362],[136.6868,37.136]]],[[[136.6846,37.1362],[136.6848,37.1361],[136.6846,37.1361],[136.6846,37.1362]]],[[[136.6844,37.1361],[136.6843,37.1362],[136.6845,37.1362],[136.6844,37.1361]]],[[[136.6846,37.1362],[136.6845,37.1362],[136.6846,37.1362],[136.6846,37.1362]]],[[[136.6863,37.1362],[136.6861,37.1363],[136.6863,37.1363],[136.6863,37.1362]]],[[[136.6861,37.1364],[136.6861,37.1363],[136.6861,37.1364],[136.6861,37.1364]]],[[[136.6866,37.1364],[136.6866,37.1365],[136.6867,37.1365],[136.6866,37.1364]]],[[[136.6868,37.1364],[136.6868,37.1365],[136.6868,37.1365],[136.6868,37.1364]]],[[[136.6865,37.1365],[136.6865,37.1365],[136.6865,37.1365],[136.6865,37.1365]]],[[[136.6861,37.1365],[136.6862,37.1365],[136.6861,37.1365],[136.6861,37.1365]]],[[[136.6868,37.1366],[136.6869,37.1366],[136.6869,37.1366],[136.6868,37.1366]]],[[[136.6872,37.1366],[136.6873,37.1367],[136.6873,37.1366],[136.6872,37.1366]]],[[[136.687,37.1367],[136.6869,37.1367],[136.687,37.1367],[136.687,37.1367]]],[[[136.6868,37.1367],[136.6868,37.1367],[136.6868,37.1367],[136.6868,37.1367]]],[[[136.689,37.1374],[136.689,37.1373],[136.6889,37.1373],[136.689,37.1374]]],[[[136.689,37.1375],[136.689,37.1374],[136.6889,37.1374],[136.689,37.1375]]],[[[136.6891,37.1375],[136.6892,37.1374],[136.6892,37.1374],[136.6891,37.1375]]],[[[136.685,37.1383],[136.6848,37.1381],[136.6848,37.1382],[136.685,37.1383]]],[[[136.6798,37.1386],[136.6798,37.1387],[136.6799,37.1387],[136.6798,37.1386]]],[[[136.6796,37.1387],[136.6795,37.1387],[136.6795,37.1387],[136.6796,37.1387]]],[[[136.6794,37.1388],[136.6794,37.1389],[136.6794,37.1388],[136.6794,37.1388]]],[[[136.6809,37.1389],[136.6808,37.1389],[136.6809,37.1389],[136.6809,37.1389]]],[[[136.6812,37.139],[136.6812,37.139],[136.6812,37.139],[136.6812,37.139]]],[[[136.6808,37.139],[136.6807,37.139],[136.6808,37.139],[136.6808,37.139]]],[[[136.6814,37.1393],[136.6811,37.139],[136.681,37.1391],[136.6814,37.1393]]],[[[136.6817,37.1392],[136.6815,37.1393],[136.6815,37.1393],[136.6817,37.1392]]],[[[136.6817,37.1393],[136.6814,37.1394],[136.6818,37.1393],[136.6817,37.1393]]],[[[136.6844,37.1405],[136.6844,37.1405],[136.6845,37.1405],[136.6844,37.1405]]],[[[136.6847,37.1405],[136.6846,37.1406],[136.6847,37.1406],[136.6847,37.1405]]],[[[136.685,37.1407],[136.685,37.1406],[136.6849,37.1406],[136.685,37.1407]]],[[[136.6848,37.1406],[136.6848,37.1407],[136.6848,37.1406],[136.6848,37.1406]]],[[[136.6812,37.1965],[136.6813,37.1964],[136.6813,37.1965],[136.6812,37.1965]]],[[[136.6785,37.1989],[136.678,37.1989],[136.6787,37.199],[136.6785,37.1989]]],[[[136.6781,37.1993],[136.6782,37.1993],[136.6781,37.1993],[136.6781,37.1993]]],[[[136.6795,37.2009],[136.6795,37.2009],[136.6795,37.2009],[136.6795,37.2009]]],[[[136.6797,37.201],[136.6797,37.2009],[136.6796,37.201],[136.6797,37.201]]],[[[136.6811,37.2011],[136.681,37.2011],[136.681,37.2011],[136.6811,37.2011]]],[[[136.6813,37.2032],[136.6814,37.2033],[136.6814,37.2032],[136.6813,37.2032]]],[[[136.6797,37.2036],[136.6798,37.2035],[136.6796,37.2035],[136.6797,37.2036]]],[[[136.6796,37.2036],[136.6794,37.2036],[136.6795,37.2037],[136.6796,37.2036]]],[[[136.6811,37.2037],[136.6812,37.2037],[136.6813,37.2037],[136.6811,37.2037]]],[[[136.6798,37.2037],[136.6799,37.2037],[136.6798,37.2037],[136.6798,37.2037]]],[[[136.6784,37.2043],[136.6785,37.2042],[136.6783,37.2043],[136.6784,37.2043]]],[[[136.6792,37.2044],[136.6791,37.2043],[136.6791,37.2044],[136.6792,37.2044]]],[[[136.6816,37.2084],[136.6816,37.2083],[136.6816,37.2083],[136.6816,37.2084]]],[[[136.6819,37.2085],[136.6818,37.2085],[136.6818,37.2085],[136.6819,37.2085]]],[[[136.682,37.2088],[136.6821,37.2089],[136.6822,37.2088],[136.682,37.2088]]],[[[136.6882,37.2135],[136.6883,37.2137],[136.6884,37.2135],[136.6882,37.2135]]],[[[136.6881,37.214],[136.6881,37.2138],[136.688,37.2139],[136.6881,37.214]]],[[[136.6878,37.2139],[136.6879,37.214],[136.6879,37.2139],[136.6878,37.2139]]],[[[136.6884,37.2151],[136.6886,37.2152],[136.6886,37.215],[136.6884,37.2151]]],[[[136.689,37.2154],[136.6888,37.2156],[136.6889,37.2157],[136.689,37.2154]]],[[[136.7173,37.0619],[136.7178,37.0586],[136.7179,37.0584],[136.7176,37.0583],[136.7173,37.0619]]],[[[136.7191,37.0614],[136.719,37.0606],[136.719,37.0615],[136.7191,37.0614]]],[[[136.7206,37.0656],[136.7207,37.0658],[136.7208,37.0656],[136.7206,37.0656]]],[[[136.7203,37.0659],[136.7203,37.0658],[136.7202,37.0659],[136.7203,37.0659]]],[[[136.7198,37.066],[136.72,37.066],[136.72,37.066],[136.7198,37.066]]],[[[136.7211,37.0665],[136.7208,37.0662],[136.7208,37.0663],[136.7211,37.0665]]],[[[136.7212,37.0669],[136.7213,37.0671],[136.7213,37.067],[136.7212,37.0669]]],[[[136.7203,37.0675],[136.7203,37.0675],[136.7203,37.0675],[136.7203,37.0675]]],[[[136.721,37.0674],[136.7208,37.0676],[136.7211,37.0675],[136.721,37.0674]]],[[[136.7199,37.0676],[136.7201,37.0678],[136.7202,37.0677],[136.7199,37.0676]]],[[[136.7196,37.0677],[136.7196,37.0679],[136.7197,37.0679],[136.7196,37.0677]]],[[[136.7184,37.0702],[136.7187,37.0701],[136.7184,37.0701],[136.7184,37.0702]]],[[[136.7182,37.0712],[136.7183,37.0713],[136.7183,37.0712],[136.7182,37.0712]]],[[[136.7182,37.0715],[136.7181,37.0716],[136.7182,37.0716],[136.7182,37.0715]]],[[[136.7184,37.0716],[136.7184,37.0715],[136.7184,37.0716],[136.7184,37.0716]]],[[[136.7174,37.0724],[136.7174,37.072],[136.7172,37.0724],[136.7174,37.0724]]],[[[136.7183,37.0723],[136.7184,37.0724],[136.7184,37.0724],[136.7183,37.0723]]],[[[136.7184,37.0728],[136.7188,37.0728],[136.7189,37.0726],[136.7184,37.0728]]],[[[136.718,37.075],[136.7176,37.0771],[136.7182,37.0776],[136.718,37.075]]],[[[136.7179,37.0788],[136.7181,37.0789],[136.718,37.0787],[136.7179,37.0788]]],[[[136.7197,37.0806],[136.7195,37.0803],[136.7197,37.0806],[136.7197,37.0806]]],[[[136.7208,37.0812],[136.7206,37.081],[136.7206,37.0811],[136.7208,37.0812]]],[[[136.7213,37.0811],[136.7212,37.0811],[136.7213,37.0811],[136.7213,37.0811]]],[[[136.7215,37.0813],[136.7214,37.0813],[136.7214,37.0813],[136.7215,37.0813]]],[[[136.7214,37.0814],[136.7213,37.0814],[136.7213,37.0814],[136.7214,37.0814]]],[[[136.7207,37.0814],[136.7204,37.0813],[136.7205,37.0815],[136.7207,37.0814]]],[[[136.7216,37.0813],[136.7215,37.0814],[136.7216,37.0815],[136.7216,37.0813]]],[[[136.7207,37.0816],[136.7205,37.0815],[136.7206,37.0817],[136.7207,37.0816]]],[[[136.7211,37.0821],[136.7211,37.0817],[136.721,37.0821],[136.7211,37.0821]]],[[[136.7204,37.0819],[136.7207,37.0819],[136.7204,37.0818],[136.7204,37.0819]]],[[[136.721,37.0823],[136.7209,37.0823],[136.721,37.0824],[136.721,37.0823]]],[[[136.7218,37.0827],[136.7217,37.0825],[136.7217,37.0827],[136.7218,37.0827]]],[[[136.7209,37.0865],[136.7212,37.0868],[136.7212,37.0864],[136.7209,37.0865]]],[[[136.7215,37.0878],[136.7213,37.0879],[136.7215,37.0879],[136.7215,37.0878]]],[[[136.6893,37.1376],[136.6893,37.1376],[136.6893,37.1376],[136.6893,37.1376]]],[[[136.6899,37.1378],[136.6899,37.1379],[136.6899,37.1378],[136.6899,37.1378]]],[[[136.6948,37.1388],[136.6947,37.1388],[136.6947,37.1388],[136.6948,37.1388]]],[[[136.6946,37.1387],[136.6945,37.1388],[136.6945,37.1389],[136.6946,37.1387]]],[[[136.6932,37.1389],[136.6932,37.1389],[136.6932,37.1389],[136.6932,37.1389]]],[[[136.6912,37.1388],[136.6913,37.1389],[136.6913,37.1389],[136.6912,37.1388]]],[[[136.6946,37.1389],[136.6945,37.139],[136.6945,37.139],[136.6946,37.1389]]],[[[136.6943,37.139],[136.6944,37.139],[136.6943,37.139],[136.6943,37.139]]],[[[136.6932,37.1389],[136.6933,37.1391],[136.6933,37.139],[136.6932,37.1389]]],[[[136.6928,37.139],[136.6928,37.139],[136.6927,37.139],[136.6928,37.139]]],[[[136.6913,37.139],[136.6913,37.139],[136.6912,37.139],[136.6913,37.139]]],[[[136.6921,37.1391],[136.6921,37.1391],[136.6921,37.139],[136.6921,37.1391]]],[[[136.6924,37.1393],[136.6923,37.1389],[136.6922,37.1391],[136.6924,37.1393]]],[[[136.6933,37.1391],[136.6932,37.1391],[136.6932,37.1392],[136.6933,37.1391]]],[[[136.6928,37.1392],[136.6928,37.1391],[136.6928,37.1392],[136.6928,37.1392]]],[[[136.6916,37.1392],[136.6916,37.1393],[136.6916,37.1393],[136.6916,37.1392]]],[[[136.6934,37.1392],[136.6934,37.1393],[136.6934,37.1393],[136.6934,37.1392]]],[[[136.6918,37.1393],[136.6918,37.1394],[136.6918,37.1393],[136.6918,37.1393]]],[[[136.6916,37.1393],[136.6916,37.1394],[136.6916,37.1393],[136.6916,37.1393]]],[[[136.6949,37.1393],[136.6949,37.1394],[136.695,37.1394],[136.6949,37.1393]]],[[[136.6946,37.1394],[136.6946,37.1395],[136.6947,37.1394],[136.6946,37.1394]]],[[[136.6979,37.1407],[136.6979,37.1412],[136.6981,37.1411],[136.6979,37.1407]]],[[[136.6986,37.1434],[136.6995,37.1432],[136.7006,37.1429],[136.6986,37.1434]]],[[[136.6913,37.2154],[136.6914,37.2155],[136.6914,37.2154],[136.6913,37.2154]]],[[[136.6933,37.2165],[136.6932,37.2166],[136.6933,37.2168],[136.6933,37.2165]]],[[[136.6929,37.2168],[136.6928,37.217],[136.693,37.217],[136.6929,37.2168]]],[[[136.6951,37.2169],[136.6952,37.217],[136.6952,37.217],[136.6951,37.2169]]],[[[136.6952,37.217],[136.6953,37.2171],[136.6953,37.2171],[136.6952,37.217]]],[[[136.722,37.0535],[136.722,37.0534],[136.722,37.0534],[136.722,37.0535]]],[[[136.7222,37.0536],[136.7222,37.0536],[136.7223,37.0536],[136.7222,37.0536]]],[[[136.7221,37.0537],[136.7221,37.0536],[136.7221,37.0537],[136.7221,37.0537]]],[[[136.7229,37.054],[136.7223,37.0536],[136.7228,37.0541],[136.7229,37.054]]],[[[136.7223,37.0537],[136.7222,37.0537],[136.7223,37.0538],[136.7223,37.0537]]],[[[136.7223,37.0555],[136.7223,37.0552],[136.7221,37.0553],[136.7223,37.0555]]],[[[136.7221,37.0819],[136.722,37.0819],[136.722,37.082],[136.7221,37.0819]]],[[[136.7223,37.0821],[136.7223,37.0821],[136.7223,37.0821],[136.7223,37.0821]]],[[[136.7221,37.0822],[136.7221,37.0821],[136.7221,37.0822],[136.7221,37.0822]]],[[[136.7217,37.0831],[136.7217,37.0828],[136.7216,37.0829],[136.7217,37.0831]]],[[[136.7219,37.0832],[136.7219,37.0834],[136.722,37.0832],[136.7219,37.0832]]],[[[136.722,37.084],[136.7219,37.0836],[136.7218,37.0839],[136.722,37.084]]],[[[136.7222,37.0881],[136.7223,37.0881],[136.7223,37.0881],[136.7222,37.0881]]],[[[136.7228,37.0885],[136.7231,37.0886],[136.7229,37.0884],[136.7228,37.0885]]],[[[136.7225,37.0886],[136.7227,37.0888],[136.7227,37.0888],[136.7225,37.0886]]],[[[136.723,37.0887],[136.723,37.0888],[136.723,37.0888],[136.723,37.0887]]],[[[136.7223,37.0888],[136.7222,37.0888],[136.7223,37.0888],[136.7223,37.0888]]],[[[136.723,37.0889],[136.7229,37.0889],[136.723,37.0889],[136.723,37.0889]]],[[[136.7226,37.0889],[136.7226,37.0889],[136.7226,37.0889],[136.7226,37.0889]]],[[[136.722,37.089],[136.7219,37.089],[136.722,37.089],[136.722,37.089]]],[[[136.7222,37.0889],[136.7221,37.0891],[136.7224,37.0891],[136.7222,37.0889]]],[[[136.7227,37.0891],[136.7227,37.089],[136.7227,37.0891],[136.7227,37.0891]]],[[[136.7221,37.0893],[136.7219,37.0892],[136.7219,37.0893],[136.7221,37.0893]]],[[[136.7234,37.0896],[136.7233,37.0894],[136.7232,37.0895],[136.7234,37.0896]]],[[[136.7232,37.0897],[136.7234,37.0897],[136.7232,37.0897],[136.7232,37.0897]]],[[[136.7227,37.0908],[136.7227,37.0909],[136.7227,37.0909],[136.7227,37.0908]]],[[[136.7229,37.0914],[136.7232,37.0909],[136.723,37.0909],[136.7229,37.0914]]],[[[136.7234,37.0921],[136.7233,37.092],[136.7232,37.092],[136.7234,37.0921]]],[[[136.7227,37.0923],[136.7226,37.0922],[136.7226,37.0922],[136.7227,37.0923]]],[[[136.725,37.094],[136.7252,37.0941],[136.7253,37.0941],[136.725,37.094]]],[[[136.7254,37.0945],[136.7253,37.0944],[136.7252,37.0945],[136.7254,37.0945]]],[[[136.7257,37.0945],[136.7259,37.0946],[136.7258,37.0945],[136.7257,37.0945]]],[[[136.7256,37.0958],[136.7257,37.0958],[136.7256,37.0957],[136.7256,37.0958]]],[[[136.7256,37.1018],[136.7256,37.1017],[136.7255,37.1018],[136.7256,37.1018]]],[[[136.7255,37.102],[136.7255,37.1021],[136.7255,37.1021],[136.7255,37.102]]],[[[136.7259,37.1022],[136.7257,37.1023],[136.726,37.1024],[136.7259,37.1022]]],[[[136.7248,37.1138],[136.7246,37.1135],[136.7244,37.1137],[136.7248,37.1138]]],[[[136.7252,37.114],[136.7252,37.1141],[136.7253,37.114],[136.7252,37.114]]],[[[136.7254,37.1144],[136.7254,37.1143],[136.7253,37.1143],[136.7254,37.1144]]],[[[136.7251,37.1143],[136.725,37.1145],[136.7253,37.1145],[136.7251,37.1143]]],[[[136.7245,37.1146],[136.7245,37.1145],[136.7244,37.1145],[136.7245,37.1146]]],[[[136.7251,37.1148],[136.725,37.1149],[136.7252,37.1149],[136.7251,37.1148]]],[[[136.7249,37.115],[136.7248,37.115],[136.7249,37.115],[136.7249,37.115]]],[[[136.724,37.1157],[136.7241,37.116],[136.7242,37.1159],[136.724,37.1157]]],[[[136.7246,37.1159],[136.7245,37.1159],[136.7246,37.1159],[136.7246,37.1159]]],[[[136.7251,37.1159],[136.7252,37.1163],[136.7254,37.116],[136.7251,37.1159]]],[[[136.7243,37.1161],[136.7244,37.1162],[136.7243,37.1161],[136.7243,37.1161]]],[[[136.7249,37.1163],[136.7249,37.1162],[136.7248,37.1162],[136.7249,37.1163]]],[[[136.7256,37.1189],[136.7253,37.1189],[136.7255,37.1191],[136.7256,37.1189]]],[[[136.7257,37.1191],[136.7256,37.1192],[136.7258,37.1192],[136.7257,37.1191]]],[[[136.7259,37.1193],[136.7257,37.1196],[136.726,37.1195],[136.7259,37.1193]]],[[[136.7261,37.1197],[136.726,37.12],[136.7263,37.12],[136.7261,37.1197]]],[[[136.7251,37.1269],[136.7252,37.1268],[136.725,37.1269],[136.7251,37.1269]]],[[[136.7254,37.1271],[136.7254,37.1271],[136.7254,37.1271],[136.7254,37.1271]]],[[[136.7252,37.1272],[136.7252,37.127],[136.7251,37.127],[136.7252,37.1272]]],[[[136.7243,37.1272],[136.7244,37.1271],[136.7243,37.1271],[136.7243,37.1272]]],[[[136.7245,37.1271],[136.7246,37.127],[136.7244,37.127],[136.7245,37.1271]]],[[[136.725,37.1271],[136.725,37.1272],[136.7251,37.1272],[136.725,37.1271]]],[[[136.7256,37.1271],[136.7255,37.1272],[136.7256,37.1272],[136.7256,37.1271]]],[[[136.7253,37.1272],[136.7253,37.1273],[136.7253,37.1273],[136.7253,37.1272]]],[[[136.7254,37.1274],[136.7253,37.1274],[136.7254,37.1274],[136.7254,37.1274]]],[[[136.726,37.1287],[136.7262,37.1288],[136.7263,37.1288],[136.726,37.1287]]],[[[136.7382,37.0315],[136.738,37.0317],[136.7381,37.0317],[136.7382,37.0315]]],[[[136.738,37.0323],[136.738,37.0322],[136.7379,37.0323],[136.738,37.0323]]],[[[136.7381,37.0324],[136.738,37.0324],[136.7381,37.0325],[136.7381,37.0324]]],[[[136.7382,37.034],[136.7381,37.034],[136.7381,37.034],[136.7382,37.034]]],[[[136.7376,37.0391],[136.7375,37.039],[136.7376,37.0391],[136.7376,37.0391]]],[[[136.7334,37.0414],[136.7334,37.0413],[136.7333,37.0414],[136.7334,37.0414]]],[[[136.7338,37.0436],[136.7335,37.0436],[136.7338,37.0437],[136.7338,37.0436]]],[[[136.7334,37.044],[136.7333,37.044],[136.7334,37.044],[136.7334,37.044]]],[[[136.7337,37.0453],[136.7337,37.045],[136.7335,37.0451],[136.7337,37.0453]]],[[[136.734,37.0455],[136.734,37.0456],[136.7341,37.0456],[136.734,37.0455]]],[[[136.7338,37.0459],[136.7335,37.0456],[136.7334,37.0458],[136.7338,37.0459]]],[[[136.7329,37.0463],[136.7329,37.0461],[136.7328,37.0462],[136.7329,37.0463]]],[[[136.7331,37.0463],[136.7331,37.0463],[136.7331,37.0463],[136.7331,37.0463]]],[[[136.7331,37.0466],[136.7331,37.0465],[136.7331,37.0466],[136.7331,37.0466]]],[[[136.7328,37.0465],[136.733,37.0466],[136.7329,37.0465],[136.7328,37.0465]]],[[[136.7309,37.0477],[136.731,37.0476],[136.7309,37.0475],[136.7309,37.0477]]],[[[136.7312,37.0479],[136.7312,37.048],[136.7313,37.0479],[136.7312,37.0479]]],[[[136.7315,37.0482],[136.7316,37.0481],[136.7315,37.0481],[136.7315,37.0482]]],[[[136.7298,37.0481],[136.7299,37.0482],[136.7299,37.0482],[136.7298,37.0481]]],[[[136.7319,37.0484],[136.7319,37.0484],[136.7319,37.0484],[136.7319,37.0484]]],[[[136.7296,37.0488],[136.7295,37.049],[136.7296,37.0489],[136.7296,37.0488]]],[[[136.7297,37.0491],[136.7298,37.0493],[136.7299,37.0492],[136.7297,37.0491]]],[[[136.7297,37.0496],[136.7297,37.0495],[136.7297,37.0495],[136.7297,37.0496]]],[[[136.7301,37.0496],[136.7303,37.0496],[136.7301,37.0495],[136.7301,37.0496]]],[[[136.73,37.0498],[136.73,37.0496],[136.7298,37.0496],[136.73,37.0498]]],[[[136.728,37.0498],[136.7282,37.0499],[136.728,37.0497],[136.728,37.0498]]],[[[136.7294,37.0499],[136.729,37.0498],[136.7289,37.05],[136.7294,37.0499]]],[[[136.7286,37.0501],[136.7284,37.0501],[136.7285,37.0502],[136.7286,37.0501]]],[[[136.7289,37.0502],[136.7289,37.0501],[136.7288,37.0502],[136.7289,37.0502]]],[[[136.7285,37.0507],[136.7282,37.0506],[136.7285,37.0507],[136.7285,37.0507]]],[[[136.7264,37.0935],[136.7268,37.0936],[136.7269,37.0935],[136.7264,37.0935]]],[[[136.7262,37.0947],[136.7263,37.0946],[136.7261,37.0946],[136.7262,37.0947]]],[[[136.7268,37.0963],[136.7267,37.0966],[136.7269,37.0965],[136.7268,37.0963]]],[[[136.7278,37.0968],[136.7275,37.0968],[136.7277,37.097],[136.7278,37.0968]]],[[[136.7281,37.1],[136.7283,37.0999],[136.7282,37.0998],[136.7281,37.1]]],[[[136.7275,37.1],[136.7273,37.1],[136.7275,37.1],[136.7275,37.1]]],[[[136.7267,37.1001],[136.7264,37.1001],[136.7264,37.1003],[136.7267,37.1001]]],[[[136.7269,37.1012],[136.727,37.1012],[136.727,37.1012],[136.7269,37.1012]]],[[[136.7269,37.1013],[136.7268,37.1012],[136.7267,37.1013],[136.7269,37.1013]]],[[[136.7262,37.1013],[136.7261,37.1013],[136.7261,37.1013],[136.7262,37.1013]]],[[[136.7274,37.1027],[136.7276,37.1028],[136.7276,37.1028],[136.7274,37.1027]]],[[[136.7281,37.1031],[136.7282,37.103],[136.728,37.103],[136.7281,37.1031]]],[[[136.7275,37.1055],[136.7276,37.1055],[136.7276,37.1055],[136.7275,37.1055]]],[[[136.7272,37.1056],[136.7273,37.1055],[136.7272,37.1055],[136.7272,37.1056]]],[[[136.7275,37.1056],[136.7275,37.1057],[136.7276,37.1057],[136.7275,37.1056]]],[[[136.7272,37.1059],[136.7271,37.1058],[136.727,37.1058],[136.7272,37.1059]]],[[[136.7267,37.1059],[136.727,37.1059],[136.7267,37.1059],[136.7267,37.1059]]],[[[136.727,37.1061],[136.7269,37.1061],[136.7269,37.1061],[136.727,37.1061]]],[[[136.7273,37.1061],[136.7273,37.1061],[136.7273,37.1061],[136.7273,37.1061]]],[[[136.7272,37.1071],[136.7268,37.1074],[136.7272,37.1073],[136.7272,37.1071]]],[[[136.7267,37.1078],[136.7271,37.1077],[136.7269,37.1076],[136.7267,37.1078]]],[[[136.7262,37.1103],[136.7264,37.1103],[136.7263,37.1102],[136.7262,37.1103]]],[[[136.7264,37.1201],[136.7263,37.1202],[136.7264,37.1201],[136.7264,37.1201]]],[[[136.7268,37.122],[136.7268,37.1222],[136.7269,37.1221],[136.7268,37.122]]],[[[136.7268,37.1231],[136.727,37.123],[136.7268,37.123],[136.7268,37.1231]]],[[[136.7267,37.1284],[136.7267,37.1285],[136.7267,37.1285],[136.7267,37.1284]]],[[[136.7262,37.1285],[136.7264,37.1285],[136.7263,37.1284],[136.7262,37.1285]]],[[[136.7267,37.1286],[136.7266,37.1286],[136.7267,37.1287],[136.7267,37.1286]]],[[[136.7267,37.1288],[136.7267,37.1287],[136.7267,37.1288],[136.7267,37.1288]]],[[[136.7265,37.1288],[136.7266,37.1287],[136.7265,37.1288],[136.7265,37.1288]]],[[[136.7268,37.1288],[136.7268,37.1289],[136.7268,37.1288],[136.7268,37.1288]]],[[[136.7263,37.1309],[136.7264,37.1309],[136.7264,37.1309],[136.7263,37.1309]]],[[[136.7648,36.9838],[136.7642,36.9841],[136.7646,36.9843],[136.7648,36.9838]]],[[[136.7645,36.9852],[136.764,36.985],[136.764,36.9854],[136.7645,36.9852]]],[[[136.7653,36.986],[136.7654,36.9863],[136.7656,36.986],[136.7653,36.986]]],[[[136.7649,36.9875],[136.7647,36.9879],[136.765,36.9879],[136.7649,36.9875]]],[[[136.7658,36.9888],[136.7657,36.9877],[136.7657,36.9877],[136.7657,36.9885],[136.7658,36.9888]]],[[[136.7657,36.9893],[136.7657,36.9897],[136.7659,36.9894],[136.7657,36.9893]]],[[[136.7654,36.9905],[136.7653,36.9908],[136.7656,36.9907],[136.7654,36.9905]]],[[[136.7636,36.9997],[136.7627,36.9997],[136.7627,36.9998],[136.7636,36.9997]]],[[[136.7545,37.0032],[136.7539,37.0034],[136.754,37.0035],[136.7545,37.0032]]],[[[136.7634,37.0034],[136.7634,37.0036],[136.7635,37.0035],[136.7634,37.0034]]],[[[136.7537,37.004],[136.7536,37.0039],[136.7535,37.004],[136.7537,37.004]]],[[[136.7544,37.004],[136.754,37.0042],[136.7541,37.0043],[136.7544,37.004]]],[[[136.7591,37.0045],[136.7592,37.0047],[136.7593,37.0047],[136.7591,37.0045]]],[[[136.7557,37.0051],[136.7555,37.0053],[136.7556,37.0053],[136.7557,37.0051]]],[[[136.7581,37.0052],[136.7583,37.0053],[136.7582,37.0051],[136.7581,37.0052]]],[[[136.7576,37.0056],[136.7577,37.0055],[136.7576,37.0055],[136.7576,37.0056]]],[[[136.7519,37.0081],[136.7528,37.0075],[136.7528,37.0066],[136.7519,37.0081]]],[[[136.7517,37.009],[136.7517,37.0093],[136.7519,37.0094],[136.7517,37.009]]],[[[136.7488,37.0106],[136.7485,37.0101],[136.7484,37.0101],[136.7488,37.0106]]],[[[136.7413,37.0158],[136.7415,37.016],[136.7415,37.0157],[136.7413,37.0158]]],[[[136.741,37.016],[136.7409,37.0161],[136.741,37.016],[136.741,37.016]]],[[[136.7411,37.0163],[136.7409,37.0164],[136.7411,37.0165],[136.7411,37.0163]]],[[[136.7428,37.0196],[136.7427,37.0197],[136.7428,37.0197],[136.7428,37.0196]]],[[[136.742,37.0205],[136.742,37.0206],[136.742,37.0206],[136.742,37.0205]]],[[[136.7422,37.0207],[136.7421,37.0207],[136.7422,37.0208],[136.7422,37.0207]]],[[[136.7419,37.021],[136.742,37.0214],[136.742,37.0208],[136.7419,37.021]]],[[[136.7432,37.0235],[136.7431,37.0236],[136.7432,37.0236],[136.7432,37.0235]]],[[[136.7438,37.0239],[136.744,37.0239],[136.744,37.0238],[136.7438,37.0239]]],[[[136.744,37.0242],[136.7443,37.0245],[136.7444,37.0245],[136.744,37.0242]]],[[[136.7436,37.0246],[136.743,37.0247],[136.7432,37.025],[136.7436,37.0246]]],[[[136.7443,37.0253],[136.7443,37.0254],[136.7443,37.0253],[136.7443,37.0253]]],[[[136.7441,37.0255],[136.7441,37.0256],[136.7442,37.0256],[136.7441,37.0255]]],[[[136.7449,37.0259],[136.7447,37.0254],[136.7445,37.0254],[136.7449,37.0259]]],[[[136.745,37.0265],[136.7453,37.0266],[136.745,37.0264],[136.745,37.0265]]],[[[136.746,37.029],[136.7459,37.0285],[136.7458,37.0292],[136.746,37.029]]],[[[136.7398,37.0296],[136.74,37.0298],[136.74,37.0295],[136.7398,37.0296]]],[[[136.7428,37.0296],[136.7428,37.0297],[136.7429,37.0297],[136.7428,37.0296]]],[[[136.7394,37.0297],[136.7396,37.0297],[136.7394,37.0296],[136.7394,37.0297]]],[[[136.7416,37.03],[136.7415,37.0299],[136.7415,37.03],[136.7416,37.03]]],[[[136.7431,37.0299],[136.7434,37.0301],[136.7434,37.03],[136.7431,37.0299]]],[[[136.7397,37.0301],[136.7392,37.0299],[136.7393,37.0303],[136.7397,37.0301]]],[[[136.7434,37.0302],[136.7434,37.0303],[136.7434,37.0303],[136.7434,37.0302]]],[[[136.7457,37.0304],[136.7458,37.0305],[136.7459,37.0304],[136.7457,37.0304]]],[[[136.7449,37.0305],[136.7453,37.0307],[136.7455,37.0307],[136.7449,37.0305]]],[[[136.7386,37.0315],[136.7385,37.0315],[136.7386,37.0315],[136.7386,37.0315]]],[[[136.738,37.0337],[136.7384,37.0338],[136.7384,37.0337],[136.738,37.0337]]],[[[136.739,37.0339],[136.739,37.0339],[136.7389,37.0339],[136.739,37.0339]]],[[[136.7393,37.0339],[136.7394,37.0341],[136.7395,37.034],[136.7393,37.0339]]],[[[136.7391,37.0344],[136.739,37.0343],[136.739,37.0344],[136.7391,37.0344]]],[[[136.7412,37.0342],[136.7419,37.0346],[136.7419,37.0346],[136.7413,37.0342],[136.7412,37.0342]]],[[[136.7401,37.0345],[136.74,37.0348],[136.7402,37.0345],[136.7401,37.0345]]],[[[136.7407,37.035],[136.741,37.0355],[136.7411,37.0355],[136.7407,37.035]]],[[[136.7402,37.036],[136.7401,37.0361],[136.7402,37.0361],[136.7402,37.036]]],[[[136.74,37.0363],[136.74,37.0362],[136.7399,37.0362],[136.74,37.0363]]],[[[136.7397,37.0362],[136.7398,37.0364],[136.7399,37.0364],[136.7397,37.0362]]],[[[136.7396,37.0365],[136.7393,37.0367],[136.7395,37.0369],[136.7396,37.0365]]],[[[136.7395,37.0369],[136.7398,37.037],[136.7397,37.0369],[136.7395,37.0369]]],[[[136.7395,37.037],[136.7392,37.0371],[136.7393,37.0373],[136.7395,37.037]]],[[[136.7385,37.0372],[136.7384,37.0374],[136.7388,37.0372],[136.7385,37.0372]]],[[[136.7392,37.0375],[136.7387,37.0376],[136.7391,37.0377],[136.7392,37.0375]]],[[[136.7378,37.0379],[136.7387,37.0385],[136.7378,37.0376],[136.7378,37.0379]]],[[[136.7278,37.0823],[136.7296,37.0981],[136.7267,37.1361],[136.7096,37.1487],[136.7001,37.1493],[136.6962,37.1402],[136.7,37.1388],[136.6955,37.1404],[136.6951,37.1389],[136.6952,37.1394],[136.6947,37.1398],[136.6915,37.1394],[136.6913,37.1392],[136.6909,37.1384],[136.6887,37.1376],[136.6885,37.137],[136.687,37.1381],[136.685,37.1359],[136.6856,37.1408],[136.6843,37.1409],[136.683,37.1393],[136.681,37.1396],[136.6791,37.1389],[136.6781,37.1378],[136.6765,37.1387],[136.677,37.1377],[136.6695,37.1472],[136.674,37.1568],[136.6737,37.1588],[136.6731,37.1592],[136.6767,37.1655],[136.6728,37.1704],[136.677,37.1764],[136.6749,37.1842],[136.6754,37.1844],[136.6762,37.1867],[136.6763,37.1889],[136.6759,37.1893],[136.6809,37.1916],[136.6823,37.195],[136.6808,37.1983],[136.6775,37.1996],[136.6819,37.2011],[136.6825,37.202],[136.6797,37.207],[136.7093,37.2232],[136.7162,37.2178],[136.7109,37.2066],[136.7373,37.2026],[136.7436,37.1905],[136.7729,37.2022],[136.7877,37.2186],[136.8214,37.2257],[136.822,37.1975],[136.8032,37.1908],[136.7814,37.1445],[136.7856,37.1294],[136.7763,37.1194],[136.8105,37.0793],[136.8377,37.0711],[136.8324,37.0611],[136.8428,37.0621],[136.8623,37.0433],[136.8415,36.9932],[136.8508,36.9636],[136.8182,36.9428],[136.7965,36.9382],[136.795,36.9408],[136.7948,36.9451],[136.7969,36.939],[136.7982,36.9455],[136.8086,36.942],[136.8032,36.9481],[136.808,36.9535],[136.7941,36.9462],[136.8024,36.9633],[136.7889,36.9661],[136.7936,36.9459],[136.7809,36.9624],[136.7684,36.9637],[136.7693,36.9992],[136.7632,37.0006],[136.7653,37.0032],[136.7593,37.006],[136.7561,37.0062],[136.7546,37.0041],[136.7561,37.0073],[136.7529,37.0044],[136.7529,37.0096],[136.743,37.0124],[136.7466,37.0302],[136.7456,37.0309],[136.7433,37.031],[136.7402,37.0299],[136.7425,37.0346],[136.7338,37.0495],[136.7191,37.0589],[136.7223,37.0627],[136.7205,37.0747],[136.7179,37.0784],[136.7278,37.0823]],[[136.8095,36.9459],[136.8101,36.9535],[136.8097,36.9549],[136.8067,36.9503],[136.8095,36.9459]],[[136.8004,36.9558],[136.8029,36.9549],[136.8019,36.9556],[136.8023,36.9561],[136.8004,36.9558]],[[136.8105,36.9555],[136.8159,36.9556],[136.8184,36.9548],[136.8161,36.9562],[136.8105,36.9555]],[[136.8141,36.9523],[136.8137,36.9539],[136.813,36.9536],[136.8141,36.9523]]]]}},{"type":"Feature","properties":{"id":"17386","name":"宝達志水町","pref":"石川県"},"geometry":{"type":"Polygon","coordinates":[[[136.7551,36.7832],[136.7486,36.7917],[136.7243,36.7899],[136.7579,36.8661],[136.7844,36.8648],[136.7992,36.8912],[136.8267,36.8876],[136.8346,36.8711],[136.8734,36.8677],[136.8624,36.8603],[136.8672,36.8509],[136.8488,36.8132],[136.8541,36.7947],[136.8431,36.7823],[136.8527,36.7701],[136.8451,36.7557],[136.834,36.7627],[136.8319,36.7812],[136.8186,36.7835],[136.8266,36.7769],[136.8164,36.7674],[136.7897,36.7748],[136.7768,36.7868],[136.7551,36.7832]]]}},{"type":"Feature","properties":{"id":"17407","name":"中能登町","pref":"石川県"},"geometry":{"type":"Polygon","coordinates":[[[136.8766,36.916],[136.8654,36.9363],[136.8527,36.9386],[136.8547,36.948],[136.8228,36.936],[136.8257,36.9494],[136.8528,36.9662],[136.8424,36.9746],[136.8415,36.9932],[136.8526,37.0284],[136.8713,37.0168],[136.9182,37.0172],[136.9277,36.9963],[136.9532,36.9873],[136.9492,36.977],[136.961,36.9717],[136.9764,36.9767],[136.9859,36.9652],[136.9737,36.9443],[136.9538,36.9561],[136.931,36.9506],[136.9156,36.9308],[136.8857,36.9138],[136.8766,36.916]]]}},{"type":"Feature","properties":{"id":"17461","name":"穴水町","pref":"石川県"},"geometry":{"type":"MultiPolygon","coordinates":[[[[136.9203,37.2037],[136.9205,37.2013],[136.9194,37.2009],[136.9203,37.2037]]],[[[137.0699,37.2183],[137.0699,37.2184],[137.0704,37.2186],[137.0699,37.2183]]],[[[137.0706,37.219],[137.0704,37.2193],[137.0706,37.2191],[137.0706,37.219]]],[[[137.0692,37.2204],[137.069,37.2204],[137.0692,37.2205],[137.0692,37.2204]]],[[[136.9255,37.2314],[136.9254,37.2322],[136.9255,37.2322],[136.9255,37.2314]]],[[[136.9255,37.2323],[136.9254,37.2323],[136.9255,37.2327],[136.9255,37.2323]]],[[[137.0064,37.1835],[136.9828,37.2053],[136.9636,37.2044],[136.9541,37.2198],[136.946,37.2163],[136.9665,37.2331],[136.9621,37.2365],[136.9479,37.2333],[136.9432,37.2243],[136.9243,37.2338],[136.924,37.2287],[136.9341,37.2234],[136.9316,37.2203],[136.9145,37.2269],[136.9063,37.2178],[136.9233,37.2144],[136.9293,37.204],[136.9257,37.1986],[136.9244,37.2058],[136.9063,37.2032],[136.9129,37.1944],[136.8891,37.1689],[136.8718,37.1794],[136.8554,37.1751],[136.8478,37.1983],[136.8208,37.1988],[136.8188,37.2091],[136.8261,37.2152],[136.8213,37.2258],[136.7981,37.2187],[136.7881,37.2245],[136.8079,37.2425],[136.8171,37.2671],[136.8363,37.2432],[136.8748,37.2766],[136.8927,37.272],[136.9087,37.2815],[136.9329,37.2804],[136.9915,37.3058],[136.9951,37.3006],[136.9864,37.2949],[136.9985,37.2899],[136.9937,37.2732],[137.0044,37.2702],[137.005,37.2601],[137.012,37.2651],[137.0138,37.2506],[137.0431,37.2492],[137.0571,37.2612],[137.0833,37.2481],[137.0578,37.2079],[137.0256,37.2047],[137.0341,37.1968],[137.0252,37.1876],[137.0175,37.1915],[137.0064,37.1835]]]]}},{"type":"Feature","properties":{"id":"17463","name":"能登町","pref":"石川県"},"geometry":{"type":"MultiPolygon","coordinates":[[[[137.0907,37.2543],[137.0905,37.2533],[137.0904,37.2534],[137.0907,37.2543]]],[[[137.0915,37.2542],[137.092,37.2541],[137.0915,37.2541],[137.0915,37.2542]]],[[[137.0947,37.2562],[137.0944,37.2562],[137.0948,37.2564],[137.0947,37.2562]]],[[[137.0949,37.2567],[137.0947,37.2566],[137.0948,37.2568],[137.0949,37.2567]]],[[[137.094,37.2573],[137.094,37.2575],[137.0941,37.2573],[137.094,37.2573]]],[[[137.0928,37.2614],[137.0925,37.2618],[137.0929,37.2615],[137.0928,37.2614]]],[[[137.0966,37.2719],[137.0967,37.272],[137.0967,37.2719],[137.0966,37.2719]]],[[[137.097,37.2724],[137.0971,37.2724],[137.0969,37.2723],[137.097,37.2724]]],[[[137.0972,37.2726],[137.0972,37.2726],[137.0972,37.2727],[137.0972,37.2726]]],[[[137.1059,37.2799],[137.1059,37.2799],[137.106,37.2799],[137.1059,37.2799]]],[[[137.1065,37.2801],[137.1064,37.2799],[137.1064,37.28],[137.1065,37.2801]]],[[[137.1078,37.281],[137.108,37.2811],[137.1079,37.281],[137.1078,37.281]]],[[[137.1093,37.282],[137.1094,37.2821],[137.1095,37.282],[137.1093,37.282]]],[[[137.1199,37.2885],[137.1198,37.2884],[137.1197,37.2885],[137.1199,37.2885]]],[[[137.1211,37.2887],[137.1212,37.2887],[137.1212,37.2887],[137.1211,37.2887]]],[[[137.1216,37.2888],[137.1214,37.2888],[137.1216,37.2888],[137.1216,37.2888]]],[[[137.2214,37.2951],[137.2213,37.295],[137.2213,37.2951],[137.2214,37.2951]]],[[[137.2142,37.2956],[137.214,37.2956],[137.2142,37.2956],[137.2142,37.2956]]],[[[137.2145,37.2955],[137.2144,37.2957],[137.2146,37.2956],[137.2145,37.2955]]],[[[137.2209,37.2957],[137.2212,37.2957],[137.2209,37.2956],[137.2209,37.2957]]],[[[137.142,37.2963],[137.1444,37.2954],[137.1419,37.2962],[137.142,37.2963]]],[[[137.2217,37.2964],[137.2216,37.2962],[137.2216,37.2963],[137.2217,37.2964]]],[[[137.2205,37.2964],[137.2204,37.2962],[137.2203,37.2963],[137.2205,37.2964]]],[[[137.2287,37.2961],[137.2298,37.2966],[137.2298,37.2965],[137.2287,37.2961]]],[[[137.2208,37.2964],[137.2207,37.2965],[137.2208,37.2965],[137.2208,37.2964]]],[[[137.1414,37.2967],[137.1424,37.2969],[137.1424,37.2969],[137.1414,37.2967]]],[[[137.1927,37.2985],[137.1929,37.2983],[137.1927,37.2982],[137.1927,37.2985]]],[[[137.1925,37.2984],[137.1926,37.2984],[137.1925,37.2983],[137.1925,37.2984]]],[[[137.1655,37.2987],[137.1649,37.2984],[137.165,37.299],[137.1655,37.2987]]],[[[137.1882,37.2996],[137.1887,37.2996],[137.1882,37.2995],[137.1882,37.2996]]],[[[137.1677,37.3027],[137.1678,37.303],[137.168,37.3027],[137.1677,37.3027]]],[[[137.235,37.3076],[137.235,37.3082],[137.2355,37.308],[137.235,37.3076]]],[[[137.0833,37.2482],[137.0571,37.2612],[137.0431,37.2492],[137.0142,37.2504],[137.012,37.2651],[137.005,37.2601],[137.0044,37.2702],[136.9937,37.2732],[136.9985,37.2899],[136.9863,37.2954],[136.9935,37.305],[136.967,37.2935],[136.9708,37.3036],[136.962,37.3091],[136.9805,37.3322],[136.9703,37.3387],[136.9793,37.3497],[136.9701,37.3609],[136.9698,37.3774],[137.0008,37.3958],[137.0329,37.392],[137.0519,37.3793],[137.0719,37.3949],[137.1017,37.3862],[137.1232,37.406],[137.1469,37.3807],[137.1507,37.3556],[137.2368,37.3735],[137.2412,37.3698],[137.2428,37.3701],[137.2428,37.3698],[137.2434,37.3699],[137.2439,37.3696],[137.2445,37.3695],[137.2445,37.3697],[137.2447,37.3696],[137.2446,37.3696],[137.2443,37.3691],[137.2444,37.3688],[137.2456,37.3678],[137.2429,37.3628],[137.25,37.3535],[137.2546,37.3528],[137.2612,37.3549],[137.2663,37.358],[137.2525,37.3404],[137.2657,37.3408],[137.2616,37.3298],[137.2649,37.3263],[137.2512,37.3176],[137.2397,37.3028],[137.2394,37.3067],[137.2305,37.312],[137.2352,37.3057],[137.2278,37.3056],[137.2365,37.3016],[137.2283,37.3009],[137.2351,37.2986],[137.234,37.2947],[137.2288,37.2974],[137.2212,37.2936],[137.2221,37.2969],[137.215,37.2981],[137.212,37.2936],[137.2045,37.2955],[137.2081,37.302],[137.164,37.3048],[137.156,37.2971],[137.152,37.307],[137.1545,37.2952],[137.1438,37.2989],[137.1307,37.291],[137.1164,37.2885],[137.0985,37.2787],[137.0903,37.2621],[137.0943,37.2564],[137.0868,37.2536],[137.0833,37.2482]]],[[[137.237,37.3002],[137.2371,37.3002],[137.2369,37.2988],[137.237,37.3002]]],[[[137.2382,37.3043],[137.2377,37.3042],[137.2377,37.3043],[137.2382,37.3043]]],[[[137.2502,37.3096],[137.2501,37.3097],[137.2502,37.3099],[137.2502,37.3096]]],[[[137.2505,37.3107],[137.2501,37.3104],[137.2505,37.3107],[137.2505,37.3107]]],[[[137.2498,37.314],[137.2497,37.3141],[137.2498,37.3141],[137.2498,37.314]]],[[[137.2445,37.3615],[137.2445,37.3612],[137.2444,37.3614],[137.2445,37.3615]]],[[[137.2458,37.3684],[137.2457,37.3683],[137.2457,37.3684],[137.2458,37.3684]]],[[[137.246,37.3683],[137.2461,37.3684],[137.2461,37.3683],[137.246,37.3683]]],[[[137.246,37.3684],[137.2459,37.3683],[137.2459,37.3684],[137.246,37.3684]]],[[[137.2447,37.3688],[137.2448,37.3687],[137.2446,37.3688],[137.2447,37.3688]]],[[[137.2449,37.3688],[137.245,37.3687],[137.245,37.3687],[137.2449,37.3688]]],[[[137.2444,37.3692],[137.2444,37.3692],[137.2444,37.3692],[137.2444,37.3692]]],[[[137.2445,37.3692],[137.2445,37.3692],[137.2445,37.3692],[137.2445,37.3692]]],[[[137.2445,37.3692],[137.2445,37.3693],[137.2445,37.3692],[137.2445,37.3692]]],[[[137.2446,37.3693],[137.2446,37.3693],[137.2446,37.3693],[137.2446,37.3693]]],[[[137.2446,37.3694],[137.2449,37.3695],[137.2445,37.3693],[137.2446,37.3694]]],[[[137.2442,37.3696],[137.2442,37.3696],[137.2441,37.3696],[137.2442,37.3696]]],[[[137.244,37.3697],[137.244,37.3696],[137.244,37.3696],[137.244,37.3697]]],[[[137.2446,37.3697],[137.2448,37.3697],[137.2446,37.3697],[137.2446,37.3697]]],[[[137.2431,37.3699],[137.2431,37.3698],[137.2431,37.3698],[137.2431,37.3699]]],[[[137.2432,37.3698],[137.2433,37.3699],[137.2433,37.3699],[137.2432,37.3698]]],[[[137.2409,37.3707],[137.241,37.3706],[137.2409,37.3706],[137.2409,37.3707]]],[[[137.241,37.3713],[137.2411,37.3711],[137.241,37.3711],[137.241,37.3713]]],[[[137.2435,37.3713],[137.2434,37.3713],[137.2434,37.3713],[137.2435,37.3713]]],[[[137.2436,37.3713],[137.2436,37.3713],[137.2436,37.3713],[137.2436,37.3713]]],[[[137.2439,37.3713],[137.2439,37.3713],[137.2438,37.3713],[137.2439,37.3713]]],[[[137.2441,37.3713],[137.244,37.3713],[137.2441,37.3713],[137.2441,37.3713]]],[[[137.2442,37.3714],[137.2441,37.3713],[137.2441,37.3714],[137.2442,37.3714]]],[[[137.2417,37.3713],[137.2415,37.3716],[137.2418,37.3716],[137.2417,37.3713]]],[[[137.2412,37.3714],[137.2412,37.3714],[137.2412,37.3714],[137.2412,37.3714]]],[[[137.2426,37.3713],[137.2425,37.3716],[137.2427,37.3714],[137.2426,37.3713]]],[[[137.2439,37.3716],[137.2439,37.3714],[137.2438,37.3715],[137.2439,37.3716]]],[[[137.2421,37.3716],[137.2422,37.3715],[137.2421,37.3715],[137.2421,37.3716]]],[[[137.2509,37.3126],[137.2508,37.3126],[137.2509,37.3127],[137.2509,37.3126]]],[[[137.2523,37.318],[137.2524,37.318],[137.2523,37.3179],[137.2523,37.318]]],[[[137.2526,37.3182],[137.2527,37.3182],[137.2526,37.3181],[137.2526,37.3182]]],[[[137.2527,37.3184],[137.2528,37.3184],[137.2527,37.3184],[137.2527,37.3184]]],[[[137.2586,37.321],[137.2586,37.3212],[137.2588,37.3212],[137.2586,37.321]]],[[[137.259,37.3212],[137.2589,37.3213],[137.2591,37.3213],[137.259,37.3212]]],[[[137.2597,37.3221],[137.2599,37.3221],[137.2598,37.3221],[137.2597,37.3221]]],[[[137.2604,37.3222],[137.2604,37.3223],[137.2604,37.3222],[137.2604,37.3222]]],[[[137.2651,37.3269],[137.265,37.3269],[137.2651,37.327],[137.2651,37.3269]]],[[[137.265,37.3271],[137.265,37.3272],[137.2651,37.3271],[137.265,37.3271]]],[[[137.2646,37.3275],[137.2646,37.3276],[137.2647,37.3275],[137.2646,37.3275]]],[[[137.2641,37.3287],[137.2642,37.3286],[137.2641,37.3286],[137.2641,37.3287]]],[[[137.2641,37.3288],[137.2642,37.3289],[137.2642,37.3288],[137.2641,37.3288]]],[[[137.2655,37.3335],[137.2655,37.3335],[137.2656,37.3335],[137.2655,37.3335]]],[[[137.2658,37.3337],[137.2657,37.3338],[137.2658,37.3337],[137.2658,37.3337]]],[[[137.266,37.3413],[137.2661,37.3412],[137.266,37.3412],[137.266,37.3413]]],[[[137.2661,37.342],[137.266,37.3419],[137.266,37.342],[137.2661,37.342]]],[[[137.2661,37.3421],[137.2661,37.3422],[137.2662,37.3421],[137.2661,37.3421]]],[[[137.2661,37.3426],[137.266,37.3425],[137.266,37.3426],[137.2661,37.3426]]],[[[137.2619,37.3458],[137.2621,37.346],[137.262,37.3458],[137.2619,37.3458]]],[[[137.2667,37.3511],[137.2667,37.3512],[137.2668,37.3512],[137.2667,37.3511]]],[[[137.267,37.3512],[137.2669,37.3512],[137.267,37.3513],[137.267,37.3512]]],[[[137.2672,37.3496],[137.2652,37.35],[137.2663,37.3502],[137.2668,37.3508],[137.2669,37.3516],[137.2674,37.3522],[137.268,37.3531],[137.268,37.3533],[137.268,37.3531],[137.2674,37.3522],[137.267,37.3515],[137.2668,37.3508],[137.2672,37.3496]]],[[[137.2668,37.3514],[137.2668,37.3515],[137.2668,37.3515],[137.2668,37.3514]]],[[[137.2669,37.3517],[137.2669,37.3516],[137.2669,37.3516],[137.2669,37.3517]]],[[[137.2624,37.3562],[137.2623,37.3563],[137.2624,37.3564],[137.2624,37.3562]]],[[[137.2623,37.3564],[137.2623,37.3565],[137.2624,37.3565],[137.2623,37.3564]]],[[[137.2627,37.3567],[137.2629,37.3568],[137.2629,37.3567],[137.2627,37.3567]]],[[[137.2499,37.356],[137.2504,37.3579],[137.25,37.3561],[137.2509,37.3553],[137.2499,37.356]]],[[[137.2634,37.3571],[137.2635,37.357],[137.2634,37.357],[137.2634,37.3571]]],[[[137.2656,37.3578],[137.2656,37.3577],[137.2655,37.3578],[137.2656,37.3578]]],[[[137.2657,37.3579],[137.2656,37.3578],[137.2656,37.3579],[137.2657,37.3579]]],[[[137.2667,37.358],[137.2668,37.3578],[137.2667,37.3579],[137.2667,37.358]]],[[[137.2687,37.3371],[137.2687,37.3371],[137.2687,37.3371],[137.2687,37.3371]]],[[[137.2687,37.3375],[137.2687,37.3376],[137.2687,37.3375],[137.2687,37.3375]]],[[[137.2686,37.3387],[137.2687,37.3387],[137.2686,37.3387],[137.2686,37.3387]]],[[[137.269,37.3387],[137.2689,37.3388],[137.269,37.3388],[137.269,37.3387]]],[[[137.267,37.3514],[137.267,37.3515],[137.2671,37.3515],[137.267,37.3514]]],[[[137.267,37.3518],[137.2669,37.3518],[137.267,37.3518],[137.267,37.3518]]],[[[137.267,37.3523],[137.267,37.3522],[137.2669,37.3523],[137.267,37.3523]]],[[[137.2674,37.3522],[137.2673,37.3524],[137.2674,37.3523],[137.2674,37.3522]]],[[[137.2681,37.3528],[137.2682,37.3527],[137.2682,37.3527],[137.2681,37.3528]]],[[[137.2675,37.3529],[137.2674,37.3525],[137.2672,37.3526],[137.2675,37.3529]]],[[[137.2683,37.353],[137.2682,37.353],[137.2683,37.353],[137.2683,37.353]]],[[[137.2683,37.3542],[137.2684,37.3542],[137.2683,37.3542],[137.2683,37.3542]]],[[[137.2686,37.3543],[137.2686,37.3544],[137.2687,37.3544],[137.2686,37.3543]]],[[[137.2677,37.3545],[137.2688,37.3547],[137.269,37.3545],[137.2677,37.3545]]],[[[137.2677,37.3548],[137.2678,37.3547],[137.2677,37.3547],[137.2677,37.3548]]],[[[137.2674,37.3551],[137.2675,37.3551],[137.2675,37.3551],[137.2674,37.3551]]],[[[137.2678,37.3555],[137.2679,37.3556],[137.2679,37.3555],[137.2678,37.3555]]],[[[137.2677,37.3556],[137.2678,37.3558],[137.2678,37.3557],[137.2677,37.3556]]],[[[137.2674,37.3559],[137.2675,37.3558],[137.2674,37.3559],[137.2674,37.3559]]],[[[137.2683,37.3562],[137.2683,37.3561],[137.2683,37.3561],[137.2683,37.3562]]],[[[137.2677,37.3563],[137.2678,37.3564],[137.2678,37.3563],[137.2677,37.3563]]],[[[137.2673,37.3565],[137.2674,37.3565],[137.2674,37.3564],[137.2673,37.3565]]],[[[137.2678,37.3565],[137.2678,37.3565],[137.2679,37.3565],[137.2678,37.3565]]],[[[137.2675,37.3569],[137.2675,37.3571],[137.2676,37.357],[137.2675,37.3569]]],[[[137.2674,37.3573],[137.2674,37.3573],[137.2673,37.3573],[137.2674,37.3573]]],[[[137.267,37.3574],[137.2671,37.3574],[137.2672,37.3574],[137.267,37.3574]]],[[[137.267,37.3576],[137.267,37.3576],[137.2669,37.3576],[137.267,37.3576]]],[[[137.2671,37.3581],[137.267,37.3581],[137.2671,37.3581],[137.2671,37.3581]]],[[[137.2672,37.3582],[137.2672,37.3582],[137.2673,37.3582],[137.2672,37.3582]]],[[[137.267,37.3582],[137.267,37.3583],[137.2671,37.3582],[137.267,37.3582]]]]}},{"type":"Feature","properties":{"id":"18201","name":"福井市","pref":"福井県"},"geometry":{"type":"MultiPolygon","coordinates":[[[[135.965,35.9979],[135.9648,35.998],[135.9649,35.998],[135.965,35.9979]]],[[[135.9641,35.9978],[135.9639,35.9981],[135.9644,35.9981],[135.9641,35.9978]]],[[[135.9654,35.9983],[135.9654,35.9983],[135.9655,35.9983],[135.9654,35.9983]]],[[[135.9651,35.9985],[135.9651,35.9985],[135.9651,35.9985],[135.9651,35.9985]]],[[[135.9665,35.9987],[135.9666,35.9986],[135.9666,35.9986],[135.9665,35.9987]]],[[[135.9657,35.999],[135.9657,35.9988],[135.9655,35.9988],[135.9657,35.999]]],[[[135.9651,35.999],[135.9651,35.9989],[135.9651,35.999],[135.9651,35.999]]],[[[135.9651,35.999],[135.965,35.999],[135.965,35.999],[135.9651,35.999]]],[[[135.9652,35.999],[135.9652,35.999],[135.9652,35.999],[135.9652,35.999]]],[[[135.9671,35.9992],[135.9671,35.9991],[135.9671,35.9991],[135.9671,35.9992]]],[[[135.9664,35.9992],[135.9664,35.9992],[135.9664,35.9992],[135.9664,35.9992]]],[[[135.967,35.9996],[135.9671,35.9996],[135.9671,35.9995],[135.967,35.9996]]],[[[135.9673,35.9997],[135.9674,35.9995],[135.9673,35.9996],[135.9673,35.9997]]],[[[135.9674,36.0003],[135.9675,36.0004],[135.9675,36.0003],[135.9674,36.0003]]],[[[135.9675,36.0011],[135.9675,36.0011],[135.9674,36.0011],[135.9675,36.0011]]],[[[135.9682,36.0014],[135.968,36.0015],[135.9682,36.0014],[135.9682,36.0014]]],[[[135.9707,36.0013],[135.9708,36.0015],[135.9708,36.0014],[135.9709,36.0015],[135.9713,36.0015],[135.9707,36.0013]]],[[[135.9687,36.0014],[135.9686,36.0015],[135.9688,36.0014],[135.9687,36.0014]]],[[[135.9707,36.0016],[135.9707,36.0015],[135.9706,36.0015],[135.9707,36.0016]]],[[[135.971,36.0016],[135.971,36.0016],[135.9709,36.0016],[135.971,36.0016]]],[[[135.9709,36.0016],[135.9708,36.0016],[135.9708,36.0016],[135.9709,36.0016]]],[[[135.971,36.0017],[135.971,36.0016],[135.9709,36.0016],[135.971,36.0017]]],[[[135.9706,36.0018],[135.9706,36.0017],[135.9705,36.0017],[135.9706,36.0018]]],[[[135.9707,36.0018],[135.9707,36.0018],[135.9707,36.0018],[135.9707,36.0018]]],[[[135.9706,36.0019],[135.9706,36.0018],[135.9706,36.0018],[135.9706,36.0019]]],[[[135.9683,36.0018],[135.9684,36.0019],[135.9684,36.0018],[135.9683,36.0018]]],[[[135.9681,36.0019],[135.9679,36.0019],[135.9678,36.0019],[135.9681,36.0019]]],[[[135.9675,36.002],[135.9675,36.0019],[135.9674,36.002],[135.9675,36.002]]],[[[135.9677,36.0021],[135.9678,36.0021],[135.9677,36.0021],[135.9677,36.0021]]],[[[135.968,36.0021],[135.9679,36.0021],[135.9678,36.0021],[135.968,36.0021]]],[[[135.9722,36.0022],[135.9721,36.0022],[135.9721,36.0022],[135.9722,36.0022]]],[[[135.9719,36.0023],[135.972,36.0023],[135.9721,36.0023],[135.9719,36.0023]]],[[[135.9719,36.0026],[135.9718,36.0025],[135.9718,36.0025],[135.9719,36.0026]]],[[[135.9717,36.0027],[135.9719,36.0026],[135.9717,36.0026],[135.9717,36.0027]]],[[[135.9694,36.0027],[135.9694,36.0028],[135.9695,36.0027],[135.9694,36.0027]]],[[[135.9727,36.0029],[135.9728,36.0028],[135.9727,36.003],[135.9727,36.0029]]],[[[135.9735,36.004],[135.9738,36.0039],[135.9735,36.0039],[135.9735,36.004]]],[[[135.9735,36.0051],[135.9737,36.0054],[135.9738,36.0051],[135.9735,36.0051]]],[[[135.9848,36.009],[135.9849,36.0089],[135.9848,36.0089],[135.9848,36.009]]],[[[135.985,36.0093],[135.985,36.0092],[135.985,36.0092],[135.985,36.0093]]],[[[135.983,36.01],[135.983,36.0101],[135.9831,36.01],[135.983,36.01]]],[[[135.9858,36.0108],[135.9858,36.0109],[135.9858,36.0108],[135.9858,36.0108]]],[[[135.9896,36.0146],[135.9896,36.0146],[135.9896,36.0146],[135.9896,36.0146]]],[[[135.9962,36.0196],[135.9963,36.0195],[135.9962,36.0195],[135.9962,36.0196]]],[[[135.9963,36.0196],[135.9963,36.0196],[135.9963,36.0195],[135.9963,36.0196]]],[[[135.996,36.0197],[135.996,36.0197],[135.996,36.0197],[135.996,36.0197]]],[[[135.9961,36.0198],[135.9961,36.0197],[135.9961,36.0198],[135.9961,36.0198]]],[[[136.0119,36.0469],[136.0115,36.047],[136.0121,36.0474],[136.0119,36.0469]]],[[[136.0149,36.0519],[136.0149,36.0518],[136.0148,36.0518],[136.0149,36.0519]]],[[[136.0149,36.0519],[136.0149,36.0519],[136.0149,36.0519],[136.0149,36.0519]]],[[[136.0148,36.0521],[136.0148,36.052],[136.0147,36.052],[136.0148,36.0521]]],[[[136.0147,36.0521],[136.0147,36.0521],[136.0147,36.0521],[136.0147,36.0521]]],[[[136.0149,36.0522],[136.0148,36.0521],[136.0148,36.0521],[136.0149,36.0522]]],[[[136.0147,36.0521],[136.0148,36.0522],[136.0148,36.0522],[136.0147,36.0521]]],[[[136.0147,36.0522],[136.0148,36.0523],[136.0147,36.0521],[136.0147,36.0522],[136.0147,36.0522]]],[[[136.0147,36.0522],[136.0147,36.0523],[136.0147,36.0522],[136.0147,36.0522]]],[[[136.0146,36.0521],[136.0147,36.0524],[136.0148,36.0524],[136.0146,36.0521]]],[[[136.0148,36.0524],[136.0148,36.0524],[136.0148,36.0525],[136.0148,36.0524]]],[[[136.015,36.0524],[136.0152,36.0524],[136.0148,36.052],[136.015,36.0524]]],[[[136.015,36.0527],[136.015,36.0527],[136.015,36.0527],[136.015,36.0527]]],[[[136.0152,36.0527],[136.0152,36.0528],[136.0152,36.0528],[136.0152,36.0527]]],[[[136.0148,36.0528],[136.0149,36.0529],[136.0149,36.0529],[136.0148,36.0528]]],[[[136.0152,36.053],[136.0153,36.053],[136.0149,36.0527],[136.0152,36.053]]],[[[136.0155,36.0531],[136.0154,36.0529],[136.0153,36.0528],[136.0155,36.0531]]],[[[136.0157,36.0534],[136.0158,36.0534],[136.0157,36.0534],[136.0157,36.0534]]],[[[136.0163,36.0535],[136.0163,36.0536],[136.0163,36.0535],[136.0163,36.0535]]],[[[136.017,36.0547],[136.0167,36.0547],[136.017,36.0548],[136.017,36.0547]]],[[[136.0165,36.0547],[136.0164,36.0547],[136.0164,36.0548],[136.0165,36.0547]]],[[[136.0169,36.0549],[136.017,36.0548],[136.0168,36.0549],[136.0169,36.0549]]],[[[136.0168,36.0549],[136.0168,36.055],[136.0168,36.055],[136.0168,36.0549]]],[[[136.0171,36.055],[136.0171,36.055],[136.017,36.055],[136.0171,36.055],[136.0171,36.055]]],[[[136.017,36.0551],[136.017,36.0551],[136.017,36.0551],[136.017,36.0551]]],[[[136.0172,36.0551],[136.0171,36.0551],[136.0171,36.0551],[136.0172,36.0552],[136.0172,36.0551]]],[[[136.0174,36.0588],[136.0174,36.0587],[136.0174,36.0587],[136.0174,36.0588]]],[[[136.0194,36.0588],[136.0194,36.0589],[136.0195,36.0589],[136.0194,36.0588]]],[[[136.0189,36.0601],[136.0189,36.0603],[136.019,36.0601],[136.0189,36.0601]]],[[[136.0192,36.0611],[136.0193,36.061],[136.0192,36.061],[136.0192,36.0611]]],[[[136.0193,36.0611],[136.0193,36.0611],[136.0193,36.0611],[136.0193,36.0611]]],[[[136.0193,36.0612],[136.0193,36.0612],[136.0193,36.0611],[136.0193,36.0612]]],[[[136.0194,36.0614],[136.0191,36.0614],[136.0192,36.0615],[136.0194,36.0614]]],[[[136.0194,36.0614],[136.0193,36.0615],[136.0194,36.0615],[136.0194,36.0614]]],[[[136.0194,36.0616],[136.0194,36.0615],[136.0194,36.0615],[136.0194,36.0616]]],[[[136.0196,36.0619],[136.0197,36.0617],[136.0195,36.0618],[136.0196,36.0619]]],[[[136.0195,36.062],[136.0194,36.062],[136.0195,36.062],[136.0195,36.062]]],[[[136.0197,36.0621],[136.0197,36.0621],[136.0197,36.062],[136.0197,36.0621]]],[[[136.0195,36.0621],[136.0193,36.0622],[136.0195,36.0622],[136.0195,36.0621]]],[[[136.0197,36.0623],[136.0197,36.0624],[136.0198,36.0623],[136.0197,36.0623]]],[[[136.0181,36.0625],[136.0182,36.0625],[136.0181,36.0624],[136.0181,36.0625]]],[[[136.0189,36.0628],[136.019,36.0628],[136.0189,36.0627],[136.0189,36.0628]]],[[[136.0195,36.0629],[136.0194,36.0629],[136.0194,36.0629],[136.0195,36.0629]]],[[[136.0177,36.0629],[136.0177,36.0629],[136.0176,36.0629],[136.0177,36.0629]]],[[[136.0179,36.0631],[136.0179,36.0631],[136.0178,36.0631],[136.0179,36.0631]]],[[[136.0189,36.0633],[136.0189,36.0632],[136.0189,36.0633],[136.0189,36.0633]]],[[[136.0181,36.0633],[136.018,36.0634],[136.0181,36.0634],[136.0181,36.0633]]],[[[136.0177,36.0635],[136.0177,36.0636],[136.0177,36.0636],[136.0177,36.0635]]],[[[136.0194,36.0638],[136.0193,36.0638],[136.0194,36.0639],[136.0194,36.0638]]],[[[136.0192,36.0638],[136.0192,36.0639],[136.0193,36.0639],[136.0192,36.0638]]],[[[136.0189,36.064],[136.0188,36.064],[136.0188,36.064],[136.0189,36.064]]],[[[136.019,36.064],[136.0189,36.0642],[136.019,36.0641],[136.019,36.064]]],[[[136.0192,36.0642],[136.019,36.0642],[136.0189,36.0643],[136.0192,36.0642]]],[[[136.0186,36.0642],[136.0187,36.0643],[136.0187,36.0643],[136.0186,36.0642]]],[[[136.0193,36.0644],[136.0191,36.0644],[136.0192,36.0645],[136.0193,36.0644]]],[[[136.0186,36.0644],[136.0187,36.0645],[136.0187,36.0644],[136.0186,36.0644]]],[[[136.0187,36.0645],[136.0188,36.0645],[136.0188,36.0645],[136.0187,36.0645]]],[[[136.0189,36.0645],[136.0188,36.0646],[136.0189,36.0645],[136.0189,36.0645]]],[[[136.0189,36.0646],[136.0189,36.0648],[136.019,36.0647],[136.0189,36.0646]]],[[[136.0184,36.0648],[136.0184,36.0648],[136.0184,36.0647],[136.0184,36.0648]]],[[[136.0179,36.0648],[136.0179,36.0647],[136.0178,36.0648],[136.0179,36.0648]]],[[[136.0193,36.0654],[136.0193,36.0649],[136.019,36.0648],[136.0193,36.0654]]],[[[136.0191,36.0654],[136.0189,36.0651],[136.0191,36.0656],[136.0191,36.0654]]],[[[136.0189,36.0655],[136.0187,36.0653],[136.0189,36.0656],[136.0189,36.0655]]],[[[136.0184,36.0654],[136.0184,36.0655],[136.0185,36.0654],[136.0184,36.0654]]],[[[136.0195,36.0654],[136.0195,36.0656],[136.0196,36.0654],[136.0195,36.0654]]],[[[136.0185,36.0655],[136.0185,36.0656],[136.0185,36.0655],[136.0185,36.0655]]],[[[136.0196,36.0655],[136.0196,36.0656],[136.0196,36.0656],[136.0196,36.0655]]],[[[136.019,36.0657],[136.019,36.0656],[136.0189,36.0656],[136.019,36.0657]]],[[[136.0188,36.0659],[136.0188,36.0659],[136.0189,36.0659],[136.0188,36.0659]]],[[[136.0192,36.0659],[136.0192,36.066],[136.0192,36.066],[136.0192,36.0659]]],[[[136.0187,36.0661],[136.0188,36.0659],[136.0186,36.066],[136.0187,36.0661]]],[[[136.019,36.0662],[136.0188,36.0661],[136.0188,36.0662],[136.019,36.0662]]],[[[136.0194,36.0662],[136.0192,36.0662],[136.0194,36.0663],[136.0194,36.0662]]],[[[136.019,36.0665],[136.019,36.0664],[136.019,36.0665],[136.019,36.0665]]],[[[136.0192,36.0664],[136.0191,36.0664],[136.0191,36.0665],[136.0192,36.0664]]],[[[136.0195,36.0665],[136.0194,36.0665],[136.0195,36.0666],[136.0195,36.0665]]],[[[136.0197,36.0664],[136.0198,36.0667],[136.0198,36.0667],[136.0197,36.0664]]],[[[136.019,36.0666],[136.019,36.0666],[136.019,36.0666],[136.019,36.0666]]],[[[136.0192,36.0665],[136.019,36.0666],[136.019,36.0667],[136.0192,36.0665]]],[[[136.0194,36.0666],[136.0193,36.0668],[136.0194,36.0666],[136.0194,36.0666]]],[[[136.0189,36.0668],[136.0189,36.0667],[136.0189,36.0668],[136.0189,36.0668]]],[[[136.019,36.0668],[136.019,36.0668],[136.019,36.0668],[136.019,36.0668]]],[[[136.019,36.0669],[136.0191,36.067],[136.0191,36.0669],[136.019,36.0669]]],[[[136.0196,36.0668],[136.0193,36.067],[136.0195,36.0672],[136.0196,36.0668]]],[[[136.0193,36.0671],[136.0193,36.0671],[136.0193,36.0671],[136.0193,36.0671]]],[[[136.0192,36.0671],[136.0191,36.0671],[136.0192,36.0672],[136.0192,36.0671]]],[[[136.0192,36.0672],[136.0192,36.0672],[136.0193,36.0672],[136.0192,36.0672]]],[[[136.0194,36.0672],[136.0195,36.0674],[136.0195,36.0672],[136.0194,36.0672]]],[[[136.0191,36.0673],[136.0191,36.0673],[136.0191,36.0673],[136.0191,36.0673]]],[[[136.0192,36.0674],[136.0191,36.0674],[136.0191,36.0674],[136.0192,36.0674]]],[[[136.0197,36.0675],[136.0195,36.0676],[136.0196,36.0676],[136.0197,36.0675]]],[[[136.0194,36.0677],[136.0194,36.0677],[136.0194,36.0676],[136.0194,36.0677]]],[[[136.0196,36.0677],[136.0196,36.0677],[136.0196,36.0677],[136.0196,36.0677]]],[[[136.0197,36.0678],[136.0197,36.0677],[136.0196,36.0678],[136.0197,36.0678]]],[[[136.0195,36.0678],[136.0196,36.0677],[136.0195,36.0677],[136.0195,36.0678]]],[[[136.0194,36.0678],[136.0193,36.0678],[136.0193,36.0678],[136.0194,36.0678]]],[[[136.0194,36.0678],[136.0195,36.0678],[136.0195,36.0678],[136.0194,36.0678]]],[[[136.0195,36.0678],[136.0195,36.0679],[136.0195,36.0678],[136.0195,36.0678]]],[[[136.0198,36.0623],[136.0199,36.0623],[136.0199,36.0623],[136.0198,36.0623]]],[[[136.02,36.0624],[136.0199,36.0625],[136.0199,36.0625],[136.02,36.0624]]],[[[136.0201,36.0625],[136.0201,36.0626],[136.0202,36.0625],[136.0201,36.0625]]],[[[136.0201,36.0626],[136.02,36.0626],[136.0201,36.0626],[136.0201,36.0626]]],[[[136.0202,36.0626],[136.0202,36.0627],[136.0203,36.0626],[136.0202,36.0626]]],[[[136.0198,36.0661],[136.0198,36.066],[136.0197,36.0661],[136.0198,36.0661]]],[[[136.0197,36.0671],[136.0198,36.0674],[136.0197,36.0671],[136.0197,36.0671]]],[[[136.0201,36.0673],[136.02,36.0674],[136.0201,36.0674],[136.0201,36.0673]]],[[[136.02,36.0672],[136.0203,36.0676],[136.0199,36.0668],[136.02,36.0672]]],[[[136.0201,36.0676],[136.0202,36.0678],[136.0201,36.0675],[136.0201,36.0676]]],[[[136.02,36.0678],[136.02,36.0678],[136.02,36.0678],[136.02,36.0678]]],[[[136.0198,36.0678],[136.0198,36.0678],[136.0198,36.0678],[136.0198,36.0678]]],[[[136.0208,36.068],[136.0207,36.068],[136.0208,36.068],[136.0208,36.068]]],[[[136.0201,36.068],[136.0203,36.0681],[136.0201,36.0679],[136.0201,36.068]]],[[[136.0198,36.068],[136.0199,36.068],[136.0199,36.068],[136.0198,36.068]]],[[[136.0199,36.0683],[136.02,36.0683],[136.02,36.0682],[136.0199,36.0683]]],[[[136.0199,36.0685],[136.02,36.0685],[136.02,36.0685],[136.0199,36.0685]]],[[[136.021,36.0687],[136.021,36.0687],[136.021,36.0687],[136.021,36.0687]]],[[[136.0208,36.0688],[136.0208,36.0689],[136.0208,36.0688],[136.0208,36.0688]]],[[[136.0202,36.069],[136.0201,36.0691],[136.0202,36.0691],[136.0202,36.069]]],[[[136.0211,36.0692],[136.0209,36.0689],[136.021,36.0692],[136.0211,36.0692]]],[[[136.0207,36.0694],[136.0207,36.0692],[136.0207,36.0692],[136.0207,36.0694]]],[[[136.0206,36.0693],[136.0206,36.0693],[136.0206,36.0693],[136.0206,36.0693]]],[[[136.021,36.0693],[136.0211,36.0695],[136.0211,36.0692],[136.021,36.0693]]],[[[136.0203,36.0695],[136.0204,36.0695],[136.0204,36.0695],[136.0203,36.0695]]],[[[136.0206,36.0696],[136.0205,36.0696],[136.0206,36.0696],[136.0206,36.0696]]],[[[136.0206,36.0698],[136.0206,36.0699],[136.0207,36.0698],[136.0206,36.0698]]],[[[136.0205,36.0699],[136.0205,36.0698],[136.0205,36.0698],[136.0205,36.0699]]],[[[136.0206,36.07],[136.0206,36.0699],[136.0206,36.0698],[136.0206,36.07]]],[[[136.0205,36.07],[136.0205,36.07],[136.0205,36.07],[136.0205,36.07]]],[[[136.0208,36.0696],[136.021,36.0705],[136.021,36.0707],[136.0208,36.0696]]],[[[136.021,36.0702],[136.021,36.0703],[136.021,36.0701],[136.021,36.0702]]],[[[136.0205,36.0704],[136.0205,36.0703],[136.0205,36.0705],[136.0205,36.0704]]],[[[136.0209,36.0707],[136.0207,36.07],[136.0209,36.0707],[136.0209,36.0707]]],[[[136.0208,36.0712],[136.0205,36.07],[136.0208,36.0713],[136.0208,36.0712]]],[[[136.0206,36.071],[136.0206,36.071],[136.0206,36.071],[136.0206,36.071]]],[[[136.0211,36.0708],[136.0213,36.0711],[136.0212,36.0707],[136.0211,36.0708]]],[[[136.0211,36.0707],[136.0212,36.0713],[136.0211,36.0708],[136.0211,36.0707]]],[[[136.0207,36.0712],[136.0206,36.071],[136.0207,36.0712],[136.0207,36.0712]]],[[[136.0206,36.0713],[136.0206,36.0713],[136.0206,36.0713],[136.0206,36.0713]]],[[[136.0212,36.0714],[136.0213,36.0714],[136.0212,36.0713],[136.0212,36.0714]]],[[[136.0208,36.0713],[136.0208,36.0714],[136.0209,36.0714],[136.0208,36.0713]]],[[[136.0212,36.0714],[136.0212,36.0715],[136.0212,36.0715],[136.0212,36.0714]]],[[[136.0208,36.0715],[136.0207,36.0715],[136.0207,36.0716],[136.0208,36.0715]]],[[[136.0213,36.0715],[136.0212,36.0716],[136.0213,36.0716],[136.0213,36.0715]]],[[[136.0209,36.0716],[136.0209,36.0716],[136.0209,36.0716],[136.0209,36.0716]]],[[[136.0216,36.0717],[136.0216,36.0717],[136.0216,36.0717],[136.0216,36.0717]]],[[[136.0209,36.0717],[136.0209,36.0717],[136.0209,36.0717],[136.0209,36.0717]]],[[[136.0221,36.0719],[136.0221,36.0719],[136.022,36.0719],[136.0221,36.0719]]],[[[136.0214,36.0719],[136.0214,36.072],[136.0215,36.0719],[136.0214,36.0719]]],[[[136.0223,36.0719],[136.0224,36.0719],[136.0223,36.0718],[136.0223,36.0719]]],[[[136.022,36.072],[136.0221,36.072],[136.022,36.072],[136.022,36.072]]],[[[136.022,36.0722],[136.022,36.0723],[136.0221,36.0723],[136.022,36.0722]]],[[[136.0224,36.0739],[136.0225,36.0739],[136.0225,36.0739],[136.0224,36.0739]]],[[[136.0225,36.074],[136.0224,36.074],[136.0224,36.074],[136.0225,36.074]]],[[[136.0225,36.0741],[136.0223,36.0741],[136.0226,36.0742],[136.0225,36.0741]]],[[[136.0228,36.0741],[136.0229,36.0741],[136.0228,36.0741],[136.0228,36.0741]]],[[[136.0227,36.0742],[136.0227,36.0742],[136.0227,36.0741],[136.0227,36.0742]]],[[[136.0226,36.0744],[136.0226,36.0744],[136.0226,36.0744],[136.0226,36.0744]]],[[[136.0233,36.0748],[136.0232,36.0745],[136.0233,36.0749],[136.0233,36.0748]]],[[[136.0227,36.0747],[136.0227,36.0748],[136.0228,36.0748],[136.0227,36.0747]]],[[[136.0226,36.0749],[136.0226,36.0749],[136.0226,36.0749],[136.0226,36.0749]]],[[[136.0228,36.075],[136.0228,36.075],[136.0228,36.075],[136.0228,36.075]]],[[[136.022,36.0752],[136.0219,36.075],[136.0219,36.075],[136.022,36.0752]]],[[[136.0238,36.0752],[136.0237,36.0752],[136.0238,36.0753],[136.0238,36.0752]]],[[[136.0237,36.0753],[136.0237,36.0752],[136.0237,36.0752],[136.0237,36.0753]]],[[[136.0243,36.0754],[136.0243,36.0754],[136.0243,36.0754],[136.0243,36.0754]]],[[[136.0236,36.077],[136.0236,36.0768],[136.0234,36.0769],[136.0236,36.077]]],[[[136.0232,36.0823],[136.0232,36.0823],[136.0232,36.0823],[136.0232,36.0823]]],[[[136.023,36.0824],[136.0231,36.0823],[136.023,36.0823],[136.023,36.0824]]],[[[136.0235,36.0823],[136.0234,36.0824],[136.0235,36.0824],[136.0235,36.0823]]],[[[136.0224,36.0824],[136.0225,36.0824],[136.0224,36.0824],[136.0224,36.0824]]],[[[136.0225,36.0832],[136.0224,36.0833],[136.0225,36.0833],[136.0225,36.0832]]],[[[136.0249,36.0717],[136.0248,36.0716],[136.0249,36.0718],[136.0249,36.0717]]],[[[136.0254,36.0721],[136.0255,36.072],[136.0254,36.0721],[136.0254,36.0721]]],[[[136.0255,36.0722],[136.0255,36.0722],[136.0254,36.0722],[136.0255,36.0722]]],[[[136.0243,36.0763],[136.0244,36.076],[136.0242,36.076],[136.0243,36.0763]]],[[[136.0245,36.0762],[136.0246,36.0762],[136.0245,36.0762],[136.0245,36.0762]]],[[[136.0243,36.0764],[136.0245,36.0765],[136.0245,36.0764],[136.0243,36.0764]]],[[[136.0247,36.0764],[136.0247,36.0766],[136.0249,36.0766],[136.0247,36.0764]]],[[[136.0245,36.0766],[136.0244,36.0766],[136.0244,36.0767],[136.0245,36.0766]]],[[[136.0246,36.0766],[136.0245,36.0768],[136.0247,36.0767],[136.0246,36.0766]]],[[[136.0248,36.0767],[136.0249,36.0767],[136.0248,36.0767],[136.0248,36.0767]]],[[[136.0247,36.0767],[136.0247,36.0768],[136.0247,36.0767],[136.0247,36.0767]]],[[[136.0247,36.0771],[136.0248,36.0768],[136.0247,36.0768],[136.0247,36.0771]]],[[[136.0254,36.0771],[136.0255,36.077],[136.0254,36.077],[136.0254,36.0771]]],[[[136.0251,36.0772],[136.0251,36.0771],[136.0251,36.0772],[136.0251,36.0772]]],[[[136.0249,36.0772],[136.025,36.0772],[136.025,36.0771],[136.0249,36.0772]]],[[[136.0258,36.0772],[136.0258,36.0772],[136.0258,36.0772],[136.0258,36.0772]]],[[[136.025,36.0772],[136.0251,36.0773],[136.0251,36.0772],[136.025,36.0772]]],[[[136.0253,36.0774],[136.0253,36.0776],[136.0254,36.0775],[136.0253,36.0774]]],[[[136.0261,36.0776],[136.026,36.0776],[136.0261,36.0777],[136.0261,36.0776]]],[[[136.0259,36.0778],[136.0258,36.0778],[136.0258,36.0779],[136.0259,36.0778]]],[[[136.0256,36.0778],[136.0255,36.0779],[136.0256,36.0779],[136.0256,36.0778]]],[[[136.0261,36.0778],[136.0261,36.0779],[136.0261,36.0779],[136.0261,36.0778]]],[[[136.026,36.0781],[136.0259,36.078],[136.0259,36.078],[136.026,36.0781]]],[[[136.026,36.078],[136.0261,36.078],[136.0261,36.078],[136.026,36.078]]],[[[136.0263,36.0781],[136.0262,36.0781],[136.0262,36.0781],[136.0263,36.0781]]],[[[136.0259,36.0782],[136.026,36.0782],[136.026,36.0781],[136.0259,36.0782]]],[[[136.0257,36.0782],[136.0257,36.0783],[136.0257,36.0783],[136.0257,36.0782]]],[[[136.0258,36.0786],[136.0257,36.0786],[136.0257,36.0786],[136.0258,36.0786]]],[[[136.0252,36.0788],[136.0253,36.0788],[136.0253,36.0788],[136.0252,36.0788]]],[[[136.0253,36.0788],[136.0253,36.0788],[136.0253,36.0788],[136.0253,36.0788]]],[[[136.025,36.079],[136.0249,36.079],[136.025,36.079],[136.025,36.079]]],[[[136.0252,36.079],[136.0251,36.079],[136.0251,36.079],[136.0252,36.079]]],[[[136.0249,36.079],[136.0248,36.079],[136.0248,36.0791],[136.0249,36.079]]],[[[136.0251,36.0791],[136.025,36.0791],[136.025,36.0791],[136.0251,36.0791]]],[[[136.0253,36.0792],[136.0253,36.0791],[136.0253,36.0791],[136.0253,36.0792]]],[[[136.0252,36.0792],[136.0253,36.0791],[136.0252,36.0792],[136.0252,36.0792]]],[[[136.026,36.0791],[136.026,36.0793],[136.0261,36.0793],[136.026,36.0791]]],[[[136.0255,36.0792],[136.0254,36.0792],[136.0254,36.0792],[136.0254,36.0792],[136.0255,36.0792]]],[[[136.0253,36.0792],[136.0253,36.0792],[136.0253,36.0792],[136.0253,36.0792]]],[[[136.0253,36.0792],[136.0254,36.0794],[136.0254,36.0793],[136.0253,36.0792]]],[[[136.0255,36.0793],[136.0255,36.0793],[136.0256,36.0793],[136.0255,36.0793]]],[[[136.0255,36.0794],[136.0255,36.0793],[136.0254,36.0794],[136.0255,36.0794]]],[[[136.0261,36.0794],[136.0262,36.0795],[136.0262,36.0794],[136.0261,36.0794]]],[[[136.0256,36.0795],[136.0255,36.0794],[136.0255,36.0795],[136.0256,36.0795]]],[[[136.0263,36.0802],[136.0264,36.0803],[136.0264,36.0803],[136.0263,36.0802]]],[[[136.0264,36.0804],[136.0264,36.0805],[136.0263,36.0804],[136.0264,36.0804]]],[[[136.0267,36.0806],[136.0268,36.0806],[136.0267,36.0806],[136.0267,36.0806]]],[[[136.0266,36.0806],[136.0267,36.0808],[136.0266,36.0806],[136.0266,36.0806]]],[[[136.0257,36.0807],[136.0257,36.0808],[136.0258,36.0808],[136.0257,36.0807]]],[[[136.0268,36.0809],[136.0268,36.0808],[136.0268,36.0808],[136.0268,36.0809]]],[[[136.0269,36.0809],[136.0269,36.0808],[136.0269,36.0809],[136.0269,36.0809]]],[[[136.027,36.0809],[136.027,36.0809],[136.027,36.0809],[136.027,36.0809]]],[[[136.0269,36.081],[136.0269,36.0809],[136.0268,36.0809],[136.0269,36.081]]],[[[136.026,36.0808],[136.0261,36.0811],[136.0262,36.081],[136.026,36.0808]]],[[[136.0263,36.0811],[136.0263,36.081],[136.0263,36.0811],[136.0263,36.0811]]],[[[136.0258,36.0811],[136.0257,36.0811],[136.0258,36.0811],[136.0258,36.0811]]],[[[136.0262,36.0812],[136.0265,36.0812],[136.0263,36.081],[136.0262,36.0812]]],[[[136.0272,36.0813],[136.0272,36.0813],[136.0272,36.0813],[136.0272,36.0813]]],[[[136.0271,36.0813],[136.0271,36.0813],[136.0271,36.0813],[136.0271,36.0813]]],[[[136.0272,36.0814],[136.0271,36.0813],[136.0271,36.0814],[136.0272,36.0814]]],[[[136.027,36.0817],[136.0269,36.0817],[136.0269,36.0817],[136.027,36.0817]]],[[[136.027,36.0817],[136.027,36.0817],[136.027,36.0817],[136.027,36.0817]]],[[[136.0272,36.0819],[136.0272,36.0818],[136.0271,36.0819],[136.0272,36.0819]]],[[[136.0271,36.082],[136.027,36.0819],[136.027,36.0819],[136.0271,36.082]]],[[[136.0274,36.0831],[136.0274,36.0831],[136.0274,36.0831],[136.0274,36.0831]]],[[[136.0257,36.084],[136.0257,36.084],[136.0258,36.084],[136.0257,36.084]]],[[[136.0258,36.0842],[136.0258,36.0842],[136.0258,36.0842],[136.0258,36.0842]]],[[[136.0259,36.0842],[136.026,36.0843],[136.026,36.0842],[136.0259,36.0842]]],[[[136.026,36.0844],[136.026,36.0843],[136.026,36.0843],[136.026,36.0844]]],[[[136.0271,36.0913],[136.027,36.0913],[136.027,36.0913],[136.0271,36.0913]]],[[[136.0274,36.0951],[136.0274,36.0951],[136.0275,36.0951],[136.0274,36.0951]]],[[[136.0269,36.0952],[136.0268,36.0953],[136.027,36.0954],[136.0269,36.0952]]],[[[136.0273,36.0957],[136.0272,36.0957],[136.0272,36.0958],[136.0273,36.0957]]],[[[136.0277,36.0816],[136.0276,36.0817],[136.0277,36.0816],[136.0277,36.0816]]],[[[136.0278,36.0818],[136.0277,36.0818],[136.0277,36.0818],[136.0278,36.0818]]],[[[136.0279,36.0824],[136.0279,36.0825],[136.028,36.0825],[136.0279,36.0824]]],[[[136.0278,36.0825],[136.0278,36.0825],[136.0278,36.0825],[136.0278,36.0825]]],[[[136.0278,36.0825],[136.0277,36.0825],[136.0277,36.0825],[136.0278,36.0825]]],[[[136.028,36.0832],[136.028,36.0832],[136.0281,36.0832],[136.028,36.0832]]],[[[136.0275,36.0831],[136.0275,36.0833],[136.0276,36.0833],[136.0275,36.0831]]],[[[136.0278,36.0834],[136.0279,36.0833],[136.0278,36.0833],[136.0278,36.0834]]],[[[136.0281,36.0834],[136.0282,36.0833],[136.0281,36.0834],[136.0281,36.0834]]],[[[136.0277,36.0835],[136.0277,36.0834],[136.0276,36.0834],[136.0277,36.0835]]],[[[136.0282,36.0835],[136.0282,36.0834],[136.0282,36.0835],[136.0282,36.0835]]],[[[136.0279,36.0836],[136.0279,36.0836],[136.0279,36.0836],[136.0279,36.0836]]],[[[136.0284,36.0838],[136.0284,36.0839],[136.0285,36.0838],[136.0284,36.0838]]],[[[136.0283,36.084],[136.0283,36.0839],[136.0282,36.0839],[136.0283,36.084]]],[[[136.0284,36.0841],[136.0283,36.084],[136.0283,36.0841],[136.0284,36.0841]]],[[[136.0283,36.0841],[136.0282,36.0842],[136.0282,36.0842],[136.0283,36.0841]]],[[[136.0285,36.0843],[136.0288,36.0847],[136.0285,36.0843],[136.0285,36.0843]]],[[[136.0285,36.0845],[136.0284,36.0848],[136.0285,36.0848],[136.0285,36.0845]]],[[[136.0288,36.0848],[136.0288,36.0848],[136.0288,36.0848],[136.0288,36.0848]]],[[[136.0286,36.085],[136.0286,36.0848],[136.0286,36.085],[136.0286,36.085]]],[[[136.0292,36.0851],[136.0292,36.085],[136.0292,36.0851],[136.0292,36.0851]]],[[[136.0287,36.085],[136.0287,36.0851],[136.0287,36.085],[136.0287,36.085]]],[[[136.0292,36.0852],[136.0292,36.0851],[136.0291,36.0851],[136.0292,36.0852]]],[[[136.0295,36.0852],[136.0295,36.0852],[136.0295,36.0852],[136.0295,36.0852]]],[[[136.0286,36.0852],[136.0286,36.0852],[136.0286,36.0852],[136.0286,36.0852]]],[[[136.0293,36.0853],[136.0292,36.0852],[136.0292,36.0852],[136.0293,36.0853]]],[[[136.0296,36.0853],[136.0297,36.0852],[136.0297,36.0852],[136.0296,36.0853]]],[[[136.0298,36.0854],[136.0299,36.0854],[136.0299,36.0854],[136.0298,36.0854]]],[[[136.0297,36.0855],[136.0298,36.0854],[136.0297,36.0854],[136.0297,36.0855]]],[[[136.0299,36.0855],[136.0299,36.0855],[136.0299,36.0855],[136.0299,36.0855]]],[[[136.0296,36.0856],[136.0296,36.0856],[136.0297,36.0856],[136.0296,36.0856]]],[[[136.0299,36.0856],[136.03,36.0856],[136.0299,36.0856],[136.0299,36.0856]]],[[[136.0299,36.0856],[136.0298,36.0856],[136.0299,36.0856],[136.0299,36.0856]]],[[[136.03,36.0857],[136.0301,36.0856],[136.03,36.0857],[136.03,36.0857]]],[[[136.0291,36.0857],[136.0292,36.0857],[136.0292,36.0857],[136.0291,36.0857]]],[[[136.03,36.0858],[136.03,36.0857],[136.0299,36.0858],[136.03,36.0858]]],[[[136.0293,36.0858],[136.0293,36.0858],[136.0294,36.0858],[136.0293,36.0858]]],[[[136.0298,36.0858],[136.0296,36.0858],[136.0298,36.0859],[136.0298,36.0858]]],[[[136.0294,36.0858],[136.0298,36.0861],[136.0296,36.0859],[136.0294,36.0858]]],[[[136.0299,36.086],[136.03,36.0861],[136.0301,36.0861],[136.0301,36.086],[136.0299,36.086]]],[[[136.0298,36.0862],[136.0301,36.0865],[136.0299,36.0861],[136.0298,36.0862]]],[[[136.03,36.0865],[136.03,36.0867],[136.03,36.0867],[136.03,36.0865]]],[[[136.0299,36.0867],[136.03,36.0867],[136.03,36.0867],[136.0299,36.0867]]],[[[136.03,36.0868],[136.03,36.0868],[136.03,36.0868],[136.03,36.0868]]],[[[136.0297,36.0872],[136.0298,36.0871],[136.0297,36.0871],[136.0297,36.0872]]],[[[136.0298,36.0874],[136.0299,36.0873],[136.0298,36.0873],[136.0298,36.0874]]],[[[136.0296,36.0874],[136.0299,36.0876],[136.0296,36.0872],[136.0296,36.0874]]],[[[136.0301,36.0878],[136.03,36.0879],[136.0301,36.0878],[136.0301,36.0878]]],[[[136.0299,36.0879],[136.03,36.0878],[136.0299,36.0878],[136.0299,36.0879]]],[[[136.0301,36.088],[136.0301,36.088],[136.0301,36.0879],[136.0301,36.088]]],[[[136.0297,36.0892],[136.0296,36.0892],[136.0295,36.0893],[136.0297,36.0892]]],[[[136.03,36.0897],[136.03,36.0896],[136.03,36.0897],[136.03,36.0897]]],[[[136.0295,36.09],[136.0296,36.09],[136.0296,36.09],[136.0295,36.09]]],[[[136.0289,36.0905],[136.0289,36.0905],[136.0289,36.0905],[136.0289,36.0905]]],[[[136.0276,36.0906],[136.0276,36.0907],[136.0277,36.0907],[136.0276,36.0906]]],[[[136.0291,36.0912],[136.0292,36.0905],[136.029,36.0909],[136.0291,36.0912]]],[[[136.028,36.091],[136.028,36.0909],[136.028,36.091],[136.028,36.091]]],[[[136.0279,36.091],[136.0279,36.091],[136.0278,36.0909],[136.0279,36.091]]],[[[136.0276,36.091],[136.0276,36.091],[136.0276,36.091],[136.0276,36.091]]],[[[136.0279,36.0911],[136.0279,36.091],[136.0278,36.091],[136.0279,36.0911]]],[[[136.028,36.0916],[136.0279,36.0916],[136.0279,36.0916],[136.028,36.0916]]],[[[136.0284,36.0916],[136.0282,36.0918],[136.0284,36.0917],[136.0284,36.0916]]],[[[136.03,36.094],[136.03,36.094],[136.03,36.094],[136.03,36.094]]],[[[136.0292,36.0943],[136.0291,36.0943],[136.0292,36.0943],[136.0292,36.0943]]],[[[136.0289,36.0946],[136.0289,36.0946],[136.029,36.0946],[136.0289,36.0946]]],[[[136.0287,36.0949],[136.0287,36.0948],[136.0286,36.0948],[136.0287,36.0949]]],[[[136.0277,36.0951],[136.0276,36.0951],[136.0277,36.0951],[136.0277,36.0951]]],[[[136.0288,36.0954],[136.0289,36.0954],[136.0288,36.0954],[136.0288,36.0954]]],[[[136.0277,36.0955],[136.0276,36.0956],[136.0277,36.0955],[136.0277,36.0955]]],[[[136.0297,36.0957],[136.0297,36.0958],[136.0297,36.0957],[136.0297,36.0957]]],[[[136.0299,36.0958],[136.0299,36.0959],[136.0299,36.0958],[136.0299,36.0958]]],[[[136.0292,36.0958],[136.0293,36.096],[136.0294,36.0958],[136.0292,36.0958]]],[[[136.0301,36.0964],[136.03,36.0963],[136.03,36.0963],[136.0301,36.0964]]],[[[136.0303,36.0862],[136.0303,36.0861],[136.0302,36.0862],[136.0303,36.0862]]],[[[136.0303,36.0866],[136.0302,36.0866],[136.0303,36.0867],[136.0303,36.0866]]],[[[136.0302,36.087],[136.0302,36.0868],[136.0302,36.0869],[136.0302,36.087]]],[[[136.0302,36.087],[136.0303,36.087],[136.0303,36.087],[136.0302,36.087]]],[[[136.0303,36.0884],[136.0304,36.0884],[136.0304,36.0884],[136.0303,36.0884]]],[[[136.0305,36.0896],[136.0305,36.0896],[136.0305,36.0896],[136.0305,36.0896]]],[[[136.0304,36.0896],[136.0304,36.0897],[136.0304,36.0897],[136.0304,36.0896]]],[[[136.0309,36.0911],[136.0308,36.091],[136.0308,36.0911],[136.0309,36.0911]]],[[[136.0304,36.0916],[136.0301,36.0916],[136.0301,36.0916],[136.0304,36.0916]]],[[[136.0309,36.0917],[136.0309,36.0917],[136.0309,36.0917],[136.0309,36.0917]]],[[[136.0307,36.0918],[136.0308,36.0917],[136.0307,36.0917],[136.0307,36.0918]]],[[[136.0309,36.0918],[136.0308,36.0918],[136.0309,36.0919],[136.0309,36.0918]]],[[[136.0305,36.0919],[136.0307,36.0919],[136.0307,36.0918],[136.0305,36.0919]]],[[[136.031,36.092],[136.031,36.092],[136.031,36.092],[136.031,36.092]]],[[[136.0308,36.0921],[136.0308,36.092],[136.0307,36.0921],[136.0308,36.0921]]],[[[136.0307,36.0922],[136.0307,36.0922],[136.0307,36.0922],[136.0307,36.0922]]],[[[136.0318,36.0971],[136.0319,36.097],[136.0318,36.097],[136.0318,36.0971]]],[[[136.0311,36.0971],[136.031,36.0972],[136.031,36.0972],[136.0311,36.0971]]],[[[136.0302,36.0973],[136.0302,36.0972],[136.0301,36.0973],[136.0302,36.0973]]],[[[136.0314,36.0973],[136.0313,36.0973],[136.0314,36.0973],[136.0314,36.0973]]],[[[136.0319,36.0973],[136.0319,36.0973],[136.0319,36.0973],[136.0319,36.0973]]],[[[136.0319,36.0974],[136.0319,36.0974],[136.0319,36.0974],[136.0319,36.0974]]],[[[136.0302,36.0975],[136.0304,36.0974],[136.0305,36.0973],[136.0303,36.0974],[136.0302,36.0975]]],[[[136.031,36.0975],[136.0311,36.0974],[136.0311,36.0974],[136.031,36.0975]]],[[[136.033,36.0983],[136.0331,36.0983],[136.0331,36.0983],[136.033,36.0983]]],[[[136.0331,36.0985],[136.033,36.0984],[136.033,36.0984],[136.0331,36.0985]]],[[[136.0331,36.0984],[136.0331,36.0984],[136.0331,36.0985],[136.0331,36.0984]]],[[[136.0331,36.0985],[136.0332,36.0986],[136.0332,36.0985],[136.0331,36.0985]]],[[[136.0333,36.0996],[136.0333,36.0995],[136.0332,36.0996],[136.0333,36.0996]]],[[[136.0333,36.0996],[136.0334,36.0997],[136.0335,36.0996],[136.0333,36.0996]]],[[[136.0335,36.0999],[136.0335,36.0998],[136.0335,36.0999],[136.0335,36.0999]]],[[[136.0333,36.0998],[136.0333,36.0998],[136.0333,36.0998],[136.0333,36.0998]]],[[[136.0336,36.0999],[136.0336,36.0999],[136.0335,36.0999],[136.0336,36.0999]]],[[[136.0334,36.0999],[136.0333,36.0999],[136.0333,36.1],[136.0334,36.0999]]],[[[136.0336,36.1001],[136.0336,36.1001],[136.0336,36.1001],[136.0336,36.1001]]],[[[136.0339,36.1001],[136.0337,36.1001],[136.0337,36.1003],[136.0339,36.1001]]],[[[136.0341,36.1008],[136.034,36.1003],[136.0339,36.1004],[136.0341,36.1008]]],[[[136.0342,36.1009],[136.0341,36.1009],[136.0341,36.1009],[136.0342,36.1009]]],[[[136.0343,36.1009],[136.0343,36.1009],[136.0343,36.101],[136.0343,36.1009]]],[[[136.0344,36.101],[136.0343,36.1012],[136.0343,36.1011],[136.0344,36.101]]],[[[136.0345,36.1011],[136.0344,36.1011],[136.0344,36.1011],[136.0345,36.1011]]],[[[136.0343,36.1013],[136.0345,36.1012],[136.0345,36.1012],[136.0343,36.1013]]],[[[136.0344,36.1016],[136.0345,36.1017],[136.0345,36.1016],[136.0344,36.1016]]],[[[136.0346,36.1016],[136.0346,36.1017],[136.0346,36.1017],[136.0346,36.1016]]],[[[136.0345,36.1023],[136.0346,36.1022],[136.0345,36.1023],[136.0345,36.1023]]],[[[136.0342,36.1026],[136.0342,36.1027],[136.0342,36.1026],[136.0342,36.1026]]],[[[136.0343,36.1026],[136.0343,36.1028],[136.0344,36.1027],[136.0343,36.1026]]],[[[136.0341,36.1027],[136.0341,36.1028],[136.0341,36.1028],[136.0341,36.1027]]],[[[136.0345,36.1028],[136.0345,36.1029],[136.0345,36.1027],[136.0345,36.1028]]],[[[136.0343,36.1029],[136.0344,36.1029],[136.0344,36.1028],[136.0343,36.1029]]],[[[136.0342,36.1029],[136.0342,36.103],[136.0342,36.1029],[136.0342,36.1029]]],[[[136.0342,36.1031],[136.034,36.1033],[136.034,36.1034],[136.0342,36.1031]]],[[[136.0339,36.1032],[136.0338,36.1032],[136.0339,36.1032],[136.0339,36.1032]]],[[[136.0363,36.1031],[136.0361,36.1034],[136.0361,36.1034],[136.0363,36.1031]]],[[[136.0363,36.1033],[136.0363,36.1033],[136.0363,36.1034],[136.0363,36.1033]]],[[[136.0341,36.1034],[136.034,36.1039],[136.0344,36.103],[136.0342,36.103],[136.0342,36.1031],[136.0341,36.1034]]],[[[136.0369,36.1037],[136.0369,36.1036],[136.0369,36.1037],[136.0369,36.1037]]],[[[136.0372,36.1038],[136.0372,36.1038],[136.0372,36.1038],[136.0372,36.1038]]],[[[136.0336,36.1042],[136.0337,36.1043],[136.0338,36.1042],[136.0336,36.1042]]],[[[136.0373,36.1044],[136.0371,36.1043],[136.0371,36.1044],[136.0373,36.1044]]],[[[136.0371,36.1044],[136.037,36.1044],[136.0371,36.1044],[136.0371,36.1044]]],[[[136.0338,36.1044],[136.0338,36.1044],[136.0338,36.1044],[136.0338,36.1044]]],[[[136.0369,36.1045],[136.037,36.1045],[136.0369,36.1045],[136.0369,36.1045]]],[[[136.0337,36.1046],[136.0339,36.1047],[136.0339,36.1045],[136.0337,36.1046]]],[[[136.0367,36.1047],[136.0367,36.1047],[136.0367,36.1047],[136.0367,36.1047]]],[[[136.0384,36.1048],[136.0383,36.1047],[136.0383,36.1048],[136.0384,36.1048]]],[[[136.0337,36.1048],[136.0338,36.1049],[136.0339,36.1048],[136.0337,36.1048]]],[[[136.0378,36.1049],[136.0378,36.1049],[136.0379,36.1049],[136.0378,36.1049]]],[[[136.0377,36.105],[136.0377,36.1051],[136.0377,36.1051],[136.0377,36.105]]],[[[136.0382,36.1051],[136.0382,36.1051],[136.0382,36.1051],[136.0382,36.1051]]],[[[136.0379,36.1051],[136.038,36.1052],[136.038,36.1051],[136.0379,36.1051]]],[[[136.0372,36.1055],[136.0371,36.1056],[136.0372,36.1056],[136.0372,36.1055]]],[[[136.0376,36.1056],[136.0379,36.1057],[136.0378,36.1055],[136.0376,36.1056]]],[[[136.0408,36.1051],[136.0405,36.1051],[136.0407,36.1052],[136.0408,36.1051]]],[[[136.041,36.1052],[136.0409,36.1051],[136.0409,36.1052],[136.041,36.1052]]],[[[136.0409,36.1053],[136.041,36.1053],[136.041,36.1053],[136.0409,36.1053]]],[[[136.0412,36.1053],[136.0413,36.1054],[136.0413,36.1053],[136.0412,36.1053]]],[[[136.0416,36.1055],[136.0416,36.1054],[136.0416,36.1055],[136.0416,36.1055]]],[[[136.0417,36.1055],[136.0417,36.1055],[136.0417,36.1055],[136.0417,36.1055]]],[[[136.0416,36.1055],[136.0416,36.1055],[136.0416,36.1055],[136.0416,36.1055]]],[[[136.0418,36.1056],[136.0419,36.1055],[136.0418,36.1056],[136.0418,36.1056]]],[[[136.0419,36.1057],[136.0418,36.1059],[136.0419,36.1058],[136.0419,36.1057]]],[[[136.0422,36.106],[136.0422,36.1059],[136.0422,36.1059],[136.0422,36.106]]],[[[136.0421,36.106],[136.0421,36.1059],[136.0421,36.106],[136.0421,36.106]]],[[[136.0423,36.1061],[136.0423,36.1061],[136.0423,36.106],[136.0423,36.1061]]],[[[136.0423,36.1062],[136.0423,36.1064],[136.0424,36.1063],[136.0423,36.1062]]],[[[136.0425,36.1065],[136.0423,36.1066],[136.0424,36.1067],[136.0425,36.1065]]],[[[136.0427,36.1066],[136.0427,36.1066],[136.0427,36.1067],[136.0427,36.1066]]],[[[136.0423,36.1068],[136.0424,36.1069],[136.0425,36.1068],[136.0423,36.1068]]],[[[136.0426,36.1071],[136.0423,36.107],[136.0423,36.107],[136.0426,36.1071]]],[[[136.0436,36.107],[136.0436,36.107],[136.0436,36.1071],[136.0436,36.107]]],[[[136.0438,36.1071],[136.0438,36.1072],[136.0438,36.1071],[136.0438,36.1071]]],[[[136.0424,36.1072],[136.0423,36.1073],[136.0424,36.1073],[136.0424,36.1072]]],[[[136.0423,36.1073],[136.0422,36.1073],[136.0423,36.1073],[136.0423,36.1073]]],[[[136.0421,36.1074],[136.042,36.1073],[136.042,36.1074],[136.0421,36.1074]]],[[[136.0436,36.1073],[136.0436,36.1074],[136.0437,36.1073],[136.0436,36.1073]]],[[[136.0412,36.1076],[136.0413,36.1077],[136.0414,36.1075],[136.0412,36.1076]]],[[[136.0438,36.1077],[136.0439,36.1076],[136.0438,36.1076],[136.0438,36.1077]]],[[[136.0438,36.1078],[136.0438,36.1078],[136.0438,36.1077],[136.0438,36.1078]]],[[[136.0422,36.1078],[136.0423,36.1078],[136.0421,36.1077],[136.0422,36.1078]]],[[[136.0421,36.108],[136.0421,36.1079],[136.042,36.108],[136.0421,36.108]]],[[[136.0446,36.1087],[136.0447,36.1086],[136.0447,36.1086],[136.0446,36.1087]]],[[[136.0448,36.1088],[136.045,36.1087],[136.0448,36.1087],[136.0448,36.1088]]],[[[136.0447,36.1088],[136.0447,36.1087],[136.0447,36.1088],[136.0447,36.1088]]],[[[136.0463,36.1094],[136.0462,36.1094],[136.0462,36.1094],[136.0463,36.1094]]],[[[136.0478,36.1095],[136.048,36.1095],[136.0479,36.1094],[136.0478,36.1095]]],[[[136.0482,36.1097],[136.0483,36.1095],[136.0482,36.1097],[136.0482,36.1097]]],[[[136.0479,36.1096],[136.048,36.1096],[136.0479,36.1096],[136.0479,36.1096]]],[[[136.0485,36.1098],[136.0484,36.1099],[136.0485,36.1099],[136.0485,36.1098]]],[[[136.0481,36.1106],[136.0481,36.1107],[136.0481,36.1107],[136.0481,36.1106]]],[[[136.0478,36.1111],[136.0478,36.111],[136.0478,36.111],[136.0478,36.1111]]],[[[136.0477,36.111],[136.0476,36.1111],[136.0477,36.1111],[136.0477,36.111]]],[[[136.0482,36.1112],[136.0481,36.1111],[136.0481,36.1112],[136.0482,36.1112]]],[[[136.0479,36.1112],[136.0478,36.1112],[136.0479,36.1112],[136.0479,36.1112]]],[[[136.0481,36.1113],[136.0481,36.1113],[136.0481,36.1113],[136.0481,36.1113]]],[[[136.0473,36.1113],[136.0473,36.1114],[136.0473,36.1113],[136.0473,36.1113]]],[[[136.0474,36.1113],[136.0475,36.1114],[136.0476,36.1113],[136.0474,36.1113]]],[[[136.0477,36.1114],[136.0476,36.1113],[136.0476,36.1114],[136.0477,36.1114]]],[[[136.0479,36.1114],[136.0479,36.1114],[136.0479,36.1114],[136.0479,36.1114]]],[[[136.0474,36.1115],[136.0473,36.1115],[136.0474,36.1115],[136.0474,36.1115]]],[[[136.047,36.1119],[136.0473,36.1118],[136.0475,36.1117],[136.047,36.1119]]],[[[136.0471,36.1121],[136.0473,36.1121],[136.0473,36.1121],[136.0471,36.1121]]],[[[136.0473,36.1126],[136.0468,36.113],[136.0474,36.1126],[136.0473,36.1126]]],[[[136.0472,36.1132],[136.0472,36.1133],[136.0472,36.1132],[136.0472,36.1132]]],[[[136.047,36.115],[136.047,36.115],[136.047,36.1151],[136.047,36.115]]],[[[136.0481,36.1152],[136.0481,36.1152],[136.0476,36.1151],[136.0481,36.1152]]],[[[136.0463,36.1152],[136.0462,36.1152],[136.0463,36.1152],[136.0463,36.1152]]],[[[136.0466,36.1146],[136.0464,36.1158],[136.0473,36.1156],[136.0474,36.1149],[136.0469,36.1153],[136.0466,36.1146]]],[[[136.0484,36.1153],[136.0484,36.1152],[136.0484,36.1154],[136.0484,36.1153]]],[[[136.0485,36.1155],[136.0485,36.1156],[136.0486,36.1155],[136.0485,36.1155]]],[[[136.0486,36.1156],[136.0486,36.1156],[136.0486,36.1155],[136.0486,36.1156]]],[[[136.0481,36.1157],[136.048,36.1157],[136.048,36.1158],[136.0481,36.1157]]],[[[136.0485,36.1158],[136.0486,36.1159],[136.0486,36.1157],[136.0485,36.1158]]],[[[136.0484,36.1158],[136.0484,36.1159],[136.0484,36.1159],[136.0484,36.1158]]],[[[136.0489,36.1159],[136.0489,36.1158],[136.0489,36.116],[136.0489,36.1159]]],[[[136.0467,36.116],[136.0468,36.116],[136.0467,36.116],[136.0467,36.116]]],[[[136.0483,36.1162],[136.0484,36.1161],[136.0484,36.116],[136.0483,36.1162]]],[[[136.0482,36.1162],[136.0483,36.1161],[136.0483,36.116],[136.0482,36.1162]]],[[[136.0468,36.1165],[136.0467,36.1164],[136.0467,36.1165],[136.0468,36.1165]]],[[[136.048,36.1169],[136.0481,36.1171],[136.0483,36.1167],[136.048,36.1169]]],[[[136.0483,36.117],[136.0484,36.117],[136.0485,36.1169],[136.0483,36.117]]],[[[136.0479,36.1173],[136.0479,36.1172],[136.0479,36.1173],[136.0479,36.1173]]],[[[136.0483,36.1174],[136.0483,36.1174],[136.0483,36.1174],[136.0483,36.1174]]],[[[136.0484,36.1175],[136.0485,36.1174],[136.0484,36.1175],[136.0484,36.1175]]],[[[136.0489,36.1182],[136.049,36.1181],[136.049,36.1181],[136.0489,36.1182]]],[[[136.0489,36.1182],[136.0489,36.1183],[136.0489,36.1182],[136.0489,36.1182]]],[[[136.049,36.1159],[136.049,36.1158],[136.049,36.1159],[136.049,36.1159]]],[[[136.0492,36.1172],[136.0491,36.1174],[136.0492,36.1172],[136.0492,36.1172]]],[[[136.0493,36.1174],[136.0493,36.1174],[136.0493,36.1174],[136.0493,36.1174]]],[[[136.049,36.1174],[136.049,36.1175],[136.0491,36.1174],[136.049,36.1174]]],[[[136.0493,36.1176],[136.0493,36.1176],[136.0493,36.1176],[136.0493,36.1176]]],[[[136.0493,36.1177],[136.0493,36.1177],[136.0493,36.1177],[136.0493,36.1177]]],[[[136.0501,36.1183],[136.0502,36.1183],[136.0502,36.1183],[136.0501,36.1183]]],[[[136.0503,36.1184],[136.0502,36.1184],[136.0502,36.1184],[136.0503,36.1184]]],[[[136.0505,36.1184],[136.0504,36.1184],[136.0504,36.1185],[136.0505,36.1184]]],[[[136.0506,36.1184],[136.0506,36.1185],[136.0506,36.1184],[136.0506,36.1184]]],[[[136.0494,36.1185],[136.0493,36.1185],[136.0494,36.1185],[136.0494,36.1185]]],[[[136.0488,36.1184],[136.0489,36.1185],[136.049,36.1184],[136.0488,36.1184]]],[[[136.0507,36.1186],[136.0507,36.1185],[136.0506,36.1186],[136.0507,36.1186]]],[[[136.0502,36.1186],[136.0502,36.1185],[136.0502,36.1186],[136.0502,36.1186]]],[[[136.0492,36.1186],[136.0492,36.1186],[136.0493,36.1185],[136.0492,36.1186]]],[[[136.0503,36.1185],[136.0503,36.1186],[136.0503,36.1186],[136.0503,36.1185]]],[[[136.0505,36.1186],[136.0504,36.1186],[136.0505,36.1187],[136.0505,36.1186]]],[[[136.0501,36.1186],[136.0501,36.1186],[136.0501,36.1187],[136.0501,36.1186]]],[[[136.0507,36.1187],[136.0506,36.1186],[136.0506,36.1187],[136.0507,36.1187]]],[[[136.0502,36.1187],[136.0503,36.1188],[136.0503,36.1187],[136.0502,36.1187]]],[[[136.0505,36.1188],[136.0506,36.1187],[136.0506,36.1187],[136.0505,36.1188]]],[[[136.0505,36.1189],[136.0506,36.1188],[136.0506,36.1187],[136.0505,36.1189]]],[[[136.049,36.1188],[136.049,36.1188],[136.049,36.1188],[136.049,36.1188]]],[[[136.0489,36.1188],[136.0489,36.1189],[136.049,36.1189],[136.0489,36.1188]]],[[[136.0495,36.1189],[136.0496,36.1189],[136.0495,36.1189],[136.0495,36.1189]]],[[[136.0495,36.1189],[136.0496,36.119],[136.0496,36.1189],[136.0495,36.1189]]],[[[136.0511,36.1189],[136.0512,36.119],[136.0512,36.1189],[136.0511,36.1189]]],[[[136.0505,36.1191],[136.0505,36.119],[136.0504,36.1191],[136.0505,36.1191]]],[[[136.0495,36.1191],[136.0495,36.119],[136.0494,36.1191],[136.0495,36.1191]]],[[[136.0504,36.119],[136.0504,36.1191],[136.0504,36.119],[136.0504,36.119]]],[[[136.0502,36.119],[136.0503,36.1192],[136.0504,36.1189],[136.0502,36.119]]],[[[136.051,36.1191],[136.051,36.1191],[136.051,36.119],[136.051,36.1191]]],[[[136.0514,36.1192],[136.0514,36.1192],[136.0515,36.1192],[136.0514,36.1192]]],[[[136.0491,36.1192],[136.049,36.1192],[136.049,36.1193],[136.0491,36.1192]]],[[[136.0514,36.1193],[136.0515,36.1192],[136.0513,36.1193],[136.0514,36.1193]]],[[[136.0519,36.1193],[136.052,36.1193],[136.052,36.1193],[136.0519,36.1193]]],[[[136.052,36.1194],[136.0521,36.1194],[136.0521,36.1193],[136.052,36.1194]]],[[[136.0516,36.1195],[136.0515,36.1194],[136.0515,36.1195],[136.0516,36.1195]]],[[[136.0513,36.1197],[136.0513,36.1196],[136.0512,36.1197],[136.0513,36.1197]]],[[[136.0515,36.1196],[136.0514,36.1197],[136.0515,36.1197],[136.0515,36.1196]]],[[[136.0526,36.1197],[136.0526,36.1197],[136.0526,36.1197],[136.0526,36.1197]]],[[[136.0519,36.1197],[136.0519,36.1198],[136.0519,36.1197],[136.0519,36.1197]]],[[[136.0512,36.1197],[136.0511,36.1198],[136.0512,36.1197],[136.0512,36.1197]]],[[[136.0528,36.1198],[136.0527,36.1198],[136.0527,36.1198],[136.0528,36.1198]]],[[[136.0518,36.1198],[136.0518,36.1198],[136.0518,36.1198],[136.0518,36.1198]]],[[[136.0515,36.12],[136.0516,36.1201],[136.0516,36.1198],[136.0515,36.12]]],[[[136.0518,36.1201],[136.0518,36.1201],[136.0518,36.12],[136.0518,36.1201]]],[[[136.0513,36.1201],[136.0513,36.1201],[136.0513,36.1201],[136.0513,36.1201]]],[[[136.0495,36.1202],[136.0496,36.1201],[136.0494,36.1202],[136.0495,36.1202]]],[[[136.051,36.1202],[136.0511,36.1205],[136.0513,36.1202],[136.051,36.1202]]],[[[136.0509,36.1205],[136.0509,36.1203],[136.0509,36.1205],[136.0509,36.1205]]],[[[136.0504,36.1205],[136.0505,36.1205],[136.0504,36.1205],[136.0504,36.1205]]],[[[136.0514,36.1204],[136.0514,36.1205],[136.0514,36.1205],[136.0514,36.1204]]],[[[136.0507,36.1205],[136.0508,36.1205],[136.0508,36.1205],[136.0507,36.1205]]],[[[136.0523,36.1211],[136.0523,36.1211],[136.0523,36.1211],[136.0523,36.1211]]],[[[136.0513,36.1215],[136.0513,36.1216],[136.0514,36.1215],[136.0513,36.1215]]],[[[136.0518,36.1238],[136.0518,36.1237],[136.0517,36.1237],[136.0518,36.1238]]],[[[136.0519,36.124],[136.0519,36.1241],[136.052,36.1241],[136.0519,36.124]]],[[[136.0531,36.1243],[136.053,36.1242],[136.053,36.1243],[136.0531,36.1243]]],[[[136.0524,36.1243],[136.0524,36.1243],[136.0525,36.1243],[136.0524,36.1243]]],[[[136.053,36.1244],[136.053,36.1244],[136.053,36.1244],[136.053,36.1244]]],[[[136.053,36.1244],[136.0529,36.1247],[136.0531,36.1246],[136.053,36.1244]]],[[[136.0524,36.1247],[136.0525,36.1247],[136.0524,36.1247],[136.0524,36.1247]]],[[[136.0525,36.1249],[136.0524,36.1249],[136.0525,36.1249],[136.0525,36.1249]]],[[[136.0521,36.1249],[136.0521,36.1249],[136.0521,36.1249],[136.0521,36.1249]]],[[[136.0524,36.1249],[136.0524,36.125],[136.0524,36.125],[136.0524,36.1249]]],[[[136.0515,36.1244],[136.0503,36.1266],[136.052,36.1256],[136.0518,36.1246],[136.0515,36.1244]]],[[[136.0523,36.1256],[136.0523,36.1256],[136.0523,36.1256],[136.0523,36.1256]]],[[[136.0517,36.126],[136.052,36.1259],[136.052,36.1258],[136.0517,36.126]]],[[[136.0493,36.1261],[136.0493,36.1261],[136.0493,36.1261],[136.0493,36.1261]]],[[[136.0497,36.1261],[136.0497,36.1262],[136.0497,36.1261],[136.0497,36.1261]]],[[[136.0493,36.1271],[136.0493,36.127],[136.0493,36.1271],[136.0493,36.1271]]],[[[136.0497,36.1283],[136.0498,36.1283],[136.0498,36.1282],[136.0497,36.1283]]],[[[135.9924,35.9828],[135.9644,35.9975],[135.9675,35.9988],[135.9686,36.0012],[135.97,36.0009],[135.9721,36.0015],[135.9738,36.0038],[135.9737,36.0044],[135.9855,36.0089],[136.0106,36.0333],[136.0083,36.0433],[136.0163,36.049],[136.015,36.0521],[136.0187,36.0561],[136.0197,36.059],[136.0204,36.0627],[136.0192,36.0648],[136.0214,36.0678],[136.0214,36.0714],[136.0243,36.0705],[136.0258,36.0721],[136.0306,36.0864],[136.0309,36.089],[136.0305,36.0897],[136.0296,36.0899],[136.0296,36.0904],[136.0309,36.091],[136.0311,36.0922],[136.0308,36.0935],[136.0285,36.0953],[136.0278,36.0951],[136.0278,36.0959],[136.0282,36.0953],[136.029,36.0953],[136.0296,36.0958],[136.0298,36.0956],[136.0306,36.0963],[136.0298,36.0972],[136.0317,36.0969],[136.0317,36.0971],[136.0318,36.097],[136.0319,36.097],[136.0325,36.0974],[136.0331,36.0982],[136.0334,36.0982],[136.0348,36.1012],[136.0345,36.1032],[136.0352,36.1019],[136.0379,36.1042],[136.0371,36.1051],[136.0378,36.1045],[136.0409,36.1048],[136.0422,36.1056],[136.0427,36.1066],[136.0442,36.1072],[136.044,36.1077],[136.0453,36.1086],[136.0442,36.1074],[136.0466,36.1081],[136.0476,36.1094],[136.048,36.1092],[136.0485,36.1097],[136.0486,36.11],[136.0484,36.1106],[136.0486,36.1105],[136.0483,36.1115],[136.0475,36.1118],[136.0482,36.1121],[136.0473,36.113],[136.0494,36.1139],[136.0483,36.1143],[136.0488,36.1144],[136.0493,36.1165],[136.0487,36.1167],[136.0485,36.1176],[136.0492,36.117],[136.0497,36.1177],[136.0494,36.1188],[136.0501,36.118],[136.051,36.1185],[136.0506,36.1192],[136.0509,36.1188],[136.0519,36.119],[136.0534,36.1199],[136.0543,36.1211],[136.0547,36.1238],[136.0533,36.1251],[136.0536,36.1253],[136.0538,36.1249],[136.0543,36.1249],[136.0549,36.1257],[136.0547,36.1268],[136.0536,36.1271],[136.0551,36.1277],[136.0546,36.1291],[136.0557,36.1281],[136.0564,36.1283],[136.0567,36.1286],[136.056,36.1301],[136.0589,36.1313],[136.0564,36.13],[136.0568,36.129],[136.0606,36.1289],[136.0724,36.1354],[136.0933,36.153],[136.0904,36.1605],[136.1,36.1729],[136.1255,36.158],[136.1391,36.1721],[136.1382,36.1633],[136.1572,36.1639],[136.1665,36.1445],[136.1979,36.1215],[136.2471,36.1183],[136.2541,36.1236],[136.2537,36.1065],[136.2881,36.0984],[136.2788,36.0901],[136.2944,36.082],[136.2814,36.0732],[136.2973,36.0461],[136.317,36.0413],[136.3222,36.0496],[136.3405,36.0531],[136.3479,36.0376],[136.3676,36.0335],[136.3849,36.0472],[136.432,36.0433],[136.4461,36.0212],[136.4578,36.0165],[136.4489,36.0101],[136.4563,35.9921],[136.4485,35.9834],[136.4553,35.9554],[136.4655,35.9501],[136.4644,35.933],[136.4533,35.9313],[136.4672,35.9215],[136.4461,35.9229],[136.4356,35.9361],[136.3879,35.9526],[136.3583,35.9475],[136.3501,35.9343],[136.3337,35.9287],[136.3365,35.9513],[136.3229,35.9519],[136.3131,35.966],[136.2295,35.9908],[136.2056,35.9712],[136.2064,35.9857],[136.1852,35.9889],[136.1778,36.0014],[136.1375,35.9929],[136.1281,36.0039],[136.0969,36.0049],[136.0725,36.0281],[136.0573,36.0269],[136.0561,36.0121],[136.0283,35.995],[136.0117,36.0142],[136.0025,35.9969],[136.0088,35.9878],[135.9924,35.9828]]],[[[136.0532,36.1198],[136.0532,36.1199],[136.0532,36.1198],[136.0532,36.1198]]],[[[136.0531,36.1198],[136.0532,36.12],[136.0532,36.1198],[136.0531,36.1198]]],[[[136.0534,36.1205],[136.0533,36.1205],[136.0533,36.1205],[136.0534,36.1205]]],[[[136.0533,36.1206],[136.0534,36.1206],[136.0533,36.1206],[136.0533,36.1206]]],[[[136.0533,36.1212],[136.0534,36.1212],[136.0533,36.1212],[136.0533,36.1212]]],[[[136.0535,36.1212],[136.0534,36.1212],[136.0534,36.1212],[136.0535,36.1212]]],[[[136.0532,36.1212],[136.0532,36.1213],[136.0533,36.1212],[136.0532,36.1212]]],[[[136.0534,36.1213],[136.0534,36.1213],[136.0534,36.1213],[136.0534,36.1213]]],[[[136.0537,36.1213],[136.0537,36.1213],[136.0537,36.1213],[136.0537,36.1213]]],[[[136.0538,36.1214],[136.0541,36.1215],[136.0541,36.1214],[136.0538,36.1214]]],[[[136.0542,36.1216],[136.0543,36.1215],[136.0542,36.1215],[136.0542,36.1216]]],[[[136.054,36.1218],[136.0541,36.1216],[136.054,36.1216],[136.054,36.1218]]],[[[136.054,36.1218],[136.0539,36.1219],[136.054,36.1219],[136.054,36.1218]]],[[[136.054,36.1219],[136.054,36.1219],[136.054,36.1219],[136.054,36.1219]]],[[[136.0537,36.122],[136.0539,36.1221],[136.0539,36.122],[136.0537,36.122]]],[[[136.0538,36.1223],[136.0534,36.1225],[136.0534,36.1229],[136.0538,36.1223]]],[[[136.0529,36.1227],[136.0532,36.1228],[136.0532,36.1226],[136.0529,36.1227]]],[[[136.0542,36.1234],[136.0543,36.1234],[136.0543,36.1234],[136.0542,36.1234]]],[[[136.0543,36.1234],[136.0545,36.1236],[136.0546,36.1234],[136.0543,36.1234]]],[[[136.0531,36.1243],[136.0531,36.1243],[136.0531,36.1243],[136.0531,36.1243]]],[[[136.0532,36.1243],[136.0532,36.1243],[136.0532,36.1243],[136.0532,36.1243]]],[[[136.0533,36.1245],[136.0531,36.1247],[136.0534,36.1247],[136.0533,36.1245]]],[[[136.0531,36.1249],[136.0531,36.1248],[136.0531,36.1249],[136.0531,36.1249]]],[[[136.0539,36.125],[136.0539,36.1249],[136.0538,36.125],[136.0539,36.125]]],[[[136.0533,36.1249],[136.0532,36.125],[136.0533,36.1249],[136.0533,36.1249]]],[[[136.0539,36.1251],[136.054,36.1251],[136.054,36.1251],[136.0539,36.1251]]],[[[136.054,36.1252],[136.054,36.1251],[136.054,36.1252],[136.054,36.1252]]],[[[136.0541,36.1252],[136.0542,36.1252],[136.0542,36.1252],[136.0541,36.1252]]],[[[136.054,36.1254],[136.0541,36.1254],[136.054,36.1254],[136.054,36.1254]]],[[[136.0542,36.1255],[136.0542,36.1254],[136.0541,36.1255],[136.0542,36.1255]]],[[[136.0541,36.1255],[136.0535,36.1254],[136.0541,36.1255],[136.0541,36.1255]]],[[[136.0542,36.1256],[136.0545,36.1256],[136.0544,36.1254],[136.0542,36.1256]]],[[[136.0533,36.1257],[136.0533,36.1256],[136.0533,36.1256],[136.0533,36.1257]]],[[[136.0531,36.126],[136.0533,36.1258],[136.0531,36.1258],[136.0531,36.126]]],[[[136.0545,36.1263],[136.0545,36.1263],[136.0545,36.1263],[136.0545,36.1263]]],[[[136.0545,36.1264],[136.0544,36.1264],[136.0545,36.1264],[136.0545,36.1264]]],[[[136.054,36.1266],[136.0541,36.1267],[136.0541,36.1267],[136.054,36.1266]]],[[[136.0548,36.1281],[136.0547,36.1282],[136.0548,36.1282],[136.0548,36.1281]]],[[[136.0546,36.1287],[136.0547,36.1283],[136.0546,36.1284],[136.0546,36.1287]]],[[[136.0541,36.1286],[136.0543,36.1285],[136.0544,36.1284],[136.0541,36.1286]]],[[[136.0565,36.1287],[136.0565,36.1286],[136.0564,36.1287],[136.0565,36.1287]]],[[[136.0551,36.1292],[136.0557,36.1283],[136.0549,36.1291],[136.0551,36.1292]]],[[[136.0531,36.1288],[136.0532,36.1287],[136.0531,36.1288],[136.0531,36.1288]]],[[[136.0543,36.129],[136.0545,36.1287],[136.0544,36.1287],[136.0543,36.129]]],[[[136.0561,36.129],[136.0562,36.1288],[136.0562,36.1288],[136.0561,36.129]]],[[[136.0559,36.1289],[136.0559,36.1289],[136.0559,36.1289],[136.0559,36.1289]]],[[[136.0538,36.1291],[136.0538,36.1291],[136.0538,36.1292],[136.0538,36.1291]]],[[[136.0562,36.1292],[136.0562,36.1293],[136.0562,36.1292],[136.0562,36.1292]]],[[[136.0557,36.1298],[136.0559,36.1295],[136.0558,36.1295],[136.0557,36.1298]]],[[[136.054,36.13],[136.0542,36.1299],[136.0541,36.1299],[136.054,36.13]]],[[[136.0537,36.1299],[136.0536,36.1301],[136.0537,36.13],[136.0537,36.1299]]],[[[136.0595,36.13],[136.0595,36.13],[136.0594,36.13],[136.0595,36.13]]],[[[136.0592,36.1301],[136.0592,36.1301],[136.0592,36.1302],[136.0592,36.1301]]],[[[136.0607,36.1301],[136.0604,36.1301],[136.0604,36.1302],[136.0607,36.1301]]],[[[136.0612,36.1307],[136.061,36.131],[136.0612,36.1307],[136.0612,36.1307]]],[[[136.0631,36.132],[136.0632,36.132],[136.0631,36.132],[136.0631,36.132]]],[[[136.0643,36.1322],[136.0641,36.1321],[136.0643,36.1323],[136.0643,36.1322]]],[[[136.0634,36.132],[136.0638,36.1324],[136.0639,36.1323],[136.0634,36.132]]],[[[136.066,36.1323],[136.066,36.1323],[136.0661,36.1323],[136.066,36.1323]]],[[[136.0661,36.1324],[136.066,36.1324],[136.0661,36.1325],[136.0661,36.1324]]],[[[136.063,36.1321],[136.0623,36.1328],[136.0633,36.1323],[136.063,36.1321]]],[[[136.0646,36.1325],[136.0645,36.1324],[136.0645,36.1325],[136.0646,36.1325]]],[[[136.0659,36.1325],[136.066,36.1325],[136.0661,36.1325],[136.0659,36.1325]]],[[[136.0666,36.1326],[136.0667,36.1327],[136.0666,36.1325],[136.0666,36.1326]]],[[[136.0668,36.1326],[136.0669,36.1325],[136.0668,36.1325],[136.0668,36.1326]]],[[[136.0661,36.1327],[136.0661,36.1327],[136.066,36.1327],[136.0661,36.1327]]],[[[136.0667,36.1327],[136.0666,36.1327],[136.0667,36.1327],[136.0667,36.1327]]],[[[136.0663,36.1327],[136.0665,36.1328],[136.0665,36.1327],[136.0663,36.1327]]],[[[136.0585,36.1315],[136.0581,36.1342],[136.0584,36.1344],[136.0585,36.1315]]],[[[136.0609,36.1366],[136.0588,36.1366],[136.0609,36.1367],[136.0609,36.1366]]],[[[136.0764,36.1399],[136.0763,36.1399],[136.0766,36.1402],[136.0764,36.1399]]]]}},{"type":"Feature","properties":{"id":"18202","name":"敦賀市","pref":"福井県"},"geometry":{"type":"MultiPolygon","coordinates":[[[[135.9644,35.7307],[135.9642,35.7312],[135.9646,35.7313],[135.9644,35.7307]]],[[[135.9647,35.7317],[135.9648,35.7316],[135.9647,35.7316],[135.9647,35.7317]]],[[[135.9648,35.7319],[135.9649,35.732],[135.9649,35.7319],[135.9648,35.7319]]],[[[135.9649,35.7323],[135.9649,35.7324],[135.965,35.7323],[135.9649,35.7323]]],[[[135.9774,35.7325],[135.9773,35.7323],[135.9772,35.7324],[135.9774,35.7325]]],[[[135.9672,35.7327],[135.9671,35.7326],[135.9671,35.7327],[135.9672,35.7327]]],[[[135.9666,35.7327],[135.9666,35.7328],[135.9667,35.7328],[135.9666,35.7327]]],[[[135.9665,35.7331],[135.9664,35.7331],[135.9665,35.7331],[135.9665,35.7331]]],[[[135.9723,35.7347],[135.9723,35.7346],[135.9722,35.7347],[135.9723,35.7347]]],[[[135.9753,35.7348],[135.9753,35.7347],[135.9753,35.7348],[135.9753,35.7348]]],[[[135.9727,35.7348],[135.9727,35.7348],[135.9727,35.7348],[135.9727,35.7348]]],[[[135.9718,35.7348],[135.9718,35.7349],[135.9718,35.7349],[135.9718,35.7348]]],[[[135.9749,35.7353],[135.9749,35.7355],[135.9749,35.7353],[135.9749,35.7353]]],[[[135.9705,35.7354],[135.9704,35.7354],[135.9704,35.7355],[135.9705,35.7354]]],[[[135.9713,35.7355],[135.9714,35.7355],[135.9713,35.7355],[135.9713,35.7355]]],[[[135.9702,35.7357],[135.9702,35.7356],[135.9701,35.7357],[135.9702,35.7357]]],[[[135.9878,35.7424],[135.9877,35.7424],[135.9877,35.7425],[135.9878,35.7424]]],[[[135.988,35.7426],[135.9879,35.7426],[135.9879,35.7426],[135.988,35.7426]]],[[[135.9883,35.7429],[135.9883,35.7428],[135.9882,35.7429],[135.9883,35.7429]]],[[[135.9886,35.7431],[135.9885,35.743],[135.9886,35.7431],[135.9886,35.7431]]],[[[135.9931,35.7475],[135.9931,35.7474],[135.9931,35.7475],[135.9931,35.7475]]],[[[135.9926,35.7475],[135.9924,35.7474],[135.9924,35.7475],[135.9926,35.7475]]],[[[135.9929,35.7474],[135.9928,35.7475],[135.9928,35.7475],[135.9929,35.7474]]],[[[135.993,35.7478],[135.9931,35.7477],[135.993,35.7478],[135.993,35.7478]]],[[[135.9925,35.7478],[135.9927,35.7478],[135.9926,35.7477],[135.9925,35.7478]]],[[[135.9933,35.7487],[135.9933,35.7488],[135.9934,35.7488],[135.9933,35.7487]]],[[[135.9936,35.7491],[135.9937,35.749],[135.9936,35.7491],[135.9936,35.7491]]],[[[135.9952,35.7491],[135.9952,35.7491],[135.9953,35.7491],[135.9952,35.7491]]],[[[135.9974,35.7497],[135.9977,35.7497],[135.9976,35.7495],[135.9974,35.7497]]],[[[135.9961,35.7497],[135.9959,35.7497],[135.996,35.7498],[135.9961,35.7497]]],[[[135.9969,35.7497],[135.9967,35.7498],[135.997,35.7498],[135.9969,35.7497]]],[[[135.9981,35.7499],[135.998,35.7497],[135.9979,35.7497],[135.9981,35.7499]]],[[[135.9978,35.7498],[135.9976,35.7499],[135.9978,35.7499],[135.9978,35.7498]]],[[[135.9997,35.7501],[135.9997,35.7501],[135.9998,35.7501],[135.9997,35.7501]]],[[[136.0006,35.7502],[136.0005,35.7502],[136.0006,35.7502],[136.0006,35.7502]]],[[[135.9981,35.7502],[135.998,35.7502],[135.9981,35.7503],[135.9981,35.7502]]],[[[136.0013,35.7504],[136.0012,35.7503],[136.0012,35.7504],[136.0013,35.7504]]],[[[135.9989,35.7504],[135.9989,35.7503],[135.9988,35.7504],[135.9989,35.7504]]],[[[136.0001,35.7504],[136.0001,35.7505],[136.0002,35.7504],[136.0001,35.7504]]],[[[135.9983,35.7504],[135.9984,35.7505],[135.9984,35.7504],[135.9983,35.7504]]],[[[136.0092,35.7559],[136.0089,35.7562],[136.0092,35.7564],[136.0092,35.7559]]],[[[136.0088,35.7563],[136.0085,35.7566],[136.0088,35.7567],[136.0088,35.7563]]],[[[136.009,35.7569],[136.0091,35.7569],[136.0091,35.7569],[136.009,35.7569]]],[[[136.0085,35.757],[136.0085,35.7569],[136.0084,35.757],[136.0085,35.757]]],[[[136.0092,35.7574],[136.0092,35.7574],[136.0092,35.7574],[136.0092,35.7574]]],[[[136.0092,35.7577],[136.0092,35.7577],[136.0092,35.7577],[136.0092,35.7577]]],[[[136.0089,35.7581],[136.0085,35.7577],[136.0085,35.7579],[136.0089,35.7581]]],[[[136.0092,35.7594],[136.0088,35.7594],[136.0092,35.7595],[136.0092,35.7594]]],[[[136.0266,35.684],[136.0268,35.6846],[136.0269,35.6845],[136.0266,35.684]]],[[[136.0275,35.7545],[136.0273,35.7545],[136.0274,35.7546],[136.0275,35.7545]]],[[[136.0094,35.7572],[136.0095,35.7571],[136.0094,35.7571],[136.0094,35.7572]]],[[[136.01,35.7572],[136.0099,35.7573],[136.0099,35.7573],[136.01,35.7572]]],[[[136.0251,35.7578],[136.0252,35.7574],[136.025,35.7578],[136.0251,35.7578]]],[[[136.0096,35.758],[136.0095,35.7574],[136.0094,35.7575],[136.0096,35.758]]],[[[136.0096,35.7581],[136.0097,35.7582],[136.0097,35.7581],[136.0096,35.7581]]],[[[136.0123,35.7584],[136.0124,35.7586],[136.0126,35.7586],[136.0123,35.7584]]],[[[136.0112,35.7583],[136.0111,35.7587],[136.0115,35.7584],[136.0112,35.7583]]],[[[136.0113,35.7592],[136.0116,35.7592],[136.0115,35.759],[136.0113,35.7592]]],[[[136.0129,35.7593],[136.0129,35.7594],[136.013,35.7594],[136.0129,35.7593]]],[[[136.0134,35.7595],[136.013,35.7596],[136.0134,35.7599],[136.0134,35.7595]]],[[[136.014,35.7598],[136.0139,35.7598],[136.014,35.7598],[136.014,35.7598]]],[[[136.0144,35.76],[136.0142,35.7602],[136.0145,35.7601],[136.0144,35.76]]],[[[136.0126,35.7603],[136.013,35.76],[136.0124,35.7598],[136.0126,35.7603]]],[[[136.0154,35.7602],[136.0154,35.7603],[136.0155,35.7603],[136.0154,35.7602]]],[[[136.0141,35.7602],[136.0141,35.7604],[136.0141,35.7602],[136.0141,35.7602]]],[[[136.0142,35.7603],[136.0142,35.7604],[136.0142,35.7603],[136.0142,35.7603]]],[[[136.0144,35.7604],[136.0144,35.7605],[136.0145,35.7604],[136.0144,35.7604]]],[[[136.0158,35.7605],[136.0158,35.7605],[136.0158,35.7605],[136.0158,35.7605]]],[[[136.0229,35.7609],[136.0231,35.7608],[136.0231,35.7608],[136.0229,35.7609]]],[[[136.0162,35.7614],[136.0161,35.7615],[136.0162,35.7615],[136.0162,35.7614]]],[[[136.0159,35.7616],[136.0158,35.7616],[136.0158,35.7616],[136.0159,35.7616]]],[[[136.0159,35.7618],[136.0161,35.7618],[136.016,35.7616],[136.0159,35.7618]]],[[[136.0221,35.762],[136.0221,35.7621],[136.0222,35.7621],[136.0221,35.762]]],[[[136.0156,35.7621],[136.0156,35.7622],[136.0156,35.7622],[136.0156,35.7621]]],[[[136.016,35.7621],[136.016,35.7624],[136.0162,35.7622],[136.016,35.7621]]],[[[136.0154,35.7624],[136.0156,35.7626],[136.0157,35.7625],[136.0154,35.7624]]],[[[136.0162,35.7626],[136.0158,35.7627],[136.0162,35.7628],[136.0162,35.7626]]],[[[136.0164,35.7626],[136.0165,35.7629],[136.0166,35.7629],[136.0164,35.7626]]],[[[136.0166,35.763],[136.0166,35.7631],[136.0166,35.763],[136.0166,35.763]]],[[[136.021,35.7631],[136.021,35.7631],[136.021,35.763],[136.021,35.7631]]],[[[136.0164,35.7635],[136.0164,35.7634],[136.0163,35.7634],[136.0164,35.7635]]],[[[136.0166,35.7635],[136.0167,35.7635],[136.0167,35.7635],[136.0166,35.7635]]],[[[136.0166,35.7638],[136.0165,35.7636],[136.0165,35.7637],[136.0166,35.7638]]],[[[136.0156,35.7637],[136.0152,35.7639],[136.0155,35.764],[136.0156,35.7637]]],[[[136.0162,35.7637],[136.0158,35.7641],[136.0165,35.7641],[136.0162,35.7637]]],[[[136.0168,35.7643],[136.0167,35.764],[136.0166,35.7642],[136.0168,35.7643]]],[[[136.0178,35.7642],[136.0178,35.7643],[136.0179,35.7643],[136.0178,35.7642]]],[[[136.0181,35.7644],[136.0181,35.7643],[136.0181,35.7643],[136.0181,35.7644]]],[[[136.0191,35.7643],[136.0186,35.7644],[136.0191,35.7644],[136.0191,35.7643]]],[[[136.0165,35.7644],[136.016,35.7644],[136.0161,35.7645],[136.0165,35.7644]]],[[[136.0173,35.7644],[136.0173,35.7647],[136.0174,35.7646],[136.0173,35.7644]]],[[[136.0169,35.7646],[136.0167,35.7646],[136.0167,35.7646],[136.0169,35.7646]]],[[[136.0161,35.7647],[136.0162,35.7648],[136.0162,35.7647],[136.0161,35.7647]]],[[[136.0193,35.7649],[136.0191,35.7647],[136.019,35.7649],[136.0193,35.7649]]],[[[136.0153,35.7653],[136.0154,35.7652],[136.0153,35.7653],[136.0153,35.7653]]],[[[136.0162,35.7656],[136.0162,35.7657],[136.0163,35.7657],[136.0162,35.7656]]],[[[136.0454,35.6636],[136.0453,35.6637],[136.0453,35.6637],[136.0454,35.6636]]],[[[136.0453,35.6639],[136.0453,35.6639],[136.0453,35.664],[136.0453,35.6639]]],[[[136.0443,35.6644],[136.0443,35.6644],[136.0443,35.6643],[136.0443,35.6644]]],[[[136.0431,35.6661],[136.043,35.6662],[136.0431,35.6662],[136.0431,35.6661]]],[[[136.0429,35.6665],[136.0429,35.6666],[136.0429,35.6666],[136.0429,35.6665]]],[[[136.0426,35.6681],[136.0426,35.668],[136.0425,35.668],[136.0426,35.6681]]],[[[136.043,35.6686],[136.043,35.6686],[136.043,35.6685],[136.043,35.6686]]],[[[136.0419,35.6709],[136.042,35.6707],[136.0419,35.6708],[136.0419,35.6709]]],[[[136.0406,35.6716],[136.04,35.672],[136.0407,35.6716],[136.0406,35.6716]]],[[[136.0394,35.6721],[136.0383,35.6726],[136.0394,35.6722],[136.0394,35.6721]]],[[[136.0364,35.6757],[136.0364,35.6758],[136.0364,35.6758],[136.0364,35.6757]]],[[[136.0354,35.6759],[136.0355,35.6759],[136.0354,35.6759],[136.0354,35.6759]]],[[[136.0363,35.6759],[136.0364,35.676],[136.0364,35.6759],[136.0363,35.6759]]],[[[136.0358,35.676],[136.0359,35.6761],[136.0359,35.6761],[136.0358,35.676]]],[[[136.0346,35.676],[136.0332,35.6768],[136.0346,35.676],[136.0346,35.676]]],[[[136.0323,35.6772],[136.033,35.6768],[136.0323,35.6771],[136.0323,35.6772]]],[[[136.0314,35.6776],[136.0321,35.6772],[136.0314,35.6776],[136.0314,35.6776]]],[[[136.0307,35.678],[136.0312,35.6777],[136.0307,35.6779],[136.0307,35.678]]],[[[136.0277,35.6861],[136.0273,35.6853],[136.0272,35.6853],[136.0277,35.6861]]],[[[136.0431,35.6914],[136.0432,35.6914],[136.0431,35.6914],[136.0431,35.6914]]],[[[136.0445,35.6915],[136.0445,35.6916],[136.0446,35.6915],[136.0445,35.6915]]],[[[136.0425,35.6915],[136.0424,35.6916],[136.0425,35.6915],[136.0425,35.6915]]],[[[136.0445,35.6918],[136.0444,35.6917],[136.0444,35.6918],[136.0445,35.6918]]],[[[136.0443,35.6927],[136.0444,35.6926],[136.0443,35.6926],[136.0443,35.6927]]],[[[136.0451,35.6942],[136.045,35.6944],[136.0452,35.6944],[136.0451,35.6942]]],[[[136.0453,35.6946],[136.0453,35.6946],[136.0453,35.6946],[136.0453,35.6946]]],[[[136.0453,35.6948],[136.0453,35.6948],[136.0452,35.6948],[136.0453,35.6948]]],[[[136.0434,35.6984],[136.0435,35.6984],[136.0435,35.6984],[136.0434,35.6984]]],[[[136.0433,35.6985],[136.0432,35.6984],[136.0432,35.6985],[136.0433,35.6985]]],[[[136.043,35.6985],[136.0431,35.6984],[136.043,35.6984],[136.043,35.6985]]],[[[136.042,35.703],[136.042,35.7029],[136.0419,35.7029],[136.042,35.703]]],[[[136.0421,35.703],[136.0422,35.7029],[136.0421,35.703],[136.0421,35.703]]],[[[136.0421,35.7032],[136.0422,35.7031],[136.0421,35.7032],[136.0421,35.7032]]],[[[136.0422,35.7033],[136.0422,35.7033],[136.0422,35.7033],[136.0422,35.7033]]],[[[136.0425,35.7036],[136.0424,35.7036],[136.0425,35.7036],[136.0425,35.7036]]],[[[136.0431,35.7044],[136.0432,35.7044],[136.0432,35.7044],[136.0431,35.7044]]],[[[136.0433,35.7045],[136.0434,35.7045],[136.0433,35.7045],[136.0433,35.7045]]],[[[136.0435,35.7046],[136.0435,35.7045],[136.0435,35.7046],[136.0435,35.7046]]],[[[136.0445,35.7053],[136.0445,35.7052],[136.0445,35.7052],[136.0445,35.7053]]],[[[136.0446,35.7054],[136.0446,35.7055],[136.0446,35.7054],[136.0446,35.7054]]],[[[136.0438,35.7059],[136.0438,35.7058],[136.0438,35.7059],[136.0438,35.7059]]],[[[136.0434,35.706],[136.0433,35.7061],[136.0434,35.706],[136.0434,35.706]]],[[[136.042,35.7343],[136.0417,35.7367],[136.0386,35.7387],[136.0412,35.7379],[136.0423,35.7355],[136.042,35.7343]]],[[[136.037,35.7403],[136.037,35.7404],[136.0371,35.7403],[136.037,35.7403]]],[[[136.0363,35.7405],[136.0364,35.7405],[136.0364,35.7405],[136.0363,35.7405]]],[[[136.0368,35.7405],[136.0366,35.7405],[136.0366,35.7406],[136.0368,35.7405]]],[[[136.0286,35.7539],[136.0286,35.754],[136.0287,35.7539],[136.0286,35.7539]]],[[[136.0282,35.7541],[136.0283,35.754],[136.0281,35.7541],[136.0282,35.7541]]],[[[135.9982,35.6524],[136.0137,35.667],[136.0126,35.7249],[136.005,35.7301],[135.9687,35.7248],[135.9679,35.7356],[135.9772,35.7323],[135.9811,35.7331],[135.9809,35.7377],[135.988,35.7421],[135.9934,35.7473],[135.9936,35.7489],[135.9948,35.7487],[136.0012,35.7499],[136.0054,35.7561],[136.0096,35.7542],[136.0209,35.763],[136.0258,35.755],[136.0318,35.7518],[136.0335,35.7456],[136.0362,35.7405],[136.0377,35.7391],[136.022,35.7488],[136.0384,35.7267],[136.0377,35.7098],[136.0409,35.7065],[136.0443,35.7055],[136.0426,35.7042],[136.0415,35.7026],[136.0407,35.6993],[136.0442,35.6912],[136.0381,35.6947],[136.0329,35.6927],[136.0265,35.6857],[136.0255,35.6805],[136.0333,35.6757],[136.0361,35.6759],[136.0378,35.6722],[136.0419,35.6706],[136.0448,35.6582],[136.0512,35.6568],[136.0596,35.6572],[136.0726,35.6611],[136.058,35.6642],[136.0743,35.6674],[136.0743,35.6781],[136.0676,35.6795],[136.0773,35.6797],[136.0775,35.6804],[136.0783,35.6805],[136.0789,35.6812],[136.0795,35.6814],[136.0803,35.6804],[136.0861,35.6847],[136.0855,35.687],[136.0813,35.6893],[136.0816,35.6996],[136.0785,35.7034],[136.0842,35.7074],[136.0869,35.7073],[136.0881,35.7078],[136.0924,35.711],[136.0987,35.7258],[136.0965,35.7356],[136.0857,35.7392],[136.0951,35.7423],[136.0999,35.7467],[136.1014,35.7569],[136.0983,35.7652],[136.1126,35.7655],[136.1326,35.7373],[136.132,35.7227],[136.1488,35.7107],[136.1504,35.6913],[136.1345,35.6694],[136.1502,35.6594],[136.1768,35.5984],[136.1664,35.5825],[136.1699,35.5661],[136.1138,35.5829],[136.1064,35.5289],[136.0829,35.5406],[136.0694,35.5263],[136.0486,35.5345],[136.0265,35.5295],[136.0228,35.5585],[136.0294,35.5772],[136.0252,35.5873],[136.0094,35.5858],[136.0046,35.5952],[136.0091,35.6315],[135.9982,35.6524]]],[[[136.0557,35.657],[136.0558,35.6571],[136.0558,35.657],[136.0557,35.657]]],[[[136.0557,35.6572],[136.0557,35.6572],[136.0557,35.6572],[136.0557,35.6572]]],[[[136.0562,35.6579],[136.0549,35.6577],[136.0549,35.6578],[136.0562,35.6579]]],[[[136.0579,35.6581],[136.0565,35.6578],[136.0565,35.6579],[136.0579,35.6581]]],[[[136.0454,35.6637],[136.0454,35.6636],[136.0454,35.6636],[136.0454,35.6637]]],[[[136.0454,35.6637],[136.0454,35.6637],[136.0454,35.6637],[136.0454,35.6637]]],[[[136.0454,35.6637],[136.0454,35.6637],[136.0453,35.6637],[136.0454,35.6637]]],[[[136.0675,35.6794],[136.0676,35.6793],[136.0675,35.6793],[136.0675,35.6794]]],[[[136.0675,35.6795],[136.0583,35.6794],[136.0583,35.6795],[136.0675,35.6795]]],[[[136.0561,35.6795],[136.0562,35.6794],[136.0561,35.6794],[136.0561,35.6795]]],[[[136.0766,35.6801],[136.0766,35.68],[136.0766,35.68],[136.0766,35.6801]]],[[[136.0783,35.6806],[136.0783,35.6806],[136.0782,35.6806],[136.0783,35.6806]]],[[[136.0781,35.6809],[136.0781,35.681],[136.0782,35.6809],[136.0781,35.6809]]],[[[136.0802,35.6817],[136.0812,35.6824],[136.0813,35.6824],[136.0802,35.6817]]],[[[136.0812,35.6905],[136.0812,35.6905],[136.0812,35.6905],[136.0812,35.6905]]],[[[136.0812,35.6905],[136.0812,35.6905],[136.0812,35.6905],[136.0812,35.6905]]],[[[136.0806,35.6909],[136.0806,35.691],[136.0806,35.6909],[136.0806,35.6909]]],[[[136.0808,35.691],[136.0808,35.691],[136.0808,35.691],[136.0808,35.691]]],[[[136.0809,35.6911],[136.0809,35.6912],[136.0809,35.6912],[136.0809,35.6911]]],[[[136.0802,35.6928],[136.0802,35.6928],[136.0802,35.6928],[136.0802,35.6928]]],[[[136.0809,35.6943],[136.0809,35.6943],[136.081,35.6943],[136.0809,35.6943]]],[[[136.0809,35.6943],[136.081,35.6943],[136.0809,35.6943],[136.0809,35.6943]]],[[[136.081,35.6945],[136.081,35.6946],[136.081,35.6946],[136.081,35.6945]]],[[[136.0454,35.6949],[136.0454,35.695],[136.0455,35.695],[136.0454,35.6949]]],[[[136.0807,35.695],[136.0807,35.695],[136.0806,35.695],[136.0807,35.695]]],[[[136.0806,35.695],[136.0806,35.695],[136.0805,35.695],[136.0806,35.695]]],[[[136.0807,35.695],[136.0807,35.695],[136.0807,35.695],[136.0807,35.695]]],[[[136.0806,35.695],[136.0806,35.695],[136.0807,35.695],[136.0806,35.695]]],[[[136.0802,35.6957],[136.0801,35.6956],[136.0801,35.6957],[136.0802,35.6957]]],[[[136.0802,35.6958],[136.0802,35.6958],[136.0802,35.6958],[136.0802,35.6958]]],[[[136.0802,35.696],[136.0802,35.696],[136.0802,35.696],[136.0802,35.696]]],[[[136.0801,35.696],[136.0802,35.696],[136.0801,35.696],[136.0801,35.696]]],[[[136.0799,35.6971],[136.08,35.6972],[136.08,35.6972],[136.0799,35.6971]]],[[[136.0801,35.6975],[136.0801,35.6975],[136.0801,35.6975],[136.0801,35.6975]]],[[[136.0808,35.7001],[136.0808,35.7002],[136.0808,35.7001],[136.0808,35.7001]]],[[[136.0804,35.7006],[136.0803,35.7005],[136.0803,35.7006],[136.0804,35.7006]]],[[[136.0786,35.7023],[136.0786,35.7022],[136.0785,35.7022],[136.0786,35.7023]]],[[[136.0782,35.7031],[136.0781,35.7032],[136.0782,35.7032],[136.0782,35.7031]]],[[[136.0782,35.7037],[136.0782,35.7037],[136.0782,35.7037],[136.0782,35.7037]]],[[[136.0784,35.7038],[136.0784,35.7037],[136.0784,35.7037],[136.0784,35.7038]]],[[[136.0801,35.7047],[136.08,35.7048],[136.0801,35.7048],[136.0801,35.7047]]],[[[136.079,35.7047],[136.0786,35.7049],[136.0787,35.7051],[136.079,35.7047]]],[[[136.0795,35.705],[136.0795,35.7049],[136.0795,35.7049],[136.0795,35.705]]],[[[136.0798,35.7049],[136.0798,35.705],[136.0798,35.7049],[136.0798,35.7049]]],[[[136.0791,35.705],[136.0791,35.705],[136.079,35.705],[136.0791,35.705]]],[[[136.079,35.7051],[136.0789,35.7051],[136.0789,35.7052],[136.079,35.7051]]],[[[136.0785,35.7052],[136.0783,35.7052],[136.0784,35.7053],[136.0785,35.7052]]],[[[136.0819,35.6828],[136.0817,35.6829],[136.0826,35.6835],[136.0819,35.6828]]],[[[136.0819,35.6888],[136.0819,35.6888],[136.0819,35.6888],[136.0819,35.6888]]],[[[136.0813,35.6889],[136.0813,35.6889],[136.0813,35.6889],[136.0813,35.6889]]],[[[136.0815,35.6889],[136.0815,35.6889],[136.0815,35.689],[136.0815,35.6889]]],[[[136.0815,35.689],[136.0815,35.689],[136.0815,35.689],[136.0815,35.689]]],[[[136.0814,35.689],[136.0814,35.689],[136.0814,35.689],[136.0814,35.689]]],[[[136.0815,35.689],[136.0815,35.689],[136.0815,35.689],[136.0815,35.689]]],[[[136.0815,35.689],[136.0815,35.6891],[136.0815,35.6891],[136.0815,35.689]]],[[[136.0814,35.6892],[136.0813,35.6892],[136.0813,35.6892],[136.0814,35.6892]]],[[[136.0814,35.6892],[136.0813,35.6892],[136.0813,35.6892],[136.0814,35.6892]]],[[[136.0813,35.6893],[136.0813,35.6893],[136.0813,35.6892],[136.0813,35.6893]]],[[[136.0813,35.6895],[136.0812,35.6895],[136.0812,35.6895],[136.0813,35.6895]]],[[[136.084,35.7074],[136.084,35.7075],[136.084,35.7074],[136.084,35.7074]]],[[[136.0857,35.7075],[136.0857,35.7075],[136.0857,35.7075],[136.0857,35.7075]]],[[[136.086,35.7075],[136.0861,35.7075],[136.086,35.7075],[136.086,35.7075]]],[[[136.0848,35.7082],[136.0848,35.708],[136.0847,35.7081],[136.0848,35.7082]]],[[[136.091,35.7132],[136.091,35.7133],[136.091,35.7132],[136.091,35.7132]]],[[[136.0909,35.7161],[136.0907,35.716],[136.0907,35.7161],[136.0909,35.7161]]],[[[136.0973,35.7277],[136.0972,35.7276],[136.0971,35.7277],[136.0973,35.7277]]],[[[136.096,35.7304],[136.0959,35.7303],[136.0959,35.7304],[136.096,35.7304]]],[[[136.0967,35.7314],[136.0969,35.7314],[136.0968,35.7314],[136.0967,35.7314]]],[[[136.0947,35.7361],[136.0947,35.736],[136.0946,35.7361],[136.0947,35.7361]]],[[[136.0944,35.7361],[136.0944,35.7362],[136.0945,35.7361],[136.0944,35.7361]]],[[[136.0925,35.7365],[136.0925,35.7364],[136.0925,35.7365],[136.0925,35.7365]]],[[[136.09,35.7372],[136.0901,35.7373],[136.0902,35.7373],[136.09,35.7372]]],[[[136.0885,35.7382],[136.0886,35.7381],[136.0885,35.7381],[136.0885,35.7382]]],[[[136.0862,35.7383],[136.0861,35.7383],[136.0861,35.7383],[136.0862,35.7383]]],[[[136.0874,35.7383],[136.0875,35.7383],[136.0874,35.7383],[136.0874,35.7383]]],[[[136.0855,35.7386],[136.0856,35.7387],[136.0856,35.7386],[136.0855,35.7386]]],[[[136.0848,35.7387],[136.0851,35.7387],[136.0848,35.7386],[136.0848,35.7387]]],[[[136.0859,35.7387],[136.086,35.7386],[136.0859,35.7387],[136.0859,35.7387]]],[[[136.0857,35.7388],[136.0857,35.7389],[136.0858,35.7388],[136.0857,35.7388]]],[[[136.0867,35.7398],[136.0869,35.7399],[136.0869,35.7398],[136.0867,35.7398]]],[[[136.0872,35.7399],[136.0873,35.74],[136.0873,35.74],[136.0872,35.7399]]],[[[136.0879,35.7411],[136.088,35.7411],[136.0879,35.7411],[136.0879,35.7411]]],[[[136.0883,35.7416],[136.0884,35.7415],[136.0883,35.7416],[136.0883,35.7416]]],[[[136.0898,35.7417],[136.0898,35.7416],[136.0897,35.7416],[136.0898,35.7417]]],[[[136.0895,35.7417],[136.0893,35.7417],[136.0895,35.7417],[136.0895,35.7417]]],[[[136.0895,35.7418],[136.0895,35.7418],[136.0895,35.7418],[136.0895,35.7418]]],[[[136.0907,35.7419],[136.0906,35.742],[136.0907,35.7419],[136.0907,35.7419]]],[[[136.1002,35.7587],[136.1002,35.7586],[136.1002,35.7586],[136.1002,35.7587]]],[[[136.0999,35.7592],[136.0999,35.7593],[136.0999,35.7592],[136.0999,35.7592]]],[[[136.1,35.7596],[136.1001,35.7597],[136.1001,35.7595],[136.1,35.7596]]],[[[136.098,35.7612],[136.0981,35.7611],[136.0979,35.7611],[136.098,35.7612]]],[[[136.0986,35.7613],[136.0986,35.7612],[136.0985,35.7613],[136.0986,35.7613]]],[[[136.0979,35.7619],[136.098,35.7619],[136.098,35.7618],[136.0979,35.7619]]]]}},{"type":"Feature","properties":{"id":"18204","name":"小浜市","pref":"福井県"},"geometry":{"type":"MultiPolygon","coordinates":[[[[135.6503,35.4804],[135.6503,35.4804],[135.6524,35.4811],[135.6503,35.4804]]],[[[135.6581,35.4858],[135.6582,35.4858],[135.6582,35.4858],[135.6581,35.4858]]],[[[135.6582,35.486],[135.6583,35.486],[135.6583,35.4859],[135.6582,35.486]]],[[[135.6583,35.4861],[135.6584,35.4861],[135.6584,35.4861],[135.6583,35.4861]]],[[[135.6583,35.4864],[135.6584,35.4864],[135.6583,35.4863],[135.6583,35.4864]]],[[[135.6582,35.4866],[135.6581,35.4865],[135.6581,35.4866],[135.6582,35.4866]]],[[[135.658,35.4866],[135.6579,35.4867],[135.658,35.4867],[135.658,35.4866]]],[[[135.6576,35.4869],[135.6578,35.4871],[135.6578,35.4869],[135.6576,35.4869]]],[[[135.6576,35.4873],[135.6576,35.4872],[135.6575,35.4872],[135.6576,35.4873]]],[[[135.6579,35.4872],[135.658,35.4874],[135.658,35.4873],[135.6579,35.4872]]],[[[135.6576,35.4874],[135.6575,35.4873],[135.6575,35.4874],[135.6576,35.4874]]],[[[135.6575,35.4875],[135.6576,35.4876],[135.6576,35.4876],[135.6575,35.4875]]],[[[135.6574,35.4877],[135.6574,35.4877],[135.6573,35.4877],[135.6574,35.4877]]],[[[135.694,35.489],[135.6941,35.489],[135.6939,35.489],[135.694,35.489]]],[[[135.6939,35.4891],[135.6941,35.4892],[135.6941,35.4892],[135.6939,35.4891]]],[[[135.6943,35.4892],[135.6945,35.4892],[135.6944,35.4892],[135.6943,35.4892]]],[[[135.6951,35.4896],[135.6951,35.4896],[135.695,35.4896],[135.6951,35.4896]]],[[[135.6951,35.4898],[135.6952,35.4897],[135.6951,35.4898],[135.6951,35.4898]]],[[[135.6955,35.4902],[135.6954,35.4902],[135.6954,35.4902],[135.6955,35.4902]]],[[[135.6955,35.4902],[135.6953,35.4904],[135.6954,35.4904],[135.6955,35.4902]]],[[[135.6953,35.4906],[135.6954,35.4906],[135.6953,35.4906],[135.6953,35.4906]]],[[[135.6714,35.491],[135.6715,35.491],[135.6714,35.491],[135.6714,35.491]]],[[[135.6962,35.4913],[135.6962,35.4914],[135.6962,35.4913],[135.6962,35.4913]]],[[[135.6963,35.4914],[135.6963,35.4914],[135.6962,35.4914],[135.6963,35.4914]]],[[[135.6655,35.4916],[135.6655,35.4915],[135.6655,35.4916],[135.6655,35.4916]]],[[[135.6655,35.492],[135.6656,35.4921],[135.6656,35.492],[135.6655,35.492]]],[[[135.6614,35.4925],[135.6613,35.4925],[135.6614,35.4925],[135.6614,35.4925]]],[[[135.6614,35.4929],[135.6614,35.4929],[135.6613,35.4929],[135.6614,35.4929]]],[[[135.6637,35.4938],[135.6636,35.4938],[135.6637,35.4938],[135.6637,35.4938]]],[[[135.663,35.4938],[135.663,35.4939],[135.663,35.4939],[135.663,35.4938]]],[[[135.6633,35.4939],[135.6633,35.4939],[135.6633,35.4939],[135.6633,35.4939]]],[[[135.6825,35.4966],[135.6825,35.4967],[135.6825,35.4966],[135.6825,35.4966]]],[[[135.6825,35.498],[135.6825,35.4981],[135.6825,35.498],[135.6825,35.498]]],[[[135.684,35.4977],[135.6827,35.4989],[135.6831,35.4993],[135.684,35.4977]]],[[[135.6839,35.4982],[135.684,35.4982],[135.6839,35.4982],[135.6839,35.4982]]],[[[135.6826,35.4983],[135.6826,35.4983],[135.6826,35.4983],[135.6826,35.4983]]],[[[135.6897,35.5432],[135.6895,35.5432],[135.6897,35.5432],[135.6897,35.5432]]],[[[135.6895,35.5434],[135.6896,35.5434],[135.6896,35.5434],[135.6895,35.5434]]],[[[135.6896,35.5436],[135.6894,35.5436],[135.6895,35.5436],[135.6896,35.5436]]],[[[135.6886,35.545],[135.6886,35.5447],[135.6884,35.5449],[135.6886,35.545]]],[[[135.6885,35.546],[135.6885,35.5459],[135.6885,35.5459],[135.6885,35.546]]],[[[135.6895,35.5477],[135.6895,35.5476],[135.6895,35.5476],[135.6895,35.5477]]],[[[135.6896,35.5483],[135.6897,35.5482],[135.6896,35.5482],[135.6896,35.5483]]],[[[135.6947,35.5521],[135.6947,35.552],[135.6947,35.552],[135.6947,35.5521]]],[[[135.6951,35.5524],[135.6951,35.5523],[135.6951,35.5523],[135.6951,35.5524]]],[[[135.6979,35.554],[135.6979,35.5539],[135.6978,35.554],[135.6979,35.554]]],[[[135.6979,35.5544],[135.6979,35.5542],[135.6979,35.5543],[135.6979,35.5544]]],[[[135.6981,35.5548],[135.6981,35.5546],[135.698,35.5547],[135.6981,35.5548]]],[[[135.6983,35.555],[135.6982,35.5551],[135.6983,35.5551],[135.6983,35.555]]],[[[135.7102,35.487],[135.7102,35.4869],[135.7101,35.487],[135.7102,35.487]]],[[[135.7085,35.4886],[135.7085,35.4886],[135.7085,35.4886],[135.7085,35.4886]]],[[[135.7084,35.4886],[135.7084,35.4886],[135.7084,35.4886],[135.7084,35.4886]]],[[[135.7085,35.4887],[135.7086,35.4887],[135.7086,35.4887],[135.7085,35.4887]]],[[[135.7085,35.4887],[135.7085,35.4887],[135.7085,35.4887],[135.7085,35.4887]]],[[[135.7083,35.4889],[135.7083,35.4889],[135.7083,35.4889],[135.7083,35.4889]]],[[[135.7041,35.4892],[135.704,35.4891],[135.704,35.4891],[135.7041,35.4892]]],[[[135.7033,35.4892],[135.7033,35.4892],[135.7033,35.4892],[135.7033,35.4892]]],[[[135.7038,35.4893],[135.7039,35.4893],[135.7039,35.4892],[135.7038,35.4893]]],[[[135.7037,35.4893],[135.7037,35.4893],[135.7037,35.4893],[135.7037,35.4893]]],[[[135.7066,35.4895],[135.7066,35.4895],[135.7065,35.4895],[135.7066,35.4895]]],[[[135.7062,35.4896],[135.7062,35.4896],[135.7061,35.4896],[135.7062,35.4896]]],[[[135.7072,35.4898],[135.7072,35.4899],[135.7072,35.4898],[135.7072,35.4898]]],[[[135.7078,35.4898],[135.7078,35.4899],[135.7079,35.4898],[135.7078,35.4898]]],[[[135.7077,35.49],[135.7076,35.4899],[135.7076,35.49],[135.7077,35.49]]],[[[135.7075,35.4899],[135.7075,35.49],[135.7075,35.4899],[135.7075,35.4899]]],[[[135.7075,35.4901],[135.7075,35.49],[135.7074,35.4901],[135.7075,35.4901]]],[[[135.707,35.4901],[135.707,35.4902],[135.707,35.4902],[135.707,35.4901]]],[[[135.7079,35.4905],[135.7078,35.4905],[135.7079,35.4905],[135.7079,35.4905]]],[[[135.702,35.4906],[135.7019,35.4906],[135.7019,35.4906],[135.702,35.4906]]],[[[135.702,35.4914],[135.702,35.4914],[135.7021,35.4914],[135.702,35.4914]]],[[[135.7019,35.4914],[135.7019,35.4915],[135.7019,35.4915],[135.7019,35.4914]]],[[[135.699,35.4922],[135.6989,35.4922],[135.699,35.4922],[135.699,35.4922]]],[[[135.6992,35.4923],[135.6992,35.4924],[135.6993,35.4923],[135.6992,35.4923]]],[[[135.7014,35.4929],[135.7015,35.4929],[135.7013,35.4929],[135.7014,35.4929]]],[[[135.7,35.4929],[135.7001,35.493],[135.7001,35.4929],[135.7,35.4929]]],[[[135.7003,35.493],[135.7003,35.493],[135.7003,35.493],[135.7003,35.493]]],[[[135.7004,35.4932],[135.7004,35.4931],[135.7003,35.4931],[135.7004,35.4932]]],[[[135.7013,35.4934],[135.7013,35.4934],[135.7013,35.4934],[135.7013,35.4934]]],[[[135.7006,35.4935],[135.7007,35.4935],[135.7006,35.4935],[135.7006,35.4935]]],[[[135.7006,35.4939],[135.7007,35.4938],[135.7006,35.4938],[135.7006,35.4939]]],[[[135.7014,35.4939],[135.7013,35.4938],[135.7013,35.4939],[135.7014,35.4939]]],[[[135.7005,35.494],[135.7004,35.4941],[135.7005,35.4941],[135.7005,35.494]]],[[[135.7013,35.4943],[135.7012,35.4942],[135.7012,35.4942],[135.7013,35.4943]]],[[[135.7012,35.4943],[135.7012,35.4943],[135.7013,35.4943],[135.7012,35.4943]]],[[[135.7009,35.4947],[135.7008,35.4947],[135.7009,35.4947],[135.7009,35.4947]]],[[[135.7008,35.4946],[135.7008,35.4947],[135.7008,35.4947],[135.7008,35.4946]]],[[[135.7033,35.5589],[135.7034,35.5588],[135.7034,35.5588],[135.7033,35.5589]]],[[[135.7032,35.5592],[135.7031,35.5593],[135.7032,35.5592],[135.7032,35.5592]]],[[[135.7043,35.5604],[135.7042,35.5604],[135.7042,35.5604],[135.7043,35.5604]]],[[[135.7043,35.5605],[135.7042,35.5605],[135.7042,35.5606],[135.7043,35.5605]]],[[[135.7025,35.5607],[135.7026,35.5606],[135.7025,35.5606],[135.7025,35.5607]]],[[[135.7055,35.5621],[135.7056,35.5623],[135.7057,35.5622],[135.7055,35.5621]]],[[[135.7053,35.5623],[135.7052,35.5622],[135.7053,35.5623],[135.7053,35.5623]]],[[[135.7067,35.5634],[135.7066,35.5635],[135.7067,35.5635],[135.7067,35.5634]]],[[[135.7094,35.5637],[135.7095,35.5638],[135.7095,35.5637],[135.7094,35.5637]]],[[[135.7109,35.564],[135.7109,35.5639],[135.7108,35.564],[135.7109,35.564]]],[[[135.7106,35.564],[135.7107,35.564],[135.7107,35.5639],[135.7106,35.564]]],[[[135.7117,35.566],[135.7115,35.566],[135.7115,35.5661],[135.7117,35.566]]],[[[135.6684,35.4129],[135.6435,35.4167],[135.6322,35.4267],[135.6153,35.4145],[135.6045,35.4158],[135.5889,35.4327],[135.6472,35.4501],[135.6408,35.459],[135.6485,35.465],[135.6452,35.4786],[135.6543,35.4804],[135.6548,35.4833],[135.6582,35.4854],[135.6624,35.4937],[135.666,35.4898],[135.6816,35.4873],[135.692,35.4878],[135.6951,35.4892],[135.6961,35.4912],[135.6986,35.4917],[135.7002,35.4928],[135.701,35.4937],[135.7005,35.4944],[135.7009,35.4946],[135.7018,35.4897],[135.7141,35.4832],[135.7177,35.4838],[135.7196,35.485],[135.7192,35.4873],[135.7195,35.4872],[135.7209,35.4884],[135.7209,35.4922],[135.7214,35.4919],[135.7226,35.4917],[135.7271,35.4917],[135.7305,35.4952],[135.7355,35.4931],[135.7386,35.4953],[135.734,35.5008],[135.7438,35.5063],[135.7484,35.5179],[135.7492,35.5138],[135.7508,35.5316],[135.7648,35.5355],[135.7387,35.5359],[135.7332,35.5241],[135.7179,35.5198],[135.7168,35.5407],[135.6886,35.5462],[135.7122,35.5644],[135.7146,35.5699],[135.7217,35.5682],[135.7225,35.5693],[135.7284,35.5689],[135.7359,35.5714],[135.7447,35.5644],[135.7499,35.5666],[135.7571,35.5433],[135.7588,35.5426],[135.7636,35.545],[135.77,35.5439],[135.7642,35.5509],[135.7651,35.5514],[135.7654,35.5522],[135.764,35.5548],[135.7659,35.5573],[135.7745,35.5497],[135.7797,35.5503],[135.7824,35.5452],[135.7869,35.5415],[135.7933,35.5415],[135.786,35.5345],[135.7908,35.5302],[135.7955,35.5308],[135.7986,35.5249],[135.8003,35.5255],[135.8047,35.5331],[135.8071,35.5276],[135.8152,35.5294],[135.8127,35.5377],[135.8343,35.5372],[135.8259,35.552],[135.8123,35.5639],[135.8089,35.565],[135.804,35.5649],[135.8039,35.5693],[135.8029,35.5706],[135.8014,35.5714],[135.8053,35.5696],[135.8077,35.5698],[135.811,35.5729],[135.8112,35.5774],[135.8215,35.5603],[135.8504,35.5429],[135.832,35.5225],[135.8454,35.5021],[135.8433,35.4844],[135.8249,35.4792],[135.8094,35.4899],[135.7964,35.4881],[135.8119,35.4757],[135.819,35.4515],[135.8592,35.4323],[135.8526,35.4107],[135.8135,35.4132],[135.8049,35.3844],[135.7738,35.3935],[135.7603,35.4099],[135.7402,35.4169],[135.7126,35.4089],[135.6821,35.4187],[135.6684,35.4129]]],[[[135.7174,35.4839],[135.7173,35.484],[135.7174,35.484],[135.7174,35.4839]]],[[[135.7172,35.4842],[135.7171,35.4843],[135.7172,35.4843],[135.7172,35.4842]]],[[[135.7189,35.4871],[135.719,35.4872],[135.719,35.4871],[135.7189,35.4871]]],[[[135.7191,35.4873],[135.7191,35.4874],[135.7191,35.4873],[135.7191,35.4873]]],[[[135.7199,35.4877],[135.7199,35.4877],[135.7199,35.4877],[135.7199,35.4877]]],[[[135.72,35.4878],[135.7198,35.4879],[135.7199,35.4879],[135.72,35.4878]]],[[[135.7208,35.4891],[135.7207,35.489],[135.7207,35.4891],[135.7208,35.4891]]],[[[135.7205,35.4891],[135.7205,35.4891],[135.7205,35.4891],[135.7205,35.4891]]],[[[135.7198,35.4898],[135.7199,35.4898],[135.7198,35.4898],[135.7198,35.4898]]],[[[135.7201,35.4917],[135.72,35.4917],[135.7201,35.4917],[135.7201,35.4917]]],[[[135.7228,35.4919],[135.7227,35.4919],[135.7228,35.4919],[135.7228,35.4919]]],[[[135.7205,35.4919],[135.7206,35.4919],[135.7206,35.4919],[135.7205,35.4919]]],[[[135.722,35.492],[135.7221,35.4919],[135.722,35.4919],[135.722,35.492]]],[[[135.7233,35.492],[135.7232,35.492],[135.7232,35.492],[135.7233,35.492]]],[[[135.7229,35.492],[135.7229,35.492],[135.7229,35.492],[135.7229,35.492]]],[[[135.7228,35.492],[135.7228,35.492],[135.7228,35.492],[135.7228,35.492]]],[[[135.7205,35.492],[135.7205,35.4921],[135.7205,35.492],[135.7205,35.492]]],[[[135.7248,35.4921],[135.7246,35.4921],[135.7246,35.4921],[135.7248,35.4921]]],[[[135.7243,35.492],[135.7243,35.4921],[135.7244,35.4921],[135.7243,35.492]]],[[[135.7238,35.4921],[135.7239,35.4921],[135.7239,35.4921],[135.7238,35.4921]]],[[[135.7205,35.4921],[135.7205,35.4921],[135.7205,35.4921],[135.7205,35.4921]]],[[[135.7208,35.4922],[135.7209,35.4921],[135.7208,35.4922],[135.7208,35.4922]]],[[[135.7235,35.4922],[135.7235,35.4922],[135.7235,35.4922],[135.7235,35.4922]]],[[[135.7241,35.4923],[135.7241,35.4924],[135.7241,35.4923],[135.7241,35.4923]]],[[[135.721,35.4924],[135.721,35.4924],[135.721,35.4924],[135.721,35.4924]]],[[[135.7322,35.5009],[135.736,35.5057],[135.7364,35.5065],[135.7322,35.5009]]],[[[135.7434,35.5073],[135.7439,35.5069],[135.7433,35.5073],[135.7434,35.5073]]],[[[135.745,35.5105],[135.7451,35.5105],[135.7442,35.5092],[135.745,35.5105]]],[[[135.7145,35.5207],[135.7146,35.5204],[135.7143,35.5206],[135.7145,35.5207]]],[[[135.7154,35.5206],[135.7152,35.5207],[135.7154,35.5208],[135.7154,35.5206]]],[[[135.7141,35.5209],[135.714,35.5208],[135.714,35.5209],[135.7141,35.5209]]],[[[135.716,35.5214],[135.716,35.5215],[135.716,35.5214],[135.716,35.5214]]],[[[135.7373,35.5243],[135.736,35.5251],[135.7383,35.5254],[135.7373,35.5243]]],[[[135.7562,35.549],[135.756,35.5489],[135.756,35.549],[135.7562,35.549]]],[[[135.7436,35.5661],[135.7435,35.5662],[135.7436,35.5661],[135.7436,35.5661]]],[[[135.7432,35.5664],[135.7434,35.5664],[135.7433,35.5663],[135.7432,35.5664]]],[[[135.7487,35.5668],[135.7488,35.5666],[135.7486,35.5667],[135.7487,35.5668]]],[[[135.749,35.5669],[135.749,35.5668],[135.749,35.5669],[135.749,35.5669]]],[[[135.7423,35.5673],[135.7422,35.5672],[135.7422,35.5673],[135.7423,35.5673]]],[[[135.7274,35.5694],[135.7273,35.5693],[135.7274,35.5694],[135.7274,35.5694]]],[[[135.7167,35.5696],[135.7166,35.5697],[135.7167,35.5697],[135.7167,35.5696]]],[[[135.729,35.5699],[135.7289,35.5698],[135.7289,35.5699],[135.729,35.5699]]],[[[135.7158,35.5703],[135.7162,35.5701],[135.7161,35.5699],[135.7158,35.5703]]],[[[135.7406,35.5707],[135.7412,35.5707],[135.7414,35.5705],[135.7411,35.5704],[135.7406,35.5707]]],[[[135.7403,35.5708],[135.7404,35.5707],[135.7403,35.5708],[135.7403,35.5708]]],[[[135.734,35.571],[135.7338,35.571],[135.7338,35.5711],[135.734,35.571]]],[[[135.7351,35.5716],[135.735,35.5713],[135.7348,35.5717],[135.7351,35.5716]]],[[[135.7338,35.572],[135.7339,35.5719],[135.7338,35.572],[135.7338,35.572]]],[[[135.8001,35.5286],[135.8,35.5285],[135.8001,35.5286],[135.8001,35.5286]]],[[[135.8004,35.5286],[135.8003,35.5286],[135.8004,35.5286],[135.8004,35.5286]]],[[[135.8002,35.5287],[135.8002,35.5287],[135.8002,35.5287],[135.8002,35.5287]]],[[[135.8007,35.5288],[135.8008,35.5288],[135.8007,35.5288],[135.8007,35.5288]]],[[[135.801,35.529],[135.8011,35.529],[135.801,35.529],[135.801,35.529]]],[[[135.8017,35.5293],[135.8017,35.5293],[135.8017,35.5293],[135.8017,35.5293]]],[[[135.8018,35.5295],[135.8019,35.5295],[135.8019,35.5295],[135.8018,35.5295]]],[[[135.8026,35.5298],[135.8025,35.5298],[135.8025,35.5298],[135.8026,35.5298]]],[[[135.7939,35.531],[135.7939,35.531],[135.7939,35.531],[135.7939,35.531]]],[[[135.7943,35.531],[135.7943,35.531],[135.7943,35.531],[135.7943,35.531]]],[[[135.7946,35.531],[135.7945,35.531],[135.7946,35.531],[135.7946,35.531]]],[[[135.7942,35.5311],[135.7943,35.5312],[135.7943,35.5311],[135.7942,35.5311]]],[[[135.7954,35.5314],[135.7954,35.5314],[135.7954,35.5314],[135.7954,35.5314]]],[[[135.7881,35.533],[135.7881,35.533],[135.7881,35.5331],[135.7881,35.533]]],[[[135.7878,35.5331],[135.7879,35.5331],[135.7879,35.5331],[135.7878,35.5331]]],[[[135.7925,35.5424],[135.7927,35.5424],[135.7925,35.5423],[135.7925,35.5424]]],[[[135.7926,35.5429],[135.7927,35.5428],[135.7926,35.5428],[135.7926,35.5429]]],[[[135.7592,35.5431],[135.7593,35.5432],[135.7593,35.5431],[135.7592,35.5431]]],[[[135.7595,35.5431],[135.7595,35.5431],[135.7595,35.5431],[135.7595,35.5431]]],[[[135.7577,35.5432],[135.7577,35.5433],[135.7578,35.5432],[135.7577,35.5432]]],[[[135.76,35.5434],[135.7601,35.5433],[135.76,35.5434],[135.76,35.5434]]],[[[135.7598,35.5434],[135.7599,35.5434],[135.7599,35.5433],[135.7598,35.5434]]],[[[135.7839,35.5447],[135.7838,35.5447],[135.7838,35.5447],[135.7839,35.5447]]],[[[135.7836,35.5448],[135.7836,35.5448],[135.7836,35.5448],[135.7836,35.5448]]],[[[135.7617,35.5449],[135.7617,35.5448],[135.7616,35.5449],[135.7617,35.5449]]],[[[135.783,35.5451],[135.7829,35.545],[135.7829,35.5451],[135.783,35.5451]]],[[[135.7618,35.5453],[135.7617,35.5454],[135.7618,35.5454],[135.7618,35.5453]]],[[[135.7614,35.5453],[135.7612,35.5454],[135.7613,35.5454],[135.7614,35.5453]]],[[[135.7829,35.5455],[135.7828,35.5456],[135.7829,35.5455],[135.7829,35.5455]]],[[[135.7618,35.5456],[135.7617,35.5456],[135.7617,35.5457],[135.7618,35.5456]]],[[[135.7609,35.5457],[135.761,35.5457],[135.761,35.5457],[135.7609,35.5457]]],[[[135.7821,35.5479],[135.7821,35.5478],[135.7821,35.5478],[135.7821,35.5479]]],[[[135.7565,35.5486],[135.7565,35.5487],[135.7566,35.5487],[135.7565,35.5486]]],[[[135.7639,35.5511],[135.7638,35.5511],[135.7638,35.5511],[135.7639,35.5511]]],[[[135.7792,35.5511],[135.779,35.5512],[135.7791,35.5512],[135.7792,35.5511]]],[[[135.7806,35.5512],[135.7805,35.5511],[135.7805,35.5512],[135.7806,35.5512]]],[[[135.7794,35.5513],[135.7793,35.5511],[135.7793,35.5512],[135.7794,35.5513]]],[[[135.7645,35.5512],[135.7645,35.5511],[135.7645,35.5512],[135.7645,35.5512]]],[[[135.765,35.5517],[135.7649,35.5517],[135.7649,35.5517],[135.765,35.5517]]],[[[135.7652,35.5519],[135.7652,35.5518],[135.7652,35.5518],[135.7652,35.5519]]],[[[135.7641,35.5554],[135.764,35.5556],[135.7642,35.5555],[135.7641,35.5554]]],[[[135.7643,35.5563],[135.7641,35.5564],[135.7642,35.5565],[135.7643,35.5563]]],[[[135.7666,35.5569],[135.7665,35.5568],[135.7665,35.5569],[135.7666,35.5569]]],[[[135.7668,35.5568],[135.7668,35.557],[135.7669,35.5569],[135.7668,35.5568]]],[[[135.7665,35.5571],[135.7665,35.5572],[135.7666,35.5571],[135.7665,35.5571]]],[[[135.7658,35.5586],[135.7657,35.5584],[135.7656,35.5586],[135.7658,35.5586]]],[[[135.7649,35.5592],[135.7651,35.5594],[135.7651,35.5592],[135.7649,35.5592]]],[[[135.8027,35.57],[135.8027,35.5699],[135.8026,35.57],[135.8027,35.57]]],[[[135.7793,35.5781],[135.7786,35.578],[135.7786,35.5782],[135.7793,35.5781]]],[[[135.8061,35.5315],[135.8061,35.5316],[135.8062,35.5315],[135.8061,35.5315]]],[[[135.8035,35.5323],[135.8036,35.5322],[135.8035,35.5323],[135.8035,35.5323]]],[[[135.8059,35.5322],[135.806,35.5323],[135.806,35.5322],[135.8059,35.5322]]],[[[135.8037,35.5324],[135.8038,35.5324],[135.8038,35.5324],[135.8037,35.5324]]],[[[135.8058,35.5326],[135.8057,35.5326],[135.8058,35.5326],[135.8058,35.5326]]],[[[135.8053,35.5327],[135.8054,35.5326],[135.8053,35.5326],[135.8053,35.5327]]],[[[135.8053,35.533],[135.8051,35.5331],[135.8052,35.5331],[135.8053,35.533]]],[[[135.8046,35.5331],[135.8044,35.533],[135.8044,35.5331],[135.8046,35.5331]]],[[[135.8047,35.5334],[135.8049,35.5332],[135.8047,35.5333],[135.8047,35.5334]]],[[[135.8131,35.5357],[135.8131,35.5358],[135.8132,35.5358],[135.8131,35.5357]]],[[[135.8126,35.5362],[135.8124,35.5363],[135.8126,35.5363],[135.8126,35.5362]]],[[[135.8126,35.5377],[135.812,35.5379],[135.8127,35.5381],[135.8126,35.5377]]],[[[135.8118,35.5382],[135.812,35.5381],[135.8118,35.5382],[135.8118,35.5382]]],[[[135.8117,35.5386],[135.8119,35.5385],[135.8116,35.5385],[135.8117,35.5386]]],[[[135.8196,35.5537],[135.8198,35.5538],[135.8197,35.5536],[135.8196,35.5537]]],[[[135.8157,35.5566],[135.8155,35.5565],[135.8155,35.5565],[135.8157,35.5566]]],[[[135.8153,35.5566],[135.8153,35.5566],[135.8153,35.5566],[135.8153,35.5566]]],[[[135.8151,35.5566],[135.8151,35.5566],[135.8151,35.5566],[135.8151,35.5566]]],[[[135.8118,35.5587],[135.8118,35.5586],[135.8117,35.5587],[135.8118,35.5587]]],[[[135.8116,35.5589],[135.8117,35.5588],[135.8116,35.5588],[135.8116,35.5589]]],[[[135.8119,35.5592],[135.8118,35.5593],[135.8119,35.5593],[135.8119,35.5592]]],[[[135.8119,35.5594],[135.8117,35.5597],[135.8121,35.5595],[135.8119,35.5594]]],[[[135.8106,35.5635],[135.8106,35.5634],[135.8105,35.5634],[135.8106,35.5635]]],[[[135.8109,35.5637],[135.8108,35.5635],[135.8107,35.5636],[135.8109,35.5637]]],[[[135.8121,35.5637],[135.8121,35.5637],[135.812,35.5637],[135.8121,35.5637]]],[[[135.8103,35.5638],[135.8103,35.5638],[135.8103,35.5638],[135.8103,35.5638]]],[[[135.8101,35.5639],[135.8099,35.5639],[135.8099,35.564],[135.8101,35.5639]]],[[[135.8099,35.5641],[135.8098,35.5641],[135.8098,35.5641],[135.8099,35.5641]]],[[[135.8079,35.5644],[135.808,35.5644],[135.808,35.5644],[135.8079,35.5644]]],[[[135.8042,35.5645],[135.804,35.5647],[135.8042,35.5646],[135.8042,35.5645]]],[[[135.8031,35.5668],[135.8031,35.5669],[135.8032,35.5669],[135.8031,35.5668]]],[[[135.8035,35.5669],[135.8033,35.567],[135.8035,35.567],[135.8035,35.5669]]],[[[135.8031,35.5678],[135.8032,35.5676],[135.8031,35.5676],[135.8031,35.5678]]],[[[135.8029,35.5699],[135.803,35.57],[135.803,35.5699],[135.8029,35.5699]]],[[[135.8031,35.57],[135.8032,35.5701],[135.8032,35.57],[135.8031,35.57]]],[[[135.8069,35.5701],[135.8068,35.57],[135.8068,35.57],[135.8069,35.5701]]],[[[135.8066,35.5702],[135.8065,35.57],[135.8065,35.5702],[135.8066,35.5702]]],[[[135.8087,35.5713],[135.8091,35.5715],[135.8091,35.5714],[135.8087,35.5713]]],[[[135.8104,35.5726],[135.8104,35.5727],[135.8105,35.5726],[135.8104,35.5726]]],[[[135.8106,35.5751],[135.8105,35.575],[135.8105,35.5751],[135.8106,35.5751]]],[[[135.8103,35.5752],[135.8103,35.5753],[135.8104,35.5752],[135.8103,35.5752]]],[[[135.8105,35.5753],[135.8106,35.5752],[135.8105,35.5752],[135.8105,35.5753]]],[[[135.8106,35.5768],[135.8106,35.5769],[135.8106,35.5768],[135.8106,35.5768]]],[[[135.8126,35.5776],[135.8128,35.5775],[135.8126,35.5775],[135.8126,35.5776]]],[[[135.8121,35.5774],[135.8121,35.5778],[135.8124,35.5776],[135.8121,35.5774]]],[[[135.8129,35.5795],[135.8129,35.5795],[135.8129,35.5795],[135.8129,35.5795]]]]}},{"type":"Feature","properties":{"id":"18205","name":"大野市","pref":"福井県"},"geometry":{"type":"Polygon","coordinates":[[[136.503,35.7514],[136.4857,35.7765],[136.4458,35.7729],[136.416,35.7824],[136.4333,35.8055],[136.4226,35.8195],[136.4309,35.8504],[136.4365,35.8498],[136.4276,35.8589],[136.4399,35.8779],[136.4325,35.8964],[136.4391,35.909],[136.4672,35.9215],[136.4533,35.9311],[136.4644,35.933],[136.4655,35.9501],[136.4553,35.9554],[136.4485,35.9834],[136.4563,35.9921],[136.4506,36.0125],[136.4748,36.0293],[136.5151,36.0166],[136.5169,36.0218],[136.5438,36.007],[136.5618,36.0086],[136.5718,36.0223],[136.6103,36.0386],[136.6495,36.0671],[136.7552,36.0859],[136.765,36.0694],[136.7328,36.0489],[136.7267,35.9959],[136.7523,35.9886],[136.7529,35.9565],[136.7932,35.946],[136.7839,35.9257],[136.8138,35.9107],[136.8311,35.8518],[136.8022,35.844],[136.7874,35.7985],[136.7639,35.8106],[136.7411,35.8011],[136.7234,35.8082],[136.71,35.792],[136.677,35.7933],[136.6577,35.7835],[136.6452,35.8068],[136.6221,35.7868],[136.5991,35.7985],[136.5707,35.7774],[136.5228,35.7882],[136.503,35.7514]]]}},{"type":"Feature","properties":{"id":"18206","name":"勝山市","pref":"福井県"},"geometry":{"type":"Polygon","coordinates":[[[136.6587,36.0695],[136.5883,36.0332],[136.5618,36.0086],[136.5438,36.007],[136.5169,36.0218],[136.5151,36.0166],[136.4748,36.0293],[136.4641,36.017],[136.4522,36.0183],[136.432,36.0433],[136.438,36.0754],[136.3883,36.0875],[136.4042,36.0992],[136.392,36.1232],[136.4485,36.1407],[136.4615,36.1366],[136.4878,36.1591],[136.5107,36.1461],[136.5598,36.1532],[136.5631,36.1447],[136.6014,36.1297],[136.6149,36.1082],[136.6568,36.0846],[136.6587,36.0695]]]}},{"type":"Feature","properties":{"id":"18207","name":"鯖江市","pref":"福井県"},"geometry":{"type":"Polygon","coordinates":[[[136.1247,35.9407],[136.159,35.9982],[136.1778,36.0014],[136.1852,35.9889],[136.2064,35.9857],[136.2056,35.9712],[136.2321,35.9907],[136.2748,35.9722],[136.3131,35.966],[136.3229,35.9519],[136.3365,35.9511],[136.3306,35.9284],[136.3093,35.9426],[136.2503,35.9414],[136.2488,35.9485],[136.2256,35.9384],[136.2246,35.9309],[136.176,35.9262],[136.1754,35.9367],[136.1667,35.94],[136.1362,35.9326],[136.1247,35.9407]]]}},{"type":"Feature","properties":{"id":"18208","name":"あわら市","pref":"福井県"},"geometry":{"type":"MultiPolygon","coordinates":[[[[136.2429,36.2942],[136.2429,36.2943],[136.2429,36.2942],[136.2429,36.2942]]],[[[136.2428,36.2946],[136.2429,36.2946],[136.2429,36.2945],[136.2428,36.2946]]],[[[136.2427,36.2952],[136.2426,36.2952],[136.2427,36.2952],[136.2427,36.2952]]],[[[136.2429,36.2954],[136.2429,36.2954],[136.2429,36.2954],[136.2429,36.2954]]],[[[136.2429,36.2954],[136.2429,36.2954],[136.2429,36.2954],[136.2429,36.2954]]],[[[136.2429,36.2955],[136.2428,36.2956],[136.2428,36.2957],[136.2429,36.2955]]],[[[136.2428,36.2959],[136.2422,36.2967],[136.2423,36.2968],[136.2428,36.2959]]],[[[136.1667,36.2105],[136.2007,36.2461],[136.1843,36.2484],[136.1832,36.2577],[136.2261,36.2812],[136.2415,36.2917],[136.243,36.2935],[136.2431,36.2941],[136.2429,36.2942],[136.243,36.2942],[136.2432,36.2942],[136.2432,36.2943],[136.2427,36.2949],[136.2432,36.2954],[136.2586,36.2893],[136.2563,36.2797],[136.2642,36.2783],[136.2668,36.2651],[136.3012,36.2582],[136.317,36.2348],[136.3324,36.2296],[136.3294,36.202],[136.2853,36.1746],[136.2372,36.1839],[136.2286,36.1973],[136.2143,36.1891],[136.1805,36.1929],[136.1728,36.1988],[136.1755,36.2113],[136.1667,36.2105]]],[[[136.243,36.2941],[136.2431,36.294],[136.243,36.2941],[136.243,36.2941]]],[[[136.243,36.2941],[136.2429,36.2941],[136.2429,36.2941],[136.243,36.2941]]],[[[136.2432,36.2942],[136.2431,36.2943],[136.2431,36.2943],[136.2432,36.2943],[136.2432,36.2942]]],[[[136.2431,36.2943],[136.2431,36.2943],[136.2431,36.2943],[136.2431,36.2943]]],[[[136.243,36.2944],[136.2429,36.2943],[136.2428,36.2945],[136.243,36.2944]]]]}},{"type":"Feature","properties":{"id":"18209","name":"越前市","pref":"福井県"},"geometry":{"type":"Polygon","coordinates":[[[136.1808,35.8575],[136.1533,35.8171],[136.1389,35.808],[136.1269,35.843],[136.0573,35.8483],[136.0563,35.8602],[136.0216,35.875],[136.0201,35.8945],[136.0257,35.9027],[136.0421,35.9039],[136.048,35.9171],[136.0695,35.9176],[136.0783,35.9256],[136.0938,35.9107],[136.1166,35.911],[136.1428,35.9382],[136.1667,35.94],[136.1754,35.9367],[136.176,35.9262],[136.2137,35.929],[136.2488,35.9485],[136.2503,35.9414],[136.3093,35.9426],[136.3337,35.9287],[136.3108,35.9174],[136.316,35.9068],[136.3039,35.8743],[136.2773,35.8654],[136.2592,35.8434],[136.2066,35.8596],[136.1808,35.8575]]]}},{"type":"Feature","properties":{"id":"18210","name":"坂井市","pref":"福井県"},"geometry":{"type":"MultiPolygon","coordinates":[[[[136.1307,36.2254],[136.1304,36.2253],[136.1303,36.2255],[136.1307,36.2254]]],[[[136.1306,36.226],[136.1305,36.2257],[136.1302,36.2261],[136.1306,36.226]]],[[[136.13,36.2305],[136.1301,36.2308],[136.1301,36.2306],[136.13,36.2305]]],[[[136.1298,36.2314],[136.1296,36.2318],[136.1299,36.2317],[136.1298,36.2314]]],[[[136.1248,36.2368],[136.1247,36.2369],[136.1248,36.2369],[136.1248,36.2368]]],[[[136.1241,36.2371],[136.1239,36.237],[136.1239,36.2371],[136.1241,36.2371]]],[[[136.127,36.2386],[136.127,36.2387],[136.1271,36.2386],[136.127,36.2386]]],[[[136.1282,36.2391],[136.1281,36.239],[136.128,36.2391],[136.1282,36.2391]]],[[[136.1309,36.2411],[136.1304,36.2411],[136.1304,36.2412],[136.1309,36.2411]]],[[[136.1249,36.2434],[136.1247,36.2435],[136.1248,36.2436],[136.1249,36.2434]]],[[[136.1256,36.2448],[136.1255,36.2449],[136.1257,36.2449],[136.1256,36.2448]]],[[[136.1257,36.2451],[136.1256,36.2452],[136.1257,36.2453],[136.1257,36.2451]]],[[[136.1225,36.2483],[136.1222,36.2482],[136.1223,36.2484],[136.1225,36.2483]]],[[[136.1229,36.2505],[136.1228,36.2503],[136.1226,36.2504],[136.1229,36.2505]]],[[[136.1216,36.2506],[136.1218,36.2507],[136.1218,36.2506],[136.1216,36.2506]]],[[[136.1283,36.2511],[136.1284,36.2509],[136.1282,36.251],[136.1283,36.2511]]],[[[136.1229,36.251],[136.1232,36.2512],[136.1231,36.2509],[136.1229,36.251]]],[[[136.1293,36.251],[136.129,36.2515],[136.1294,36.2511],[136.1293,36.251]]],[[[136.1286,36.2514],[136.1286,36.2512],[136.1283,36.2512],[136.1286,36.2514]]],[[[136.1264,36.2512],[136.1268,36.2515],[136.1271,36.2513],[136.1264,36.2512]]],[[[136.1251,36.2515],[136.1259,36.2514],[136.1259,36.2513],[136.1251,36.2515]]],[[[136.1301,36.2515],[136.1295,36.2513],[136.13,36.2518],[136.1301,36.2515]]],[[[136.1236,36.2514],[136.1235,36.2518],[136.1239,36.2519],[136.1236,36.2514]]],[[[136.121,36.2506],[136.1174,36.2528],[136.1208,36.2535],[136.121,36.2506]]],[[[136.1275,36.2526],[136.1271,36.2526],[136.1276,36.2528],[136.1275,36.2526]]],[[[136.1308,36.2248],[136.131,36.2248],[136.131,36.2248],[136.1308,36.2248]]],[[[136.1306,36.2414],[136.1308,36.2413],[136.1308,36.2413],[136.1306,36.2414]]],[[[136.1385,36.2511],[136.1385,36.2509],[136.1384,36.2509],[136.1385,36.2511]]],[[[136.1377,36.2511],[136.1379,36.2511],[136.1378,36.2509],[136.1377,36.2511]]],[[[136.1352,36.2511],[136.1354,36.2514],[136.1353,36.2511],[136.1352,36.2511]]],[[[136.137,36.2513],[136.1372,36.2513],[136.1372,36.2511],[136.137,36.2513]]],[[[136.1359,36.2512],[136.1362,36.2513],[136.1362,36.2513],[136.1359,36.2512]]],[[[136.131,36.2515],[136.1309,36.2518],[136.131,36.2518],[136.131,36.2515]]],[[[136.1364,36.252],[136.1366,36.2521],[136.1365,36.2518],[136.1364,36.252]]],[[[136.1398,36.2527],[136.1396,36.2527],[136.1398,36.2528],[136.1398,36.2527]]],[[[136.1393,36.2527],[136.1395,36.2531],[136.1394,36.2527],[136.1393,36.2527]]],[[[136.1363,36.2532],[136.1364,36.2531],[136.1363,36.2531],[136.1363,36.2532]]],[[[136.1366,36.2534],[136.1368,36.2534],[136.1367,36.2533],[136.1366,36.2534]]],[[[136.1432,36.2536],[136.1432,36.2533],[136.1431,36.2542],[136.1432,36.2536]]],[[[136.1446,36.2537],[136.1458,36.254],[136.1461,36.2537],[136.1446,36.2537]]],[[[136.1427,36.254],[136.1425,36.2536],[136.1426,36.2541],[136.1427,36.254]]],[[[136.1409,36.254],[136.1407,36.2539],[136.1407,36.254],[136.1409,36.254]]],[[[136.1453,36.2541],[136.1453,36.254],[136.1452,36.2541],[136.1453,36.2541]]],[[[136.1456,36.2541],[136.1457,36.254],[136.1455,36.2541],[136.1456,36.2541]]],[[[136.1454,36.2542],[136.1455,36.2541],[136.1453,36.2542],[136.1454,36.2542]]],[[[136.1425,36.2543],[136.1425,36.2543],[136.1425,36.2543],[136.1425,36.2543]]],[[[136.1457,36.2543],[136.1457,36.2544],[136.1458,36.2543],[136.1457,36.2543]]],[[[136.1456,36.2546],[136.1456,36.2545],[136.1456,36.2546],[136.1456,36.2546]]],[[[136.1453,36.2547],[136.1454,36.2547],[136.1454,36.2547],[136.1453,36.2547]]],[[[136.1452,36.2557],[136.145,36.256],[136.1451,36.256],[136.1452,36.2557]]],[[[136.1303,36.1586],[136.1,36.1729],[136.1143,36.1926],[136.1125,36.2054],[136.1211,36.1896],[136.134,36.2038],[136.1186,36.2005],[136.135,36.2214],[136.1324,36.2302],[136.1251,36.2374],[136.1307,36.2393],[136.131,36.2421],[136.1222,36.2491],[136.1382,36.2504],[136.1433,36.2533],[136.1454,36.2516],[136.146,36.2535],[136.1466,36.2534],[136.1474,36.2537],[136.1478,36.2551],[136.1488,36.2548],[136.1486,36.2555],[136.1494,36.2526],[136.1625,36.2498],[136.1832,36.2576],[136.1843,36.2484],[136.2007,36.2461],[136.1668,36.2126],[136.1755,36.2113],[136.1728,36.1988],[136.1805,36.1929],[136.2143,36.1891],[136.2286,36.1973],[136.2372,36.1839],[136.2853,36.1746],[136.3294,36.202],[136.3444,36.1728],[136.3583,36.1651],[136.4093,36.1722],[136.4143,36.1566],[136.4404,36.1374],[136.399,36.1248],[136.3619,36.1287],[136.3553,36.1168],[136.323,36.1028],[136.2962,36.1073],[136.2904,36.116],[136.284,36.1112],[136.2805,36.1209],[136.2701,36.1041],[136.2569,36.1049],[136.2541,36.1236],[136.2471,36.1183],[136.1983,36.1214],[136.1665,36.1445],[136.1567,36.1642],[136.1392,36.1626],[136.1391,36.1721],[136.1303,36.1586]]],[[[136.1506,36.2527],[136.1498,36.253],[136.1506,36.2528],[136.1506,36.2527]]],[[[136.1544,36.2532],[136.1546,36.2532],[136.1546,36.2531],[136.1544,36.2532]]],[[[136.1534,36.2536],[136.153,36.2532],[136.1529,36.2539],[136.1534,36.2536]]],[[[136.1538,36.2537],[136.1542,36.2534],[136.1538,36.2536],[136.1538,36.2537]]],[[[136.1472,36.2537],[136.1472,36.2537],[136.1472,36.2537],[136.1472,36.2537]]],[[[136.1537,36.2539],[136.1538,36.2541],[136.1539,36.2541],[136.1537,36.2539]]],[[[136.1535,36.2543],[136.1532,36.2545],[136.1534,36.2546],[136.1535,36.2543]]],[[[136.1477,36.2548],[136.1475,36.2551],[136.1476,36.2552],[136.1477,36.2548]]],[[[136.1466,36.2559],[136.1472,36.2558],[136.1473,36.2556],[136.1473,36.2553],[136.1472,36.2552],[136.1474,36.2546],[136.1466,36.2559]]],[[[136.1477,36.2552],[136.1477,36.2554],[136.1478,36.2552],[136.1477,36.2552]]],[[[136.1479,36.2552],[136.1479,36.2555],[136.148,36.2552],[136.1479,36.2552]]],[[[136.1483,36.2555],[136.1484,36.2556],[136.1484,36.2555],[136.1483,36.2555]]],[[[136.1475,36.2555],[136.1475,36.2556],[136.1476,36.2556],[136.1475,36.2555]]],[[[136.1488,36.2558],[136.1487,36.2559],[136.1488,36.2559],[136.1488,36.2558]]],[[[136.1486,36.2559],[136.1484,36.2559],[136.1486,36.256],[136.1486,36.2559]]],[[[136.1489,36.2561],[136.1488,36.256],[136.1487,36.256],[136.1489,36.2561]]],[[[136.1475,36.2559],[136.1473,36.2563],[136.1476,36.2562],[136.1475,36.2559]]],[[[136.1465,36.2564],[136.1465,36.256],[136.1462,36.2562],[136.1465,36.2564]]],[[[136.1471,36.2563],[136.1471,36.2565],[136.1472,36.2564],[136.1471,36.2563]]],[[[136.1469,36.2565],[136.147,36.2565],[136.147,36.2565],[136.1469,36.2565]]],[[[136.1463,36.2565],[136.1465,36.2566],[136.1464,36.2564],[136.1463,36.2565]]],[[[136.1466,36.257],[136.1467,36.2571],[136.1467,36.2569],[136.1466,36.257]]]]}},{"type":"Feature","properties":{"id":"18322","name":"永平寺町","pref":"福井県"},"geometry":{"type":"Polygon","coordinates":[[[136.2816,36.0741],[136.2944,36.082],[136.2788,36.0901],[136.2881,36.0984],[136.27,36.1041],[136.2807,36.112],[136.2798,36.1208],[136.284,36.1112],[136.2904,36.116],[136.2962,36.1073],[136.3187,36.1023],[136.3717,36.1301],[136.3928,36.1249],[136.3912,36.1164],[136.4027,36.1051],[136.3883,36.0875],[136.4394,36.0698],[136.4275,36.0406],[136.3884,36.0477],[136.3676,36.0335],[136.3479,36.0376],[136.3405,36.0531],[136.3222,36.0496],[136.317,36.0413],[136.2973,36.0461],[136.2816,36.0741]]]}},{"type":"Feature","properties":{"id":"18382","name":"池田町","pref":"福井県"},"geometry":{"type":"Polygon","coordinates":[[[136.3797,35.7943],[136.3544,35.7877],[136.3403,35.8227],[136.3147,35.8174],[136.3017,35.8302],[136.2863,35.8204],[136.2593,35.8234],[136.2559,35.8421],[136.2773,35.8654],[136.304,35.8743],[136.3124,35.8887],[136.3135,35.9202],[136.3482,35.933],[136.3583,35.9475],[136.3879,35.9526],[136.4356,35.9361],[136.4387,35.9277],[136.4606,35.9189],[136.4389,35.9089],[136.4325,35.8964],[136.4399,35.8779],[136.4276,35.8589],[136.4365,35.8498],[136.4309,35.8504],[136.4226,35.8195],[136.4313,35.798],[136.4092,35.7799],[136.3797,35.7943]]]}},{"type":"Feature","properties":{"id":"18404","name":"南越前町","pref":"福井県"},"geometry":{"type":"MultiPolygon","coordinates":[[[[136.0281,35.8571],[136.0282,35.8572],[136.0282,35.8571],[136.0281,35.8571]]],[[[136.0281,35.8582],[136.028,35.8581],[136.028,35.8582],[136.0281,35.8582]]],[[[136.0283,35.8581],[136.0282,35.8582],[136.0283,35.8582],[136.0283,35.8581]]],[[[136.0281,35.8583],[136.0281,35.8583],[136.0281,35.8583],[136.0281,35.8583]]],[[[136.0281,35.8585],[136.0282,35.8584],[136.0281,35.8585],[136.0281,35.8585]]],[[[136.0275,35.8586],[136.0276,35.8587],[136.0276,35.8587],[136.0275,35.8586]]],[[[136.0275,35.8589],[136.0276,35.8589],[136.0275,35.8588],[136.0275,35.8589]]],[[[136.0268,35.8589],[136.0267,35.859],[136.0268,35.8591],[136.0268,35.8589]]],[[[136.0263,35.8594],[136.0263,35.8595],[136.0263,35.8594],[136.0263,35.8594]]],[[[136.0264,35.8597],[136.0264,35.8596],[136.0263,35.8597],[136.0264,35.8597]]],[[[136.0265,35.8598],[136.0266,35.8597],[136.0265,35.8598],[136.0265,35.8598]]],[[[136.0265,35.8604],[136.0263,35.8604],[136.0264,35.8605],[136.0265,35.8604]]],[[[136.0262,35.8606],[136.0262,35.8605],[136.0262,35.8606],[136.0262,35.8606]]],[[[136.025,35.8615],[136.025,35.8616],[136.0251,35.8616],[136.025,35.8615]]],[[[136.0231,35.8623],[136.0232,35.8625],[136.0232,35.8624],[136.0231,35.8623]]],[[[136.0236,35.8626],[136.0236,35.8625],[136.0235,35.8625],[136.0236,35.8626]]],[[[136.0209,35.8626],[136.021,35.8627],[136.021,35.8626],[136.0209,35.8626]]],[[[136.0233,35.8627],[136.0234,35.8626],[136.0233,35.8626],[136.0233,35.8627]]],[[[136.0212,35.8627],[136.0213,35.8627],[136.0213,35.8626],[136.0212,35.8627]]],[[[136.0231,35.8628],[136.023,35.8627],[136.023,35.8628],[136.0231,35.8628]]],[[[136.0229,35.863],[136.0229,35.8629],[136.0228,35.863],[136.0229,35.863]]],[[[136.0224,35.8631],[136.0224,35.863],[136.0224,35.863],[136.0224,35.8631]]],[[[136.0219,35.8633],[136.022,35.8633],[136.022,35.8633],[136.0219,35.8633]]],[[[136.0223,35.8634],[136.0223,35.8633],[136.0222,35.8634],[136.0223,35.8634]]],[[[136.0209,35.8643],[136.0208,35.8644],[136.0209,35.8644],[136.0209,35.8643]]],[[[136.0203,35.8651],[136.0202,35.865],[136.0202,35.865],[136.0203,35.8651]]],[[[136.0207,35.8651],[136.0206,35.8651],[136.0206,35.8651],[136.0207,35.8651]]],[[[136.0199,35.8654],[136.0198,35.8654],[136.0198,35.8654],[136.0199,35.8654]]],[[[136.0196,35.8656],[136.0195,35.8657],[136.0196,35.8656],[136.0196,35.8656]]],[[[136.0182,35.8663],[136.0183,35.8664],[136.0183,35.8663],[136.0182,35.8663]]],[[[136.0179,35.8667],[136.0179,35.8667],[136.0179,35.8668],[136.0179,35.8667]]],[[[136.0177,35.8669],[136.0176,35.8668],[136.0176,35.867],[136.0177,35.8669]]],[[[136.0157,35.8683],[136.0158,35.8682],[136.0157,35.8682],[136.0157,35.8683]]],[[[136.0149,35.8686],[136.0149,35.8686],[136.015,35.8686],[136.0149,35.8686]]],[[[136.0135,35.8698],[136.0135,35.8698],[136.0134,35.8698],[136.0135,35.8698]]],[[[136.0134,35.8699],[136.0133,35.87],[136.0134,35.87],[136.0134,35.8699]]],[[[136.0115,35.8716],[136.0115,35.8717],[136.0115,35.8717],[136.0115,35.8716]]],[[[136.0112,35.8722],[136.0112,35.8721],[136.0111,35.8722],[136.0112,35.8722]]],[[[136.0461,35.8412],[136.0461,35.8412],[136.0461,35.8412],[136.0461,35.8412]]],[[[136.0457,35.8413],[136.0456,35.8413],[136.0456,35.8413],[136.0457,35.8413]]],[[[136.045,35.843],[136.045,35.843],[136.045,35.843],[136.045,35.843]]],[[[136.0451,35.8432],[136.0451,35.8431],[136.0451,35.8432],[136.0451,35.8432]]],[[[136.0438,35.8434],[136.0439,35.8434],[136.0438,35.8433],[136.0438,35.8434]]],[[[136.0422,35.8435],[136.042,35.8436],[136.0421,35.8436],[136.0422,35.8435]]],[[[136.0436,35.8438],[136.0436,35.8438],[136.0436,35.8438],[136.0436,35.8438]]],[[[136.043,35.8438],[136.0431,35.8439],[136.0432,35.8439],[136.043,35.8438]]],[[[136.0423,35.8439],[136.0424,35.8438],[136.0424,35.8438],[136.0423,35.8439]]],[[[136.0434,35.8439],[136.0434,35.844],[136.0434,35.8439],[136.0434,35.8439]]],[[[136.043,35.844],[136.043,35.8441],[136.0431,35.8441],[136.043,35.844]]],[[[136.0424,35.8446],[136.0426,35.8447],[136.0426,35.8446],[136.0424,35.8446]]],[[[136.0423,35.8448],[136.0424,35.8448],[136.0424,35.8447],[136.0423,35.8448]]],[[[136.0429,35.8449],[136.0429,35.845],[136.0431,35.8449],[136.0429,35.8449]]],[[[136.0425,35.8451],[136.0423,35.8451],[136.0423,35.8451],[136.0425,35.8451]]],[[[136.0419,35.8452],[136.0421,35.8452],[136.0421,35.8451],[136.0419,35.8452]]],[[[136.0416,35.8455],[136.0415,35.8453],[136.0414,35.8454],[136.0416,35.8455]]],[[[136.0425,35.8458],[136.0424,35.8457],[136.0424,35.8458],[136.0425,35.8458]]],[[[136.0423,35.8461],[136.0424,35.846],[136.0423,35.8461],[136.0423,35.8461]]],[[[136.0422,35.8462],[136.0423,35.8462],[136.0423,35.8462],[136.0422,35.8462]]],[[[136.042,35.8464],[136.042,35.8463],[136.042,35.8463],[136.042,35.8464]]],[[[136.0416,35.8474],[136.0418,35.8475],[136.0417,35.8473],[136.0416,35.8474]]],[[[136.0404,35.8482],[136.0404,35.8483],[136.0404,35.8483],[136.0404,35.8482]]],[[[136.0393,35.8483],[136.0394,35.8485],[136.0394,35.8484],[136.0393,35.8483]]],[[[136.0405,35.8485],[136.0403,35.8485],[136.0396,35.8493],[136.0405,35.8485]]],[[[136.0368,35.8506],[136.0368,35.8507],[136.0368,35.8506],[136.0368,35.8506]]],[[[136.0365,35.8509],[136.0365,35.8509],[136.0364,35.8509],[136.0365,35.8509]]],[[[136.0359,35.8512],[136.0359,35.8513],[136.0359,35.8512],[136.0359,35.8512]]],[[[136.0357,35.8522],[136.0358,35.8522],[136.0358,35.8521],[136.0357,35.8522]]],[[[136.0346,35.8526],[136.0346,35.8526],[136.0346,35.8526],[136.0346,35.8526]]],[[[136.035,35.8527],[136.0351,35.8527],[136.0352,35.8527],[136.035,35.8527]]],[[[136.0341,35.8532],[136.034,35.8532],[136.0341,35.8532],[136.0341,35.8532]]],[[[136.0346,35.8532],[136.0347,35.8532],[136.0347,35.8532],[136.0346,35.8532]]],[[[136.0298,35.8571],[136.0297,35.857],[136.0297,35.857],[136.0298,35.8571]]],[[[136.0292,35.8572],[136.0293,35.8573],[136.0293,35.8572],[136.0292,35.8572]]],[[[136.0283,35.8578],[136.0283,35.8577],[136.0283,35.8577],[136.0283,35.8578]]],[[[136.0286,35.8579],[136.0286,35.8578],[136.0286,35.8579],[136.0286,35.8579]]],[[[136.0284,35.8582],[136.0285,35.8583],[136.0285,35.8582],[136.0284,35.8582]]],[[[136.06,35.831],[136.06,35.8309],[136.0599,35.8309],[136.06,35.831]]],[[[136.0591,35.8314],[136.0591,35.8315],[136.0591,35.8315],[136.0591,35.8314]]],[[[136.0593,35.8315],[136.0595,35.8315],[136.0595,35.8315],[136.0593,35.8315]]],[[[136.059,35.8318],[136.0591,35.8317],[136.059,35.8317],[136.059,35.8318]]],[[[136.0588,35.8318],[136.0588,35.8318],[136.0588,35.8318],[136.0588,35.8318]]],[[[136.0582,35.832],[136.0583,35.832],[136.0582,35.832],[136.0582,35.832]]],[[[136.0585,35.8321],[136.0585,35.8322],[136.0585,35.8321],[136.0585,35.8321]]],[[[136.0587,35.8323],[136.0588,35.8323],[136.0588,35.8322],[136.0587,35.8323]]],[[[136.0585,35.8326],[136.0585,35.8325],[136.0584,35.8326],[136.0585,35.8326]]],[[[136.0575,35.8329],[136.0574,35.8328],[136.0573,35.8329],[136.0575,35.8329]]],[[[136.0577,35.8329],[136.0575,35.8329],[136.0575,35.833],[136.0577,35.8329]]],[[[136.0568,35.8331],[136.0569,35.8331],[136.0569,35.8331],[136.0568,35.8331]]],[[[136.0567,35.8332],[136.0566,35.8332],[136.0567,35.8332],[136.0567,35.8332]]],[[[136.0569,35.8333],[136.0567,35.8335],[136.057,35.8334],[136.0569,35.8333]]],[[[136.0564,35.8335],[136.0563,35.8335],[136.0564,35.8336],[136.0564,35.8335]]],[[[136.0568,35.8336],[136.0567,35.8336],[136.0568,35.8337],[136.0568,35.8336]]],[[[136.0551,35.8338],[136.0552,35.8338],[136.0551,35.8337],[136.0551,35.8338]]],[[[136.0552,35.8343],[136.0552,35.8343],[136.0552,35.8344],[136.0552,35.8343]]],[[[136.0554,35.8344],[136.0553,35.8345],[136.0554,35.8345],[136.0554,35.8344]]],[[[136.0541,35.8353],[136.054,35.8354],[136.0541,35.8354],[136.0541,35.8353]]],[[[136.0536,35.8356],[136.0536,35.8355],[136.0535,35.8355],[136.0536,35.8356]]],[[[136.0521,35.8365],[136.0521,35.8366],[136.0521,35.8366],[136.0521,35.8365]]],[[[136.0526,35.8367],[136.0525,35.8366],[136.0525,35.8367],[136.0526,35.8367]]],[[[136.0523,35.8367],[136.0523,35.8366],[136.0522,35.8366],[136.0523,35.8367]]],[[[136.0514,35.8373],[136.0514,35.8374],[136.0515,35.8374],[136.0514,35.8373]]],[[[136.0513,35.8375],[136.0512,35.8375],[136.0513,35.8375],[136.0513,35.8375]]],[[[136.0507,35.838],[136.0508,35.838],[136.0509,35.838],[136.0507,35.838]]],[[[136.0505,35.8381],[136.0505,35.838],[136.0504,35.8381],[136.0505,35.8381]]],[[[136.0497,35.8384],[136.0497,35.8383],[136.0497,35.8383],[136.0497,35.8384]]],[[[136.0496,35.8385],[136.0495,35.8385],[136.0495,35.8385],[136.0496,35.8385]]],[[[136.0497,35.8385],[136.0498,35.8385],[136.0497,35.8385],[136.0497,35.8385]]],[[[136.0499,35.8385],[136.0492,35.8393],[136.0503,35.8381],[136.0499,35.8385]]],[[[136.0495,35.8389],[136.0494,35.839],[136.0495,35.8389],[136.0495,35.8389]]],[[[136.0464,35.8408],[136.0464,35.8409],[136.0464,35.8408],[136.0464,35.8408]]],[[[136.0462,35.8412],[136.0461,35.8411],[136.0461,35.8412],[136.0462,35.8412]]],[[[136.0466,35.8411],[136.0465,35.8412],[136.0466,35.8412],[136.0466,35.8411]]],[[[136.0463,35.8413],[136.0463,35.8412],[136.0463,35.8412],[136.0463,35.8413]]],[[[136.0468,35.8413],[136.0467,35.8413],[136.0467,35.8413],[136.0468,35.8413]]],[[[136.0729,35.8168],[136.073,35.8167],[136.0729,35.8168],[136.0729,35.8168]]],[[[136.0732,35.8172],[136.0731,35.8171],[136.0731,35.8172],[136.0732,35.8172]]],[[[136.073,35.8174],[136.0731,35.8173],[136.0729,35.8173],[136.073,35.8174]]],[[[136.0727,35.8177],[136.0726,35.8177],[136.0726,35.8177],[136.0727,35.8177]]],[[[136.0729,35.8178],[136.073,35.8178],[136.0728,35.8178],[136.0729,35.8178]]],[[[136.0731,35.8182],[136.073,35.8182],[136.073,35.8183],[136.0731,35.8182]]],[[[136.0728,35.8187],[136.0727,35.8186],[136.0727,35.8186],[136.0728,35.8187]]],[[[136.073,35.8188],[136.073,35.8187],[136.0729,35.8188],[136.073,35.8188]]],[[[136.0722,35.8198],[136.0722,35.8197],[136.0721,35.8197],[136.0722,35.8198]]],[[[136.0726,35.8198],[136.0725,35.8197],[136.0725,35.8198],[136.0726,35.8198]]],[[[136.0719,35.8209],[136.072,35.8208],[136.0719,35.8208],[136.0719,35.8209]]],[[[136.0707,35.821],[136.0709,35.8212],[136.0709,35.8211],[136.0707,35.821]]],[[[136.0714,35.8211],[136.0713,35.8212],[136.0715,35.8212],[136.0714,35.8211]]],[[[136.0715,35.8213],[136.0717,35.8214],[136.0716,35.8213],[136.0715,35.8213]]],[[[136.0708,35.8219],[136.0707,35.8219],[136.0707,35.822],[136.0708,35.8219]]],[[[136.0709,35.8221],[136.0709,35.8222],[136.071,35.8222],[136.0709,35.8221]]],[[[136.0699,35.8227],[136.0699,35.8226],[136.0699,35.8227],[136.0699,35.8227]]],[[[136.0696,35.8226],[136.0694,35.8229],[136.0696,35.8229],[136.0696,35.8226]]],[[[136.07,35.8229],[136.0698,35.823],[136.0698,35.823],[136.07,35.8229]]],[[[136.0677,35.8246],[136.0679,35.8246],[136.0678,35.8246],[136.0677,35.8246]]],[[[136.0677,35.8249],[136.0677,35.8248],[136.0677,35.8248],[136.0677,35.8249]]],[[[136.0663,35.825],[136.0664,35.8251],[136.0663,35.825],[136.0663,35.825]]],[[[136.0663,35.8253],[136.0663,35.8253],[136.0664,35.8253],[136.0663,35.8253]]],[[[136.0665,35.8254],[136.0667,35.8255],[136.0665,35.8252],[136.0665,35.8254]]],[[[136.0674,35.8255],[136.0673,35.8255],[136.0674,35.8255],[136.0674,35.8255]]],[[[136.0671,35.8256],[136.0671,35.8257],[136.0672,35.8256],[136.0671,35.8256]]],[[[136.065,35.8281],[136.0649,35.8282],[136.065,35.8281],[136.065,35.8281]]],[[[136.0635,35.8288],[136.0636,35.8287],[136.0634,35.8288],[136.0635,35.8288]]],[[[136.0614,35.8291],[136.0616,35.829],[136.0613,35.8291],[136.0614,35.8291]]],[[[136.0619,35.8292],[136.0619,35.8292],[136.0619,35.8292],[136.0619,35.8292]]],[[[136.0612,35.8293],[136.0612,35.8293],[136.0612,35.8293],[136.0612,35.8293]]],[[[136.0618,35.8294],[136.0619,35.8294],[136.0619,35.8294],[136.0618,35.8294]]],[[[136.0614,35.8294],[136.0613,35.8295],[136.0614,35.8294],[136.0614,35.8294]]],[[[136.0607,35.8296],[136.0607,35.8295],[136.0606,35.8296],[136.0607,35.8296]]],[[[136.0615,35.8296],[136.0616,35.8295],[136.0615,35.8296],[136.0615,35.8296]]],[[[136.0604,35.8297],[136.0603,35.8296],[136.0603,35.8297],[136.0604,35.8297]]],[[[136.0601,35.8301],[136.0602,35.8301],[136.0601,35.8301],[136.0601,35.8301]]],[[[136.0603,35.8303],[136.0603,35.8303],[136.0602,35.8304],[136.0603,35.8303]]],[[[136.0197,35.8789],[136.0563,35.8602],[136.0576,35.8482],[136.1269,35.843],[136.1389,35.808],[136.1533,35.8171],[136.1808,35.8575],[136.2066,35.8596],[136.2555,35.8425],[136.2593,35.8234],[136.2863,35.8204],[136.3017,35.8302],[136.3147,35.8174],[136.3413,35.8223],[136.357,35.7858],[136.3241,35.7696],[136.3184,35.7511],[136.3252,35.7436],[136.324,35.7167],[136.2918,35.6905],[136.2989,35.6777],[136.2807,35.6586],[136.2344,35.6825],[136.2126,35.6817],[136.1911,35.7025],[136.1473,35.6991],[136.1488,35.7107],[136.132,35.7227],[136.1309,35.7407],[136.1128,35.7654],[136.0967,35.7674],[136.1001,35.7786],[136.071,35.8241],[136.0473,35.8408],[136.047,35.8405],[136.0487,35.8393],[136.0491,35.8382],[136.0487,35.8384],[136.0465,35.8408],[136.0468,35.841],[136.0469,35.8415],[136.0465,35.8422],[136.0456,35.843],[136.0434,35.8441],[136.0432,35.8448],[136.0425,35.8458],[136.0421,35.8471],[136.0405,35.8491],[136.0366,35.8509],[136.0362,35.8519],[136.0324,35.856],[136.0298,35.8572],[136.0254,35.8616],[136.0112,35.8724],[136.0197,35.8789]]],[[[136.0898,35.7911],[136.0898,35.7911],[136.0898,35.7911],[136.0898,35.7911]]],[[[136.0899,35.7912],[136.0899,35.7912],[136.0899,35.7912],[136.0899,35.7912]]],[[[136.0898,35.7912],[136.0897,35.7913],[136.0898,35.7913],[136.0898,35.7912]]],[[[136.0895,35.7914],[136.0895,35.7914],[136.0894,35.7914],[136.0895,35.7914]]],[[[136.0897,35.7916],[136.0897,35.7916],[136.0897,35.7916],[136.0897,35.7916]]],[[[136.0892,35.7929],[136.0892,35.793],[136.0892,35.7929],[136.0892,35.7929]]],[[[136.0892,35.7933],[136.0893,35.7933],[136.0893,35.7932],[136.0892,35.7933]]],[[[136.0883,35.7954],[136.0884,35.7954],[136.0883,35.7954],[136.0883,35.7954]]],[[[136.0883,35.7958],[136.0883,35.7958],[136.0883,35.7958],[136.0883,35.7958]]],[[[136.0871,35.7973],[136.0871,35.7974],[136.0872,35.7973],[136.0871,35.7973]]],[[[136.0863,35.7989],[136.0863,35.7989],[136.0863,35.7989],[136.0863,35.7989]]],[[[136.0858,35.7994],[136.0859,35.7995],[136.0859,35.7995],[136.0858,35.7994]]],[[[136.0849,35.8001],[136.0848,35.8001],[136.0848,35.8002],[136.0849,35.8001]]],[[[136.0846,35.8004],[136.0845,35.8004],[136.0845,35.8004],[136.0846,35.8004]]],[[[136.0839,35.8008],[136.0839,35.8007],[136.0838,35.8008],[136.0839,35.8008]]],[[[136.0836,35.801],[136.0836,35.801],[136.0836,35.801],[136.0836,35.801]]],[[[136.0827,35.8018],[136.0827,35.8018],[136.0827,35.8018],[136.0827,35.8018]]],[[[136.0825,35.8021],[136.0826,35.8022],[136.0826,35.8022],[136.0825,35.8021]]],[[[136.0825,35.8023],[136.0824,35.8024],[136.0825,35.8023],[136.0825,35.8023]]],[[[136.0786,35.8077],[136.0786,35.8078],[136.0786,35.8077],[136.0786,35.8077]]],[[[136.0787,35.8079],[136.0785,35.8079],[136.0786,35.8079],[136.0787,35.8079]]],[[[136.0766,35.8109],[136.0766,35.8108],[136.0766,35.8109],[136.0766,35.8109]]],[[[136.0753,35.8118],[136.0753,35.8118],[136.0753,35.8118],[136.0753,35.8118]]],[[[136.0757,35.812],[136.0757,35.8119],[136.0756,35.8119],[136.0757,35.812]]],[[[136.0757,35.8123],[136.0758,35.8123],[136.0757,35.8123],[136.0757,35.8123]]],[[[136.0756,35.8145],[136.0756,35.8146],[136.0756,35.8146],[136.0756,35.8145]]],[[[136.0743,35.8147],[136.0744,35.8146],[136.0743,35.8146],[136.0743,35.8147]]],[[[136.0754,35.8148],[136.0754,35.8149],[136.0755,35.8149],[136.0754,35.8148]]],[[[136.075,35.8157],[136.0751,35.8157],[136.0751,35.8157],[136.075,35.8157]]],[[[136.0743,35.8163],[136.0743,35.8164],[136.0744,35.8164],[136.0743,35.8163]]],[[[136.0735,35.8164],[136.0734,35.8164],[136.0735,35.8164],[136.0735,35.8164]]],[[[136.0734,35.8168],[136.0733,35.8167],[136.0733,35.8168],[136.0734,35.8168]]],[[[136.0732,35.8176],[136.0733,35.8178],[136.0733,35.8178],[136.0732,35.8176]]]]}},{"type":"Feature","properties":{"id":"18423","name":"越前町","pref":"福井県"},"geometry":{"type":"MultiPolygon","coordinates":[[[[135.9607,35.9732],[135.9609,35.9731],[135.9607,35.9731],[135.9607,35.9732]]],[[[135.9608,35.9736],[135.9608,35.9735],[135.9607,35.9735],[135.9608,35.9736]]],[[[135.9604,35.9736],[135.9605,35.9736],[135.9604,35.9735],[135.9604,35.9736]]],[[[135.9605,35.974],[135.9606,35.9737],[135.9604,35.9739],[135.9605,35.974]]],[[[135.9601,35.974],[135.9602,35.9741],[135.9602,35.974],[135.9601,35.974]]],[[[135.9602,35.9743],[135.9602,35.9742],[135.9602,35.9743],[135.9602,35.9743]]],[[[135.9595,35.9745],[135.9593,35.9748],[135.9597,35.9747],[135.9595,35.9745]]],[[[135.9597,35.975],[135.9595,35.9751],[135.9596,35.9751],[135.9597,35.975]]],[[[135.9579,35.9769],[135.9582,35.9771],[135.9583,35.9769],[135.9579,35.9769]]],[[[135.9587,35.9771],[135.9586,35.977],[135.9584,35.9772],[135.9587,35.9771]]],[[[135.9588,35.9772],[135.9589,35.9774],[135.9591,35.9772],[135.9588,35.9772]]],[[[135.9596,35.978],[135.9596,35.9779],[135.9595,35.9779],[135.9596,35.978]]],[[[135.9598,35.9784],[135.9596,35.9783],[135.9596,35.9783],[135.9598,35.9784]]],[[[135.9597,35.9787],[135.9589,35.9788],[135.9598,35.9788],[135.9597,35.9787]]],[[[135.9587,35.9796],[135.9586,35.9795],[135.9584,35.9796],[135.9587,35.9796]]],[[[135.9582,35.9796],[135.9582,35.9797],[135.9583,35.9797],[135.9582,35.9796]]],[[[135.959,35.9803],[135.9591,35.9802],[135.959,35.9801],[135.959,35.9803]]],[[[135.9584,35.9808],[135.9582,35.9808],[135.9582,35.9809],[135.9584,35.9808]]],[[[135.9579,35.9813],[135.9581,35.9812],[135.9579,35.9811],[135.9579,35.9813]]],[[[135.9574,35.9823],[135.9573,35.9822],[135.9573,35.9823],[135.9574,35.9823]]],[[[135.9578,35.9831],[135.9579,35.9831],[135.9579,35.9831],[135.9578,35.9831]]],[[[135.9586,35.9839],[135.9587,35.9838],[135.9586,35.9838],[135.9586,35.9839]]],[[[135.9588,35.984],[135.959,35.9838],[135.9588,35.9839],[135.9588,35.984]]],[[[135.9573,35.9839],[135.9571,35.984],[135.9573,35.984],[135.9573,35.9839]]],[[[135.9574,35.9839],[135.9579,35.9841],[135.9579,35.984],[135.9574,35.9839]]],[[[135.9583,35.9842],[135.958,35.9841],[135.958,35.9842],[135.9583,35.9842]]],[[[135.9574,35.9844],[135.9573,35.9845],[135.9574,35.9845],[135.9574,35.9844]]],[[[135.9577,35.9844],[135.9579,35.9846],[135.958,35.9844],[135.9577,35.9844]]],[[[135.9586,35.9846],[135.959,35.9846],[135.9586,35.9846],[135.9586,35.9846]]],[[[135.958,35.9849],[135.958,35.9849],[135.9581,35.9849],[135.958,35.9849]]],[[[135.9592,35.9855],[135.9591,35.9854],[135.9591,35.9855],[135.9592,35.9855]]],[[[135.9594,35.9855],[135.9595,35.9856],[135.9595,35.9855],[135.9594,35.9855]]],[[[135.9601,35.9857],[135.9599,35.9856],[135.9599,35.9857],[135.9601,35.9857]]],[[[135.9596,35.9858],[135.9596,35.9857],[135.9595,35.9857],[135.9596,35.9858]]],[[[135.9605,35.9859],[135.9605,35.9858],[135.9605,35.9858],[135.9605,35.9859]]],[[[135.9604,35.986],[135.9607,35.986],[135.9604,35.986],[135.9604,35.986]]],[[[135.9605,35.9881],[135.9604,35.9883],[135.9605,35.9883],[135.9605,35.9881]]],[[[135.9608,35.9884],[135.9607,35.9885],[135.9609,35.9885],[135.9608,35.9884]]],[[[135.9603,35.9885],[135.9604,35.9886],[135.9605,35.9886],[135.9603,35.9885]]],[[[135.9598,35.9886],[135.9601,35.9888],[135.96,35.9885],[135.9598,35.9886]]],[[[135.9606,35.9888],[135.9609,35.9887],[135.9607,35.9886],[135.9606,35.9888]]],[[[135.9605,35.9904],[135.9604,35.9902],[135.9603,35.9903],[135.9605,35.9904]]],[[[135.9602,35.9908],[135.9602,35.9905],[135.96,35.9907],[135.9602,35.9908]]],[[[135.9675,35.9672],[135.9675,35.9673],[135.9676,35.9672],[135.9675,35.9672]]],[[[135.9681,35.9682],[135.9682,35.9681],[135.9682,35.9681],[135.9681,35.9682]]],[[[135.9665,35.9686],[135.9672,35.9682],[135.9672,35.9678],[135.9665,35.9686]]],[[[135.967,35.9686],[135.9671,35.9685],[135.967,35.9685],[135.967,35.9686]]],[[[135.9669,35.9688],[135.9668,35.9687],[135.9669,35.9688],[135.9669,35.9688]]],[[[135.967,35.9688],[135.9671,35.9688],[135.967,35.9687],[135.967,35.9688]]],[[[135.9661,35.9698],[135.9661,35.9698],[135.9661,35.9698],[135.9661,35.9698]]],[[[135.9654,35.97],[135.9655,35.97],[135.9654,35.9699],[135.9654,35.97]]],[[[135.9649,35.9703],[135.9649,35.9703],[135.9648,35.9703],[135.9649,35.9703]]],[[[135.9628,35.971],[135.9628,35.9711],[135.9628,35.9711],[135.9628,35.971]]],[[[135.9625,35.9712],[135.9624,35.9713],[135.9626,35.9713],[135.9625,35.9712]]],[[[135.9627,35.9713],[135.9629,35.9714],[135.9629,35.9713],[135.9627,35.9713]]],[[[135.9614,35.9718],[135.9615,35.9718],[135.9614,35.9718],[135.9614,35.9718]]],[[[135.9615,35.972],[135.9614,35.9722],[135.9616,35.972],[135.9615,35.972]]],[[[135.9609,35.9724],[135.9613,35.9724],[135.9613,35.9723],[135.9609,35.9724]]],[[[135.9611,35.9727],[135.961,35.9726],[135.961,35.9727],[135.9611,35.9727]]],[[[135.961,35.9862],[135.9612,35.9862],[135.9611,35.9861],[135.961,35.9862]]],[[[135.9614,35.9867],[135.9618,35.9867],[135.9618,35.9866],[135.9614,35.9867]]],[[[135.9616,35.9875],[135.9617,35.9875],[135.9615,35.9875],[135.9616,35.9875]]],[[[135.9615,35.9877],[135.9614,35.9879],[135.9617,35.9878],[135.9615,35.9877]]],[[[135.9614,35.9883],[135.961,35.9886],[135.9614,35.9886],[135.9614,35.9883]]],[[[135.9615,35.9887],[135.9617,35.989],[135.9618,35.9888],[135.9615,35.9887]]],[[[135.9612,35.9891],[135.9612,35.989],[135.9611,35.989],[135.9612,35.9891]]],[[[135.961,35.9891],[135.961,35.9892],[135.9611,35.9892],[135.961,35.9891]]],[[[135.9617,35.9911],[135.9617,35.9911],[135.9618,35.9911],[135.9617,35.9911]]],[[[135.9621,35.9914],[135.9622,35.9914],[135.962,35.9913],[135.9621,35.9914]]],[[[135.9638,35.9916],[135.9639,35.9916],[135.9638,35.9916],[135.9638,35.9916]]],[[[135.9641,35.9931],[135.9643,35.9931],[135.9641,35.9931],[135.9641,35.9931]]],[[[135.9642,35.9932],[135.9643,35.9932],[135.9643,35.9932],[135.9642,35.9932]]],[[[135.9627,35.9932],[135.9628,35.9932],[135.9628,35.9932],[135.9627,35.9932]]],[[[135.9628,35.9934],[135.9628,35.9933],[135.9628,35.9934],[135.9628,35.9934]]],[[[135.964,35.9934],[135.964,35.9933],[135.964,35.9934],[135.964,35.9934]]],[[[135.9641,35.9938],[135.964,35.9939],[135.9641,35.9938],[135.9641,35.9938]]],[[[135.9629,35.9945],[135.9629,35.9945],[135.9629,35.9945],[135.9629,35.9945]]],[[[135.9631,35.9943],[135.9632,35.9948],[135.9632,35.9943],[135.9631,35.9943]]],[[[135.9629,35.995],[135.9629,35.9951],[135.9629,35.9951],[135.9629,35.995]]],[[[135.9639,35.9954],[135.964,35.9953],[135.9639,35.9953],[135.9639,35.9954]]],[[[135.9637,35.9954],[135.9637,35.9954],[135.9637,35.9954],[135.9637,35.9954]]],[[[135.9629,35.9957],[135.963,35.9958],[135.963,35.9957],[135.9629,35.9957]]],[[[135.9634,35.9957],[135.9635,35.9958],[135.9635,35.9957],[135.9634,35.9957]]],[[[135.9634,35.9961],[135.9634,35.9961],[135.9634,35.9961],[135.9634,35.9961]]],[[[135.9633,35.9966],[135.9636,35.9964],[135.9634,35.9963],[135.9633,35.9966]]],[[[135.9631,35.9977],[135.9635,35.998],[135.9638,35.9978],[135.9631,35.9977]]],[[[135.9931,35.8874],[135.9929,35.8873],[135.9929,35.8874],[135.9931,35.8874]]],[[[135.9931,35.8876],[135.9934,35.8876],[135.9931,35.8875],[135.9931,35.8876]]],[[[135.9928,35.888],[135.9931,35.8878],[135.9928,35.8878],[135.9928,35.888]]],[[[135.9936,35.8882],[135.9936,35.8883],[135.9937,35.8883],[135.9936,35.8882]]],[[[135.9917,35.8954],[135.9916,35.8953],[135.9916,35.8954],[135.9917,35.8954]]],[[[135.9921,35.8954],[135.9924,35.8953],[135.9921,35.8954],[135.9921,35.8954]]],[[[135.9928,35.8964],[135.9926,35.8964],[135.9928,35.8965],[135.9928,35.8964]]],[[[135.9934,35.9131],[135.9936,35.9131],[135.9934,35.9131],[135.9934,35.9131]]],[[[135.9931,35.9161],[135.9931,35.9159],[135.993,35.916],[135.9931,35.9161]]],[[[135.9919,35.9349],[135.9921,35.9354],[135.992,35.9349],[135.9919,35.9349]]],[[[135.9869,35.9434],[135.9869,35.9433],[135.9868,35.9433],[135.9869,35.9434]]],[[[135.9866,35.9434],[135.9867,35.9434],[135.9867,35.9434],[135.9866,35.9434]]],[[[135.9836,35.9469],[135.9838,35.9468],[135.9836,35.9468],[135.9836,35.9469]]],[[[135.9843,35.9468],[135.9844,35.947],[135.9844,35.9469],[135.9843,35.9468]]],[[[135.9849,35.9471],[135.9849,35.947],[135.9848,35.947],[135.9849,35.9471]]],[[[135.9857,35.9472],[135.9857,35.9472],[135.9856,35.9472],[135.9857,35.9472]]],[[[135.9847,35.9472],[135.9846,35.9472],[135.9847,35.9472],[135.9847,35.9472]]],[[[135.9859,35.9473],[135.9859,35.9472],[135.9858,35.9473],[135.9859,35.9473]]],[[[135.9834,35.9472],[135.9835,35.9473],[135.9834,35.9472],[135.9834,35.9472]]],[[[135.9862,35.9474],[135.9862,35.9473],[135.9861,35.9473],[135.9862,35.9474]]],[[[135.9837,35.9473],[135.9836,35.9475],[135.9839,35.9476],[135.9837,35.9473]]],[[[135.9828,35.9511],[135.9829,35.9512],[135.9829,35.9511],[135.9828,35.9511]]],[[[135.9834,35.9512],[135.9831,35.9512],[135.9834,35.9512],[135.9834,35.9512]]],[[[135.983,35.9512],[135.9831,35.9514],[135.9832,35.9513],[135.983,35.9512]]],[[[135.9776,35.9564],[135.9775,35.9565],[135.9777,35.9565],[135.9776,35.9564]]],[[[135.9774,35.9567],[135.9772,35.9567],[135.9774,35.9568],[135.9774,35.9567]]],[[[135.977,35.9568],[135.977,35.9568],[135.977,35.9568],[135.977,35.9568]]],[[[135.977,35.957],[135.977,35.9569],[135.977,35.9569],[135.977,35.957]]],[[[135.9763,35.9572],[135.9764,35.9571],[135.9763,35.9572],[135.9763,35.9572]]],[[[135.9758,35.9575],[135.976,35.9573],[135.9758,35.9574],[135.9758,35.9575]]],[[[135.9749,35.9577],[135.9749,35.9574],[135.9748,35.9575],[135.9749,35.9577]]],[[[135.9745,35.9575],[135.9745,35.9577],[135.9746,35.9576],[135.9745,35.9575]]],[[[135.9757,35.9578],[135.9758,35.9577],[135.9757,35.9577],[135.9757,35.9578]]],[[[135.9746,35.9578],[135.9748,35.9578],[135.9748,35.9578],[135.9746,35.9578]]],[[[135.973,35.9586],[135.9728,35.9587],[135.973,35.9587],[135.973,35.9586]]],[[[135.9736,35.9585],[135.9732,35.959],[135.9733,35.959],[135.9736,35.9585]]],[[[135.9733,35.9596],[135.9733,35.9597],[135.9734,35.9597],[135.9733,35.9596]]],[[[135.9725,35.9604],[135.9724,35.9604],[135.9725,35.9604],[135.9725,35.9604]]],[[[135.9717,35.9605],[135.9717,35.9607],[135.9718,35.9606],[135.9717,35.9605]]],[[[135.9718,35.9609],[135.9718,35.961],[135.9719,35.9609],[135.9718,35.9609]]],[[[135.9716,35.9612],[135.9717,35.9611],[135.9714,35.9611],[135.9716,35.9612]]],[[[135.9696,35.963],[135.9689,35.9631],[135.9698,35.9631],[135.9696,35.963]]],[[[135.9692,35.9634],[135.9696,35.9635],[135.9696,35.9634],[135.9692,35.9634]]],[[[135.9946,35.8868],[135.9945,35.887],[135.9947,35.8869],[135.9946,35.8868]]],[[[135.994,35.8886],[135.9939,35.8885],[135.9938,35.8886],[135.994,35.8886]]],[[[135.9948,35.8902],[135.9949,35.8903],[135.9949,35.8902],[135.9948,35.8902]]],[[[135.9949,35.8913],[135.9951,35.8914],[135.9951,35.8913],[135.9949,35.8913]]],[[[135.9948,35.8914],[135.9947,35.8913],[135.9947,35.8914],[135.9948,35.8914]]],[[[135.9945,35.8915],[135.9944,35.8914],[135.9944,35.8914],[135.9945,35.8915]]],[[[135.995,35.8915],[135.9949,35.8916],[135.995,35.8915],[135.995,35.8915]]],[[[135.9946,35.8926],[135.9945,35.893],[135.9948,35.8927],[135.9946,35.8926]]],[[[135.9942,35.8931],[135.9942,35.893],[135.9941,35.893],[135.9942,35.8931]]],[[[135.995,35.8933],[135.9952,35.8934],[135.9952,35.8934],[135.995,35.8933]]],[[[135.9942,35.8964],[135.994,35.8963],[135.994,35.8964],[135.9942,35.8964]]],[[[135.9938,35.8983],[135.9936,35.8984],[135.9938,35.8984],[135.9938,35.8983]]],[[[135.9949,35.9063],[135.9949,35.9064],[135.9949,35.9064],[135.9949,35.9063]]],[[[135.9947,35.9104],[135.9948,35.9103],[135.9947,35.9103],[135.9947,35.9104]]],[[[135.9951,35.912],[135.9951,35.9119],[135.995,35.9119],[135.9951,35.912]]],[[[135.9944,35.9122],[135.9945,35.9122],[135.9943,35.9121],[135.9944,35.9122]]],[[[135.9948,35.9123],[135.995,35.9123],[135.9947,35.9122],[135.9948,35.9123]]],[[[135.9945,35.9125],[135.9946,35.9124],[135.9944,35.9124],[135.9945,35.9125]]],[[[135.9938,35.913],[135.994,35.9129],[135.9938,35.9129],[135.9938,35.913]]],[[[135.9943,35.913],[135.9945,35.9131],[135.9945,35.9131],[135.9943,35.913]]],[[[135.9938,35.9131],[135.9938,35.9132],[135.9938,35.9131],[135.9938,35.9131]]],[[[135.9948,35.9131],[135.9948,35.9133],[135.9949,35.9133],[135.9948,35.9131]]],[[[135.9939,35.9132],[135.9939,35.9133],[135.994,35.9132],[135.9939,35.9132]]],[[[135.9944,35.9133],[135.9944,35.9134],[135.9945,35.9133],[135.9944,35.9133]]],[[[135.9949,35.9136],[135.995,35.9136],[135.9949,35.9136],[135.9949,35.9136]]],[[[135.9943,35.9139],[135.9943,35.9138],[135.9943,35.9139],[135.9943,35.9139]]],[[[135.9947,35.914],[135.9945,35.9141],[135.9946,35.9141],[135.9947,35.914]]],[[[135.9948,35.9141],[135.9949,35.914],[135.9948,35.914],[135.9948,35.9141]]],[[[135.9944,35.9142],[135.9944,35.9141],[135.9944,35.9141],[135.9944,35.9142]]],[[[135.9943,35.9142],[135.9942,35.9141],[135.9942,35.9142],[135.9943,35.9142]]],[[[135.995,35.9143],[135.9948,35.9143],[135.995,35.9144],[135.995,35.9143]]],[[[135.9949,35.9145],[135.9949,35.9145],[135.995,35.9145],[135.9949,35.9145]]],[[[135.9943,35.9147],[135.9944,35.9146],[135.9942,35.9147],[135.9943,35.9147]]],[[[135.9947,35.9147],[135.9946,35.9146],[135.9945,35.9147],[135.9947,35.9147]]],[[[135.995,35.9149],[135.995,35.9148],[135.9949,35.9148],[135.995,35.9149]]],[[[135.9946,35.915],[135.9949,35.915],[135.9947,35.915],[135.9946,35.915]]],[[[135.995,35.9153],[135.9949,35.9153],[135.9949,35.9154],[135.995,35.9153]]],[[[135.9939,35.9155],[135.9941,35.9155],[135.9939,35.9154],[135.9939,35.9155]]],[[[135.9951,35.9156],[135.9952,35.9154],[135.995,35.9155],[135.9951,35.9156]]],[[[135.9947,35.9155],[135.9947,35.9157],[135.9949,35.9156],[135.9947,35.9155]]],[[[135.9938,35.9164],[135.9939,35.9165],[135.9939,35.9164],[135.9938,35.9164]]],[[[135.9946,35.9168],[135.9945,35.9169],[135.9946,35.9168],[135.9946,35.9168]]],[[[135.9938,35.9358],[135.9942,35.9317],[135.9935,35.936],[135.9938,35.9358]]],[[[135.9955,35.8909],[135.9956,35.8909],[135.9956,35.8908],[135.9955,35.8909]]],[[[135.9952,35.8914],[135.9954,35.8914],[135.9952,35.8913],[135.9952,35.8914]]],[[[135.9951,35.8915],[135.9952,35.8915],[135.9951,35.8915],[135.9951,35.8915]]],[[[135.9956,35.8993],[135.9956,35.8994],[135.9957,35.8994],[135.9956,35.8993]]],[[[135.9954,35.8995],[135.9955,35.8995],[135.9954,35.8995],[135.9954,35.8995]]],[[[135.9961,35.8998],[135.9959,35.8998],[135.9961,35.8999],[135.9961,35.8998]]],[[[135.9961,35.9001],[135.9959,35.9001],[135.996,35.9002],[135.9961,35.9001]]],[[[135.9952,35.9001],[135.9952,35.9001],[135.9952,35.9001],[135.9952,35.9001]]],[[[135.9956,35.9001],[135.9956,35.9002],[135.9956,35.9001],[135.9956,35.9001]]],[[[135.9961,35.9006],[135.996,35.9004],[135.996,35.9005],[135.9961,35.9006]]],[[[135.9959,35.9012],[135.9957,35.901],[135.9956,35.9011],[135.9959,35.9012]]],[[[135.9961,35.9011],[135.9963,35.9013],[135.9963,35.9012],[135.9961,35.9011]]],[[[135.9962,35.9015],[135.996,35.9015],[135.996,35.9016],[135.9962,35.9015]]],[[[135.9963,35.9021],[135.9964,35.9019],[135.9962,35.9021],[135.9963,35.9021]]],[[[135.9965,35.9053],[135.9965,35.9052],[135.9964,35.9052],[135.9965,35.9053]]],[[[135.9962,35.9059],[135.9963,35.9058],[135.9962,35.9058],[135.9962,35.9059]]],[[[135.9963,35.9068],[135.9961,35.9068],[135.9963,35.9069],[135.9963,35.9068]]],[[[135.9968,35.9069],[135.9967,35.9069],[135.9968,35.907],[135.9968,35.9069]]],[[[135.9964,35.9072],[135.9964,35.9071],[135.9963,35.9071],[135.9964,35.9072]]],[[[135.9965,35.9082],[135.9966,35.9082],[135.9965,35.9082],[135.9965,35.9082]]],[[[135.9956,35.9083],[135.9956,35.9081],[135.9955,35.9082],[135.9956,35.9083]]],[[[135.9956,35.9091],[135.9958,35.9092],[135.9958,35.909],[135.9956,35.9091]]],[[[135.9951,35.9102],[135.9953,35.9103],[135.9954,35.9102],[135.9951,35.9102]]],[[[135.9955,35.9105],[135.9953,35.9104],[135.9954,35.9106],[135.9955,35.9105]]],[[[135.9954,35.9109],[135.9953,35.9109],[135.9953,35.9109],[135.9954,35.9109]]],[[[135.9955,35.9112],[135.9954,35.9111],[135.9954,35.9112],[135.9955,35.9112]]],[[[135.9959,35.9114],[135.9957,35.9115],[135.9959,35.9115],[135.9959,35.9114]]],[[[135.9952,35.9156],[135.9951,35.9157],[135.9952,35.9157],[135.9952,35.9156]]],[[[135.9951,35.9158],[135.9952,35.9157],[135.995,35.9158],[135.9951,35.9158]]],[[[135.9951,35.9161],[135.9952,35.916],[135.995,35.916],[135.9951,35.9161]]],[[[135.9952,35.9162],[135.9951,35.9163],[135.9952,35.9163],[135.9952,35.9162]]],[[[135.9955,35.9164],[135.9954,35.9164],[135.9954,35.9164],[135.9955,35.9164]]],[[[135.9957,35.9169],[135.9956,35.9169],[135.9957,35.9169],[135.9957,35.9169]]],[[[135.9964,35.917],[135.9964,35.9169],[135.9963,35.9169],[135.9964,35.917]]],[[[135.9956,35.9182],[135.9958,35.9181],[135.9956,35.9182],[135.9956,35.9182]]],[[[135.9954,35.9184],[135.9953,35.9183],[135.9953,35.9184],[135.9954,35.9184]]],[[[135.9966,35.9211],[135.9966,35.921],[135.9965,35.9211],[135.9966,35.9211]]],[[[135.9963,35.9212],[135.9963,35.9212],[135.9963,35.9212],[135.9963,35.9212]]],[[[135.9964,35.9262],[135.9964,35.9262],[135.9964,35.9262],[135.9964,35.9262]]],[[[135.9964,35.9269],[135.9965,35.9269],[135.9965,35.9269],[135.9964,35.9269]]],[[[135.996,35.9271],[135.9959,35.927],[135.9959,35.9271],[135.996,35.9271]]],[[[135.9962,35.9344],[135.9962,35.9345],[135.9962,35.9345],[135.9962,35.9344]]],[[[135.9961,35.9347],[135.9961,35.9347],[135.996,35.9347],[135.9961,35.9347]]],[[[136.01,35.8726],[136.0099,35.8725],[136.0099,35.8726],[136.01,35.8726]]],[[[136.0101,35.873],[136.0102,35.8731],[136.0102,35.8731],[136.0101,35.873]]],[[[136.0085,35.8742],[136.0086,35.8741],[136.0085,35.8741],[136.0085,35.8742]]],[[[136.0084,35.8743],[136.0084,35.8744],[136.0085,35.8743],[136.0084,35.8743]]],[[[136.0067,35.8753],[136.0066,35.8753],[136.0066,35.8753],[136.0067,35.8753]]],[[[136.0057,35.8757],[136.0056,35.8756],[136.0055,35.8757],[136.0057,35.8757]]],[[[136.0053,35.8771],[136.0052,35.8772],[136.0054,35.8772],[136.0053,35.8771]]],[[[136.0054,35.8773],[136.0055,35.8773],[136.0054,35.8773],[136.0054,35.8773]]],[[[136.0038,35.8785],[136.0035,35.8785],[136.0037,35.8786],[136.0038,35.8785]]],[[[136.003,35.879],[136.003,35.8792],[136.0031,35.8791],[136.003,35.879]]],[[[136.0022,35.8797],[136.0021,35.8798],[136.0022,35.8798],[136.0022,35.8797]]],[[[136.0023,35.8801],[136.0023,35.8802],[136.0024,35.8801],[136.0023,35.8801]]],[[[136.0019,35.8803],[136.002,35.8803],[136.0019,35.8802],[136.0019,35.8803]]],[[[136.0022,35.8804],[136.002,35.8804],[136.0021,35.8805],[136.0022,35.8804]]],[[[136.0012,35.8809],[136.0012,35.8809],[136.0013,35.8809],[136.0012,35.8809]]],[[[136.0011,35.8813],[136.0013,35.8813],[136.0011,35.8813],[136.0011,35.8813]]],[[[136.0009,35.8814],[136.0008,35.8814],[136.0009,35.8815],[136.0009,35.8814]]],[[[135.9988,35.8815],[135.9991,35.8815],[135.9992,35.8814],[135.9988,35.8815]]],[[[135.9987,35.8821],[135.9986,35.8821],[135.9986,35.8821],[135.9987,35.8821]]],[[[135.999,35.8821],[135.999,35.8822],[135.999,35.8822],[135.999,35.8821]]],[[[135.9986,35.8823],[135.9986,35.8823],[135.9985,35.8823],[135.9986,35.8823]]],[[[135.9988,35.8824],[135.9989,35.8823],[135.9988,35.8823],[135.9988,35.8824]]],[[[135.9995,35.8826],[135.9994,35.8826],[135.9995,35.8826],[135.9995,35.8826]]],[[[135.9996,35.8829],[135.9995,35.8829],[135.9995,35.883],[135.9996,35.8829]]],[[[135.9993,35.883],[135.9993,35.8829],[135.9992,35.883],[135.9993,35.883]]],[[[135.9986,35.8833],[135.9987,35.8834],[135.9988,35.8834],[135.9986,35.8833]]],[[[135.9989,35.8834],[135.9989,35.8835],[135.999,35.8835],[135.9989,35.8834]]],[[[135.9969,35.8848],[135.9969,35.8849],[135.9969,35.8848],[135.9969,35.8848]]],[[[135.9974,35.8848],[135.9973,35.8849],[135.9974,35.8849],[135.9974,35.8848]]],[[[135.9972,35.8849],[135.9972,35.885],[135.9972,35.8849],[135.9972,35.8849]]],[[[135.997,35.8852],[135.9969,35.8851],[135.997,35.8852],[135.997,35.8852]]],[[[135.9967,35.921],[135.9968,35.9211],[135.9968,35.9211],[135.9967,35.921]]],[[[135.9968,35.9226],[135.9969,35.9226],[135.9969,35.9225],[135.9968,35.9226]]],[[[135.9971,35.9229],[135.9969,35.923],[135.9971,35.923],[135.9971,35.9229]]],[[[135.9973,35.9243],[135.9973,35.9244],[135.9973,35.9243],[135.9973,35.9243]]],[[[135.9975,35.9247],[135.9975,35.9248],[135.9976,35.9247],[135.9975,35.9247]]],[[[135.9975,35.9257],[135.9975,35.9256],[135.9974,35.9257],[135.9975,35.9257]]],[[[135.9977,35.9262],[135.9976,35.9262],[135.9977,35.9263],[135.9977,35.9262]]],[[[135.9974,35.9266],[135.9973,35.9267],[135.9975,35.9267],[135.9974,35.9266]]],[[[135.9978,35.9268],[135.9978,35.9268],[135.9979,35.9268],[135.9978,35.9268]]],[[[135.9638,35.9973],[135.9907,35.9828],[136.0072,35.9863],[136.0035,36.0054],[136.0117,36.0142],[136.0283,35.995],[136.0561,36.0121],[136.0572,36.0268],[136.0721,36.0281],[136.0969,36.0049],[136.1281,36.0039],[136.1562,35.9875],[136.1244,35.9453],[136.1347,35.9328],[136.1259,35.9161],[136.0958,35.9102],[136.0808,35.9256],[136.048,35.9171],[136.0421,35.9039],[136.0248,35.9018],[136.0196,35.8782],[136.0112,35.8723],[135.997,35.8872],[135.9937,35.8876],[135.9962,35.8904],[135.9952,35.8938],[135.9928,35.8946],[135.995,35.8949],[135.9954,35.8967],[135.9945,35.8954],[135.993,35.895],[135.9919,35.8951],[135.9948,35.8958],[135.9979,35.903],[135.9974,35.905],[135.9963,35.9061],[135.9954,35.9058],[135.9968,35.9065],[135.997,35.9075],[135.9964,35.911],[135.995,35.9129],[135.9967,35.9168],[135.9982,35.9273],[135.9974,35.9348],[135.9948,35.9387],[135.9939,35.9365],[135.9925,35.9403],[135.9882,35.9423],[135.9902,35.9414],[135.9912,35.9404],[135.9926,35.9369],[135.992,35.9357],[135.991,35.9403],[135.9891,35.941],[135.9873,35.9433],[135.9855,35.9444],[135.9873,35.946],[135.9856,35.9515],[135.9838,35.9517],[135.9851,35.9503],[135.9846,35.9503],[135.9853,35.9493],[135.985,35.9485],[135.9848,35.9486],[135.9814,35.9556],[135.9801,35.9544],[135.9797,35.956],[135.9779,35.9557],[135.9786,35.9563],[135.9718,35.9618],[135.9696,35.9623],[135.9701,35.9632],[135.9675,35.9665],[135.9685,35.9681],[135.9585,35.9761],[135.9607,35.9782],[135.9577,35.9825],[135.963,35.987],[135.9615,35.9881],[135.962,35.989],[135.9608,35.9904],[135.9653,35.992],[135.9638,35.9973]]]]}},{"type":"Feature","properties":{"id":"18442","name":"美浜町","pref":"福井県"},"geometry":{"type":"MultiPolygon","coordinates":[[[[135.8504,35.6232],[135.8505,35.6233],[135.8505,35.6232],[135.8504,35.6232]]],[[[135.8499,35.6233],[135.85,35.6233],[135.85,35.6233],[135.8499,35.6233]]],[[[135.8506,35.6233],[135.8506,35.6233],[135.8506,35.6233],[135.8506,35.6233]]],[[[135.85,35.6234],[135.8501,35.6234],[135.8501,35.6234],[135.85,35.6234]]],[[[135.8499,35.6234],[135.8498,35.6234],[135.8498,35.6234],[135.8499,35.6234]]],[[[135.8477,35.6234],[135.8476,35.6234],[135.8477,35.6235],[135.8477,35.6234]]],[[[135.8514,35.6237],[135.8515,35.6236],[135.8513,35.6236],[135.8514,35.6237]]],[[[135.8435,35.6279],[135.8436,35.6278],[135.8435,35.6279],[135.8435,35.6279]]],[[[135.8438,35.6281],[135.8438,35.6279],[135.8437,35.628],[135.8438,35.6281]]],[[[135.8448,35.6284],[135.8447,35.6285],[135.8448,35.6285],[135.8448,35.6284]]],[[[135.8448,35.6295],[135.8449,35.6295],[135.8449,35.6295],[135.8448,35.6295]]],[[[135.8457,35.6326],[135.8457,35.6327],[135.8458,35.6327],[135.8457,35.6326]]],[[[135.8452,35.6342],[135.8452,35.6343],[135.8452,35.6343],[135.8452,35.6342]]],[[[135.8466,35.6354],[135.8465,35.6354],[135.8465,35.6354],[135.8466,35.6354]]],[[[135.8454,35.6358],[135.8453,35.6358],[135.8454,35.6359],[135.8454,35.6358]]],[[[135.8459,35.6359],[135.8458,35.6358],[135.8458,35.6359],[135.8459,35.6359]]],[[[135.8355,35.6364],[135.8355,35.6363],[135.8354,35.6364],[135.8355,35.6364]]],[[[135.8375,35.6368],[135.8377,35.6368],[135.8376,35.6367],[135.8375,35.6368]]],[[[135.8434,35.6371],[135.8434,35.637],[135.8434,35.6371],[135.8434,35.6371]]],[[[135.8416,35.6371],[135.8415,35.6372],[135.8416,35.6372],[135.8416,35.6371]]],[[[135.8423,35.6372],[135.8423,35.6372],[135.8424,35.6372],[135.8423,35.6372]]],[[[135.8418,35.6376],[135.8417,35.6376],[135.8417,35.6377],[135.8418,35.6376]]],[[[135.8392,35.638],[135.8392,35.6382],[135.8394,35.6381],[135.8392,35.638]]],[[[135.8321,35.6385],[135.8321,35.6384],[135.832,35.6384],[135.8321,35.6385]]],[[[135.8319,35.6385],[135.8319,35.6386],[135.8319,35.6385],[135.8319,35.6385]]],[[[135.8307,35.6389],[135.8306,35.6389],[135.8306,35.6389],[135.8307,35.6389]]],[[[135.8303,35.639],[135.8303,35.639],[135.8303,35.639],[135.8303,35.639]]],[[[135.8307,35.639],[135.8306,35.6391],[135.8307,35.639],[135.8307,35.639]]],[[[135.8275,35.6397],[135.8276,35.6397],[135.8275,35.6396],[135.8275,35.6397]]],[[[135.8275,35.6397],[135.8274,35.6397],[135.8275,35.6398],[135.8275,35.6397]]],[[[135.827,35.6399],[135.827,35.64],[135.8271,35.6399],[135.827,35.6399]]],[[[135.8276,35.64],[135.8276,35.6401],[135.8276,35.6401],[135.8276,35.64]]],[[[135.8264,35.6402],[135.8265,35.6403],[135.8265,35.6402],[135.8264,35.6402]]],[[[135.8263,35.6405],[135.8264,35.6405],[135.8263,35.6405],[135.8263,35.6405]]],[[[135.8257,35.641],[135.8258,35.641],[135.8258,35.641],[135.8257,35.641]]],[[[135.8147,35.6423],[135.8147,35.6427],[135.8149,35.6424],[135.8147,35.6423]]],[[[135.8144,35.6427],[135.8143,35.6427],[135.8143,35.6427],[135.8144,35.6427]]],[[[135.8146,35.6428],[135.8145,35.6427],[135.8144,35.6427],[135.8146,35.6428]]],[[[135.8148,35.6428],[135.8148,35.6428],[135.8148,35.6428],[135.8148,35.6428]]],[[[135.8144,35.643],[135.8145,35.643],[135.8144,35.643],[135.8144,35.643]]],[[[135.8144,35.643],[135.8143,35.643],[135.8144,35.643],[135.8144,35.643]]],[[[135.8168,35.6432],[135.8168,35.6431],[135.8168,35.6432],[135.8168,35.6432]]],[[[135.8155,35.6433],[135.8156,35.6434],[135.8156,35.6433],[135.8155,35.6433]]],[[[135.8244,35.6436],[135.8243,35.6435],[135.8243,35.6436],[135.8244,35.6436]]],[[[135.8258,35.6434],[135.8255,35.6439],[135.826,35.6438],[135.8258,35.6434]]],[[[135.8176,35.6438],[135.8175,35.6438],[135.8175,35.6438],[135.8176,35.6438]]],[[[135.818,35.644],[135.8181,35.6441],[135.8181,35.644],[135.818,35.644]]],[[[135.8247,35.6441],[135.8246,35.644],[135.8246,35.644],[135.8247,35.6441]]],[[[135.8223,35.644],[135.8223,35.6441],[135.8223,35.6441],[135.8223,35.644]]],[[[135.8197,35.6441],[135.8198,35.6441],[135.8198,35.6441],[135.8197,35.6441]]],[[[135.8183,35.6442],[135.8183,35.6441],[135.8183,35.6442],[135.8183,35.6442]]],[[[135.8213,35.6442],[135.8212,35.6441],[135.8212,35.6442],[135.8213,35.6442]]],[[[135.819,35.6442],[135.819,35.6441],[135.8189,35.6442],[135.819,35.6442]]],[[[135.8221,35.6442],[135.8222,35.6442],[135.8221,35.6442],[135.8221,35.6442]]],[[[135.8224,35.6442],[135.8224,35.6443],[135.8224,35.6442],[135.8224,35.6442]]],[[[135.8199,35.6441],[135.8201,35.6442],[135.8201,35.6441],[135.8199,35.6441]]],[[[135.8134,35.6443],[135.8135,35.6442],[135.8134,35.6442],[135.8134,35.6443]]],[[[135.8203,35.6443],[135.8204,35.6443],[135.8203,35.6442],[135.8203,35.6443]]],[[[135.8195,35.6444],[135.8195,35.6444],[135.8195,35.6443],[135.8195,35.6444]]],[[[135.8188,35.6445],[135.8188,35.6444],[135.8188,35.6444],[135.8188,35.6445]]],[[[135.8228,35.6447],[135.8227,35.6447],[135.8227,35.6447],[135.8228,35.6447]]],[[[135.8897,35.5922],[135.8954,35.5924],[135.898,35.5928],[135.8962,35.5913],[135.8897,35.5922]]],[[[135.8711,35.6095],[135.8713,35.6094],[135.8711,35.6094],[135.8711,35.6095]]],[[[135.8598,35.6111],[135.8597,35.6111],[135.8598,35.6111],[135.8598,35.6111]]],[[[135.8591,35.6117],[135.8592,35.6117],[135.8591,35.6116],[135.8591,35.6117]]],[[[135.8773,35.6126],[135.8773,35.6125],[135.8773,35.6126],[135.8773,35.6126]]],[[[135.8774,35.6127],[135.8773,35.6127],[135.8774,35.6128],[135.8774,35.6127]]],[[[135.8943,35.6128],[135.8943,35.6129],[135.8943,35.6128],[135.8943,35.6128]]],[[[135.8917,35.6135],[135.8911,35.6135],[135.8917,35.6135],[135.8917,35.6135]]],[[[135.8585,35.6136],[135.8584,35.6137],[135.8586,35.6137],[135.8585,35.6136]]],[[[135.8782,35.6144],[135.8782,35.6144],[135.8782,35.6144],[135.8782,35.6144]]],[[[135.8955,35.6144],[135.8955,35.6145],[135.8955,35.6144],[135.8955,35.6144]]],[[[135.8917,35.6144],[135.8915,35.6145],[135.8921,35.6148],[135.8917,35.6144]]],[[[135.8963,35.6156],[135.8962,35.6155],[135.8962,35.6156],[135.8963,35.6156]]],[[[135.8961,35.616],[135.8961,35.616],[135.8961,35.616],[135.8961,35.616]]],[[[135.8576,35.6164],[135.8575,35.6164],[135.8576,35.6165],[135.8576,35.6164]]],[[[135.8874,35.6165],[135.8875,35.6165],[135.8875,35.6165],[135.8874,35.6165]]],[[[135.8822,35.6166],[135.8821,35.6165],[135.8821,35.6165],[135.8822,35.6166]]],[[[135.8828,35.6168],[135.8828,35.6167],[135.8827,35.6168],[135.8828,35.6168]]],[[[135.8574,35.6168],[135.8574,35.6168],[135.8573,35.6168],[135.8574,35.6168]]],[[[135.8822,35.6169],[135.8823,35.6168],[135.8822,35.6168],[135.8822,35.6169]]],[[[135.8576,35.6175],[135.8576,35.6176],[135.8576,35.6176],[135.8576,35.6175]]],[[[135.8603,35.6201],[135.8604,35.62],[135.8603,35.62],[135.8603,35.6201]]],[[[135.8942,35.6202],[135.8942,35.6202],[135.8942,35.6202],[135.8942,35.6202]]],[[[135.8943,35.6204],[135.8943,35.6203],[135.8943,35.6203],[135.8943,35.6204]]],[[[135.8937,35.6206],[135.8938,35.6206],[135.8938,35.6205],[135.8937,35.6206]]],[[[135.8604,35.6206],[135.8604,35.6206],[135.8604,35.6207],[135.8604,35.6206]]],[[[135.8945,35.6207],[135.8945,35.6207],[135.8945,35.6206],[135.8945,35.6207]]],[[[135.8936,35.6208],[135.8936,35.6207],[135.8936,35.6207],[135.8936,35.6208]]],[[[135.8935,35.6209],[135.8935,35.6209],[135.8934,35.6209],[135.8935,35.6209]]],[[[135.8945,35.6211],[135.8945,35.621],[135.8944,35.621],[135.8945,35.6211]]],[[[135.8942,35.6211],[135.8942,35.6212],[135.8942,35.6212],[135.8942,35.6211]]],[[[135.8603,35.6212],[135.8604,35.6213],[135.8604,35.6212],[135.8603,35.6212]]],[[[135.8946,35.6213],[135.8947,35.6213],[135.8947,35.6212],[135.8946,35.6213]]],[[[135.8949,35.6216],[135.8949,35.6215],[135.8949,35.6215],[135.8949,35.6216]]],[[[135.8951,35.6216],[135.8951,35.6215],[135.8951,35.6216],[135.8951,35.6216]]],[[[135.8953,35.6218],[135.8954,35.6218],[135.8953,35.6218],[135.8953,35.6218]]],[[[135.8954,35.622],[135.8953,35.622],[135.8953,35.622],[135.8954,35.622]]],[[[135.8602,35.622],[135.8603,35.6221],[135.8603,35.622],[135.8602,35.622]]],[[[135.8954,35.6222],[135.8954,35.6221],[135.8953,35.6222],[135.8954,35.6222]]],[[[135.8958,35.6223],[135.8958,35.6223],[135.8958,35.6223],[135.8958,35.6223]]],[[[135.8953,35.6223],[135.8954,35.6223],[135.8953,35.6223],[135.8953,35.6223]]],[[[135.8955,35.6226],[135.8956,35.6225],[135.8956,35.6225],[135.8955,35.6226]]],[[[135.8595,35.6228],[135.8596,35.6228],[135.8595,35.6228],[135.8595,35.6228]]],[[[135.8959,35.6231],[135.896,35.6231],[135.8959,35.6231],[135.8959,35.6231]]],[[[135.8959,35.6232],[135.896,35.6233],[135.896,35.6232],[135.8959,35.6232]]],[[[135.8959,35.6234],[135.896,35.6234],[135.8959,35.6234],[135.8959,35.6234]]],[[[135.8594,35.6237],[135.8594,35.6236],[135.8594,35.6237],[135.8594,35.6237]]],[[[135.8582,35.624],[135.8581,35.6239],[135.8581,35.624],[135.8582,35.624]]],[[[135.8579,35.624],[135.8579,35.624],[135.858,35.624],[135.8579,35.624]]],[[[135.8528,35.6243],[135.8528,35.6244],[135.8529,35.6243],[135.8528,35.6243]]],[[[135.8562,35.6246],[135.8562,35.6246],[135.8562,35.6246],[135.8562,35.6246]]],[[[135.8546,35.625],[135.8546,35.625],[135.8546,35.625],[135.8546,35.625]]],[[[135.8544,35.6251],[135.8544,35.6251],[135.8544,35.6251],[135.8544,35.6251]]],[[[135.8537,35.6252],[135.8537,35.6251],[135.8536,35.6252],[135.8537,35.6252]]],[[[135.8535,35.6253],[135.8534,35.6253],[135.8534,35.6254],[135.8535,35.6253]]],[[[135.854,35.6253],[135.8541,35.6253],[135.8541,35.6253],[135.854,35.6253]]],[[[135.8539,35.6253],[135.8538,35.6254],[135.8538,35.6254],[135.8539,35.6253]]],[[[135.8536,35.6256],[135.8536,35.6256],[135.8536,35.6256],[135.8536,35.6256]]],[[[135.853,35.6257],[135.8529,35.6256],[135.8529,35.6256],[135.853,35.6257]]],[[[135.8532,35.6257],[135.8533,35.6256],[135.8532,35.6257],[135.8532,35.6257]]],[[[135.8537,35.6258],[135.8536,35.6258],[135.8537,35.6258],[135.8537,35.6258]]],[[[135.8998,35.5893],[135.904,35.5909],[135.9058,35.5883],[135.8998,35.5893]]],[[[135.8147,35.6423],[135.8228,35.6442],[135.8241,35.6434],[135.8251,35.6434],[135.8252,35.6415],[135.826,35.6403],[135.8276,35.6394],[135.8277,35.6388],[135.8353,35.6362],[135.8462,35.6355],[135.8449,35.6342],[135.8455,35.6326],[135.8433,35.6277],[135.8437,35.6264],[135.8463,35.6241],[135.8486,35.6228],[135.8592,35.6237],[135.8568,35.6149],[135.8592,35.6111],[135.8676,35.6081],[135.8769,35.6104],[135.8851,35.6178],[135.8915,35.612],[135.8936,35.6117],[135.8964,35.6153],[135.8956,35.622],[135.9047,35.6235],[135.9069,35.6253],[135.9079,35.6148],[135.9123,35.6101],[135.9262,35.6102],[135.9388,35.6143],[135.9513,35.6279],[135.9499,35.6339],[135.9622,35.6225],[135.971,35.6232],[135.9743,35.6247],[135.977,35.6265],[135.9811,35.6305],[135.9862,35.642],[135.9746,35.6547],[135.9632,35.6565],[135.9668,35.6597],[135.9689,35.6692],[135.9687,35.6721],[135.9653,35.6743],[135.9683,35.6742],[135.9726,35.6771],[135.9768,35.6844],[135.9776,35.6876],[135.9754,35.6983],[135.9711,35.7041],[135.9691,35.704],[135.9712,35.7118],[135.9606,35.7052],[135.9659,35.7067],[135.9662,35.7011],[135.9558,35.7029],[135.9559,35.7041],[135.9569,35.7038],[135.9582,35.7045],[135.9591,35.7055],[135.9596,35.707],[135.9596,35.7162],[135.9545,35.7227],[135.9646,35.7301],[135.9771,35.7242],[136.0069,35.7299],[136.0136,35.7174],[136.0137,35.667],[135.9982,35.6521],[136.0091,35.6315],[136.0046,35.5952],[136.0094,35.5858],[136.0252,35.5873],[136.0294,35.5772],[136.0228,35.5585],[136.0288,35.5234],[136.0067,35.4918],[135.9812,35.4866],[135.9726,35.5002],[135.9518,35.5072],[135.947,35.5205],[135.954,35.5357],[135.9367,35.5775],[135.9168,35.5808],[135.9012,35.6042],[135.8892,35.5978],[135.8789,35.6086],[135.8645,35.6029],[135.8482,35.6147],[135.8394,35.6348],[135.8147,35.6423]]],[[[135.9125,35.6134],[135.9125,35.6133],[135.9125,35.6133],[135.9125,35.6134]]],[[[135.9124,35.6135],[135.9125,35.6135],[135.9124,35.6134],[135.9124,35.6135]]],[[[135.912,35.6137],[135.9123,35.6136],[135.9121,35.6136],[135.912,35.6137]]],[[[135.9124,35.6138],[135.9124,35.6137],[135.9124,35.6138],[135.9124,35.6138]]],[[[135.9123,35.6138],[135.9123,35.6139],[135.9123,35.6138],[135.9123,35.6138]]],[[[135.938,35.6148],[135.9381,35.6145],[135.938,35.6145],[135.938,35.6148]]],[[[135.9397,35.6182],[135.9397,35.6182],[135.9398,35.6174],[135.9397,35.6182]]],[[[135.9397,35.6184],[135.9398,35.6183],[135.9397,35.6183],[135.9397,35.6184]]],[[[135.9397,35.6186],[135.9396,35.6186],[135.9396,35.6186],[135.9397,35.6186]]],[[[135.9401,35.6186],[135.94,35.6187],[135.9401,35.6187],[135.9401,35.6186]]],[[[135.9396,35.6188],[135.9396,35.6189],[135.9397,35.6188],[135.9396,35.6188]]],[[[135.94,35.6189],[135.94,35.6189],[135.9401,35.6189],[135.94,35.6189]]],[[[135.9408,35.6191],[135.9409,35.6191],[135.9408,35.619],[135.9408,35.6191]]],[[[135.94,35.6191],[135.9401,35.6191],[135.9401,35.6191],[135.94,35.6191]]],[[[135.9408,35.6192],[135.9408,35.6191],[135.9408,35.6191],[135.9408,35.6192]]],[[[135.9406,35.6192],[135.9406,35.6192],[135.9406,35.6192],[135.9406,35.6192]]],[[[135.9401,35.6193],[135.9402,35.6192],[135.94,35.6192],[135.9401,35.6193]]],[[[135.9404,35.6192],[135.9403,35.6192],[135.9404,35.6192],[135.9404,35.6192]]],[[[135.9403,35.6194],[135.9404,35.6193],[135.9403,35.6193],[135.9403,35.6194]]],[[[135.9405,35.6194],[135.9406,35.6194],[135.9406,35.6194],[135.9405,35.6194]]],[[[135.9399,35.6194],[135.94,35.6194],[135.94,35.6194],[135.9399,35.6194]]],[[[135.9401,35.6194],[135.9402,35.6194],[135.9401,35.6194],[135.9401,35.6194]]],[[[135.94,35.6195],[135.9401,35.6196],[135.94,35.6195],[135.94,35.6195]]],[[[135.9089,35.62],[135.9089,35.6196],[135.9088,35.62],[135.9089,35.62]]],[[[135.8974,35.623],[135.8973,35.623],[135.8973,35.623],[135.8974,35.623]]],[[[135.8966,35.6233],[135.8967,35.6232],[135.8966,35.6233],[135.8966,35.6233]]],[[[135.9083,35.6231],[135.9083,35.6233],[135.9084,35.6232],[135.9083,35.6231]]],[[[135.9085,35.6234],[135.9085,35.6234],[135.9084,35.6234],[135.9085,35.6234]]],[[[135.9002,35.6237],[135.9002,35.6237],[135.9002,35.6237],[135.9002,35.6237]]],[[[135.9004,35.6238],[135.9004,35.6237],[135.9004,35.6237],[135.9004,35.6238]]],[[[135.9039,35.6238],[135.9039,35.6238],[135.9039,35.6238],[135.9039,35.6238]]],[[[135.897,35.6238],[135.8971,35.6239],[135.8971,35.6238],[135.897,35.6238]]],[[[135.9,35.6239],[135.9,35.6238],[135.9,35.6239],[135.9,35.6239]]],[[[135.9013,35.6239],[135.9014,35.6239],[135.9013,35.6239],[135.9013,35.6239]]],[[[135.8978,35.624],[135.8977,35.6239],[135.8977,35.624],[135.8978,35.624]]],[[[135.9047,35.624],[135.9047,35.6239],[135.9047,35.624],[135.9047,35.624]]],[[[135.898,35.624],[135.898,35.624],[135.898,35.624],[135.898,35.624]]],[[[135.902,35.624],[135.9022,35.624],[135.9021,35.624],[135.902,35.624]]],[[[135.8985,35.6239],[135.8984,35.6242],[135.8986,35.624],[135.8985,35.6239]]],[[[135.8982,35.624],[135.8981,35.6241],[135.8982,35.6241],[135.8982,35.624]]],[[[135.8981,35.6242],[135.8982,35.6243],[135.8982,35.6242],[135.8981,35.6242]]],[[[135.902,35.6243],[135.9021,35.6243],[135.902,35.6243],[135.902,35.6243]]],[[[135.9022,35.6244],[135.9022,35.6244],[135.9022,35.6244],[135.9022,35.6244]]],[[[135.8987,35.6244],[135.8986,35.6244],[135.8987,35.6245],[135.8987,35.6244]]],[[[135.8982,35.6245],[135.8981,35.6246],[135.8982,35.6245],[135.8982,35.6245]]],[[[135.9076,35.6246],[135.9076,35.6246],[135.9076,35.6246],[135.9076,35.6246]]],[[[135.905,35.6247],[135.9051,35.6247],[135.9051,35.6247],[135.905,35.6247]]],[[[135.9075,35.6247],[135.9076,35.6248],[135.9076,35.6247],[135.9075,35.6247]]],[[[135.8986,35.6248],[135.8987,35.6247],[135.8986,35.6248],[135.8986,35.6248]]],[[[135.8989,35.6248],[135.8989,35.6249],[135.8989,35.6248],[135.8989,35.6248]]],[[[135.908,35.6249],[135.9079,35.6249],[135.9079,35.6249],[135.908,35.6249]]],[[[135.9051,35.6249],[135.9051,35.6249],[135.905,35.6249],[135.9051,35.6249]]],[[[135.9077,35.6249],[135.9072,35.6253],[135.9072,35.6254],[135.9077,35.6249]]],[[[135.9078,35.6251],[135.9077,35.6252],[135.9077,35.6252],[135.9078,35.6251]]],[[[135.9071,35.6253],[135.9072,35.6253],[135.9072,35.6253],[135.9071,35.6253]]],[[[135.9024,35.6253],[135.9023,35.6253],[135.9024,35.6253],[135.9024,35.6253]]],[[[135.9077,35.6254],[135.9077,35.6253],[135.9077,35.6253],[135.9077,35.6254]]],[[[135.9074,35.6254],[135.9073,35.6254],[135.9074,35.6255],[135.9074,35.6254]]],[[[135.9076,35.6255],[135.9075,35.6256],[135.9076,35.6256],[135.9076,35.6255]]],[[[135.9428,35.6196],[135.9429,35.6195],[135.9428,35.6195],[135.9428,35.6196]]],[[[135.9434,35.6201],[135.9434,35.62],[135.9434,35.62],[135.9434,35.6201]]],[[[135.9437,35.6205],[135.9437,35.6206],[135.9437,35.6205],[135.9437,35.6205]]],[[[135.9442,35.6215],[135.9443,35.6216],[135.9443,35.6215],[135.9442,35.6215]]],[[[135.9445,35.6224],[135.9445,35.6223],[135.9445,35.6223],[135.9445,35.6224]]],[[[135.9443,35.6226],[135.9444,35.6226],[135.9444,35.6226],[135.9443,35.6226]]],[[[135.9443,35.6229],[135.9445,35.623],[135.9445,35.6229],[135.9443,35.6229]]],[[[135.9447,35.6231],[135.9447,35.6231],[135.9447,35.6231],[135.9447,35.6231]]],[[[135.9445,35.6231],[135.9444,35.6233],[135.9446,35.6231],[135.9445,35.6231]]],[[[135.944,35.6232],[135.9441,35.6233],[135.9441,35.6232],[135.944,35.6232]]],[[[135.9447,35.6235],[135.9446,35.6235],[135.9447,35.6235],[135.9447,35.6235]]],[[[135.9448,35.6237],[135.9448,35.6236],[135.9448,35.6237],[135.9448,35.6237]]],[[[135.9443,35.6237],[135.9444,35.6238],[135.9444,35.6237],[135.9443,35.6237]]],[[[135.9442,35.6238],[135.9442,35.6237],[135.9441,35.6238],[135.9442,35.6238]]],[[[135.945,35.624],[135.9451,35.624],[135.9451,35.6239],[135.945,35.624]]],[[[135.9444,35.624],[135.9444,35.624],[135.9445,35.6241],[135.9444,35.624]]],[[[135.9474,35.625],[135.9474,35.6249],[135.9474,35.6249],[135.9474,35.625]]],[[[135.948,35.6255],[135.948,35.6256],[135.948,35.6256],[135.948,35.6255]]],[[[135.9478,35.6256],[135.9478,35.6257],[135.9478,35.6256],[135.9478,35.6256]]],[[[135.9482,35.6262],[135.9482,35.6261],[135.9482,35.6262],[135.9482,35.6262]]],[[[135.9479,35.6264],[135.948,35.6262],[135.9478,35.6262],[135.9479,35.6264]]],[[[135.9482,35.6265],[135.9481,35.6265],[135.9482,35.6265],[135.9482,35.6265]]],[[[135.9478,35.6266],[135.9479,35.6266],[135.9478,35.6266],[135.9478,35.6266]]],[[[135.9503,35.6272],[135.9503,35.6271],[135.9503,35.6271],[135.9503,35.6272]]],[[[135.9476,35.631],[135.9476,35.6309],[135.9476,35.631],[135.9476,35.631]]],[[[135.9485,35.631],[135.9483,35.631],[135.9485,35.6311],[135.9485,35.631]]],[[[135.9481,35.6313],[135.9481,35.6314],[135.9481,35.6313],[135.9481,35.6313]]],[[[135.9479,35.6319],[135.9479,35.632],[135.9479,35.6319],[135.9479,35.6319]]],[[[135.9477,35.6322],[135.9478,35.6321],[135.9477,35.6321],[135.9477,35.6322]]],[[[135.9479,35.6322],[135.9479,35.6322],[135.9479,35.6322],[135.9479,35.6322]]],[[[135.9474,35.6323],[135.9475,35.6323],[135.9474,35.6323],[135.9474,35.6323]]],[[[135.9481,35.6324],[135.9482,35.6324],[135.9481,35.6323],[135.9481,35.6324]]],[[[135.9479,35.6324],[135.948,35.6324],[135.9479,35.6323],[135.9479,35.6324]]],[[[135.9482,35.6325],[135.9483,35.6326],[135.9483,35.6326],[135.9482,35.6325]]],[[[135.9481,35.6326],[135.948,35.6326],[135.948,35.6326],[135.9481,35.6326]]],[[[135.9477,35.6327],[135.9476,35.6326],[135.9476,35.6327],[135.9477,35.6327]]],[[[135.9484,35.6328],[135.9484,35.6327],[135.9483,35.6328],[135.9484,35.6328]]],[[[135.9478,35.6328],[135.9478,35.6327],[135.9477,35.6328],[135.9478,35.6328]]],[[[135.9477,35.6329],[135.9476,35.6329],[135.9476,35.633],[135.9477,35.6329]]],[[[135.9485,35.6333],[135.9483,35.6335],[135.9485,35.6335],[135.9485,35.6333]]],[[[135.9494,35.6338],[135.9493,35.6338],[135.9493,35.6339],[135.9494,35.6338]]],[[[135.9498,35.634],[135.9499,35.6339],[135.9498,35.6339],[135.9498,35.634]]],[[[135.9492,35.6341],[135.9496,35.6341],[135.9496,35.634],[135.9492,35.6341]]],[[[135.9497,35.6341],[135.9498,35.6341],[135.9497,35.6341],[135.9497,35.6341]]],[[[135.9501,35.6341],[135.9498,35.6342],[135.9501,35.6344],[135.9501,35.6341]]],[[[135.9537,35.6343],[135.9537,35.6342],[135.9537,35.6342],[135.9537,35.6343]]],[[[135.9533,35.6342],[135.9534,35.6343],[135.9534,35.6342],[135.9533,35.6342]]],[[[135.9498,35.6343],[135.9498,35.6342],[135.9497,35.6343],[135.9498,35.6343]]],[[[135.9495,35.6343],[135.9494,35.6344],[135.9495,35.6343],[135.9495,35.6343]]],[[[135.9531,35.6342],[135.9532,35.6345],[135.9533,35.6345],[135.9531,35.6342]]],[[[135.9501,35.6346],[135.9499,35.6344],[135.9498,35.6345],[135.9501,35.6346]]],[[[135.9488,35.6345],[135.9487,35.6345],[135.9487,35.6345],[135.9488,35.6345]]],[[[135.9508,35.6345],[135.9507,35.6345],[135.9507,35.6345],[135.9508,35.6345]]],[[[135.9528,35.6346],[135.9529,35.6346],[135.9529,35.6346],[135.9528,35.6346]]],[[[135.9537,35.6348],[135.9537,35.6345],[135.9535,35.6347],[135.9537,35.6348]]],[[[135.9538,35.6347],[135.9539,35.6347],[135.9539,35.6346],[135.9538,35.6347]]],[[[135.9538,35.7037],[135.9539,35.7036],[135.9538,35.7037],[135.9538,35.7037]]],[[[135.9536,35.7036],[135.9536,35.7037],[135.9536,35.7037],[135.9536,35.7036]]],[[[135.9527,35.7041],[135.9528,35.704],[135.9527,35.7041],[135.9527,35.7041]]],[[[135.9541,35.722],[135.954,35.7221],[135.9541,35.7221],[135.9541,35.722]]],[[[135.9541,35.7222],[135.9542,35.7223],[135.9542,35.7222],[135.9541,35.7222]]],[[[135.9591,35.6267],[135.9591,35.6267],[135.9591,35.6267],[135.9591,35.6267]]],[[[135.9551,35.6344],[135.9551,35.6343],[135.9551,35.6343],[135.9551,35.6344]]],[[[135.9542,35.6343],[135.9543,35.6343],[135.9543,35.6343],[135.9542,35.6343]]],[[[135.9549,35.6344],[135.9549,35.6343],[135.9548,35.6343],[135.9549,35.6344]]],[[[135.9545,35.6345],[135.9544,35.6344],[135.9544,35.6344],[135.9545,35.6345]]],[[[135.9547,35.6344],[135.9547,35.6345],[135.9547,35.6344],[135.9547,35.6344]]],[[[135.9548,35.6345],[135.9547,35.6346],[135.9548,35.6346],[135.9548,35.6345]]],[[[135.9579,35.7022],[135.958,35.7022],[135.9579,35.7022],[135.9579,35.7022]]],[[[135.9582,35.7023],[135.9582,35.7023],[135.9581,35.7023],[135.9582,35.7023]]],[[[135.9553,35.7025],[135.9552,35.7025],[135.9553,35.7025],[135.9553,35.7025]]],[[[135.9554,35.7025],[135.9554,35.7026],[135.9554,35.7026],[135.9554,35.7025]]],[[[135.9553,35.703],[135.9552,35.7029],[135.9552,35.703],[135.9553,35.703]]],[[[135.9553,35.7035],[135.9555,35.7032],[135.9552,35.7033],[135.9553,35.7035]]],[[[135.9544,35.7035],[135.9544,35.7034],[135.9543,35.7034],[135.9544,35.7035]]],[[[135.9548,35.7039],[135.955,35.7039],[135.9549,35.7038],[135.9548,35.7039]]],[[[135.9551,35.7041],[135.955,35.7041],[135.9551,35.7041],[135.9551,35.7041]]],[[[135.9547,35.7041],[135.9548,35.7042],[135.9548,35.7041],[135.9547,35.7041]]],[[[135.9572,35.7043],[135.9571,35.7044],[135.9573,35.7044],[135.9572,35.7043]]],[[[135.9552,35.7043],[135.9552,35.7044],[135.9553,35.7044],[135.9552,35.7043]]],[[[135.9569,35.7044],[135.957,35.7045],[135.957,35.7044],[135.9569,35.7044]]],[[[135.9578,35.7045],[135.9577,35.7045],[135.9578,35.7045],[135.9578,35.7045]]],[[[135.9582,35.7047],[135.9581,35.7047],[135.9582,35.7047],[135.9582,35.7047]]],[[[135.9585,35.705],[135.9583,35.705],[135.9585,35.7051],[135.9585,35.705]]],[[[135.9582,35.7054],[135.9582,35.7053],[135.9581,35.7053],[135.9582,35.7054]]],[[[135.959,35.7055],[135.959,35.7056],[135.959,35.7056],[135.959,35.7055]]],[[[135.9591,35.7062],[135.959,35.706],[135.959,35.7062],[135.9591,35.7062]]],[[[135.9594,35.7073],[135.9593,35.7072],[135.9593,35.7073],[135.9594,35.7073]]],[[[135.9595,35.7073],[135.9595,35.7074],[135.9595,35.7073],[135.9595,35.7073]]],[[[135.9593,35.7075],[135.9592,35.7074],[135.9592,35.7075],[135.9593,35.7075]]],[[[135.9594,35.7075],[135.9594,35.7076],[135.9594,35.7076],[135.9594,35.7075]]],[[[135.9589,35.7077],[135.9589,35.7076],[135.9589,35.7076],[135.9589,35.7077]]],[[[135.9595,35.7077],[135.9595,35.7077],[135.9595,35.7078],[135.9595,35.7077]]],[[[135.9589,35.7091],[135.959,35.7091],[135.959,35.7091],[135.9589,35.7091]]],[[[135.9585,35.7092],[135.9586,35.7091],[135.9585,35.7091],[135.9585,35.7092]]],[[[135.9584,35.7092],[135.9583,35.7091],[135.9583,35.7092],[135.9584,35.7092]]],[[[135.9587,35.7093],[135.9588,35.7092],[135.9587,35.7093],[135.9587,35.7093]]],[[[135.9588,35.7096],[135.9587,35.7096],[135.9587,35.7097],[135.9588,35.7096]]],[[[135.9585,35.7105],[135.9584,35.7106],[135.9585,35.7106],[135.9585,35.7105]]],[[[135.9581,35.7106],[135.9581,35.7107],[135.9582,35.7106],[135.9581,35.7106]]],[[[135.9582,35.7109],[135.9583,35.7108],[135.9582,35.7107],[135.9582,35.7109]]],[[[135.957,35.7109],[135.957,35.7112],[135.9571,35.7112],[135.957,35.7109]]],[[[135.9569,35.7114],[135.9572,35.7114],[135.957,35.7113],[135.9569,35.7114]]],[[[135.9588,35.7119],[135.9587,35.7119],[135.9588,35.712],[135.9588,35.7119]]],[[[135.9581,35.7134],[135.9581,35.7134],[135.958,35.7134],[135.9581,35.7134]]],[[[135.9576,35.7138],[135.9577,35.7137],[135.9576,35.7137],[135.9576,35.7138]]],[[[135.9576,35.714],[135.9573,35.7139],[135.9575,35.714],[135.9576,35.714]]],[[[135.9569,35.7141],[135.9568,35.714],[135.9568,35.7141],[135.9569,35.7141]]],[[[135.9586,35.714],[135.9585,35.7141],[135.9586,35.7141],[135.9586,35.714]]],[[[135.959,35.7142],[135.9589,35.7142],[135.9589,35.7142],[135.959,35.7142]]],[[[135.9591,35.7146],[135.959,35.7147],[135.9591,35.7146],[135.9591,35.7146]]],[[[135.9588,35.7149],[135.9587,35.7151],[135.9589,35.7151],[135.9588,35.7149]]],[[[135.9573,35.717],[135.9574,35.7169],[135.9574,35.7169],[135.9573,35.717]]],[[[135.9581,35.717],[135.9581,35.7171],[135.9581,35.717],[135.9581,35.717]]],[[[135.9588,35.7171],[135.9588,35.7171],[135.9587,35.7171],[135.9588,35.7171]]],[[[135.9585,35.7172],[135.9585,35.7173],[135.9586,35.7172],[135.9585,35.7172]]],[[[135.9574,35.7173],[135.9575,35.7174],[135.9575,35.7173],[135.9574,35.7173]]],[[[135.9556,35.719],[135.9556,35.7191],[135.9556,35.719],[135.9556,35.719]]],[[[135.9556,35.7192],[135.9556,35.7192],[135.9556,35.7192],[135.9556,35.7192]]],[[[135.9553,35.7197],[135.9552,35.7196],[135.9552,35.7197],[135.9553,35.7197]]],[[[135.9552,35.7235],[135.9552,35.7234],[135.9551,35.7234],[135.9552,35.7235]]],[[[135.9594,35.7273],[135.9593,35.7272],[135.9592,35.7273],[135.9594,35.7273]]],[[[135.9611,35.6251],[135.961,35.6251],[135.9611,35.6252],[135.9611,35.6251]]],[[[135.9612,35.6253],[135.9612,35.6254],[135.9612,35.6254],[135.9612,35.6253]]],[[[135.961,35.6254],[135.961,35.6254],[135.961,35.6254],[135.961,35.6254]]],[[[135.9607,35.6254],[135.9606,35.6255],[135.9607,35.6254],[135.9607,35.6254]]],[[[135.9612,35.6256],[135.9611,35.6256],[135.9611,35.6256],[135.9612,35.6256]]],[[[135.9605,35.6257],[135.9604,35.6257],[135.9604,35.6257],[135.9605,35.6257]]],[[[135.9652,35.6556],[135.9652,35.6555],[135.9651,35.6556],[135.9652,35.6556]]],[[[135.9654,35.6557],[135.9653,35.6556],[135.9653,35.6556],[135.9654,35.6557]]],[[[135.9652,35.6559],[135.965,35.6559],[135.9651,35.656],[135.9652,35.6559]]],[[[135.9639,35.6561],[135.9641,35.6561],[135.964,35.656],[135.9639,35.6561]]],[[[135.9639,35.6561],[135.9637,35.6561],[135.9638,35.6562],[135.9639,35.6561]]],[[[135.9631,35.6566],[135.963,35.6565],[135.963,35.6566],[135.9631,35.6566]]],[[[135.9613,35.6566],[135.9613,35.6565],[135.9612,35.6566],[135.9613,35.6566]]],[[[135.9621,35.6567],[135.962,35.6566],[135.962,35.6566],[135.9621,35.6567]]],[[[135.9618,35.6568],[135.9617,35.6567],[135.9617,35.6567],[135.9618,35.6568]]],[[[135.962,35.6568],[135.9621,35.6567],[135.962,35.6567],[135.962,35.6568]]],[[[135.9629,35.6573],[135.9627,35.6573],[135.9629,35.6574],[135.9629,35.6573]]],[[[135.9642,35.6581],[135.9642,35.6582],[135.9643,35.6582],[135.9642,35.6581]]],[[[135.9644,35.6582],[135.9645,35.6582],[135.9644,35.6582],[135.9644,35.6582]]],[[[135.9648,35.6584],[135.9648,35.6583],[135.9647,35.6583],[135.9648,35.6584]]],[[[135.9658,35.6621],[135.9659,35.662],[135.9658,35.6621],[135.9658,35.6621]]],[[[135.9661,35.6623],[135.966,35.6622],[135.966,35.6622],[135.9661,35.6623]]],[[[135.9657,35.6624],[135.9657,35.6624],[135.9657,35.6624],[135.9657,35.6624]]],[[[135.966,35.6627],[135.9659,35.6626],[135.9659,35.6627],[135.966,35.6627]]],[[[135.966,35.6628],[135.966,35.6627],[135.966,35.6628],[135.966,35.6628]]],[[[135.9661,35.6629],[135.9662,35.663],[135.9662,35.6629],[135.9661,35.6629]]],[[[135.966,35.6629],[135.9658,35.6629],[135.966,35.6631],[135.966,35.6629]]],[[[135.9661,35.6634],[135.9661,35.6633],[135.966,35.6634],[135.9661,35.6634]]],[[[135.9661,35.6637],[135.9661,35.6636],[135.9661,35.6637],[135.9661,35.6637]]],[[[135.9661,35.664],[135.9662,35.664],[135.9662,35.664],[135.9661,35.664]]],[[[135.9653,35.6655],[135.9653,35.6656],[135.9653,35.6656],[135.9653,35.6655]]],[[[135.9661,35.6734],[135.9661,35.6734],[135.9661,35.6734],[135.9661,35.6734]]],[[[135.9659,35.6734],[135.966,35.6734],[135.9659,35.6734],[135.9659,35.6734]]],[[[135.9654,35.6734],[135.9654,35.6736],[135.9655,35.6736],[135.9654,35.6734]]],[[[135.9654,35.6738],[135.9654,35.6736],[135.9651,35.6736],[135.9654,35.6738]]],[[[135.9658,35.6738],[135.9657,35.6736],[135.9657,35.6737],[135.9658,35.6738]]],[[[135.965,35.6737],[135.965,35.6738],[135.965,35.6737],[135.965,35.6737]]],[[[135.9644,35.674],[135.9642,35.674],[135.9644,35.6741],[135.9644,35.674]]],[[[135.9647,35.6741],[135.9647,35.674],[135.9646,35.6741],[135.9647,35.6741]]],[[[135.9643,35.6743],[135.9643,35.6743],[135.9643,35.6743],[135.9643,35.6743]]],[[[135.9651,35.6743],[135.965,35.6744],[135.9651,35.6743],[135.9651,35.6743]]],[[[135.9644,35.6744],[135.9645,35.6744],[135.9645,35.6743],[135.9644,35.6744]]],[[[135.9652,35.6746],[135.9651,35.6744],[135.9651,35.6745],[135.9652,35.6746]]],[[[135.9635,35.6746],[135.9635,35.6745],[135.9635,35.6745],[135.9635,35.6746]]],[[[135.9642,35.6747],[135.9642,35.6746],[135.9641,35.6746],[135.9642,35.6747]]],[[[135.9656,35.6747],[135.9656,35.6746],[135.9655,35.6746],[135.9656,35.6747]]],[[[135.9647,35.6747],[135.9644,35.6746],[135.9644,35.6748],[135.9647,35.6747]]],[[[135.9651,35.6747],[135.9651,35.6746],[135.9651,35.6747],[135.9651,35.6747]]],[[[135.9658,35.6748],[135.9658,35.6748],[135.9658,35.6748],[135.9658,35.6748]]],[[[135.9655,35.6749],[135.9654,35.6748],[135.9655,35.6749],[135.9655,35.6749]]],[[[135.9661,35.6748],[135.9661,35.6749],[135.9661,35.6749],[135.9661,35.6748]]],[[[135.9638,35.6749],[135.9639,35.6749],[135.9639,35.6749],[135.9638,35.6749]]],[[[135.9648,35.6752],[135.9648,35.6752],[135.9648,35.6752],[135.9648,35.6752]]],[[[135.9607,35.6996],[135.9605,35.6998],[135.9607,35.6997],[135.9607,35.6996]]],[[[135.9602,35.6997],[135.9602,35.6999],[135.9604,35.6999],[135.9602,35.6997]]],[[[135.96,35.6999],[135.9601,35.6999],[135.96,35.6998],[135.96,35.6999]]],[[[135.9599,35.7005],[135.9599,35.7004],[135.9599,35.7004],[135.9599,35.7005]]],[[[135.9601,35.7274],[135.9601,35.7273],[135.96,35.7273],[135.9601,35.7274]]],[[[135.9628,35.7299],[135.9627,35.7299],[135.9628,35.73],[135.9628,35.7299]]],[[[135.9643,35.7301],[135.9644,35.7301],[135.9643,35.7301],[135.9643,35.7301]]],[[[135.9632,35.7302],[135.9632,35.7303],[135.9632,35.7303],[135.9632,35.7302]]],[[[135.9718,35.6239],[135.9717,35.6239],[135.9718,35.6239],[135.9718,35.6239]]],[[[135.9719,35.6239],[135.9719,35.6239],[135.972,35.6239],[135.9719,35.6239]]],[[[135.9724,35.6241],[135.9723,35.6241],[135.9723,35.6241],[135.9724,35.6241]]],[[[135.9719,35.6241],[135.972,35.6241],[135.972,35.6241],[135.9719,35.6241]]],[[[135.9736,35.6247],[135.9736,35.6246],[135.9736,35.6247],[135.9736,35.6247]]],[[[135.9735,35.6251],[135.9735,35.6251],[135.9736,35.6251],[135.9735,35.6251]]],[[[135.9823,35.6457],[135.9823,35.6457],[135.9822,35.6457],[135.9823,35.6457]]],[[[135.9824,35.6457],[135.9824,35.6458],[135.9825,35.6458],[135.9824,35.6457]]],[[[135.9822,35.6458],[135.9821,35.6458],[135.9821,35.6458],[135.9822,35.6458]]],[[[135.9792,35.6492],[135.9792,35.6493],[135.9792,35.6492],[135.9792,35.6492]]],[[[135.9788,35.6493],[135.9788,35.6494],[135.9789,35.6493],[135.9788,35.6493]]],[[[135.9782,35.6497],[135.9783,35.6497],[135.9783,35.6497],[135.9782,35.6497]]],[[[135.9766,35.6506],[135.9765,35.6506],[135.9766,35.6506],[135.9766,35.6506]]],[[[135.9666,35.6609],[135.9666,35.6609],[135.9666,35.6609],[135.9666,35.6609]]],[[[135.9664,35.661],[135.9664,35.661],[135.9664,35.661],[135.9664,35.661]]],[[[135.9662,35.6632],[135.9662,35.6632],[135.9662,35.6632],[135.9662,35.6632]]],[[[135.9663,35.6634],[135.9662,35.6634],[135.9662,35.6634],[135.9663,35.6634]]],[[[135.9663,35.6638],[135.9662,35.6637],[135.9662,35.6638],[135.9663,35.6638]]],[[[135.9663,35.664],[135.9663,35.664],[135.9664,35.664],[135.9663,35.664]]],[[[135.9665,35.6655],[135.9665,35.6655],[135.9665,35.6655],[135.9665,35.6655]]],[[[135.9665,35.6657],[135.9665,35.6657],[135.9665,35.6657],[135.9665,35.6657]]],[[[135.9665,35.6662],[135.9666,35.6662],[135.9666,35.6661],[135.9665,35.6662]]],[[[135.9666,35.6664],[135.9666,35.6663],[135.9665,35.6664],[135.9666,35.6664]]],[[[135.9666,35.6667],[135.9667,35.6668],[135.9667,35.6667],[135.9666,35.6667]]],[[[135.9665,35.667],[135.9665,35.667],[135.9665,35.667],[135.9665,35.667]]],[[[135.9666,35.6671],[135.9666,35.6671],[135.9666,35.6671],[135.9666,35.6671]]],[[[135.9662,35.6671],[135.9662,35.6672],[135.9663,35.6672],[135.9662,35.6671]]],[[[135.9669,35.6675],[135.9669,35.6675],[135.9669,35.6675],[135.9669,35.6675]]],[[[135.9667,35.6677],[135.9668,35.6677],[135.9668,35.6677],[135.9667,35.6677]]],[[[135.967,35.6678],[135.967,35.6677],[135.967,35.6677],[135.967,35.6678]]],[[[135.9672,35.6678],[135.9672,35.6677],[135.9671,35.6677],[135.9672,35.6678]]],[[[135.9685,35.6704],[135.9685,35.6705],[135.9685,35.6704],[135.9685,35.6704]]],[[[135.9678,35.6724],[135.9677,35.6724],[135.9678,35.6724],[135.9678,35.6724]]],[[[135.9662,35.6746],[135.9662,35.6747],[135.9662,35.6746],[135.9662,35.6746]]],[[[135.9666,35.6747],[135.9665,35.6746],[135.9664,35.6747],[135.9666,35.6747]]],[[[135.9698,35.6754],[135.9699,35.6755],[135.9699,35.6754],[135.9698,35.6754]]],[[[135.9708,35.6761],[135.9707,35.6761],[135.9707,35.6762],[135.9708,35.6761]]],[[[135.9714,35.6764],[135.9714,35.6763],[135.9714,35.6764],[135.9714,35.6764]]],[[[135.9759,35.6835],[135.9758,35.6836],[135.976,35.6835],[135.9759,35.6835]]],[[[135.9755,35.6835],[135.9754,35.6836],[135.9754,35.6836],[135.9755,35.6835]]],[[[135.976,35.6839],[135.976,35.6838],[135.9758,35.6838],[135.976,35.6839]]],[[[135.9763,35.6881],[135.9762,35.6881],[135.9763,35.6881],[135.9763,35.6881]]],[[[135.9764,35.6882],[135.9766,35.6882],[135.9764,35.688],[135.9764,35.6882]]],[[[135.9763,35.6883],[135.9763,35.6884],[135.9763,35.6884],[135.9763,35.6883]]],[[[135.9765,35.6884],[135.9764,35.6884],[135.9764,35.6884],[135.9765,35.6884]]],[[[135.9766,35.6884],[135.9767,35.6885],[135.9767,35.6885],[135.9766,35.6884]]],[[[135.9762,35.6885],[135.9762,35.6885],[135.9761,35.6885],[135.9762,35.6885]]],[[[135.9765,35.6887],[135.9764,35.6885],[135.9764,35.6887],[135.9765,35.6887]]],[[[135.9762,35.6887],[135.9762,35.6888],[135.9762,35.6887],[135.9762,35.6887]]],[[[135.976,35.6888],[135.9761,35.6888],[135.976,35.6888],[135.976,35.6888]]],[[[135.9758,35.6889],[135.9758,35.6888],[135.9758,35.6889],[135.9758,35.6889]]],[[[135.9765,35.6892],[135.9764,35.6891],[135.9764,35.6892],[135.9765,35.6892]]],[[[135.9761,35.6896],[135.9761,35.6895],[135.9761,35.6895],[135.9761,35.6896]]],[[[135.9761,35.6897],[135.9761,35.6896],[135.976,35.6897],[135.9761,35.6897]]],[[[135.976,35.6902],[135.976,35.6901],[135.9759,35.6902],[135.976,35.6902]]],[[[135.9761,35.6915],[135.9761,35.6914],[135.976,35.6914],[135.9761,35.6915]]],[[[135.9759,35.6915],[135.9759,35.6914],[135.9759,35.6914],[135.9759,35.6915]]],[[[135.9747,35.6983],[135.9748,35.6985],[135.9749,35.6984],[135.9747,35.6983]]],[[[135.9748,35.6989],[135.9748,35.699],[135.9748,35.6989],[135.9748,35.6989]]],[[[135.9742,35.699],[135.9742,35.6989],[135.9742,35.699],[135.9742,35.699]]],[[[135.9705,35.7039],[135.9706,35.7038],[135.9704,35.7038],[135.9705,35.7039]]]]}},{"type":"Feature","properties":{"id":"18481","name":"高浜町","pref":"福井県"},"geometry":{"type":"MultiPolygon","coordinates":[[[[135.5087,35.5037],[135.5086,35.5037],[135.5087,35.5038],[135.5087,35.5037]]],[[[135.5088,35.5038],[135.5088,35.5038],[135.5088,35.5038],[135.5088,35.5038]]],[[[135.5079,35.5077],[135.5079,35.5077],[135.5079,35.5077],[135.5079,35.5077]]],[[[135.5081,35.5078],[135.5081,35.5078],[135.5082,35.5078],[135.5081,35.5078]]],[[[135.5082,35.5078],[135.5082,35.5078],[135.5082,35.5078],[135.5082,35.5078]]],[[[135.5083,35.5079],[135.5083,35.5079],[135.5083,35.5078],[135.5083,35.5079]]],[[[135.4812,35.522],[135.4812,35.5219],[135.4812,35.5219],[135.4812,35.522]]],[[[135.4811,35.522],[135.4811,35.522],[135.4812,35.522],[135.4811,35.522]]],[[[135.481,35.522],[135.481,35.522],[135.481,35.522],[135.481,35.522]]],[[[135.4811,35.522],[135.4811,35.522],[135.4811,35.522],[135.4811,35.522]]],[[[135.4812,35.522],[135.4811,35.522],[135.4812,35.522],[135.4812,35.522]]],[[[135.481,35.522],[135.481,35.522],[135.481,35.522],[135.481,35.522]]],[[[135.4811,35.522],[135.4811,35.522],[135.4811,35.522],[135.4811,35.522]]],[[[135.4811,35.5221],[135.481,35.5221],[135.4811,35.5221],[135.4811,35.5221]]],[[[135.481,35.5221],[135.4811,35.5221],[135.481,35.5221],[135.481,35.5221]]],[[[135.4812,35.5222],[135.4812,35.5222],[135.4812,35.5222],[135.4812,35.5222]]],[[[135.4811,35.5223],[135.4811,35.5223],[135.4811,35.5223],[135.4811,35.5223]]],[[[135.4811,35.5224],[135.4811,35.5224],[135.4811,35.5224],[135.4811,35.5224]]],[[[135.4868,35.5225],[135.4868,35.5225],[135.4868,35.5225],[135.4868,35.5225]]],[[[135.4802,35.5229],[135.4802,35.5228],[135.4802,35.5228],[135.4802,35.5229]]],[[[135.4849,35.5229],[135.4849,35.5229],[135.4849,35.5229],[135.4849,35.5229]]],[[[135.4848,35.5229],[135.4849,35.5229],[135.4848,35.5229],[135.4848,35.5229]]],[[[135.485,35.5229],[135.485,35.5229],[135.485,35.5229],[135.485,35.5229]]],[[[135.4848,35.523],[135.4848,35.5229],[135.4848,35.5229],[135.4848,35.523]]],[[[135.4849,35.523],[135.4849,35.523],[135.4849,35.523],[135.4849,35.523]]],[[[135.4849,35.523],[135.4849,35.523],[135.4849,35.523],[135.4849,35.523]]],[[[135.485,35.523],[135.485,35.523],[135.485,35.523],[135.485,35.523]]],[[[135.4849,35.523],[135.4848,35.523],[135.4848,35.523],[135.4849,35.523]]],[[[135.4854,35.523],[135.4853,35.523],[135.4854,35.523],[135.4854,35.523]]],[[[135.4797,35.5231],[135.4797,35.5231],[135.4797,35.5231],[135.4797,35.5231]]],[[[135.4851,35.5231],[135.4851,35.5231],[135.4851,35.5231],[135.4851,35.5231]]],[[[135.4852,35.5232],[135.4853,35.5231],[135.4851,35.5231],[135.4852,35.5232]]],[[[135.4847,35.5234],[135.4847,35.5232],[135.4846,35.5233],[135.4847,35.5234]]],[[[135.4843,35.5238],[135.4845,35.524],[135.4846,35.5238],[135.4843,35.5238]]],[[[135.4873,35.5252],[135.4873,35.5251],[135.4872,35.5251],[135.4873,35.5252]]],[[[135.4886,35.5258],[135.4887,35.5257],[135.4885,35.5256],[135.4886,35.5258]]],[[[135.5034,35.5305],[135.5034,35.5305],[135.5034,35.5305],[135.5034,35.5305]]],[[[135.4721,35.5338],[135.4721,35.5339],[135.4722,35.5339],[135.4721,35.5338]]],[[[135.4784,35.5343],[135.4783,35.5342],[135.4783,35.5343],[135.4784,35.5343]]],[[[135.5065,35.5357],[135.5063,35.5366],[135.5065,35.5357],[135.5065,35.5357]]],[[[135.4957,35.54],[135.4957,35.54],[135.4957,35.5399],[135.4957,35.54]]],[[[135.4958,35.5411],[135.4959,35.5411],[135.4958,35.541],[135.4958,35.5411]]],[[[135.5021,35.5427],[135.502,35.5427],[135.502,35.5427],[135.5021,35.5427]]],[[[135.502,35.5429],[135.502,35.5429],[135.502,35.5429],[135.502,35.5429]]],[[[135.5019,35.543],[135.5018,35.543],[135.5019,35.543],[135.5019,35.543]]],[[[135.5003,35.5456],[135.5003,35.5455],[135.5003,35.5455],[135.5003,35.5456]]],[[[135.4999,35.5492],[135.5,35.5491],[135.4999,35.5491],[135.4999,35.5492]]],[[[135.5059,35.5495],[135.5059,35.5496],[135.506,35.5496],[135.5059,35.5495]]],[[[135.5057,35.5496],[135.5057,35.5496],[135.5057,35.5496],[135.5057,35.5496]]],[[[135.5061,35.5496],[135.5061,35.5496],[135.5062,35.5496],[135.5061,35.5496]]],[[[135.5055,35.5497],[135.5055,35.5496],[135.5055,35.5497],[135.5055,35.5497]]],[[[135.5062,35.5497],[135.5062,35.5497],[135.5063,35.5497],[135.5062,35.5497]]],[[[135.4869,35.558],[135.4868,35.5576],[135.4867,35.558],[135.4869,35.558]]],[[[135.5126,35.5012],[135.5126,35.5012],[135.5126,35.5012],[135.5126,35.5012]]],[[[135.5125,35.5012],[135.5124,35.5012],[135.5125,35.5012],[135.5125,35.5012]]],[[[135.5124,35.5013],[135.5125,35.5012],[135.5124,35.5012],[135.5124,35.5013]]],[[[135.5126,35.5012],[135.5126,35.5012],[135.5126,35.5012],[135.5126,35.5012]]],[[[135.5128,35.5012],[135.5128,35.5013],[135.5129,35.5013],[135.5128,35.5012]]],[[[135.513,35.5013],[135.5129,35.5013],[135.513,35.5013],[135.513,35.5013]]],[[[135.5129,35.5013],[135.5129,35.5013],[135.5129,35.5013],[135.5129,35.5013]]],[[[135.5134,35.5013],[135.5134,35.5014],[135.5134,35.5013],[135.5134,35.5013]]],[[[135.5136,35.5014],[135.5136,35.5015],[135.5136,35.5015],[135.5136,35.5014]]],[[[135.5138,35.5015],[135.5138,35.5015],[135.5138,35.5015],[135.5138,35.5015]]],[[[135.5137,35.5015],[135.5136,35.5015],[135.5137,35.5016],[135.5137,35.5015]]],[[[135.5089,35.5038],[135.5088,35.5038],[135.509,35.5038],[135.5089,35.5038]]],[[[135.5089,35.5038],[135.5088,35.5038],[135.5089,35.5039],[135.5089,35.5038]]],[[[135.5089,35.5042],[135.5089,35.5042],[135.5089,35.5042],[135.5089,35.5042]]],[[[135.509,35.5042],[135.509,35.5042],[135.509,35.5042],[135.509,35.5042]]],[[[135.5089,35.5042],[135.5089,35.5042],[135.5089,35.5042],[135.5089,35.5042]]],[[[135.509,35.5042],[135.5089,35.5042],[135.509,35.5042],[135.509,35.5042]]],[[[135.509,35.5044],[135.509,35.5045],[135.5091,35.5045],[135.509,35.5044]]],[[[135.5087,35.508],[135.5087,35.5081],[135.5089,35.5081],[135.5087,35.508]]],[[[135.5088,35.5082],[135.5088,35.5082],[135.5088,35.5082],[135.5088,35.5082]]],[[[135.5089,35.5083],[135.5088,35.5084],[135.5089,35.5084],[135.5089,35.5083]]],[[[135.5099,35.5087],[135.5098,35.5087],[135.5098,35.5087],[135.5099,35.5087]]],[[[135.5106,35.5088],[135.5106,35.5087],[135.5106,35.5088],[135.5106,35.5088]]],[[[135.5106,35.5089],[135.5106,35.5089],[135.5106,35.5088],[135.5106,35.5089]]],[[[135.5109,35.5091],[135.5108,35.5091],[135.5109,35.5091],[135.5109,35.5091]]],[[[135.5104,35.5093],[135.5103,35.5094],[135.5104,35.5093],[135.5104,35.5093]]],[[[135.5103,35.5095],[135.5102,35.5095],[135.5102,35.5095],[135.5103,35.5095]]],[[[135.5103,35.5096],[135.5102,35.5096],[135.5103,35.5097],[135.5103,35.5096]]],[[[135.51,35.5097],[135.5101,35.5098],[135.5101,35.5097],[135.51,35.5097]]],[[[135.5101,35.5098],[135.5101,35.5098],[135.5101,35.5098],[135.5101,35.5098]]],[[[135.51,35.51],[135.5101,35.51],[135.51,35.51],[135.51,35.51]]],[[[135.5101,35.5102],[135.5101,35.5101],[135.5101,35.5101],[135.5101,35.5102]]],[[[135.5103,35.5102],[135.5103,35.5102],[135.5102,35.5102],[135.5103,35.5102]]],[[[135.5102,35.5104],[135.5103,35.5104],[135.5104,35.5104],[135.5102,35.5104]]],[[[135.5122,35.5148],[135.5123,35.5149],[135.5122,35.5148],[135.5122,35.5148]]],[[[135.5124,35.5149],[135.5123,35.5149],[135.5123,35.5149],[135.5124,35.5149]]],[[[135.5133,35.5155],[135.5133,35.5155],[135.5133,35.5155],[135.5133,35.5155]]],[[[135.5132,35.5155],[135.5133,35.5155],[135.5133,35.5155],[135.5132,35.5155]]],[[[135.5136,35.5155],[135.5135,35.5156],[135.5136,35.5156],[135.5136,35.5155]]],[[[135.5137,35.5156],[135.5136,35.5156],[135.5136,35.5156],[135.5137,35.5156]]],[[[135.5133,35.5156],[135.5133,35.5156],[135.5133,35.5156],[135.5133,35.5156]]],[[[135.5134,35.5156],[135.5134,35.5156],[135.5133,35.5156],[135.5134,35.5156]]],[[[135.5138,35.5156],[135.5138,35.5156],[135.5138,35.5156],[135.5138,35.5156]]],[[[135.5135,35.5157],[135.5135,35.5156],[135.5134,35.5156],[135.5135,35.5157]]],[[[135.5137,35.5157],[135.5138,35.5156],[135.5137,35.5156],[135.5137,35.5157]]],[[[135.5136,35.5157],[135.5136,35.5157],[135.5136,35.5157],[135.5136,35.5157]]],[[[135.5136,35.5161],[135.5137,35.5161],[135.5136,35.5161],[135.5136,35.5161]]],[[[135.5138,35.5161],[135.5137,35.5161],[135.5138,35.5161],[135.5138,35.5161]]],[[[135.5138,35.5163],[135.5138,35.5163],[135.5138,35.5163],[135.5138,35.5163]]],[[[135.5139,35.5164],[135.5139,35.5164],[135.5139,35.5163],[135.5139,35.5164]]],[[[135.5138,35.5165],[135.5139,35.5165],[135.5139,35.5165],[135.5138,35.5165]]],[[[135.5103,35.549],[135.5103,35.549],[135.5103,35.549],[135.5103,35.549]]],[[[135.5109,35.5492],[135.5109,35.5491],[135.5109,35.5491],[135.5109,35.5492]]],[[[135.5149,35.4965],[135.5149,35.4965],[135.5149,35.4965],[135.5149,35.4965]]],[[[135.5149,35.4965],[135.5149,35.4965],[135.5149,35.4966],[135.5149,35.4965]]],[[[135.515,35.4971],[135.515,35.4971],[135.515,35.4971],[135.515,35.4971]]],[[[135.5142,35.4973],[135.5142,35.4973],[135.5142,35.4973],[135.5142,35.4973]]],[[[135.5142,35.4975],[135.5142,35.4975],[135.5142,35.4975],[135.5142,35.4975]]],[[[135.5143,35.4975],[135.5143,35.4975],[135.5143,35.4975],[135.5143,35.4975]]],[[[135.5145,35.4998],[135.5145,35.4998],[135.5145,35.4998],[135.5145,35.4998]]],[[[135.5147,35.5],[135.5147,35.5],[135.5147,35.5],[135.5147,35.5]]],[[[135.5147,35.5],[135.5147,35.5],[135.5148,35.5],[135.5147,35.5]]],[[[135.5147,35.5001],[135.5147,35.5001],[135.5147,35.5001],[135.5147,35.5001]]],[[[135.5147,35.5001],[135.5147,35.5001],[135.5148,35.5001],[135.5147,35.5001]]],[[[135.5147,35.5003],[135.5147,35.5003],[135.5147,35.5003],[135.5147,35.5003]]],[[[135.5148,35.5003],[135.5147,35.5003],[135.5147,35.5004],[135.5148,35.5003]]],[[[135.5147,35.5003],[135.5145,35.5004],[135.5147,35.5004],[135.5147,35.5003]]],[[[135.5148,35.5004],[135.5148,35.5005],[135.5148,35.5004],[135.5148,35.5004]]],[[[135.515,35.5005],[135.5149,35.5004],[135.5149,35.5005],[135.515,35.5005]]],[[[135.5143,35.5005],[135.5143,35.5005],[135.5143,35.5005],[135.5143,35.5005]]],[[[135.5148,35.5005],[135.5148,35.5005],[135.5148,35.5005],[135.5148,35.5005]]],[[[135.5143,35.5005],[135.5143,35.5005],[135.5143,35.5005],[135.5143,35.5005]]],[[[135.5146,35.5006],[135.5147,35.5005],[135.5146,35.5005],[135.5146,35.5006]]],[[[135.5145,35.5005],[135.5145,35.5006],[135.5145,35.5006],[135.5145,35.5005]]],[[[135.5149,35.5006],[135.5147,35.5005],[135.5148,35.5006],[135.5149,35.5006]]],[[[135.5143,35.5006],[135.5143,35.5006],[135.5144,35.5006],[135.5143,35.5006]]],[[[135.5147,35.5006],[135.5147,35.5006],[135.5147,35.5006],[135.5147,35.5006]]],[[[135.5148,35.5007],[135.5149,35.5008],[135.5149,35.5008],[135.5148,35.5007]]],[[[135.515,35.5008],[135.5151,35.5008],[135.5151,35.5008],[135.515,35.5008]]],[[[135.5148,35.5008],[135.5149,35.5008],[135.5148,35.5008],[135.5148,35.5008]]],[[[135.5144,35.5008],[135.5144,35.5008],[135.5144,35.5008],[135.5144,35.5008]]],[[[135.5143,35.5008],[135.5143,35.5008],[135.5143,35.5009],[135.5143,35.5008]]],[[[135.5149,35.5009],[135.5149,35.5009],[135.5149,35.5008],[135.5149,35.5009]]],[[[135.5148,35.5011],[135.5148,35.5011],[135.5148,35.5011],[135.5148,35.5011]]],[[[135.5143,35.5012],[135.5143,35.5011],[135.5143,35.5012],[135.5143,35.5012]]],[[[135.5144,35.5012],[135.5144,35.5011],[135.5144,35.5011],[135.5144,35.5012]]],[[[135.5143,35.5012],[135.5143,35.5012],[135.5143,35.5012],[135.5143,35.5012]]],[[[135.5143,35.5012],[135.5143,35.5012],[135.5143,35.5012],[135.5143,35.5012]]],[[[135.514,35.5013],[135.514,35.5012],[135.514,35.5012],[135.514,35.5013]]],[[[135.5143,35.5013],[135.5144,35.5013],[135.5144,35.5013],[135.5143,35.5013]]],[[[135.5142,35.5014],[135.5142,35.5013],[135.5142,35.5013],[135.5142,35.5014]]],[[[135.5141,35.5014],[135.5141,35.5014],[135.5141,35.5014],[135.5141,35.5014]]],[[[135.514,35.5014],[135.514,35.5014],[135.5139,35.5014],[135.514,35.5014]]],[[[135.5138,35.5164],[135.5139,35.5164],[135.5139,35.5164],[135.5138,35.5164]]],[[[135.5145,35.5171],[135.5145,35.5173],[135.5146,35.5172],[135.5145,35.5171]]],[[[135.5147,35.5172],[135.5147,35.5172],[135.5147,35.5172],[135.5147,35.5172]]],[[[135.5148,35.5173],[135.5148,35.5173],[135.5148,35.5173],[135.5148,35.5173]]],[[[135.5146,35.5173],[135.5147,35.5173],[135.5146,35.5173],[135.5146,35.5173]]],[[[135.5149,35.5173],[135.5149,35.5173],[135.5149,35.5173],[135.5149,35.5173]]],[[[135.5148,35.5173],[135.5148,35.5174],[135.5148,35.5174],[135.5148,35.5173]]],[[[135.5142,35.5174],[135.5142,35.5173],[135.5142,35.5174],[135.5142,35.5174]]],[[[135.5149,35.5175],[135.5149,35.5174],[135.5149,35.5175],[135.5149,35.5175]]],[[[135.5149,35.5177],[135.5149,35.5176],[135.5149,35.5177],[135.5149,35.5177]]],[[[135.515,35.5178],[135.515,35.5178],[135.515,35.5178],[135.515,35.5178]]],[[[135.5144,35.5362],[135.5144,35.5362],[135.5144,35.5362],[135.5144,35.5362]]],[[[135.5144,35.5362],[135.5144,35.5362],[135.5144,35.5362],[135.5144,35.5362]]],[[[135.5165,35.4967],[135.5165,35.4967],[135.5165,35.4967],[135.5165,35.4967]]],[[[135.5163,35.4968],[135.5163,35.4968],[135.5163,35.4968],[135.5163,35.4968]]],[[[135.516,35.497],[135.5159,35.4969],[135.516,35.497],[135.516,35.497]]],[[[135.516,35.497],[135.516,35.497],[135.516,35.497],[135.516,35.497]]],[[[135.5161,35.497],[135.5161,35.497],[135.5161,35.497],[135.5161,35.497]]],[[[135.5151,35.4973],[135.5151,35.4973],[135.5151,35.4973],[135.5151,35.4973]]],[[[135.516,35.4974],[135.516,35.4973],[135.516,35.4974],[135.516,35.4974]]],[[[135.5153,35.4977],[135.5153,35.4976],[135.5153,35.4976],[135.5153,35.4977]]],[[[135.5154,35.4977],[135.5154,35.4978],[135.5154,35.4977],[135.5154,35.4977]]],[[[135.5153,35.4977],[135.5153,35.4978],[135.5153,35.4978],[135.5153,35.4977]]],[[[135.5153,35.5003],[135.5152,35.5003],[135.5153,35.5003],[135.5153,35.5003]]],[[[135.5153,35.5003],[135.5153,35.5003],[135.5153,35.5003],[135.5153,35.5003]]],[[[135.5152,35.5003],[135.5152,35.5003],[135.5152,35.5003],[135.5152,35.5003]]],[[[135.5154,35.5004],[135.5154,35.5004],[135.5153,35.5004],[135.5154,35.5004]]],[[[135.515,35.501],[135.5151,35.5009],[135.515,35.5009],[135.515,35.501]]],[[[135.515,35.5173],[135.5151,35.5175],[135.5152,35.5173],[135.515,35.5173]]],[[[135.5153,35.5175],[135.5153,35.5174],[135.5153,35.5174],[135.5153,35.5175]]],[[[135.5153,35.5175],[135.5152,35.5176],[135.5153,35.5175],[135.5153,35.5175]]],[[[135.5152,35.5175],[135.5151,35.5176],[135.5151,35.5176],[135.5152,35.5175]]],[[[135.5156,35.5176],[135.5156,35.5176],[135.5156,35.5176],[135.5156,35.5176]]],[[[135.5153,35.5176],[135.5154,35.5176],[135.5154,35.5176],[135.5153,35.5176]]],[[[135.5159,35.5176],[135.516,35.5177],[135.516,35.5176],[135.5159,35.5176]]],[[[135.516,35.5177],[135.516,35.5177],[135.516,35.5177],[135.516,35.5177]]],[[[135.5155,35.5176],[135.5157,35.5178],[135.5158,35.5177],[135.5155,35.5176]]],[[[135.5152,35.5178],[135.5152,35.5178],[135.5152,35.5178],[135.5152,35.5178]]],[[[135.5159,35.5177],[135.5159,35.5182],[135.516,35.5178],[135.5159,35.5177]]],[[[135.5157,35.5182],[135.5158,35.5182],[135.5157,35.5182],[135.5157,35.5182]]],[[[135.5161,35.5183],[135.5161,35.5183],[135.5161,35.5183],[135.5161,35.5183]]],[[[135.5156,35.528],[135.5157,35.5279],[135.5156,35.528],[135.5156,35.528]]],[[[135.5203,35.5332],[135.5203,35.5335],[135.5204,35.5333],[135.5203,35.5332]]],[[[135.5204,35.5334],[135.5205,35.5334],[135.5204,35.5334],[135.5204,35.5334]]],[[[135.5205,35.5344],[135.5205,35.5342],[135.5205,35.5344],[135.5205,35.5344]]],[[[135.5185,35.5346],[135.5185,35.5346],[135.5185,35.5346],[135.5185,35.5346]]],[[[135.5185,35.5346],[135.5185,35.5347],[135.5185,35.5347],[135.5185,35.5346]]],[[[135.5184,35.5347],[135.5184,35.5348],[135.5185,35.5347],[135.5184,35.5347]]],[[[135.5189,35.5349],[135.5189,35.5349],[135.5189,35.5349],[135.5189,35.5349]]],[[[135.5189,35.5349],[135.5188,35.5349],[135.5188,35.5349],[135.5189,35.5349]]],[[[135.5174,35.5353],[135.5174,35.5353],[135.5174,35.5354],[135.5174,35.5353]]],[[[135.519,35.5354],[135.519,35.5354],[135.519,35.5354],[135.519,35.5354]]],[[[135.5175,35.5354],[135.5175,35.5354],[135.5175,35.5354],[135.5175,35.5354]]],[[[135.5189,35.5354],[135.519,35.5354],[135.519,35.5354],[135.5189,35.5354]]],[[[135.5185,35.536],[135.518,35.535],[135.5179,35.5361],[135.5185,35.536]]],[[[135.5175,35.5356],[135.5175,35.5357],[135.5175,35.5357],[135.5175,35.5356]]],[[[135.5183,35.5364],[135.5184,35.5364],[135.5186,35.5363],[135.5183,35.5364]]],[[[135.5186,35.5363],[135.5186,35.5364],[135.5186,35.5364],[135.5186,35.5363]]],[[[135.5164,35.5398],[135.5165,35.5399],[135.5165,35.5398],[135.5164,35.5398]]],[[[135.5163,35.5401],[135.5162,35.54],[135.5162,35.5401],[135.5163,35.5401]]],[[[135.5178,35.5438],[135.5177,35.5438],[135.5178,35.5438],[135.5178,35.5438]]],[[[135.5183,35.5454],[135.5184,35.5455],[135.5184,35.5455],[135.5183,35.5454]]],[[[135.5183,35.5483],[135.5185,35.5481],[135.5184,35.5481],[135.5183,35.5483]]],[[[135.5186,35.5492],[135.5187,35.5492],[135.5186,35.5492],[135.5186,35.5492]]],[[[135.5154,35.5493],[135.5153,35.5492],[135.5153,35.5493],[135.5154,35.5493]]],[[[135.5184,35.5497],[135.5185,35.55],[135.5186,35.5497],[135.5184,35.5497]]],[[[135.5461,35.4956],[135.546,35.4957],[135.5461,35.4957],[135.5461,35.4956]]],[[[135.5458,35.4956],[135.5459,35.4956],[135.5458,35.4956],[135.5458,35.4956]]],[[[135.5463,35.4957],[135.5465,35.4957],[135.5464,35.4956],[135.5463,35.4957]]],[[[135.5472,35.4948],[135.5436,35.4959],[135.547,35.4951],[135.5472,35.4957],[135.549,35.4965],[135.5493,35.4962],[135.5472,35.4948]]],[[[135.5462,35.4958],[135.5463,35.4958],[135.5462,35.4958],[135.5462,35.4958]]],[[[135.546,35.4958],[135.5461,35.4959],[135.5461,35.4958],[135.546,35.4958]]],[[[135.5544,35.496],[135.5546,35.4962],[135.5546,35.4959],[135.5544,35.496]]],[[[135.5547,35.4962],[135.5547,35.4961],[135.5547,35.4963],[135.5547,35.4962]]],[[[135.5466,35.4962],[135.5466,35.4961],[135.5466,35.4962],[135.5466,35.4962]]],[[[135.5466,35.4964],[135.5465,35.4962],[135.5465,35.4964],[135.5466,35.4964]]],[[[135.5509,35.4961],[135.5507,35.4966],[135.5511,35.4963],[135.5509,35.4961]]],[[[135.5425,35.4964],[135.5426,35.4964],[135.5426,35.4963],[135.5425,35.4964]]],[[[135.5504,35.4964],[135.5505,35.4966],[135.5505,35.4963],[135.5504,35.4964]]],[[[135.5429,35.4964],[135.5429,35.4965],[135.543,35.4965],[135.5429,35.4964]]],[[[135.554,35.4964],[135.554,35.4965],[135.554,35.4965],[135.554,35.4964]]],[[[135.5427,35.4965],[135.5427,35.4964],[135.5426,35.4964],[135.5427,35.4965]]],[[[135.5424,35.4965],[135.5425,35.4965],[135.5425,35.4964],[135.5424,35.4965]]],[[[135.5466,35.4965],[135.5467,35.4965],[135.5466,35.4965],[135.5466,35.4965]]],[[[135.5463,35.4965],[135.5463,35.4965],[135.5464,35.4965],[135.5463,35.4965]]],[[[135.5447,35.4965],[135.5448,35.4966],[135.5448,35.4965],[135.5447,35.4965]]],[[[135.543,35.4965],[135.5429,35.4966],[135.543,35.4966],[135.543,35.4965]]],[[[135.5425,35.4965],[135.5427,35.4965],[135.5426,35.4965],[135.5425,35.4965]]],[[[135.5459,35.4965],[135.5459,35.4967],[135.5459,35.4967],[135.5459,35.4965]]],[[[135.5443,35.4966],[135.5444,35.4966],[135.5443,35.4966],[135.5443,35.4966]]],[[[135.5505,35.4968],[135.5503,35.4968],[135.5504,35.4969],[135.5505,35.4968]]],[[[135.5426,35.4966],[135.5425,35.4966],[135.5426,35.4966],[135.5426,35.4966]]],[[[135.5421,35.4966],[135.5419,35.4967],[135.5419,35.4967],[135.5421,35.4966]]],[[[135.5458,35.4966],[135.5454,35.4967],[135.5456,35.497],[135.5458,35.4966]]],[[[135.5451,35.4968],[135.545,35.4967],[135.545,35.4967],[135.5451,35.4968]]],[[[135.5441,35.4968],[135.5442,35.4967],[135.5441,35.4967],[135.5441,35.4968]]],[[[135.5426,35.4968],[135.5427,35.4968],[135.5425,35.4967],[135.5426,35.4968]]],[[[135.5438,35.4968],[135.5439,35.4967],[135.5438,35.4967],[135.5438,35.4968]]],[[[135.5439,35.4968],[135.544,35.4968],[135.544,35.4967],[135.5439,35.4968]]],[[[135.5541,35.4968],[135.5541,35.4968],[135.5541,35.4968],[135.5541,35.4968]]],[[[135.5425,35.4969],[135.5424,35.4968],[135.5425,35.4969],[135.5425,35.4969]]],[[[135.5422,35.4968],[135.542,35.4969],[135.5422,35.4969],[135.5422,35.4968]]],[[[135.5438,35.4968],[135.5437,35.497],[135.5439,35.497],[135.5438,35.4968]]],[[[135.5443,35.4968],[135.5441,35.4972],[135.5444,35.4972],[135.5443,35.4968]]],[[[135.5425,35.4971],[135.5425,35.4971],[135.5425,35.4971],[135.5425,35.4971]]],[[[135.544,35.4971],[135.5439,35.4972],[135.544,35.4971],[135.544,35.4971]]],[[[135.5422,35.4972],[135.5422,35.4972],[135.5422,35.4972],[135.5422,35.4972]]],[[[135.5436,35.4973],[135.5436,35.4974],[135.5437,35.4973],[135.5436,35.4973]]],[[[135.5439,35.4972],[135.5439,35.4974],[135.5441,35.4974],[135.5439,35.4972]]],[[[135.5444,35.4974],[135.5443,35.4973],[135.5443,35.4973],[135.5444,35.4974]]],[[[135.552,35.4975],[135.552,35.4975],[135.5521,35.4975],[135.552,35.4975]]],[[[135.5519,35.4975],[135.5514,35.4976],[135.5522,35.4977],[135.5519,35.4975]]],[[[135.5436,35.4979],[135.5437,35.4979],[135.5438,35.4978],[135.5436,35.4979]]],[[[135.5439,35.4979],[135.544,35.4981],[135.5441,35.4981],[135.5439,35.4979]]],[[[135.5444,35.4981],[135.5443,35.4981],[135.5444,35.4982],[135.5444,35.4981]]],[[[135.5507,35.4979],[135.5497,35.4986],[135.5508,35.4981],[135.5507,35.4979]]],[[[135.5271,35.5007],[135.527,35.5007],[135.5271,35.5007],[135.5271,35.5007]]],[[[135.4593,35.4715],[135.4762,35.4894],[135.4762,35.5055],[135.4494,35.526],[135.4605,35.5485],[135.4866,35.5579],[135.4688,35.5303],[135.4814,35.5353],[135.4838,35.5326],[135.478,35.5259],[135.4799,35.5225],[135.4811,35.5219],[135.4828,35.522],[135.4844,35.5236],[135.4848,35.5229],[135.4867,35.5223],[135.4873,35.5226],[135.491,35.5306],[135.4926,35.523],[135.502,35.5241],[135.5099,35.5346],[135.5039,35.5399],[135.4943,35.5386],[135.5022,35.5424],[135.5022,35.5428],[135.5016,35.5441],[135.4994,35.5475],[135.5003,35.5487],[135.499,35.5538],[135.5037,35.5495],[135.5061,35.5495],[135.5071,35.5505],[135.5101,35.5488],[135.5153,35.5491],[135.5163,35.5513],[135.5131,35.5316],[135.5163,35.5302],[135.5167,35.5285],[135.5155,35.5284],[135.5155,35.5275],[135.5172,35.5264],[135.5071,35.5068],[135.5087,35.5031],[135.5105,35.5009],[135.5144,35.5008],[135.5132,35.4992],[135.514,35.4992],[135.5136,35.4983],[135.5142,35.4972],[135.5147,35.4968],[135.5155,35.4973],[135.5141,35.4962],[135.5184,35.494],[135.5365,35.4889],[135.5508,35.4929],[135.5519,35.4973],[135.5561,35.4906],[135.5644,35.4903],[135.5924,35.5026],[135.599,35.5099],[135.5996,35.5116],[135.6009,35.5116],[135.6021,35.5137],[135.6107,35.5064],[135.6063,35.4903],[135.5922,35.4946],[135.581,35.4901],[135.6052,35.4837],[135.5949,35.468],[135.525,35.4556],[135.5162,35.463],[135.4841,35.448],[135.4593,35.4715]]],[[[135.5207,35.5344],[135.5209,35.5343],[135.5208,35.5343],[135.5207,35.5344]]],[[[135.5553,35.4951],[135.5553,35.4952],[135.5553,35.4952],[135.5553,35.4951]]],[[[135.5554,35.4954],[135.5553,35.4955],[135.5554,35.4955],[135.5554,35.4954]]],[[[135.555,35.4961],[135.5548,35.496],[135.555,35.4961],[135.555,35.4961]]],[[[135.5547,35.4963],[135.5547,35.4964],[135.5548,35.4963],[135.5547,35.4963]]],[[[135.5691,35.4965],[135.5685,35.4965],[135.5691,35.4966],[135.5691,35.4965]]],[[[135.5546,35.4965],[135.5547,35.4965],[135.5548,35.4965],[135.5547,35.4964],[135.5546,35.4965]]],[[[135.5549,35.4965],[135.5549,35.4965],[135.5548,35.4966],[135.5549,35.4965]]],[[[135.5688,35.4968],[135.5689,35.4967],[135.5687,35.4967],[135.5688,35.4968]]],[[[135.5679,35.4977],[135.5688,35.497],[135.568,35.4968],[135.5679,35.4977]]],[[[135.5687,35.4977],[135.5687,35.4978],[135.5687,35.4977],[135.5687,35.4977]]],[[[135.5689,35.4979],[135.5687,35.4979],[135.5689,35.4979],[135.5689,35.4979]]],[[[135.561,35.498],[135.5606,35.4979],[135.5608,35.4982],[135.561,35.498]]],[[[135.5763,35.498],[135.5763,35.4981],[135.5763,35.498],[135.5763,35.498]]],[[[135.5687,35.4983],[135.5688,35.4983],[135.5688,35.4982],[135.5687,35.4983]]],[[[135.5691,35.4983],[135.569,35.4984],[135.5691,35.4984],[135.5691,35.4983]]],[[[135.5696,35.4986],[135.5695,35.4985],[135.5694,35.4985],[135.5696,35.4986]]],[[[135.5691,35.4986],[135.5692,35.4985],[135.5691,35.4985],[135.5691,35.4986]]],[[[135.5686,35.499],[135.5687,35.4989],[135.5686,35.4989],[135.5686,35.499]]],[[[135.5694,35.499],[135.5688,35.4991],[135.5694,35.4991],[135.5694,35.499]]],[[[135.5825,35.4992],[135.5826,35.4993],[135.5826,35.4992],[135.5825,35.4992]]],[[[135.5692,35.4993],[135.5691,35.4992],[135.5691,35.4993],[135.5692,35.4993]]],[[[135.5689,35.4993],[135.5688,35.4992],[135.5688,35.4993],[135.5689,35.4993]]],[[[135.5686,35.4993],[135.5685,35.4994],[135.5686,35.4994],[135.5686,35.4993]]],[[[135.5694,35.4998],[135.5694,35.4999],[135.5695,35.4999],[135.5694,35.4998]]],[[[135.5685,35.4999],[135.5684,35.4998],[135.5685,35.4999],[135.5685,35.4999]]],[[[135.5689,35.4999],[135.5691,35.4999],[135.5689,35.4998],[135.5689,35.4999]]],[[[135.5695,35.5001],[135.5693,35.5],[135.5693,35.5],[135.5695,35.5001]]],[[[135.5772,35.5006],[135.5771,35.5006],[135.5771,35.5006],[135.5772,35.5006]]],[[[135.5685,35.5007],[135.5685,35.5006],[135.5684,35.5006],[135.5685,35.5007]]],[[[135.5772,35.5006],[135.5771,35.5007],[135.5771,35.5007],[135.5772,35.5006]]],[[[135.5773,35.5007],[135.5773,35.5007],[135.5774,35.5007],[135.5773,35.5007]]],[[[135.5665,35.5008],[135.5667,35.5007],[135.5665,35.5007],[135.5665,35.5008]]],[[[135.5774,35.5008],[135.5775,35.5007],[135.5774,35.5007],[135.5774,35.5008]]],[[[135.5669,35.5008],[135.5668,35.5008],[135.5669,35.5008],[135.5669,35.5008]]],[[[135.5773,35.5008],[135.5774,35.5009],[135.5774,35.5008],[135.5773,35.5008]]],[[[135.5666,35.501],[135.5665,35.501],[135.5666,35.501],[135.5666,35.501]]],[[[135.5663,35.5013],[135.5662,35.5013],[135.5663,35.5014],[135.5663,35.5013]]],[[[135.5947,35.5055],[135.5947,35.5055],[135.5946,35.5055],[135.5947,35.5055]]],[[[135.5958,35.5072],[135.5958,35.5072],[135.5958,35.5072],[135.5958,35.5072]]],[[[135.596,35.5075],[135.596,35.5075],[135.596,35.5075],[135.596,35.5075]]],[[[135.5961,35.5076],[135.5962,35.5076],[135.5961,35.5076],[135.5961,35.5076]]],[[[135.5991,35.5109],[135.599,35.5109],[135.5991,35.511],[135.5991,35.5109]]],[[[135.5989,35.5109],[135.5988,35.5109],[135.5989,35.511],[135.5989,35.5109]]],[[[135.5992,35.511],[135.5993,35.511],[135.5993,35.511],[135.5992,35.511]]],[[[135.5992,35.5114],[135.5992,35.5114],[135.5991,35.5114],[135.5992,35.5114]]],[[[135.5993,35.5115],[135.5993,35.5115],[135.5993,35.5115],[135.5993,35.5115]]],[[[135.6007,35.5119],[135.6007,35.512],[135.6007,35.5119],[135.6007,35.5119]]],[[[135.6012,35.5131],[135.6012,35.5131],[135.6013,35.5131],[135.6012,35.5131]]],[[[135.6011,35.5131],[135.6011,35.5132],[135.6011,35.5132],[135.6011,35.5131]]],[[[135.6024,35.5137],[135.6024,35.5137],[135.6024,35.5137],[135.6024,35.5137]]],[[[135.6019,35.5138],[135.6019,35.5138],[135.6019,35.5138],[135.6019,35.5138]]],[[[135.6023,35.5138],[135.6023,35.5138],[135.6023,35.5138],[135.6023,35.5138]]]]}},{"type":"Feature","properties":{"id":"18483","name":"おおい町","pref":"福井県"},"geometry":{"type":"MultiPolygon","coordinates":[[[[135.6233,35.484],[135.6232,35.4843],[135.6234,35.484],[135.6233,35.484]]],[[[135.6238,35.491],[135.624,35.4906],[135.6237,35.491],[135.6238,35.491]]],[[[135.6023,35.5141],[135.6024,35.514],[135.6023,35.514],[135.6023,35.5141]]],[[[135.6025,35.5142],[135.6026,35.5141],[135.6025,35.5141],[135.6025,35.5142]]],[[[135.6024,35.5143],[135.6024,35.5142],[135.6023,35.5142],[135.6024,35.5143]]],[[[135.6026,35.5144],[135.6027,35.5147],[135.6028,35.5147],[135.6026,35.5144]]],[[[135.6025,35.5148],[135.6025,35.5147],[135.6025,35.5149],[135.6025,35.5148]]],[[[135.6023,35.5148],[135.6024,35.5148],[135.6024,35.5147],[135.6023,35.5148]]],[[[135.6027,35.5148],[135.6026,35.5149],[135.6027,35.5148],[135.6027,35.5148]]],[[[135.603,35.5152],[135.6031,35.5153],[135.6031,35.5152],[135.603,35.5152]]],[[[135.6032,35.5156],[135.6032,35.5155],[135.6031,35.5156],[135.6032,35.5156]]],[[[135.6059,35.5166],[135.606,35.5167],[135.6061,35.5166],[135.6059,35.5166]]],[[[135.6054,35.5167],[135.6055,35.5168],[135.6055,35.5168],[135.6054,35.5167]]],[[[135.6064,35.517],[135.6064,35.517],[135.6065,35.5171],[135.6064,35.517]]],[[[135.6066,35.5172],[135.6065,35.5171],[135.6065,35.5172],[135.6066,35.5172]]],[[[135.6073,35.5173],[135.6074,35.5173],[135.6073,35.5173],[135.6073,35.5173]]],[[[135.6065,35.5174],[135.6064,35.5173],[135.6064,35.5174],[135.6065,35.5174]]],[[[135.6063,35.5174],[135.6062,35.5175],[135.6063,35.5176],[135.6063,35.5174]]],[[[135.6082,35.518],[135.6082,35.518],[135.6082,35.518],[135.6082,35.518]]],[[[135.6096,35.5182],[135.6095,35.5181],[135.6095,35.5182],[135.6096,35.5182]]],[[[135.6086,35.5182],[135.6085,35.5182],[135.6086,35.5183],[135.6086,35.5182]]],[[[135.6118,35.5187],[135.6118,35.5188],[135.6119,35.5187],[135.6118,35.5187]]],[[[135.6174,35.5189],[135.6174,35.5188],[135.6173,35.5189],[135.6174,35.5189]]],[[[135.6115,35.5189],[135.6117,35.5189],[135.6115,35.5189],[135.6115,35.5189]]],[[[135.6126,35.5191],[135.6128,35.5189],[135.6125,35.5189],[135.6126,35.5191]]],[[[135.6113,35.519],[135.6114,35.519],[135.6114,35.5189],[135.6113,35.519]]],[[[135.6129,35.5193],[135.6129,35.5193],[135.6129,35.5193],[135.6129,35.5193]]],[[[135.6129,35.5195],[135.6128,35.5193],[135.6128,35.5194],[135.6129,35.5195]]],[[[135.6131,35.5194],[135.6132,35.5194],[135.6132,35.5194],[135.6131,35.5194]]],[[[135.6177,35.5195],[135.618,35.5198],[135.618,35.5198],[135.6177,35.5195]]],[[[135.6184,35.5202],[135.6182,35.5199],[135.6181,35.5199],[135.6184,35.5202]]],[[[135.6183,35.5244],[135.6184,35.5244],[135.6184,35.5244],[135.6183,35.5244]]],[[[135.6199,35.5246],[135.6197,35.5247],[135.6199,35.5247],[135.6199,35.5246]]],[[[135.6174,35.5261],[135.6173,35.5261],[135.6173,35.5261],[135.6174,35.5261]]],[[[135.6196,35.5267],[135.6196,35.5267],[135.6195,35.5267],[135.6196,35.5267]]],[[[135.6179,35.5269],[135.6181,35.527],[135.6181,35.5268],[135.6179,35.5269]]],[[[135.619,35.5272],[135.6194,35.5269],[135.6193,35.5268],[135.619,35.5272]]],[[[135.6195,35.527],[135.6195,35.5271],[135.6195,35.527],[135.6195,35.527]]],[[[135.6196,35.5272],[135.6196,35.5273],[135.6197,35.5272],[135.6196,35.5272]]],[[[135.6194,35.5273],[135.6194,35.5274],[135.6194,35.5274],[135.6194,35.5273]]],[[[135.619,35.5274],[135.6191,35.5273],[135.619,35.5274],[135.619,35.5274]]],[[[135.6187,35.5275],[135.6188,35.5274],[135.6187,35.5274],[135.6187,35.5275]]],[[[135.623,35.5307],[135.6231,35.5308],[135.6231,35.5307],[135.623,35.5307]]],[[[135.6228,35.5309],[135.623,35.531],[135.623,35.5309],[135.6228,35.5309]]],[[[135.6228,35.531],[135.6227,35.531],[135.6227,35.531],[135.6228,35.531]]],[[[135.6231,35.5312],[135.6231,35.5311],[135.623,35.5312],[135.6231,35.5312]]],[[[135.6229,35.5314],[135.623,35.5315],[135.623,35.5314],[135.6229,35.5314]]],[[[135.6243,35.532],[135.6245,35.532],[135.6244,35.5319],[135.6243,35.532]]],[[[135.6359,35.4825],[135.6359,35.4825],[135.6357,35.4826],[135.6359,35.4825]]],[[[135.6357,35.4818],[135.6326,35.4835],[135.6338,35.4832],[135.6348,35.4826],[135.6357,35.4818]]],[[[135.627,35.4885],[135.6269,35.4886],[135.627,35.4885],[135.627,35.4885]]],[[[135.6269,35.4887],[135.627,35.4886],[135.6269,35.4886],[135.6269,35.4887]]],[[[135.6269,35.4889],[135.6269,35.4889],[135.627,35.4889],[135.6269,35.4889]]],[[[135.6321,35.4942],[135.6321,35.4942],[135.6321,35.4942],[135.6321,35.4942]]],[[[135.6324,35.4943],[135.6323,35.4943],[135.6323,35.4943],[135.6324,35.4943]]],[[[135.6323,35.4945],[135.6323,35.4945],[135.6324,35.4945],[135.6323,35.4945]]],[[[135.6318,35.4946],[135.6318,35.4947],[135.6319,35.4946],[135.6318,35.4946]]],[[[135.6323,35.4946],[135.6323,35.4947],[135.6324,35.4947],[135.6323,35.4946]]],[[[135.6063,35.4903],[135.6107,35.5063],[135.6025,35.5139],[135.6034,35.5153],[135.6047,35.5153],[135.6053,35.5164],[135.6063,35.5166],[135.607,35.5174],[135.6073,35.5171],[135.6082,35.5173],[135.6089,35.5184],[135.6091,35.5179],[135.6113,35.5175],[135.6132,35.5191],[135.6172,35.5188],[135.6191,35.5195],[135.6207,35.5217],[135.6198,35.5269],[135.63,35.534],[135.6314,35.536],[135.632,35.5378],[135.6345,35.5367],[135.6368,35.537],[135.6625,35.5467],[135.6572,35.5433],[135.6662,35.5386],[135.6611,35.5385],[135.6594,35.5352],[135.6695,35.5246],[135.6645,35.524],[135.661,35.5297],[135.6558,35.5312],[135.631,35.5222],[135.6418,35.5194],[135.6372,35.5131],[135.6422,35.508],[135.6335,35.501],[135.6303,35.4964],[135.6319,35.4942],[135.6265,35.4912],[135.6269,35.4887],[135.6238,35.491],[135.6161,35.4924],[135.6063,35.4903]]],[[[135.6244,35.5317],[135.6245,35.5318],[135.6245,35.5318],[135.6244,35.5317]]],[[[135.6259,35.5325],[135.6258,35.5324],[135.6258,35.5325],[135.6259,35.5325]]],[[[135.6262,35.5327],[135.6262,35.5327],[135.6261,35.5327],[135.6262,35.5327]]],[[[135.6265,35.5328],[135.6265,35.5327],[135.6264,35.5327],[135.6265,35.5328]]],[[[135.6255,35.5328],[135.6256,35.5327],[135.6255,35.5327],[135.6255,35.5328]]],[[[135.6263,35.5327],[135.6263,35.5328],[135.6264,35.5327],[135.6263,35.5327]]],[[[135.6272,35.5333],[135.6271,35.5335],[135.6273,35.5334],[135.6272,35.5333]]],[[[135.6276,35.5336],[135.6275,35.5334],[135.6275,35.5336],[135.6276,35.5336]]],[[[135.6273,35.5335],[135.6275,35.5335],[135.6274,35.5334],[135.6273,35.5335]]],[[[135.6266,35.5337],[135.6267,35.5336],[135.6266,35.5337],[135.6266,35.5337]]],[[[135.627,35.5336],[135.6269,35.5337],[135.6269,35.5338],[135.627,35.5336]]],[[[135.6275,35.5338],[135.6274,35.5338],[135.6274,35.5339],[135.6275,35.5338]]],[[[135.6272,35.5341],[135.6273,35.534],[135.6272,35.534],[135.6272,35.5341]]],[[[135.6305,35.5354],[135.6305,35.5354],[135.6306,35.5354],[135.6305,35.5354]]],[[[135.6302,35.5354],[135.6304,35.5356],[135.6304,35.5354],[135.6302,35.5354]]],[[[135.63,35.5356],[135.6302,35.5356],[135.63,35.5355],[135.63,35.5356]]],[[[135.6299,35.536],[135.6301,35.5358],[135.6299,35.5359],[135.6299,35.536]]],[[[135.6301,35.5362],[135.6301,35.5361],[135.6301,35.5361],[135.6301,35.5362]]],[[[135.6312,35.5363],[135.6313,35.5363],[135.6313,35.5362],[135.6312,35.5363]]],[[[135.6311,35.537],[135.6311,35.5369],[135.6311,35.537],[135.6311,35.537]]],[[[135.6316,35.537],[135.6316,35.537],[135.6316,35.5371],[135.6316,35.537]]],[[[135.6315,35.5371],[135.6315,35.537],[135.6315,35.5371],[135.6315,35.5371]]],[[[135.6308,35.5371],[135.6309,35.5371],[135.6309,35.537],[135.6308,35.5371]]],[[[135.6314,35.5372],[135.6314,35.5373],[135.6314,35.5373],[135.6314,35.5372]]],[[[135.6317,35.5373],[135.6315,35.5374],[135.6317,35.5374],[135.6317,35.5373]]],[[[135.6361,35.5373],[135.636,35.5374],[135.6362,35.5374],[135.6361,35.5373]]],[[[135.6337,35.5375],[135.6337,35.5374],[135.6337,35.5374],[135.6337,35.5375]]],[[[135.6316,35.5374],[135.6316,35.5375],[135.6317,35.5375],[135.6316,35.5374]]],[[[135.6355,35.5374],[135.6353,35.5376],[135.6355,35.5375],[135.6355,35.5374]]],[[[135.6336,35.5377],[135.6334,35.5376],[135.6334,35.5377],[135.6336,35.5377]]],[[[135.6316,35.5376],[135.6316,35.5377],[135.6317,35.5377],[135.6316,35.5376]]],[[[135.6351,35.5378],[135.6356,35.5378],[135.6357,35.5377],[135.6353,35.5376],[135.6351,35.5378]]],[[[135.635,35.5377],[135.635,35.5377],[135.635,35.5377],[135.635,35.5377]]],[[[135.6316,35.538],[135.6317,35.5381],[135.6317,35.5379],[135.6316,35.538]]],[[[135.632,35.5381],[135.632,35.538],[135.6319,35.538],[135.632,35.5381]]],[[[135.6359,35.538],[135.6359,35.5382],[135.636,35.5381],[135.6359,35.538]]],[[[135.6317,35.5384],[135.6316,35.5384],[135.6317,35.5385],[135.6317,35.5384]]],[[[135.6072,35.4163],[135.6321,35.4267],[135.6662,35.4102],[135.6821,35.4187],[135.7126,35.4089],[135.7332,35.4183],[135.7603,35.4099],[135.792,35.3811],[135.7688,35.356],[135.7402,35.3584],[135.7315,35.3506],[135.7184,35.3554],[135.7009,35.3437],[135.6421,35.3669],[135.536,35.3768],[135.5262,35.386],[135.5317,35.393],[135.5268,35.4191],[135.502,35.42],[135.4953,35.4261],[135.5008,35.4332],[135.4881,35.4392],[135.4861,35.4486],[135.5162,35.463],[135.525,35.4556],[135.5949,35.468],[135.6052,35.4837],[135.6441,35.4804],[135.6485,35.465],[135.6408,35.459],[135.6472,35.4501],[135.589,35.433],[135.6072,35.4163]]],[[[135.6391,35.4811],[135.6413,35.4807],[135.6391,35.481],[135.6391,35.4811]]],[[[135.64,35.5154],[135.6401,35.5154],[135.6403,35.5155],[135.64,35.5154]]],[[[135.6418,35.5199],[135.6416,35.5198],[135.6419,35.52],[135.6418,35.5199]]],[[[135.6459,35.5257],[135.6459,35.5256],[135.6446,35.5248],[135.6459,35.5257]]],[[[135.6373,35.5379],[135.6373,35.5379],[135.6374,35.5379],[135.6373,35.5379]]],[[[135.6374,35.538],[135.638,35.538],[135.6374,35.538],[135.6374,35.538]]],[[[135.6381,35.5382],[135.6382,35.5381],[135.6382,35.5381],[135.6381,35.5382]]],[[[135.6374,35.5383],[135.6379,35.5382],[135.6375,35.5381],[135.6374,35.5383]]],[[[135.6379,35.5384],[135.6382,35.5382],[135.6378,35.5384],[135.6379,35.5384]]],[[[135.6388,35.5384],[135.6388,35.5385],[135.6388,35.5384],[135.6388,35.5384]]],[[[135.6389,35.5385],[135.6389,35.5386],[135.6389,35.5386],[135.6389,35.5385]]],[[[135.6382,35.5383],[135.6387,35.539],[135.639,35.5388],[135.6382,35.5383]]],[[[135.6377,35.5388],[135.6378,35.5387],[135.6378,35.5387],[135.6377,35.5388]]],[[[135.6421,35.5408],[135.642,35.541],[135.642,35.5412],[135.6421,35.5408]]],[[[135.6418,35.541],[135.6418,35.5411],[135.6418,35.541],[135.6418,35.541]]],[[[135.6418,35.5411],[135.6418,35.5412],[135.6419,35.5412],[135.6418,35.5411]]],[[[135.6419,35.5412],[135.6419,35.5412],[135.6418,35.5413],[135.6419,35.5412]]],[[[135.6425,35.5418],[135.6425,35.5419],[135.6426,35.5418],[135.6425,35.5418]]],[[[135.6421,35.542],[135.642,35.542],[135.6421,35.542],[135.6421,35.542]]],[[[135.6427,35.5421],[135.6428,35.5421],[135.6428,35.542],[135.6427,35.5421]]],[[[135.6424,35.5421],[135.6425,35.5421],[135.6425,35.5421],[135.6424,35.5421]]],[[[135.6431,35.5422],[135.6432,35.5422],[135.6431,35.5422],[135.6431,35.5422]]],[[[135.6423,35.5423],[135.6423,35.5422],[135.6422,35.5423],[135.6423,35.5423]]],[[[135.6421,35.5425],[135.6422,35.5424],[135.6421,35.5424],[135.6421,35.5425]]],[[[135.6432,35.5427],[135.6431,35.5426],[135.6431,35.5427],[135.6432,35.5427]]],[[[135.6428,35.5429],[135.6428,35.5429],[135.6428,35.5429],[135.6428,35.5429]]],[[[135.6447,35.543],[135.6448,35.5429],[135.6447,35.5429],[135.6447,35.543]]],[[[135.6424,35.5431],[135.6423,35.543],[135.6423,35.5431],[135.6424,35.5431]]],[[[135.6459,35.5432],[135.646,35.5431],[135.646,35.5431],[135.6459,35.5432]]],[[[135.6426,35.5431],[135.6425,35.5432],[135.6425,35.5432],[135.6426,35.5431]]],[[[135.6443,35.5432],[135.6445,35.5431],[135.6444,35.5431],[135.6443,35.5432]]],[[[135.6424,35.5432],[135.6425,35.5431],[135.6425,35.5431],[135.6424,35.5432]]],[[[135.6457,35.5431],[135.6459,35.5432],[135.6459,35.5431],[135.6457,35.5431]]],[[[135.6468,35.5432],[135.6467,35.5432],[135.6467,35.5432],[135.6468,35.5432]]],[[[135.6448,35.5432],[135.6447,35.5433],[135.6448,35.5432],[135.6448,35.5432]]],[[[135.6469,35.5433],[135.6469,35.5432],[135.6469,35.5432],[135.6469,35.5433]]],[[[135.6461,35.5433],[135.6463,35.5434],[135.6463,35.5433],[135.6461,35.5433]]],[[[135.6468,35.5433],[135.6469,35.5434],[135.6469,35.5434],[135.6468,35.5433]]],[[[135.6472,35.5434],[135.6472,35.5435],[135.6472,35.5434],[135.6472,35.5434]]],[[[135.6426,35.5434],[135.6424,35.5435],[135.6424,35.5435],[135.6426,35.5434]]],[[[135.6469,35.5437],[135.6467,35.5437],[135.6468,35.5437],[135.6469,35.5437]]],[[[135.6425,35.5437],[135.6423,35.5437],[135.6423,35.5437],[135.6425,35.5437]]],[[[135.6462,35.5438],[135.6462,35.5437],[135.6461,35.5437],[135.6462,35.5438]]],[[[135.6471,35.5437],[135.6474,35.5439],[135.6473,35.5436],[135.6471,35.5437]]],[[[135.6469,35.5438],[135.6469,35.5438],[135.6468,35.5438],[135.6469,35.5438]]],[[[135.6426,35.544],[135.6425,35.5442],[135.6427,35.5443],[135.6426,35.544]]],[[[135.6409,35.5462],[135.6406,35.5473],[135.6413,35.5462],[135.6409,35.5462]]],[[[135.648,35.5199],[135.6494,35.5215],[135.6504,35.5216],[135.648,35.5199]]],[[[135.6503,35.5218],[135.6522,35.5234],[135.6523,35.5234],[135.6503,35.5218]]],[[[135.6528,35.5286],[135.6511,35.5289],[135.6528,35.5286],[135.6528,35.5286]]],[[[135.6583,35.5302],[135.6578,35.5304],[135.6588,35.5301],[135.6583,35.5302]]],[[[135.6487,35.5431],[135.6487,35.543],[135.6486,35.543],[135.6487,35.5431]]],[[[135.6477,35.5431],[135.6478,35.5431],[135.6478,35.5431],[135.6477,35.5431]]],[[[135.6488,35.5431],[135.6487,35.5433],[135.6488,35.5433],[135.6488,35.5431]]],[[[135.6477,35.5433],[135.6477,35.5433],[135.6477,35.5433],[135.6477,35.5433]]],[[[135.6487,35.5434],[135.6488,35.5434],[135.6488,35.5434],[135.6487,35.5434]]],[[[135.6489,35.5435],[135.6489,35.5434],[135.6489,35.5435],[135.6489,35.5435]]],[[[135.649,35.5435],[135.6491,35.5436],[135.6491,35.5435],[135.649,35.5435]]],[[[135.6493,35.5436],[135.6493,35.5437],[135.6494,35.5436],[135.6493,35.5436]]],[[[135.6481,35.5436],[135.6481,35.5437],[135.6482,35.5436],[135.6481,35.5436]]],[[[135.6478,35.5437],[135.6478,35.5436],[135.6477,35.5437],[135.6478,35.5437]]],[[[135.649,35.5437],[135.649,35.5436],[135.6489,35.5437],[135.649,35.5437]]],[[[135.6481,35.5437],[135.6482,35.5437],[135.6482,35.5437],[135.6481,35.5437]]],[[[135.6486,35.5438],[135.6487,35.5437],[135.6486,35.5437],[135.6486,35.5438]]],[[[135.6478,35.5438],[135.6479,35.5438],[135.6479,35.5437],[135.6478,35.5438]]],[[[135.6484,35.5438],[135.6481,35.5441],[135.6484,35.5439],[135.6484,35.5438]]],[[[135.6579,35.5452],[135.6579,35.5451],[135.6578,35.5452],[135.6579,35.5452]]],[[[135.6575,35.5454],[135.6574,35.5452],[135.6574,35.5454],[135.6575,35.5454]]],[[[135.6564,35.5453],[135.6564,35.5454],[135.6564,35.5454],[135.6564,35.5453]]],[[[135.6563,35.5454],[135.6564,35.5455],[135.6563,35.5454],[135.6563,35.5454]]],[[[135.6553,35.5458],[135.6554,35.5459],[135.6555,35.5459],[135.6554,35.5458],[135.6555,35.5458],[135.6553,35.5458]]],[[[135.6556,35.5458],[135.6556,35.5458],[135.6557,35.5459],[135.6556,35.5458]]],[[[135.6562,35.5458],[135.6556,35.5457],[135.6563,35.5459],[135.6562,35.5458]]],[[[135.6553,35.5459],[135.6554,35.5459],[135.6553,35.5459],[135.6553,35.5459]]],[[[135.6528,35.5461],[135.6527,35.5462],[135.6528,35.5462],[135.6528,35.5461]]],[[[135.6536,35.5463],[135.6535,35.5463],[135.6535,35.5463],[135.6536,35.5463]]],[[[135.6533,35.5463],[135.6533,35.5462],[135.6532,35.5463],[135.6533,35.5463]]],[[[135.6538,35.5461],[135.6541,35.5465],[135.6542,35.5463],[135.6538,35.5461]]],[[[135.6524,35.5464],[135.6525,35.5464],[135.6524,35.5463],[135.6524,35.5464]]],[[[135.6544,35.5465],[135.6544,35.5463],[135.6543,35.5463],[135.6544,35.5465]]],[[[135.6553,35.5462],[135.6553,35.5466],[135.6556,35.5464],[135.6553,35.5462]]],[[[135.6534,35.5465],[135.6535,35.5464],[135.6534,35.5464],[135.6534,35.5465]]],[[[135.6536,35.5466],[135.6536,35.5465],[135.6535,35.5466],[135.6536,35.5466]]],[[[135.6548,35.5466],[135.6548,35.5466],[135.6548,35.5466],[135.6548,35.5466]]],[[[135.6543,35.5466],[135.6544,35.5466],[135.6544,35.5466],[135.6543,35.5466]]],[[[135.6559,35.5465],[135.656,35.5468],[135.6561,35.5468],[135.6559,35.5465]]],[[[135.6584,35.5468],[135.6583,35.5467],[135.6583,35.5467],[135.6584,35.5468]]],[[[135.6551,35.5467],[135.6551,35.5468],[135.6552,35.5468],[135.6551,35.5467]]],[[[135.6553,35.5468],[135.6553,35.5468],[135.6553,35.5467],[135.6553,35.5468]]],[[[135.6558,35.5468],[135.6559,35.5468],[135.6558,35.5468],[135.6558,35.5468]]],[[[135.6557,35.5469],[135.6558,35.5468],[135.6556,35.5469],[135.6557,35.5469]]],[[[135.655,35.5468],[135.6551,35.5469],[135.6551,35.5469],[135.655,35.5468]]],[[[135.656,35.547],[135.6559,35.5468],[135.6559,35.547],[135.656,35.547]]],[[[135.6584,35.547],[135.6586,35.547],[135.6583,35.547],[135.6584,35.547]]],[[[135.6584,35.5474],[135.6585,35.5475],[135.6585,35.5475],[135.6584,35.5474]]],[[[135.6703,35.5237],[135.6702,35.5237],[135.6702,35.5237],[135.6703,35.5237]]],[[[135.6705,35.5236],[135.6708,35.524],[135.6709,35.5239],[135.6705,35.5236]]],[[[135.6701,35.5238],[135.67,35.5238],[135.6701,35.5239],[135.6701,35.5238]]],[[[135.671,35.5242],[135.6711,35.5241],[135.671,35.5241],[135.671,35.5242]]],[[[135.6709,35.5241],[135.6694,35.5243],[135.6707,35.5248],[135.6707,35.5245],[135.6709,35.5241]]],[[[135.671,35.5245],[135.671,35.5243],[135.6709,35.5244],[135.671,35.5245]]],[[[135.6712,35.5245],[135.6711,35.5244],[135.6711,35.5245],[135.6712,35.5245]]],[[[135.6713,35.5245],[135.6712,35.5245],[135.6712,35.5246],[135.6713,35.5245]]],[[[135.6715,35.5245],[135.6713,35.5245],[135.6714,35.5246],[135.6715,35.5245]]],[[[135.671,35.5248],[135.6709,35.5246],[135.6707,35.5246],[135.671,35.5248]]],[[[135.6708,35.5248],[135.6708,35.5247],[135.6708,35.5247],[135.6708,35.5248]]],[[[135.6597,35.5266],[135.6577,35.5257],[135.6577,35.5258],[135.6597,35.5266]]],[[[135.6591,35.5299],[135.66,35.5295],[135.659,35.5299],[135.6591,35.5299]]],[[[135.6669,35.5325],[135.6669,35.5325],[135.6669,35.5325],[135.6669,35.5325]]],[[[135.6666,35.5335],[135.6664,35.5335],[135.6663,35.5334],[135.6664,35.5335],[135.6666,35.5335]]],[[[135.6661,35.5336],[135.6662,35.5335],[135.6661,35.5336],[135.6661,35.5336]]],[[[135.6611,35.5372],[135.661,35.5374],[135.6612,35.5373],[135.6611,35.5372]]],[[[135.6611,35.5374],[135.6611,35.5375],[135.6612,35.5374],[135.6611,35.5374]]],[[[135.6611,35.5376],[135.661,35.5374],[135.6609,35.5374],[135.6611,35.5376]]],[[[135.6611,35.5375],[135.6613,35.5377],[135.6614,35.5376],[135.6611,35.5375]]],[[[135.6609,35.5378],[135.6609,35.5379],[135.6609,35.5379],[135.6609,35.5378]]],[[[135.6611,35.5381],[135.661,35.538],[135.661,35.5381],[135.6611,35.5381]]],[[[135.6588,35.546],[135.6588,35.5461],[135.6588,35.5461],[135.6588,35.546]]],[[[135.6584,35.5459],[135.6589,35.5466],[135.6586,35.5459],[135.6584,35.5459]]],[[[135.6623,35.5463],[135.6624,35.5464],[135.6624,35.5463],[135.6623,35.5463]]],[[[135.6585,35.5466],[135.6588,35.5468],[135.6589,35.5467],[135.6585,35.5466]]],[[[135.6623,35.5468],[135.6622,35.5469],[135.6623,35.5468],[135.6623,35.5468]]],[[[135.6585,35.5471],[135.6586,35.5471],[135.6586,35.5471],[135.6585,35.5471]]],[[[135.6587,35.5471],[135.6587,35.5472],[135.6588,35.5472],[135.6587,35.5471]]],[[[135.6586,35.5472],[135.6587,35.5473],[135.6587,35.5472],[135.6586,35.5472]]],[[[135.6631,35.5474],[135.6631,35.5473],[135.663,35.5474],[135.6631,35.5474]]],[[[135.6635,35.5473],[135.6636,35.5474],[135.6636,35.5472],[135.6635,35.5473]]],[[[135.6628,35.5474],[135.6625,35.5476],[135.6629,35.5476],[135.6628,35.5474]]],[[[135.6607,35.5475],[135.6607,35.5477],[135.6607,35.5474],[135.6607,35.5475]]],[[[135.6613,35.5477],[135.6611,35.5477],[135.661,35.5478],[135.6613,35.5477]]],[[[135.6607,35.5479],[135.6606,35.5478],[135.6606,35.5479],[135.6607,35.5479]]],[[[135.6639,35.548],[135.664,35.5478],[135.6639,35.5478],[135.6639,35.548]]],[[[135.6618,35.5479],[135.6618,35.5481],[135.662,35.548],[135.6618,35.5479]]],[[[135.6615,35.5482],[135.6614,35.548],[135.6614,35.5482],[135.6615,35.5482]]],[[[135.6619,35.5481],[135.6619,35.5483],[135.662,35.5481],[135.6619,35.5481]]],[[[135.6642,35.5483],[135.664,35.5481],[135.664,35.5483],[135.6642,35.5483]]],[[[135.6619,35.5484],[135.6621,35.5483],[135.6622,35.5482],[135.6619,35.5484]]],[[[135.6618,35.5484],[135.6616,35.5483],[135.6617,35.5484],[135.6618,35.5484]]],[[[135.6622,35.5484],[135.6623,35.5483],[135.6623,35.5483],[135.6622,35.5484]]],[[[135.6612,35.5484],[135.6611,35.5484],[135.661,35.5484],[135.6612,35.5484]]],[[[135.6618,35.5485],[135.662,35.5485],[135.6619,35.5485],[135.6618,35.5485]]],[[[135.6624,35.5487],[135.6624,35.5488],[135.6624,35.5488],[135.6624,35.5487]]]]}},{"type":"Feature","properties":{"id":"18501","name":"若狭町","pref":"福井県"},"geometry":{"type":"MultiPolygon","coordinates":[[[[135.8227,35.5723],[135.8227,35.5723],[135.8227,35.5723],[135.8227,35.5723]]],[[[135.8227,35.5724],[135.8227,35.5723],[135.8227,35.5723],[135.8227,35.5724]]],[[[135.8176,35.5725],[135.8176,35.5725],[135.8177,35.5725],[135.8176,35.5725]]],[[[135.8228,35.5727],[135.8228,35.5726],[135.8228,35.5726],[135.8228,35.5727]]],[[[135.8225,35.5727],[135.8225,35.5727],[135.8225,35.5727],[135.8225,35.5727]]],[[[135.8173,35.5727],[135.8173,35.5727],[135.8173,35.5727],[135.8173,35.5727]]],[[[135.8222,35.5728],[135.8222,35.5728],[135.8222,35.5728],[135.8222,35.5728]]],[[[135.8179,35.5729],[135.818,35.5728],[135.8179,35.5729],[135.8179,35.5729]]],[[[135.8181,35.5729],[135.8181,35.5729],[135.8182,35.5729],[135.8181,35.5729]]],[[[135.8185,35.5731],[135.8186,35.5731],[135.8186,35.5731],[135.8185,35.5731]]],[[[135.8218,35.5732],[135.8217,35.5732],[135.8217,35.5732],[135.8218,35.5732]]],[[[135.8187,35.5732],[135.8186,35.5733],[135.8187,35.5733],[135.8187,35.5732]]],[[[135.8221,35.5733],[135.8221,35.5733],[135.8221,35.5733],[135.8221,35.5733]]],[[[135.8219,35.5733],[135.822,35.5733],[135.8219,35.5733],[135.8219,35.5733]]],[[[135.8187,35.5734],[135.8187,35.5734],[135.8187,35.5733],[135.8187,35.5734]]],[[[135.8186,35.5734],[135.8186,35.5734],[135.8187,35.5734],[135.8186,35.5734]]],[[[135.8203,35.5737],[135.8203,35.5737],[135.8203,35.5737],[135.8203,35.5737]]],[[[135.8203,35.5737],[135.8204,35.5737],[135.8204,35.5737],[135.8203,35.5737]]],[[[135.8203,35.5737],[135.8203,35.5737],[135.8203,35.5737],[135.8203,35.5737]]],[[[135.8206,35.5739],[135.8205,35.5741],[135.8206,35.5741],[135.8206,35.5739]]],[[[135.7922,35.6004],[135.7924,35.6003],[135.7922,35.6003],[135.7922,35.6004]]],[[[135.7923,35.6007],[135.7924,35.6006],[135.7922,35.6007],[135.7923,35.6007]]],[[[135.7917,35.6015],[135.7922,35.6011],[135.792,35.601],[135.7917,35.6015]]],[[[135.792,35.6018],[135.7921,35.6018],[135.792,35.6017],[135.792,35.6018]]],[[[135.7908,35.6024],[135.792,35.6025],[135.7919,35.602],[135.7908,35.6024]]],[[[135.7921,35.6028],[135.792,35.6027],[135.792,35.6028],[135.7921,35.6028]]],[[[135.7918,35.6029],[135.7919,35.603],[135.7919,35.6029],[135.7918,35.6029]]],[[[135.7909,35.6034],[135.7909,35.6033],[135.7909,35.6033],[135.7909,35.6034]]],[[[135.7921,35.604],[135.7918,35.6041],[135.7921,35.6041],[135.7921,35.604]]],[[[135.7915,35.604],[135.791,35.6039],[135.791,35.6039],[135.7915,35.604]]],[[[135.8229,35.629],[135.8228,35.629],[135.8228,35.629],[135.8229,35.629]]],[[[135.8229,35.6293],[135.8229,35.6293],[135.8229,35.6293],[135.8229,35.6293]]],[[[135.8229,35.6294],[135.8229,35.6294],[135.8229,35.6294],[135.8229,35.6294]]],[[[135.8229,35.6294],[135.823,35.6294],[135.823,35.6294],[135.8229,35.6294]]],[[[135.8043,35.63],[135.8041,35.6299],[135.8042,35.6301],[135.8043,35.63]]],[[[135.8142,35.6309],[135.8141,35.6309],[135.8142,35.631],[135.8142,35.6309]]],[[[135.8142,35.6311],[135.8144,35.6311],[135.8141,35.631],[135.8142,35.6311]]],[[[135.8144,35.6314],[135.8137,35.6311],[135.8136,35.6313],[135.8144,35.6314]]],[[[135.8148,35.6315],[135.8147,35.6314],[135.8147,35.6314],[135.8148,35.6315]]],[[[135.8146,35.6318],[135.8146,35.6314],[135.8144,35.6316],[135.8146,35.6318]]],[[[135.8149,35.632],[135.8146,35.6319],[135.8145,35.632],[135.8149,35.632]]],[[[135.8027,35.6339],[135.8028,35.6338],[135.8027,35.6339],[135.8027,35.6339]]],[[[135.8041,35.6394],[135.8047,35.63],[135.802,35.6307],[135.8031,35.6314],[135.8041,35.6394]]],[[[135.8031,35.6386],[135.8032,35.6386],[135.803,35.6386],[135.8031,35.6386]]],[[[135.8031,35.6388],[135.8032,35.6387],[135.8029,35.6387],[135.8031,35.6388]]],[[[135.8144,35.6423],[135.8145,35.6423],[135.8144,35.6423],[135.8144,35.6423]]],[[[135.8144,35.6423],[135.8142,35.6423],[135.8145,35.6423],[135.8144,35.6423]]],[[[135.8146,35.6424],[135.8145,35.6423],[135.8144,35.6424],[135.8146,35.6424]]],[[[135.8121,35.6439],[135.812,35.6438],[135.812,35.6438],[135.8121,35.6439]]],[[[135.8125,35.644],[135.8125,35.6441],[135.8125,35.644],[135.8125,35.644]]],[[[135.825,35.5697],[135.8251,35.5696],[135.8251,35.5696],[135.825,35.5697]]],[[[135.8246,35.5701],[135.8246,35.5702],[135.8246,35.5701],[135.8246,35.5701]]],[[[135.824,35.5702],[135.824,35.5702],[135.824,35.5702],[135.824,35.5702]]],[[[135.8244,35.5702],[135.8243,35.5703],[135.8244,35.5703],[135.8244,35.5702]]],[[[135.8234,35.5705],[135.8235,35.5705],[135.8235,35.5705],[135.8234,35.5705]]],[[[135.8235,35.5707],[135.8235,35.5707],[135.8235,35.5707],[135.8235,35.5707]]],[[[135.8233,35.5709],[135.8232,35.5709],[135.8232,35.5709],[135.8233,35.5709]]],[[[135.8232,35.571],[135.8232,35.571],[135.8232,35.571],[135.8232,35.571]]],[[[135.8232,35.5711],[135.8232,35.5711],[135.8232,35.5711],[135.8232,35.5711]]],[[[135.8232,35.5712],[135.8232,35.5712],[135.8231,35.5712],[135.8232,35.5712]]],[[[135.8231,35.5713],[135.8231,35.5713],[135.8231,35.5714],[135.8231,35.5713]]],[[[135.823,35.5717],[135.823,35.5716],[135.823,35.5717],[135.823,35.5717]]],[[[135.8233,35.5716],[135.8233,35.5717],[135.8233,35.5717],[135.8233,35.5716]]],[[[135.8231,35.5724],[135.8229,35.5723],[135.8229,35.5724],[135.8231,35.5724]]],[[[135.8278,35.607],[135.8278,35.6072],[135.8279,35.6072],[135.8278,35.607]]],[[[135.8277,35.6073],[135.8277,35.6073],[135.8277,35.6073],[135.8277,35.6073]]],[[[135.8278,35.6073],[135.8278,35.6073],[135.8278,35.6073],[135.8278,35.6073]]],[[[135.8278,35.6079],[135.8278,35.6079],[135.8278,35.6079],[135.8278,35.6079]]],[[[135.8275,35.608],[135.8275,35.608],[135.8275,35.608],[135.8275,35.608]]],[[[135.8274,35.608],[135.8275,35.608],[135.8275,35.608],[135.8274,35.608]]],[[[135.8276,35.608],[135.8276,35.608],[135.8276,35.608],[135.8276,35.608]]],[[[135.8274,35.608],[135.8273,35.608],[135.8272,35.6081],[135.8274,35.608]]],[[[135.8275,35.6081],[135.8275,35.6081],[135.8275,35.6081],[135.8275,35.6081]]],[[[135.8274,35.6082],[135.8274,35.6082],[135.8274,35.6082],[135.8274,35.6082]]],[[[135.8273,35.6083],[135.8273,35.6082],[135.8273,35.6082],[135.8273,35.6083]]],[[[135.8272,35.6084],[135.8272,35.6084],[135.8272,35.6084],[135.8272,35.6084]]],[[[135.8265,35.6088],[135.8265,35.6089],[135.8266,35.6089],[135.8265,35.6088]]],[[[135.8268,35.6093],[135.8268,35.6093],[135.8267,35.6093],[135.8268,35.6093]]],[[[135.8266,35.6094],[135.8266,35.6094],[135.8266,35.6094],[135.8266,35.6094]]],[[[135.8264,35.6095],[135.8265,35.6096],[135.8265,35.6095],[135.8264,35.6095]]],[[[135.8269,35.61],[135.8269,35.6099],[135.8268,35.61],[135.8269,35.61]]],[[[135.8268,35.6102],[135.8268,35.6102],[135.8269,35.6102],[135.8268,35.6102]]],[[[135.8267,35.6103],[135.8267,35.6103],[135.8267,35.6102],[135.8267,35.6103]]],[[[135.8266,35.6103],[135.8266,35.6103],[135.8267,35.6103],[135.8266,35.6103]]],[[[135.8265,35.6103],[135.8266,35.6103],[135.8266,35.6103],[135.8265,35.6103]]],[[[135.8265,35.6103],[135.8263,35.6104],[135.8265,35.6103],[135.8265,35.6103]]],[[[135.8274,35.6104],[135.8274,35.6104],[135.8274,35.6104],[135.8274,35.6104]]],[[[135.8272,35.6105],[135.8273,35.6106],[135.8273,35.6105],[135.8272,35.6105]]],[[[135.8273,35.6107],[135.8273,35.6106],[135.8273,35.6107],[135.8273,35.6107]]],[[[135.8274,35.6108],[135.8273,35.6107],[135.8273,35.6108],[135.8274,35.6108]]],[[[135.8274,35.6109],[135.8273,35.6109],[135.8273,35.611],[135.8274,35.6109]]],[[[135.8272,35.6109],[135.8271,35.611],[135.8272,35.611],[135.8272,35.6109]]],[[[135.8273,35.6114],[135.8271,35.6114],[135.8271,35.6114],[135.8273,35.6114]]],[[[135.8231,35.6286],[135.8232,35.6286],[135.8231,35.6286],[135.8231,35.6286]]],[[[135.8231,35.6287],[135.823,35.6286],[135.823,35.6287],[135.8231,35.6287]]],[[[135.8233,35.6287],[135.8232,35.6286],[135.8232,35.6287],[135.8233,35.6287]]],[[[135.8231,35.6286],[135.8231,35.6287],[135.8232,35.6287],[135.8231,35.6286]]],[[[135.8229,35.6291],[135.823,35.6292],[135.823,35.6291],[135.8229,35.6291]]],[[[135.823,35.6299],[135.8232,35.6299],[135.8231,35.6299],[135.823,35.6299]]],[[[135.8232,35.6307],[135.8229,35.6306],[135.823,35.6309],[135.8232,35.6307]]],[[[135.8321,35.6013],[135.8321,35.6013],[135.8322,35.6014],[135.8321,35.6013]]],[[[135.8322,35.602],[135.8322,35.6022],[135.8323,35.6022],[135.8322,35.602]]],[[[135.8325,35.6021],[135.8325,35.6022],[135.8325,35.6022],[135.8325,35.6021]]],[[[135.8328,35.6026],[135.8328,35.6026],[135.8327,35.6026],[135.8328,35.6026]]],[[[135.8328,35.6026],[135.8327,35.6026],[135.8327,35.6026],[135.8328,35.6026]]],[[[135.8326,35.6026],[135.8326,35.6027],[135.8326,35.6027],[135.8326,35.6026]]],[[[135.8327,35.6027],[135.8329,35.6027],[135.8327,35.6026],[135.8327,35.6027]]],[[[135.8328,35.6028],[135.8326,35.6028],[135.8328,35.6029],[135.8328,35.6028]]],[[[135.8322,35.6028],[135.8324,35.6029],[135.8324,35.6029],[135.8322,35.6028]]],[[[135.8321,35.6031],[135.8321,35.6031],[135.8321,35.6031],[135.8321,35.6031]]],[[[135.8317,35.6032],[135.8318,35.6031],[135.8316,35.6031],[135.8317,35.6032]]],[[[135.8316,35.6034],[135.8316,35.6034],[135.8315,35.6034],[135.8316,35.6034]]],[[[135.8318,35.6034],[135.8317,35.6034],[135.8316,35.6034],[135.8318,35.6034]]],[[[135.8319,35.6035],[135.8319,35.6035],[135.8319,35.6035],[135.8319,35.6035]]],[[[135.8317,35.6037],[135.8317,35.6037],[135.8317,35.6037],[135.8317,35.6037]]],[[[135.8318,35.6038],[135.8318,35.6037],[135.8318,35.6037],[135.8318,35.6038]]],[[[135.831,35.6055],[135.8309,35.6054],[135.831,35.6055],[135.831,35.6055]]],[[[135.8304,35.6057],[135.8306,35.6057],[135.8306,35.6056],[135.8304,35.6057]]],[[[135.8305,35.6059],[135.8305,35.6059],[135.8305,35.6059],[135.8305,35.6059]]],[[[135.83,35.6061],[135.8299,35.6061],[135.8299,35.6061],[135.83,35.6061]]],[[[135.8301,35.6061],[135.83,35.6062],[135.8302,35.6062],[135.8301,35.6061]]],[[[135.8285,35.607],[135.8282,35.6071],[135.8285,35.607],[135.8285,35.607]]],[[[135.828,35.6071],[135.8281,35.6072],[135.8281,35.6071],[135.828,35.6071]]],[[[135.83,35.6072],[135.83,35.6072],[135.83,35.6072],[135.83,35.6072]]],[[[135.8299,35.6072],[135.8299,35.6073],[135.8299,35.6072],[135.8299,35.6072]]],[[[135.8287,35.6073],[135.8286,35.6073],[135.8287,35.6073],[135.8287,35.6073]]],[[[135.8281,35.6073],[135.8282,35.6073],[135.8282,35.6073],[135.8281,35.6073]]],[[[135.8287,35.6074],[135.8287,35.6073],[135.8287,35.6074],[135.8287,35.6074]]],[[[135.8279,35.6074],[135.828,35.6074],[135.8278,35.6074],[135.8279,35.6074]]],[[[135.829,35.6074],[135.829,35.6074],[135.829,35.6074],[135.829,35.6074]]],[[[135.8279,35.608],[135.8279,35.608],[135.8279,35.608],[135.8279,35.608]]],[[[135.8278,35.6114],[135.8279,35.6115],[135.8279,35.6114],[135.8278,35.6114]]],[[[135.8278,35.6115],[135.8278,35.6115],[135.8278,35.6115],[135.8278,35.6115]]],[[[135.8285,35.6118],[135.8284,35.6118],[135.8286,35.6118],[135.8285,35.6118]]],[[[135.8284,35.6118],[135.8284,35.6118],[135.8284,35.6118],[135.8284,35.6118]]],[[[135.829,35.6119],[135.829,35.6119],[135.829,35.6119],[135.829,35.6119]]],[[[135.8293,35.6121],[135.8294,35.6121],[135.8294,35.6121],[135.8293,35.6121]]],[[[135.8305,35.6122],[135.8305,35.6121],[135.8305,35.6121],[135.8305,35.6122]]],[[[135.8306,35.6123],[135.8305,35.6124],[135.8306,35.6124],[135.8306,35.6123]]],[[[135.8306,35.6123],[135.8306,35.6123],[135.8306,35.6123],[135.8306,35.6123]]],[[[135.8306,35.6124],[135.8305,35.6124],[135.8306,35.6125],[135.8306,35.6124]]],[[[135.8315,35.6128],[135.8315,35.6129],[135.8315,35.6129],[135.8315,35.6128]]],[[[135.8317,35.6129],[135.8316,35.6129],[135.8317,35.6129],[135.8317,35.6129]]],[[[135.8317,35.6129],[135.8316,35.6129],[135.8316,35.6129],[135.8317,35.6129]]],[[[135.8315,35.613],[135.8316,35.6129],[135.8315,35.6129],[135.8315,35.613]]],[[[135.8317,35.613],[135.8317,35.613],[135.8317,35.613],[135.8317,35.613]]],[[[135.8317,35.6131],[135.8318,35.6131],[135.8318,35.6131],[135.8317,35.6131]]],[[[135.8316,35.6132],[135.8317,35.6132],[135.8317,35.6132],[135.8316,35.6132]]],[[[135.8318,35.6132],[135.8319,35.6133],[135.8319,35.6132],[135.8318,35.6132]]],[[[135.8318,35.6133],[135.8318,35.6133],[135.8318,35.6133],[135.8318,35.6133]]],[[[135.8339,35.5624],[135.8339,35.5623],[135.8339,35.5624],[135.8339,35.5624]]],[[[135.8336,35.5626],[135.8336,35.5625],[135.8336,35.5626],[135.8336,35.5626]]],[[[135.8401,35.5653],[135.8401,35.5653],[135.8401,35.5653],[135.8401,35.5653]]],[[[135.8402,35.5653],[135.8402,35.5654],[135.8403,35.5653],[135.8402,35.5653]]],[[[135.8399,35.5654],[135.84,35.5654],[135.8401,35.5653],[135.8399,35.5654]]],[[[135.8401,35.5654],[135.8401,35.5654],[135.8401,35.5654],[135.8401,35.5654]]],[[[135.84,35.5655],[135.84,35.5655],[135.84,35.5655],[135.84,35.5655]]],[[[135.8399,35.5657],[135.8399,35.5656],[135.8399,35.5657],[135.8399,35.5657]]],[[[135.8406,35.5671],[135.8406,35.5671],[135.8406,35.5671],[135.8406,35.5671]]],[[[135.8406,35.5672],[135.8405,35.5671],[135.8405,35.5672],[135.8406,35.5672]]],[[[135.8401,35.5683],[135.84,35.5682],[135.84,35.5683],[135.8401,35.5683]]],[[[135.84,35.5683],[135.8399,35.5684],[135.8401,35.5684],[135.8402,35.5685],[135.84,35.5683]]],[[[135.84,35.5684],[135.84,35.5685],[135.8401,35.5685],[135.84,35.5684]]],[[[135.8401,35.5685],[135.8401,35.5685],[135.8401,35.5685],[135.8401,35.5685]]],[[[135.8403,35.5685],[135.8403,35.5686],[135.8403,35.5686],[135.8403,35.5685]]],[[[135.8406,35.5687],[135.8406,35.5686],[135.8405,35.5686],[135.8406,35.5687]]],[[[135.8411,35.5689],[135.8411,35.5688],[135.841,35.5689],[135.8411,35.5689]]],[[[135.8408,35.5689],[135.8409,35.5689],[135.8409,35.5688],[135.8408,35.5689]]],[[[135.8418,35.5694],[135.8417,35.5693],[135.8417,35.5694],[135.8418,35.5694]]],[[[135.8424,35.5704],[135.8424,35.5704],[135.8424,35.5704],[135.8424,35.5704]]],[[[135.8423,35.5711],[135.8423,35.571],[135.8422,35.571],[135.8423,35.5711]]],[[[135.8422,35.5712],[135.8422,35.5713],[135.8422,35.5712],[135.8422,35.5712]]],[[[135.8361,35.5769],[135.8361,35.5768],[135.8361,35.5768],[135.8361,35.5769]]],[[[135.8368,35.5769],[135.8369,35.5768],[135.8368,35.5769],[135.8368,35.5769]]],[[[135.8374,35.5771],[135.8375,35.577],[135.8374,35.577],[135.8374,35.5771]]],[[[135.8374,35.5772],[135.8375,35.5771],[135.8373,35.5771],[135.8374,35.5772]]],[[[135.8351,35.5774],[135.8352,35.5774],[135.835,35.5774],[135.8351,35.5774]]],[[[135.8351,35.5779],[135.835,35.5779],[135.8351,35.5779],[135.8351,35.5779]]],[[[135.8382,35.578],[135.8354,35.5772],[135.8349,35.5792],[135.8342,35.5797],[135.8382,35.578]]],[[[135.8379,35.5785],[135.8379,35.5785],[135.8379,35.5785],[135.8379,35.5785]]],[[[135.8378,35.5785],[135.8378,35.5785],[135.8378,35.5785],[135.8378,35.5785]]],[[[135.838,35.5788],[135.8382,35.5786],[135.838,35.5785],[135.838,35.5788]]],[[[135.8378,35.5787],[135.8379,35.5788],[135.8379,35.5787],[135.8378,35.5787]]],[[[135.838,35.5788],[135.8379,35.5788],[135.8379,35.5788],[135.838,35.5788]]],[[[135.8373,35.5791],[135.8373,35.579],[135.8372,35.5791],[135.8373,35.5791]]],[[[135.8345,35.5792],[135.8342,35.5791],[135.8342,35.5792],[135.8345,35.5792]]],[[[135.8371,35.5792],[135.837,35.5791],[135.837,35.5792],[135.8371,35.5792]]],[[[135.8371,35.5793],[135.8371,35.5792],[135.8371,35.5793],[135.8371,35.5793]]],[[[135.8361,35.5794],[135.8361,35.5795],[135.8361,35.5794],[135.8361,35.5794]]],[[[135.833,35.6024],[135.8329,35.602],[135.8327,35.6025],[135.833,35.6024]]],[[[135.8377,35.6067],[135.8376,35.6067],[135.8377,35.6067],[135.8377,35.6067]]],[[[135.8378,35.6067],[135.8378,35.6067],[135.8378,35.6067],[135.8378,35.6067]]],[[[135.8342,35.6145],[135.8341,35.6145],[135.8342,35.6145],[135.8342,35.6145]]],[[[135.8343,35.6146],[135.8344,35.6146],[135.8343,35.6146],[135.8343,35.6146]]],[[[135.8348,35.6153],[135.8347,35.6152],[135.8346,35.6152],[135.8348,35.6153]]],[[[135.8351,35.6156],[135.8351,35.6155],[135.835,35.6156],[135.8351,35.6156]]],[[[135.834,35.6228],[135.834,35.6228],[135.834,35.6228],[135.834,35.6228]]],[[[135.834,35.6228],[135.834,35.6228],[135.834,35.6228],[135.834,35.6228]]],[[[135.8341,35.6229],[135.834,35.6228],[135.834,35.6229],[135.8341,35.6229]]],[[[135.8338,35.6229],[135.8338,35.6229],[135.8338,35.6228],[135.8338,35.6229]]],[[[135.8426,35.57],[135.8425,35.57],[135.8425,35.5701],[135.8426,35.57]]],[[[135.8424,35.5708],[135.8424,35.5708],[135.8424,35.5708],[135.8424,35.5708]]],[[[135.8425,35.5708],[135.8425,35.5708],[135.8425,35.5708],[135.8425,35.5708]]],[[[135.8425,35.571],[135.8425,35.571],[135.8425,35.571],[135.8425,35.571]]],[[[135.8457,35.571],[135.8457,35.571],[135.8457,35.571],[135.8457,35.571]]],[[[135.8427,35.571],[135.8426,35.571],[135.8426,35.571],[135.8427,35.571]]],[[[135.8459,35.571],[135.8459,35.571],[135.8459,35.571],[135.8459,35.571]]],[[[135.845,35.5711],[135.845,35.5711],[135.845,35.5711],[135.845,35.5711]]],[[[135.8445,35.5711],[135.8445,35.5711],[135.8445,35.5711],[135.8445,35.5711]]],[[[135.8424,35.5711],[135.8424,35.5711],[135.8425,35.5711],[135.8424,35.5711]]],[[[135.8456,35.5711],[135.8456,35.571],[135.8455,35.5711],[135.8456,35.5711]]],[[[135.8449,35.5711],[135.8449,35.5711],[135.8449,35.5711],[135.8449,35.5711]]],[[[135.845,35.5711],[135.8449,35.5711],[135.845,35.5711],[135.845,35.5711]]],[[[135.8451,35.5712],[135.845,35.5711],[135.845,35.5712],[135.8451,35.5712]]],[[[135.8451,35.5712],[135.8451,35.5712],[135.8451,35.5712],[135.8451,35.5712]]],[[[135.8438,35.5712],[135.8438,35.5712],[135.8438,35.5712],[135.8438,35.5712]]],[[[135.8451,35.5713],[135.8451,35.5713],[135.8451,35.5713],[135.8451,35.5713]]],[[[135.8478,35.5763],[135.8478,35.5764],[135.8478,35.5764],[135.8478,35.5763]]],[[[135.848,35.5767],[135.848,35.5766],[135.8479,35.5766],[135.848,35.5767]]],[[[135.848,35.5769],[135.848,35.5769],[135.848,35.5769],[135.848,35.5769]]],[[[135.8479,35.577],[135.8479,35.5769],[135.8479,35.5769],[135.8479,35.577]]],[[[135.848,35.5772],[135.8481,35.5772],[135.848,35.5772],[135.848,35.5772]]],[[[135.848,35.5772],[135.848,35.5772],[135.848,35.5772],[135.848,35.5772]]],[[[135.8481,35.5775],[135.848,35.5774],[135.848,35.5775],[135.8481,35.5775]]],[[[135.8478,35.5774],[135.8478,35.5774],[135.8478,35.5774],[135.8478,35.5774]]],[[[135.8481,35.5778],[135.8481,35.5777],[135.8481,35.5778],[135.8481,35.5778]]],[[[135.8479,35.5778],[135.848,35.5778],[135.848,35.5778],[135.8479,35.5778]]],[[[135.846,35.6009],[135.8457,35.6009],[135.846,35.601],[135.846,35.6009]]],[[[135.846,35.6013],[135.8459,35.6012],[135.8458,35.6013],[135.846,35.6013]]],[[[135.8444,35.6014],[135.8444,35.6013],[135.8444,35.6014],[135.8444,35.6014]]],[[[135.8444,35.6013],[135.8443,35.6014],[135.8443,35.6014],[135.8444,35.6013]]],[[[135.8462,35.6014],[135.8462,35.6014],[135.8462,35.6014],[135.8462,35.6014]]],[[[135.8463,35.6014],[135.8463,35.6014],[135.8463,35.6014],[135.8463,35.6014]]],[[[135.8457,35.6014],[135.8457,35.6014],[135.8457,35.6014],[135.8457,35.6014]]],[[[135.8465,35.6014],[135.8465,35.6014],[135.8465,35.6015],[135.8465,35.6014]]],[[[135.8455,35.6015],[135.8455,35.6014],[135.8455,35.6014],[135.8455,35.6015]]],[[[135.8466,35.6014],[135.8465,35.6015],[135.8466,35.6015],[135.8466,35.6014]]],[[[135.8467,35.6015],[135.8467,35.6015],[135.8467,35.6015],[135.8467,35.6015]]],[[[135.8474,35.6017],[135.8474,35.6017],[135.8474,35.6017],[135.8474,35.6017]]],[[[135.8469,35.6017],[135.8469,35.6018],[135.847,35.6017],[135.8469,35.6017]]],[[[135.8472,35.6018],[135.8472,35.6018],[135.8472,35.6018],[135.8472,35.6018]]],[[[135.8443,35.6018],[135.8443,35.6018],[135.8443,35.6018],[135.8443,35.6018]]],[[[135.8443,35.6019],[135.8443,35.6019],[135.8443,35.6019],[135.8443,35.6019]]],[[[135.8443,35.6019],[135.8443,35.6019],[135.8444,35.6019],[135.8443,35.6019]]],[[[135.8438,35.6025],[135.8439,35.6023],[135.8437,35.6022],[135.8438,35.6025]]],[[[135.844,35.6027],[135.844,35.6026],[135.844,35.6026],[135.844,35.6027]]],[[[135.8441,35.6027],[135.8441,35.6027],[135.844,35.6027],[135.8441,35.6027]]],[[[135.844,35.6029],[135.8441,35.6029],[135.8441,35.6028],[135.844,35.6029]]],[[[135.8444,35.6034],[135.8445,35.6034],[135.8444,35.6034],[135.8444,35.6034]]],[[[135.8448,35.6041],[135.8447,35.604],[135.8447,35.6041],[135.8448,35.6041]]],[[[135.8543,35.4011],[135.8592,35.4323],[135.819,35.4515],[135.8119,35.4757],[135.7964,35.4881],[135.8094,35.4899],[135.8249,35.4792],[135.8447,35.4864],[135.8453,35.5023],[135.832,35.5225],[135.8513,35.541],[135.8131,35.5689],[135.8207,35.5739],[135.8279,35.564],[135.8346,35.5618],[135.8365,35.562],[135.8493,35.5715],[135.8484,35.5723],[135.849,35.5721],[135.8501,35.5735],[135.8493,35.5744],[135.848,35.5724],[135.8477,35.5724],[135.8491,35.5747],[135.8481,35.5775],[135.8545,35.5784],[135.8575,35.5821],[135.8575,35.5895],[135.8521,35.5927],[135.8556,35.596],[135.8541,35.6027],[135.8412,35.6076],[135.8369,35.6065],[135.8325,35.6029],[135.8302,35.6071],[135.8293,35.6076],[135.8279,35.6074],[135.828,35.608],[135.827,35.6088],[135.8273,35.6094],[135.8265,35.6096],[135.8275,35.6103],[135.8273,35.6114],[135.8278,35.6112],[135.8305,35.6121],[135.8346,35.6146],[135.8358,35.6159],[135.8383,35.6157],[135.8389,35.6209],[135.8363,35.6237],[135.8238,35.6241],[135.8236,35.6313],[135.8319,35.6296],[135.8331,35.6309],[135.8226,35.6375],[135.8147,35.6322],[135.8146,35.6422],[135.8394,35.6348],[135.8482,35.6147],[135.8645,35.6029],[135.8789,35.6086],[135.8892,35.5978],[135.9012,35.6042],[135.9168,35.5808],[135.9367,35.5775],[135.954,35.5357],[135.9542,35.5262],[135.9396,35.5205],[135.916,35.471],[135.9098,35.447],[135.9142,35.4321],[135.893,35.4198],[135.8906,35.4032],[135.8607,35.3951],[135.8543,35.4011]],[[135.8897,35.5922],[135.898,35.593],[135.8896,35.5932],[135.8897,35.5922]],[[135.8998,35.5893],[135.9061,35.5889],[135.8975,35.5919],[135.8998,35.5893]]],[[[135.8501,35.5734],[135.8501,35.5734],[135.8501,35.5734],[135.8501,35.5734]]],[[[135.85,35.5734],[135.8501,35.5734],[135.8501,35.5734],[135.85,35.5734]]],[[[135.85,35.5734],[135.85,35.5734],[135.85,35.5734],[135.85,35.5734]]],[[[135.8489,35.5746],[135.8489,35.5746],[135.849,35.5746],[135.8489,35.5746]]],[[[135.8488,35.5747],[135.8489,35.5746],[135.8488,35.5746],[135.8488,35.5747]]],[[[135.8489,35.5747],[135.8489,35.5747],[135.8489,35.5747],[135.8489,35.5747]]],[[[135.8491,35.5747],[135.8491,35.5748],[135.8491,35.5748],[135.8491,35.5747]]],[[[135.8488,35.5748],[135.8487,35.5748],[135.8487,35.5748],[135.8488,35.5748]]],[[[135.8489,35.5749],[135.8489,35.5749],[135.8489,35.5749],[135.8489,35.5749]]],[[[135.8488,35.5752],[135.8487,35.5752],[135.8487,35.5753],[135.8488,35.5752]]],[[[135.8483,35.5762],[135.8482,35.5762],[135.8482,35.5762],[135.8483,35.5762]]],[[[135.8488,35.5777],[135.8488,35.5777],[135.8489,35.5777],[135.8488,35.5777]]],[[[135.8486,35.578],[135.8486,35.578],[135.8486,35.578],[135.8486,35.578]]],[[[135.8493,35.5781],[135.8493,35.5781],[135.8493,35.5781],[135.8493,35.5781]]],[[[135.8499,35.5782],[135.8499,35.5781],[135.8499,35.5782],[135.8499,35.5782]]],[[[135.849,35.5781],[135.8491,35.5784],[135.8493,35.5781],[135.849,35.5781]]],[[[135.8501,35.5784],[135.85,35.5784],[135.8499,35.5784],[135.8501,35.5784]]],[[[135.8498,35.5785],[135.85,35.5786],[135.85,35.5785],[135.8498,35.5785]]],[[[135.85,35.5787],[135.85,35.5788],[135.8501,35.5787],[135.85,35.5787]]],[[[135.8505,35.5787],[135.8505,35.5788],[135.8506,35.5788],[135.8505,35.5787]]],[[[135.8509,35.5788],[135.8509,35.5789],[135.8509,35.5788],[135.8509,35.5788]]],[[[135.8507,35.5789],[135.8507,35.5789],[135.8507,35.5789],[135.8507,35.5789]]],[[[135.8522,35.5789],[135.8523,35.5789],[135.8523,35.5789],[135.8522,35.5789]]],[[[135.8527,35.5791],[135.8527,35.5791],[135.8527,35.5791],[135.8527,35.5791]]],[[[135.8515,35.5792],[135.8514,35.5791],[135.8514,35.5792],[135.8515,35.5792]]],[[[135.8526,35.5793],[135.8526,35.5792],[135.8525,35.5793],[135.8526,35.5793]]],[[[135.8517,35.5793],[135.8516,35.5794],[135.8517,35.5793],[135.8517,35.5793]]],[[[135.8517,35.5794],[135.8517,35.5793],[135.8517,35.5794],[135.8517,35.5794]]],[[[135.8544,35.5806],[135.8545,35.5805],[135.8544,35.5806],[135.8544,35.5806]]],[[[135.8545,35.5808],[135.8545,35.5808],[135.8545,35.5808],[135.8545,35.5808]]],[[[135.8544,35.5811],[135.8546,35.5809],[135.8542,35.581],[135.8544,35.5811]]],[[[135.8541,35.581],[135.8542,35.5812],[135.8542,35.5812],[135.8541,35.581]]],[[[135.8563,35.5841],[135.8565,35.5842],[135.8565,35.5841],[135.8563,35.5841]]],[[[135.8531,35.5915],[135.8531,35.5915],[135.8531,35.5915],[135.8531,35.5915]]],[[[135.8522,35.5915],[135.8522,35.5916],[135.8522,35.5916],[135.8522,35.5915]]],[[[135.852,35.5917],[135.8519,35.5918],[135.852,35.5918],[135.852,35.5917]]],[[[135.8523,35.5924],[135.8523,35.5923],[135.8523,35.5923],[135.8523,35.5924]]],[[[135.8523,35.5924],[135.8523,35.5923],[135.8523,35.5923],[135.8523,35.5924]]],[[[135.8516,35.5926],[135.8518,35.5925],[135.8517,35.5925],[135.8516,35.5926]]],[[[135.8525,35.5933],[135.8526,35.5933],[135.8526,35.5933],[135.8525,35.5933]]],[[[135.855,35.5979],[135.8548,35.598],[135.8551,35.598],[135.855,35.5979]]],[[[135.8481,35.6024],[135.8481,35.6023],[135.8481,35.6024],[135.8481,35.6024]]],[[[135.8492,35.6027],[135.8491,35.6027],[135.8492,35.6027],[135.8492,35.6027]]],[[[135.8504,35.6031],[135.8503,35.6031],[135.8503,35.6031],[135.8504,35.6031]]]]}},{"type":"Feature","properties":{"id":"20201","name":"長野市","pref":"長野県"},"geometry":{"type":"Polygon","coordinates":[[[137.9563,36.4851],[137.9498,36.5014],[137.9635,36.5053],[137.9669,36.5165],[137.9563,36.5272],[137.9399,36.5167],[137.9309,36.5196],[137.9177,36.55],[137.9418,36.5948],[137.963,36.6038],[137.9862,36.5965],[138.0023,36.6006],[138.0005,36.6389],[138.0131,36.6575],[137.975,36.6726],[137.9445,36.672],[137.9165,36.6577],[137.9101,36.6616],[137.9139,36.6921],[137.9295,36.7126],[137.9272,36.7232],[137.9532,36.7483],[137.9807,36.8017],[138.0032,36.8264],[138.0338,36.8088],[138.0515,36.8076],[138.0534,36.8],[138.0713,36.8059],[138.0892,36.8357],[138.1014,36.8117],[138.0953,36.8009],[138.0985,36.7796],[138.1261,36.7852],[138.1202,36.7709],[138.126,36.7563],[138.1401,36.7475],[138.1339,36.7408],[138.1947,36.7127],[138.2157,36.709],[138.2313,36.7209],[138.251,36.7182],[138.2665,36.7466],[138.2739,36.7396],[138.2905,36.7468],[138.3115,36.7428],[138.3109,36.7208],[138.29,36.7148],[138.2829,36.6861],[138.2573,36.6401],[138.273,36.6346],[138.3001,36.6071],[138.3074,36.5731],[138.3182,36.567],[138.2976,36.535],[138.2777,36.5357],[138.2665,36.5132],[138.2295,36.5142],[138.2163,36.5073],[138.1998,36.5112],[138.1904,36.5396],[138.1712,36.5488],[138.168,36.559],[138.1339,36.5584],[138.1119,36.5411],[138.0463,36.5397],[138.0296,36.4907],[138.0391,36.4878],[138.0053,36.4802],[137.9771,36.4607],[137.9594,36.4679],[137.9493,36.4827],[137.9563,36.4851]]]}},{"type":"Feature","properties":{"id":"20202","name":"松本市","pref":"長野県"},"geometry":{"type":"Polygon","coordinates":[[[137.6351,36.0263],[137.6128,36.0184],[137.5991,36.0265],[137.5979,36.0424],[137.6137,36.0596],[137.614,36.0764],[137.5968,36.0758],[137.5734,36.0877],[137.5502,36.1126],[137.5606,36.1302],[137.5547,36.1402],[137.5951,36.172],[137.5951,36.1907],[137.5786,36.1975],[137.5731,36.2187],[137.583,36.2204],[137.6147,36.2648],[137.6478,36.2891],[137.6524,36.322],[137.6458,36.3414],[137.6796,36.3372],[137.6927,36.3626],[137.702,36.3647],[137.727,36.3423],[137.721,36.3024],[137.7258,36.2875],[137.7495,36.2746],[137.7933,36.2828],[137.7992,36.2647],[137.7912,36.242],[137.8327,36.2463],[137.8664,36.2374],[137.9183,36.2464],[137.9442,36.2877],[137.9781,36.305],[137.9698,36.3176],[137.9461,36.3264],[137.9575,36.3394],[137.9573,36.3628],[137.9903,36.3771],[138.0099,36.3676],[138.0338,36.3787],[138.08,36.3712],[138.0644,36.3335],[138.071,36.3165],[138.0832,36.3092],[138.0691,36.2849],[138.0848,36.2441],[138.1295,36.2114],[138.1282,36.1667],[138.0779,36.1568],[138.0545,36.1685],[138.0423,36.1481],[137.981,36.1591],[137.969,36.1467],[137.9666,36.1709],[137.947,36.1705],[137.9419,36.1495],[137.9243,36.1447],[137.933,36.1629],[137.9247,36.1651],[137.9146,36.1558],[137.9174,36.1484],[137.8826,36.1292],[137.9019,36.1748],[137.8971,36.1884],[137.8819,36.189],[137.7996,36.1362],[137.778,36.0994],[137.7357,36.0696],[137.7379,36.0468],[137.7081,36.0124],[137.6817,36.0168],[137.6663,36.0107],[137.6351,36.0263]]]}},{"type":"Feature","properties":{"id":"20203","name":"上田市","pref":"長野県"},"geometry":{"type":"Polygon","coordinates":[[[138.2446,36.2497],[138.234,36.2471],[138.2344,36.2374],[138.2212,36.2238],[138.1974,36.2263],[138.1624,36.2172],[138.1337,36.2311],[138.1169,36.219],[138.0792,36.251],[138.0828,36.2618],[138.0691,36.2849],[138.081,36.3123],[138.1311,36.3343],[138.1294,36.3471],[138.1542,36.3702],[138.1475,36.3951],[138.1155,36.4038],[138.1141,36.4338],[138.129,36.4382],[138.1688,36.4152],[138.2487,36.4333],[138.2498,36.4441],[138.2289,36.464],[138.2308,36.4795],[138.2018,36.501],[138.2002,36.5117],[138.2665,36.5132],[138.2777,36.5357],[138.2939,36.5323],[138.3112,36.5503],[138.334,36.5374],[138.3573,36.5496],[138.3916,36.5536],[138.4124,36.5415],[138.414,36.5326],[138.4041,36.5217],[138.406,36.5074],[138.3971,36.4905],[138.401,36.4347],[138.3582,36.4306],[138.3469,36.4211],[138.3444,36.4055],[138.3086,36.3803],[138.2958,36.3793],[138.298,36.3678],[138.321,36.3589],[138.3228,36.3438],[138.309,36.3231],[138.2908,36.3232],[138.2832,36.2874],[138.2604,36.2966],[138.2438,36.2795],[138.2446,36.2497]]]}},{"type":"Feature","properties":{"id":"20204","name":"岡谷市","pref":"長野県"},"geometry":{"type":"Polygon","coordinates":[[[138.0362,36.012],[137.9916,36.0166],[138.016,36.0622],[138.0171,36.0786],[138.0229,36.0759],[138.0287,36.0855],[138.0456,36.1614],[138.0547,36.1685],[138.0883,36.1575],[138.0818,36.1467],[138.0922,36.1382],[138.0921,36.15],[138.1015,36.1227],[138.0786,36.1297],[138.0725,36.1196],[138.0728,36.0648],[138.0861,36.0501],[138.0788,36.0288],[138.0676,36.0179],[138.0565,36.0243],[138.0362,36.012]]]}},{"type":"Feature","properties":{"id":"20205","name":"飯田市","pref":"長野県"},"geometry":{"type":"Polygon","coordinates":[[[137.8441,35.316],[137.8529,35.3238],[137.8962,35.3224],[137.9241,35.3449],[137.9276,35.3606],[137.9041,35.3586],[137.8872,35.386],[137.8716,35.3875],[137.8664,35.3974],[137.8167,35.4179],[137.8155,35.4242],[137.7672,35.4212],[137.7593,35.4394],[137.7623,35.4614],[137.7587,35.4653],[137.7531,35.4556],[137.7455,35.4611],[137.7261,35.4895],[137.7447,35.5111],[137.7174,35.5215],[137.7043,35.5526],[137.6941,35.5542],[137.6892,35.5666],[137.7204,35.5862],[137.7152,35.5991],[137.7287,35.613],[137.7771,35.6314],[137.8013,35.6557],[137.8184,35.6355],[137.8236,35.6156],[137.8152,35.6029],[137.8236,35.5939],[137.8107,35.5684],[137.8777,35.53],[137.8629,35.5118],[137.8626,35.4993],[137.8827,35.4974],[137.8846,35.4888],[137.8705,35.4918],[137.8763,35.4779],[137.8868,35.4683],[137.912,35.4637],[137.9184,35.4379],[137.9529,35.43],[137.9911,35.4932],[138.0386,35.4576],[138.0701,35.4834],[138.0832,35.4857],[138.1085,35.4719],[138.1205,35.4546],[138.1204,35.4301],[138.1398,35.4227],[138.1348,35.4078],[138.1531,35.3972],[138.1413,35.3696],[138.0969,35.3542],[138.0961,35.3397],[138.0612,35.3471],[138.0376,35.3329],[138.0197,35.3015],[137.9921,35.3017],[137.967,35.2828],[137.9293,35.2755],[137.9181,35.2541],[137.8954,35.258],[137.9,35.2808],[137.8786,35.294],[137.8647,35.2889],[137.8604,35.311],[137.8441,35.316]]]}},{"type":"Feature","properties":{"id":"20206","name":"諏訪市","pref":"長野県"},"geometry":{"type":"Polygon","coordinates":[[[138.0481,35.975],[138.0453,36.0001],[138.0344,36.0075],[138.0395,36.0147],[138.0555,36.0242],[138.0669,36.0179],[138.0739,36.0224],[138.0861,36.0501],[138.1288,36.0769],[138.124,36.0872],[138.1377,36.088],[138.1419,36.103],[138.1745,36.1051],[138.1641,36.1122],[138.1718,36.1128],[138.1668,36.1234],[138.1911,36.1227],[138.1984,36.1036],[138.1916,36.0914],[138.1805,36.0893],[138.1694,36.0488],[138.1514,36.0365],[138.158,36.0332],[138.1573,36.0151],[138.1357,36.0099],[138.1131,35.9731],[138.0796,35.9605],[138.074,35.9503],[138.0565,35.9464],[138.0355,35.9595],[138.0481,35.975]]]}},{"type":"Feature","properties":{"id":"20207","name":"須坂市","pref":"長野県"},"geometry":{"type":"Polygon","coordinates":[[[138.4287,36.5977],[138.4203,36.574],[138.4284,36.5687],[138.4288,36.5562],[138.4109,36.5408],[138.3821,36.5547],[138.334,36.5374],[138.3147,36.5468],[138.3081,36.5541],[138.3189,36.5637],[138.3074,36.5731],[138.3055,36.5994],[138.282,36.6275],[138.2573,36.6401],[138.2801,36.6866],[138.3227,36.6865],[138.3337,36.6803],[138.3463,36.6481],[138.3858,36.6481],[138.3938,36.6333],[138.4416,36.6107],[138.4414,36.5998],[138.4287,36.5977]]]}},{"type":"Feature","properties":{"id":"20208","name":"小諸市","pref":"長野県"},"geometry":{"type":"Polygon","coordinates":[[[138.425,36.2823],[138.4245,36.276],[138.417,36.2918],[138.3776,36.3037],[138.3634,36.3255],[138.3665,36.3328],[138.3866,36.3342],[138.3797,36.3441],[138.395,36.3742],[138.3949,36.3691],[138.4096,36.3761],[138.4073,36.3696],[138.4356,36.3816],[138.4555,36.4106],[138.489,36.4009],[138.4918,36.4131],[138.506,36.4144],[138.4576,36.3481],[138.4733,36.3479],[138.4772,36.3555],[138.477,36.343],[138.493,36.3607],[138.4779,36.338],[138.4843,36.3132],[138.4776,36.3047],[138.4845,36.2977],[138.4464,36.2804],[138.425,36.2823]]]}},{"type":"Feature","properties":{"id":"20209","name":"伊那市","pref":"長野県"},"geometry":{"type":"Polygon","coordinates":[[[138.1025,35.6487],[138.0771,35.6943],[138.0614,35.7035],[138.062,35.7339],[138.0401,35.7669],[137.9823,35.7819],[137.9722,35.7697],[137.959,35.781],[137.9466,35.7712],[137.9243,35.7788],[137.9376,35.7901],[137.9196,35.7789],[137.8877,35.7833],[137.8685,35.804],[137.8277,35.8067],[137.8241,35.8131],[137.8495,35.8389],[137.8463,35.8568],[137.8563,35.8677],[137.8656,35.8717],[137.8913,35.8605],[137.8765,35.8789],[137.8821,35.8995],[137.9502,35.9018],[137.9535,35.8903],[137.9394,35.8944],[137.9327,35.8827],[137.9529,35.8698],[137.9404,35.8639],[137.929,35.872],[137.9286,35.8641],[137.9056,35.859],[137.9469,35.85],[137.9549,35.865],[137.9734,35.8537],[137.9871,35.878],[138.0316,35.8937],[138.0549,35.9194],[138.0671,35.9157],[138.0903,35.9458],[138.0866,35.9602],[138.0923,35.9676],[138.1172,35.9745],[138.1502,35.9546],[138.1467,35.9413],[138.1737,35.9137],[138.1693,35.9048],[138.1837,35.8734],[138.1771,35.8676],[138.1889,35.8578],[138.1758,35.8396],[138.176,35.7884],[138.2059,35.7827],[138.2369,35.758],[138.1801,35.7145],[138.1936,35.6969],[138.1933,35.6722],[138.2187,35.6445],[138.2034,35.6321],[138.2061,35.6082],[138.1895,35.5768],[138.1673,35.5829],[138.1518,35.571],[138.1309,35.5813],[138.1011,35.6149],[138.1025,35.6487]]]}},{"type":"Feature","properties":{"id":"20210","name":"駒ヶ根市","pref":"長野県"},"geometry":{"type":"Polygon","coordinates":[[[138.038,35.6702],[137.9977,35.6799],[137.9855,35.6755],[137.9767,35.6916],[137.9488,35.682],[137.9556,35.6926],[137.9517,35.7005],[137.9077,35.706],[137.8734,35.6932],[137.8582,35.705],[137.8257,35.7113],[137.805,35.7262],[137.8033,35.7405],[137.8138,35.7533],[137.8093,35.7814],[137.857,35.7603],[137.8603,35.7477],[137.9639,35.7505],[137.96,35.7782],[137.9705,35.7692],[137.9823,35.7819],[138.0339,35.7702],[138.062,35.7339],[138.0643,35.7106],[138.0467,35.6983],[138.038,35.6702]]]}},{"type":"Feature","properties":{"id":"20211","name":"中野市","pref":"長野県"},"geometry":{"type":"Polygon","coordinates":[[[138.2941,36.7463],[138.3043,36.764],[138.303,36.7821],[138.2799,36.7901],[138.2808,36.8049],[138.2739,36.8094],[138.2829,36.8159],[138.2757,36.8367],[138.2942,36.8391],[138.304,36.82],[138.3451,36.8035],[138.3582,36.806],[138.3535,36.8226],[138.3636,36.8379],[138.3787,36.8261],[138.3976,36.8272],[138.3969,36.8023],[138.4064,36.7953],[138.3834,36.7719],[138.3977,36.7617],[138.3877,36.7459],[138.4057,36.6991],[138.3679,36.7042],[138.3508,36.6956],[138.3347,36.724],[138.3113,36.7207],[138.3115,36.7428],[138.2941,36.7463]]]}},{"type":"Feature","properties":{"id":"20212","name":"大町市","pref":"長野県"},"geometry":{"type":"Polygon","coordinates":[[[137.6357,36.3424],[137.618,36.3651],[137.5871,36.372],[137.5872,36.3896],[137.6054,36.4025],[137.6081,36.4194],[137.6365,36.4284],[137.6399,36.4458],[137.6554,36.4592],[137.652,36.4882],[137.6668,36.4938],[137.6687,36.5095],[137.7054,36.5178],[137.7106,36.5357],[137.6846,36.5378],[137.6877,36.5621],[137.7243,36.5865],[137.751,36.5885],[137.7439,36.613],[137.7546,36.6391],[137.7535,36.6578],[137.7626,36.6649],[137.7982,36.652],[137.8205,36.6327],[137.8232,36.6141],[137.8341,36.6143],[137.8371,36.6219],[137.8679,36.6203],[137.867,36.6327],[137.9094,36.649],[137.9206,36.6362],[137.9144,36.6186],[137.9279,36.5997],[137.9418,36.5948],[137.9171,36.5401],[137.9335,36.518],[137.9563,36.5272],[137.9667,36.5169],[137.9635,36.5053],[137.9498,36.5014],[137.9565,36.4853],[137.9391,36.4879],[137.9204,36.4663],[137.9118,36.4754],[137.8871,36.4743],[137.8938,36.4489],[137.8814,36.439],[137.8565,36.4372],[137.8428,36.4459],[137.8198,36.4416],[137.814,36.4527],[137.8023,36.4426],[137.8101,36.4348],[137.8036,36.4199],[137.7539,36.4107],[137.7268,36.4252],[137.7122,36.4169],[137.709,36.3767],[137.6809,36.338],[137.6357,36.3424]]]}},{"type":"Feature","properties":{"id":"20213","name":"飯山市","pref":"長野県"},"geometry":{"type":"Polygon","coordinates":[[[138.3684,36.8374],[138.3534,36.8222],[138.3582,36.806],[138.3451,36.8035],[138.304,36.82],[138.2942,36.8391],[138.2745,36.8373],[138.2961,36.8556],[138.2885,36.869],[138.2994,36.8867],[138.2903,36.8968],[138.2965,36.911],[138.3176,36.9252],[138.3432,36.9208],[138.3947,36.9972],[138.4551,37.0196],[138.5199,37.0278],[138.5114,37.0071],[138.496,36.9985],[138.4938,36.98],[138.4609,36.9764],[138.4312,36.9552],[138.4316,36.9451],[138.4221,36.946],[138.4189,36.9191],[138.4256,36.9231],[138.4285,36.9143],[138.4227,36.9113],[138.4618,36.8826],[138.4224,36.872],[138.4008,36.8811],[138.3963,36.8527],[138.3842,36.8508],[138.3974,36.8406],[138.3831,36.8259],[138.3684,36.8374]]]}},{"type":"Feature","properties":{"id":"20214","name":"茅野市","pref":"長野県"},"geometry":{"type":"Polygon","coordinates":[[[138.1688,35.9166],[138.1608,35.9334],[138.1467,35.9413],[138.1502,35.9546],[138.1119,35.9791],[138.1337,36.0004],[138.1296,36.0044],[138.1371,36.0032],[138.1357,36.0099],[138.1573,36.0151],[138.158,36.0332],[138.1514,36.0365],[138.1694,36.0488],[138.1805,36.0893],[138.1916,36.0914],[138.1995,36.1077],[138.2347,36.1105],[138.2466,36.095],[138.2756,36.0863],[138.3023,36.1113],[138.3274,36.1072],[138.328,36.0914],[138.3195,36.0864],[138.3339,36.0854],[138.3344,36.0685],[138.3612,36.0317],[138.3591,36.0129],[138.3741,35.9894],[138.3705,35.9714],[138.2312,35.9846],[138.2143,35.9846],[138.2105,35.9749],[138.1843,35.9765],[138.1773,35.9704],[138.1839,35.9602],[138.2111,35.9501],[138.2065,35.9444],[138.2221,35.9428],[138.1939,35.9347],[138.1848,35.9399],[138.1688,35.9166]]]}},{"type":"Feature","properties":{"id":"20215","name":"塩尻市","pref":"長野県"},"geometry":{"type":"Polygon","coordinates":[[[137.8241,35.8131],[137.8059,35.8343],[137.8065,35.8698],[137.8161,35.8786],[137.8045,35.8984],[137.7953,35.9599],[137.8088,35.9738],[137.8153,36.0545],[137.828,36.0556],[137.8991,36.1207],[137.8955,36.1337],[137.9174,36.1484],[137.9146,36.1558],[137.9247,36.1651],[137.9329,36.1636],[137.927,36.1438],[137.9419,36.1495],[137.947,36.1705],[137.9557,36.1716],[137.9668,36.1707],[137.9685,36.1468],[137.981,36.1591],[138.0423,36.1481],[138.0287,36.0855],[138.0229,36.0759],[138.0171,36.0786],[138.015,36.0607],[137.9797,36.0443],[137.9506,36.0544],[137.95,36.0637],[137.9389,36.0617],[137.9273,36.0424],[137.9004,36.0298],[137.8967,36.0245],[137.9045,36.0181],[137.8795,36.0007],[137.862,35.9715],[137.8296,35.9464],[137.8348,35.9282],[137.8581,35.9165],[137.8472,35.8903],[137.8575,35.876],[137.8541,35.8596],[137.8463,35.8568],[137.8474,35.8348],[137.8241,35.8131]]]}},{"type":"Feature","properties":{"id":"20217","name":"佐久市","pref":"長野県"},"geometry":{"type":"MultiPolygon","coordinates":[[[[138.4968,36.1572],[138.488,36.1615],[138.4899,36.1646],[138.4968,36.1572]]],[[[138.3074,36.1099],[138.2825,36.1494],[138.2822,36.1781],[138.3037,36.2324],[138.3386,36.262],[138.3325,36.2781],[138.3443,36.2827],[138.3396,36.2875],[138.3489,36.2964],[138.3688,36.2996],[138.3748,36.2859],[138.3819,36.2961],[138.4071,36.2966],[138.4251,36.276],[138.425,36.2843],[138.4464,36.2804],[138.48,36.2945],[138.485,36.301],[138.4772,36.3101],[138.4906,36.3158],[138.4862,36.2902],[138.4944,36.3042],[138.5001,36.2966],[138.5159,36.2965],[138.5257,36.2831],[138.5997,36.2791],[138.6118,36.2295],[138.6222,36.2146],[138.6347,36.2137],[138.6367,36.2043],[138.6228,36.1969],[138.6361,36.1713],[138.6132,36.1687],[138.6097,36.1614],[138.5927,36.167],[138.5893,36.179],[138.5773,36.1681],[138.5206,36.1653],[138.4976,36.1679],[138.4831,36.1797],[138.4723,36.1688],[138.4306,36.1662],[138.3288,36.1088],[138.3074,36.1099]]]]}},{"type":"Feature","properties":{"id":"20218","name":"千曲市","pref":"長野県"},"geometry":{"type":"Polygon","coordinates":[[[138.0463,36.4949],[138.0297,36.4905],[138.0323,36.5058],[138.0533,36.5425],[138.1074,36.5403],[138.133,36.5582],[138.1678,36.5592],[138.1994,36.5229],[138.2001,36.4951],[138.1762,36.4855],[138.1732,36.4735],[138.157,36.4701],[138.1693,36.4644],[138.1647,36.4544],[138.136,36.4476],[138.1264,36.4372],[138.1061,36.4591],[138.106,36.4687],[138.0853,36.4735],[138.0735,36.4826],[138.0746,36.4908],[138.0463,36.4949]]]}},{"type":"Feature","properties":{"id":"20219","name":"東御市","pref":"長野県"},"geometry":{"type":"Polygon","coordinates":[[[138.3746,36.2895],[138.3688,36.2996],[138.3419,36.2924],[138.3359,36.3243],[138.3245,36.307],[138.3162,36.3128],[138.3157,36.3066],[138.2947,36.3088],[138.3234,36.347],[138.321,36.3589],[138.298,36.3678],[138.2958,36.3793],[138.3086,36.3803],[138.3444,36.4055],[138.3469,36.4211],[138.3584,36.4307],[138.401,36.4347],[138.457,36.4202],[138.4356,36.3816],[138.4073,36.3696],[138.4096,36.3761],[138.3949,36.3691],[138.395,36.3742],[138.3797,36.3441],[138.3866,36.3342],[138.3666,36.3329],[138.3651,36.3213],[138.3863,36.2976],[138.3746,36.2895]]]}},{"type":"Feature","properties":{"id":"20220","name":"安曇野市","pref":"長野県"},"geometry":{"type":"Polygon","coordinates":[[[137.9209,36.2495],[137.8664,36.2374],[137.8327,36.2463],[137.7938,36.2412],[137.788,36.2436],[137.7992,36.2647],[137.7933,36.2828],[137.7495,36.2746],[137.7258,36.2875],[137.721,36.3024],[137.727,36.3423],[137.701,36.365],[137.7153,36.3997],[137.7122,36.4169],[137.7294,36.4254],[137.7506,36.4153],[137.7681,36.3925],[137.8102,36.3949],[137.8253,36.3912],[137.831,36.381],[137.8534,36.3938],[137.8884,36.3639],[137.912,36.3682],[137.9015,36.3902],[137.9156,36.3923],[137.9096,36.4009],[137.917,36.4118],[137.9255,36.4114],[137.9305,36.3814],[137.95,36.3841],[137.9749,36.4036],[137.9915,36.3767],[137.9573,36.3628],[137.9575,36.3394],[137.9458,36.3276],[137.9698,36.3176],[137.9781,36.305],[137.9442,36.2877],[137.9209,36.2495]]]}},{"type":"Feature","properties":{"id":"20303","name":"小海町","pref":"長野県"},"geometry":{"type":"Polygon","coordinates":[[[138.3633,36.0172],[138.3534,36.0467],[138.367,36.0538],[138.3676,36.0686],[138.3805,36.0637],[138.4139,36.0788],[138.4582,36.1088],[138.4697,36.1284],[138.4813,36.1057],[138.5028,36.1027],[138.5134,36.1141],[138.5322,36.108],[138.5455,36.1129],[138.5824,36.0963],[138.5833,36.0874],[138.5608,36.0746],[138.5155,36.0723],[138.4948,36.0527],[138.49,36.0373],[138.4685,36.0529],[138.4452,36.024],[138.3633,36.0172]]]}},{"type":"Feature","properties":{"id":"20304","name":"川上村","pref":"長野県"},"geometry":{"type":"Polygon","coordinates":[[[138.5028,35.9122],[138.485,35.9561],[138.5147,35.9754],[138.5042,35.9743],[138.4996,35.9856],[138.5106,35.9884],[138.5169,35.9767],[138.523,35.9861],[138.5485,35.9942],[138.6425,35.987],[138.697,35.9912],[138.713,35.985],[138.7142,35.9655],[138.7393,35.9391],[138.729,35.9092],[138.7081,35.9098],[138.6858,35.8939],[138.6762,35.8698],[138.6109,35.8736],[138.605,35.8938],[138.6123,35.9092],[138.591,35.9198],[138.5766,35.9114],[138.5106,35.9223],[138.5028,35.9122]]]}},{"type":"Feature","properties":{"id":"20305","name":"南牧村","pref":"長野県"},"geometry":{"type":"Polygon","coordinates":[[[138.4968,35.9162],[138.4901,35.8964],[138.4546,35.8999],[138.4443,35.9179],[138.4543,35.9383],[138.4506,35.9454],[138.3705,35.9714],[138.3741,35.9894],[138.3617,36.0175],[138.4452,36.024],[138.472,36.0532],[138.4859,36.0367],[138.5029,36.0386],[138.5106,36.024],[138.5541,36.0064],[138.5581,35.9947],[138.5231,35.9861],[138.5169,35.9767],[138.5106,35.9884],[138.4996,35.9856],[138.5042,35.9743],[138.5147,35.9754],[138.485,35.9561],[138.4968,35.9162]]]}},{"type":"Feature","properties":{"id":"20306","name":"南相木村","pref":"長野県"},"geometry":{"type":"Polygon","coordinates":[[[138.6796,36.0117],[138.6887,35.9918],[138.6427,35.987],[138.5673,35.9918],[138.5349,36.0188],[138.5046,36.028],[138.5031,36.0385],[138.4911,36.0378],[138.492,36.048],[138.5048,36.0601],[138.5303,36.0549],[138.5757,36.0353],[138.6419,36.0258],[138.662,36.0115],[138.6796,36.0117]]]}},{"type":"Feature","properties":{"id":"20307","name":"北相木村","pref":"長野県"},"geometry":{"type":"Polygon","coordinates":[[[138.6331,36.0315],[138.5757,36.0353],[138.5048,36.0601],[138.5159,36.0725],[138.5608,36.0746],[138.5833,36.0874],[138.5822,36.0966],[138.626,36.0951],[138.6431,36.0673],[138.6442,36.0496],[138.6331,36.0315]]]}},{"type":"Feature","properties":{"id":"20309","name":"佐久穂町","pref":"長野県"},"geometry":{"type":"Polygon","coordinates":[[[138.3324,36.0749],[138.3339,36.0854],[138.3195,36.0864],[138.328,36.0914],[138.3256,36.1082],[138.3397,36.1197],[138.3539,36.1204],[138.4306,36.1662],[138.4723,36.1688],[138.4831,36.1797],[138.499,36.1675],[138.5787,36.1677],[138.6008,36.1355],[138.6346,36.1337],[138.6476,36.1066],[138.6307,36.0914],[138.5822,36.0966],[138.5455,36.1129],[138.5322,36.108],[138.5134,36.1141],[138.5027,36.1027],[138.4799,36.1064],[138.4697,36.1284],[138.4582,36.1088],[138.4139,36.0788],[138.3805,36.0637],[138.3677,36.0687],[138.367,36.0538],[138.3534,36.0467],[138.3324,36.0749]],[[138.488,36.1608],[138.4968,36.1574],[138.4892,36.1645],[138.488,36.1608]]]}},{"type":"Feature","properties":{"id":"20321","name":"軽井沢町","pref":"長野県"},"geometry":{"type":"Polygon","coordinates":[[[138.5243,36.3313],[138.5075,36.3951],[138.5174,36.4057],[138.5403,36.4027],[138.555,36.4178],[138.5924,36.4244],[138.6478,36.4093],[138.6496,36.3792],[138.6572,36.3689],[138.6478,36.3156],[138.6535,36.3031],[138.6445,36.2933],[138.6048,36.2791],[138.5827,36.281],[138.5689,36.2999],[138.5554,36.3039],[138.5515,36.3165],[138.5593,36.3255],[138.5332,36.3246],[138.5243,36.3313]]]}},{"type":"Feature","properties":{"id":"20323","name":"御代田町","pref":"長野県"},"geometry":{"type":"Polygon","coordinates":[[[138.514,36.2976],[138.4926,36.3033],[138.4862,36.2902],[138.4906,36.3158],[138.4806,36.316],[138.4779,36.338],[138.493,36.3607],[138.477,36.343],[138.4772,36.3555],[138.4733,36.3479],[138.4576,36.3481],[138.4808,36.3871],[138.4926,36.3924],[138.4966,36.4092],[138.5068,36.4139],[138.5199,36.4067],[138.5075,36.3951],[138.5235,36.3408],[138.5198,36.3309],[138.5593,36.3255],[138.5515,36.3165],[138.5554,36.3039],[138.5694,36.2995],[138.5798,36.2822],[138.5279,36.2826],[138.514,36.2976]]]}},{"type":"Feature","properties":{"id":"20324","name":"立科町","pref":"長野県"},"geometry":{"type":"Polygon","coordinates":[[[138.2359,36.1076],[138.2755,36.1515],[138.2828,36.2204],[138.2994,36.246],[138.2862,36.2585],[138.281,36.2814],[138.2908,36.3232],[138.2988,36.3191],[138.2962,36.3077],[138.3157,36.3066],[138.315,36.31],[138.3155,36.3123],[138.3162,36.3128],[138.3175,36.3063],[138.3345,36.3241],[138.3402,36.3227],[138.3443,36.2827],[138.3325,36.2781],[138.3386,36.262],[138.3039,36.2328],[138.2817,36.1753],[138.2825,36.1494],[138.3017,36.1271],[138.3017,36.1109],[138.2867,36.0899],[138.2756,36.0863],[138.2466,36.095],[138.2359,36.1076]]]}},{"type":"Feature","properties":{"id":"20349","name":"青木村","pref":"長野県"},"geometry":{"type":"Polygon","coordinates":[[[138.0826,36.3136],[138.071,36.3165],[138.0644,36.3335],[138.08,36.3711],[138.0657,36.4022],[138.0969,36.4072],[138.1475,36.3951],[138.1542,36.3702],[138.1294,36.3471],[138.1311,36.3343],[138.0826,36.3136]]]}},{"type":"Feature","properties":{"id":"20350","name":"長和町","pref":"長野県"},"geometry":{"type":"Polygon","coordinates":[[[138.2494,36.1209],[138.217,36.1052],[138.1995,36.1077],[138.1885,36.1241],[138.1612,36.1216],[138.1498,36.1418],[138.1347,36.1483],[138.1269,36.171],[138.1296,36.2112],[138.1198,36.2187],[138.1336,36.2311],[138.1624,36.2172],[138.2224,36.2245],[138.234,36.2471],[138.2461,36.2511],[138.2438,36.2795],[138.2633,36.2968],[138.2834,36.287],[138.2862,36.2585],[138.2994,36.246],[138.2828,36.2204],[138.2754,36.151],[138.2494,36.1209]]]}},{"type":"Feature","properties":{"id":"20361","name":"下諏訪町","pref":"長野県"},"geometry":{"type":"Polygon","coordinates":[[[138.0732,36.0643],[138.0683,36.0965],[138.0755,36.1273],[138.1015,36.1227],[138.0949,36.1461],[138.0915,36.1383],[138.0818,36.1467],[138.0844,36.1527],[138.1004,36.1633],[138.1327,36.1639],[138.1347,36.1483],[138.1498,36.1418],[138.1745,36.1051],[138.1419,36.103],[138.1377,36.088],[138.124,36.0872],[138.1288,36.0769],[138.0864,36.0502],[138.0732,36.0643]]]}},{"type":"Feature","properties":{"id":"20362","name":"富士見町","pref":"長野県"},"geometry":{"type":"Polygon","coordinates":[[[138.1852,35.7911],[138.1983,35.7816],[138.1775,35.7862],[138.1723,35.8009],[138.1807,35.8327],[138.1767,35.8441],[138.1889,35.8577],[138.1771,35.8676],[138.1837,35.8734],[138.1689,35.9166],[138.1847,35.9399],[138.1939,35.9347],[138.2244,35.9427],[138.2174,35.9368],[138.2335,35.9314],[138.2454,35.9439],[138.304,35.9662],[138.3603,35.9572],[138.3265,35.9033],[138.2836,35.8593],[138.2515,35.885],[138.2387,35.8829],[138.2047,35.8281],[138.2057,35.8157],[138.1852,35.7911]]]}},{"type":"Feature","properties":{"id":"20363","name":"原村","pref":"長野県"},"geometry":{"type":"Polygon","coordinates":[[[138.1829,35.9633],[138.1798,35.9741],[138.2105,35.9749],[138.2143,35.9846],[138.3705,35.9714],[138.3603,35.9572],[138.3078,35.9665],[138.2886,35.9629],[138.2333,35.9314],[138.1829,35.9633]]]}},{"type":"Feature","properties":{"id":"20382","name":"辰野町","pref":"長野県"},"geometry":{"type":"Polygon","coordinates":[[[137.8715,35.9083],[137.8348,35.9282],[137.8293,35.9459],[137.862,35.9715],[137.8795,36.0007],[137.9012,36.0135],[137.9005,36.03],[137.9273,36.0424],[137.9432,36.0636],[137.9782,36.0445],[138.0069,36.0532],[137.992,36.0141],[138.0373,36.0123],[138.0368,36.0014],[138.0453,36.0001],[138.0459,35.9651],[138.0174,35.9441],[137.993,35.9516],[137.9891,35.9416],[137.9685,35.9419],[137.935,35.9565],[137.9099,35.9339],[137.8796,35.9228],[137.8715,35.9083]]]}},{"type":"Feature","properties":{"id":"20383","name":"箕輪町","pref":"長野県"},"geometry":{"type":"Polygon","coordinates":[[[138.0511,35.9167],[138.0316,35.8937],[137.9903,35.8778],[137.984,35.8977],[137.9227,35.9054],[137.887,35.9269],[137.9099,35.9339],[137.935,35.9565],[137.9685,35.9419],[137.9891,35.9416],[137.993,35.9516],[138.0206,35.9455],[138.0346,35.9624],[138.0575,35.9463],[138.0866,35.9602],[138.0907,35.947],[138.0812,35.9304],[138.0671,35.9157],[138.0511,35.9167]]]}},{"type":"Feature","properties":{"id":"20384","name":"飯島町","pref":"長野県"},"geometry":{"type":"Polygon","coordinates":[[[137.9544,35.6739],[137.9449,35.6543],[137.9222,35.6589],[137.9148,35.6434],[137.8856,35.6351],[137.8449,35.6527],[137.8357,35.6387],[137.8095,35.6436],[137.8013,35.6557],[137.8168,35.7169],[137.8599,35.7043],[137.8734,35.6932],[137.9109,35.7062],[137.9517,35.7005],[137.9496,35.6818],[137.9775,35.6912],[137.9662,35.668],[137.9544,35.6739]]]}},{"type":"Feature","properties":{"id":"20385","name":"南箕輪村","pref":"長野県"},"geometry":{"type":"MultiPolygon","coordinates":[[[[137.9514,35.8982],[137.984,35.8977],[137.9938,35.8829],[137.9735,35.8537],[137.9549,35.865],[137.9469,35.85],[137.9062,35.8579],[137.9286,35.8641],[137.929,35.872],[137.9404,35.8639],[137.951,35.868],[137.9529,35.8757],[137.9327,35.8829],[137.9394,35.8944],[137.9535,35.8903],[137.9514,35.8982]]],[[[137.8869,35.9255],[137.9273,35.9055],[137.9051,35.8954],[137.882,35.8993],[137.8765,35.8789],[137.8913,35.8605],[137.8656,35.8717],[137.8563,35.8677],[137.8472,35.8903],[137.857,35.9114],[137.8714,35.9083],[137.8869,35.9255]]]]}},{"type":"Feature","properties":{"id":"20386","name":"中川村","pref":"長野県"},"geometry":{"type":"Polygon","coordinates":[[[138.0017,35.5977],[137.9917,35.6097],[137.9608,35.602],[137.9415,35.6094],[137.9327,35.6025],[137.9042,35.6239],[137.9049,35.6395],[137.8989,35.6409],[137.9148,35.6434],[137.9222,35.6589],[137.9449,35.6543],[137.9523,35.673],[137.9662,35.668],[137.9743,35.6852],[137.9855,35.6755],[138.0266,35.6747],[138.0353,35.6669],[138.0383,35.637],[138.0017,35.5977]]]}},{"type":"Feature","properties":{"id":"20388","name":"宮田村","pref":"長野県"},"geometry":{"type":"Polygon","coordinates":[[[137.9639,35.7505],[137.8599,35.7478],[137.857,35.7603],[137.8312,35.7679],[137.8046,35.7895],[137.8338,35.8079],[137.8609,35.8063],[137.8809,35.7847],[137.9195,35.7789],[137.9301,35.7873],[137.9376,35.7901],[137.9243,35.7788],[137.9466,35.7712],[137.9593,35.7802],[137.9639,35.7505]]]}},{"type":"Feature","properties":{"id":"20402","name":"松川町","pref":"長野県"},"geometry":{"type":"Polygon","coordinates":[[[138.0129,35.5481],[137.9758,35.5798],[137.9434,35.5687],[137.9117,35.5763],[137.8683,35.6019],[137.8347,35.6053],[137.8077,35.6427],[137.8357,35.6387],[137.8449,35.6527],[137.8653,35.6485],[137.8815,35.635],[137.9035,35.6401],[137.9042,35.624],[137.9327,35.6025],[137.9415,35.6094],[137.9608,35.602],[137.9921,35.6096],[138.0024,35.5973],[137.9932,35.5847],[138.0184,35.561],[138.0129,35.5481]]]}},{"type":"Feature","properties":{"id":"20403","name":"高森町","pref":"長野県"},"geometry":{"type":"Polygon","coordinates":[[[137.8776,35.5301],[137.8107,35.5684],[137.8236,35.5939],[137.8152,35.6027],[137.8223,35.615],[137.8349,35.6053],[137.8726,35.6003],[137.8709,35.5951],[137.9177,35.5739],[137.8973,35.5673],[137.8776,35.5301]]]}},{"type":"Feature","properties":{"id":"20404","name":"阿南町","pref":"長野県"},"geometry":{"type":"Polygon","coordinates":[[[137.7682,35.2526],[137.712,35.2288],[137.7077,35.232],[137.725,35.2423],[137.72,35.2513],[137.7322,35.2703],[137.733,35.2927],[137.7255,35.3017],[137.7032,35.2968],[137.675,35.3066],[137.6873,35.3214],[137.687,35.3397],[137.7153,35.3478],[137.7231,35.3603],[137.7357,35.3599],[137.7446,35.3702],[137.7708,35.3473],[137.7894,35.3725],[137.7998,35.3756],[137.7947,35.3832],[137.8115,35.3906],[137.8121,35.3747],[137.8445,35.3439],[137.8327,35.3261],[137.8419,35.3088],[137.8124,35.3],[137.8048,35.2887],[137.7945,35.293],[137.7721,35.2714],[137.7682,35.2526]]]}},{"type":"Feature","properties":{"id":"20407","name":"阿智村","pref":"長野県"},"geometry":{"type":"Polygon","coordinates":[[[137.7258,35.3836],[137.7395,35.3825],[137.744,35.3701],[137.7359,35.36],[137.7231,35.3603],[137.7155,35.348],[137.6911,35.3405],[137.6734,35.3438],[137.6425,35.37],[137.632,35.4107],[137.622,35.4119],[137.6155,35.4306],[137.593,35.447],[137.6318,35.47],[137.6245,35.5006],[137.6441,35.5112],[137.6483,35.5305],[137.6843,35.5364],[137.6951,35.5544],[137.7043,35.5526],[137.7174,35.5215],[137.7438,35.5128],[137.7261,35.4895],[137.7455,35.4611],[137.7531,35.4556],[137.7587,35.4653],[137.7623,35.4614],[137.7593,35.4394],[137.7706,35.4205],[137.7258,35.3836]]]}},{"type":"Feature","properties":{"id":"20409","name":"平谷村","pref":"長野県"},"geometry":{"type":"Polygon","coordinates":[[[137.6249,35.2654],[137.6323,35.3002],[137.575,35.317],[137.6041,35.3366],[137.5985,35.379],[137.5774,35.3904],[137.5754,35.4001],[137.6131,35.3917],[137.6337,35.399],[137.653,35.3585],[137.6884,35.3417],[137.6873,35.3214],[137.6754,35.3121],[137.6606,35.268],[137.6446,35.2721],[137.6249,35.2654]]]}},{"type":"Feature","properties":{"id":"20410","name":"根羽村","pref":"長野県"},"geometry":{"type":"Polygon","coordinates":[[[137.625,35.2654],[137.6446,35.2721],[137.6588,35.266],[137.6713,35.2419],[137.6683,35.2325],[137.6539,35.2267],[137.6446,35.209],[137.6149,35.2105],[137.5781,35.1988],[137.5787,35.2194],[137.546,35.2517],[137.5579,35.2652],[137.5558,35.2745],[137.5708,35.2829],[137.5564,35.2955],[137.5566,35.3094],[137.5719,35.3184],[137.6323,35.3002],[137.625,35.2654]]]}},{"type":"Feature","properties":{"id":"20411","name":"下條村","pref":"長野県"},"geometry":{"type":"Polygon","coordinates":[[[137.7258,35.3836],[137.7836,35.4255],[137.8165,35.4229],[137.8071,35.3865],[137.7947,35.3832],[137.7998,35.3756],[137.7894,35.3725],[137.7708,35.3473],[137.7381,35.373],[137.7395,35.3825],[137.7258,35.3836]]]}},{"type":"Feature","properties":{"id":"20412","name":"売木村","pref":"長野県"},"geometry":{"type":"Polygon","coordinates":[[[137.7082,35.2318],[137.6815,35.2352],[137.6638,35.2278],[137.6714,35.2416],[137.6584,35.2753],[137.6743,35.3066],[137.7032,35.2968],[137.7255,35.3017],[137.733,35.2927],[137.7322,35.2703],[137.72,35.2513],[137.725,35.2423],[137.7082,35.2318]]]}},{"type":"Feature","properties":{"id":"20413","name":"天龍村","pref":"長野県"},"geometry":{"type":"Polygon","coordinates":[[[137.7305,35.2374],[137.7683,35.2526],[137.7721,35.2714],[137.7935,35.2922],[137.8078,35.2899],[137.8124,35.3],[137.8394,35.306],[137.8434,35.3164],[137.8604,35.311],[137.8647,35.2889],[137.8786,35.294],[137.9002,35.2804],[137.8948,35.2561],[137.8825,35.2481],[137.8849,35.2362],[137.8723,35.2188],[137.8473,35.2219],[137.8381,35.2125],[137.8215,35.2156],[137.7792,35.2027],[137.7677,35.2069],[137.7681,35.2184],[137.7596,35.2221],[137.722,35.2226],[137.7305,35.2374]]]}},{"type":"Feature","properties":{"id":"20414","name":"泰阜村","pref":"長野県"},"geometry":{"type":"Polygon","coordinates":[[[137.8331,35.325],[137.8446,35.3435],[137.8107,35.3771],[137.8072,35.4],[137.8174,35.4099],[137.8146,35.4207],[137.8524,35.4058],[137.8716,35.3875],[137.8872,35.386],[137.9042,35.3586],[137.9277,35.3604],[137.9241,35.3449],[137.8962,35.3224],[137.8529,35.3238],[137.8423,35.3119],[137.8331,35.325]]]}},{"type":"Feature","properties":{"id":"20415","name":"喬木村","pref":"長野県"},"geometry":{"type":"Polygon","coordinates":[[[137.8828,35.4734],[137.8705,35.4918],[137.8846,35.4888],[137.8827,35.4974],[137.8626,35.4993],[137.8629,35.5118],[137.8781,35.5305],[137.9163,35.5048],[137.9621,35.5102],[137.9877,35.4873],[137.9639,35.441],[137.9465,35.427],[137.9184,35.4379],[137.912,35.4637],[137.8828,35.4734]]]}},{"type":"Feature","properties":{"id":"20416","name":"豊丘村","pref":"長野県"},"geometry":{"type":"Polygon","coordinates":[[[137.9885,35.4877],[137.9621,35.5102],[137.9163,35.5048],[137.8781,35.5305],[137.8973,35.5673],[137.9208,35.5784],[137.9475,35.5687],[137.9758,35.5798],[138.0099,35.5555],[138.013,35.5476],[137.9885,35.4877]]]}},{"type":"Feature","properties":{"id":"20417","name":"大鹿村","pref":"長野県"},"geometry":{"type":"Polygon","coordinates":[[[138.1203,35.455],[138.1074,35.4731],[138.083,35.4857],[138.0385,35.4577],[137.9911,35.4932],[138.0185,35.5603],[137.9933,35.5872],[138.0383,35.637],[138.0353,35.6669],[138.0506,35.7019],[138.0771,35.6943],[138.092,35.6549],[138.1025,35.6487],[138.1011,35.6149],[138.1309,35.5813],[138.1516,35.5724],[138.1414,35.5551],[138.1594,35.545],[138.1383,35.5216],[138.1463,35.5186],[138.1402,35.4997],[138.1646,35.4939],[138.1563,35.4767],[138.1602,35.4673],[138.1552,35.4591],[138.1203,35.455]]]}},{"type":"Feature","properties":{"id":"20422","name":"上松町","pref":"長野県"},"geometry":{"type":"Polygon","coordinates":[[[137.5526,35.7256],[137.5313,35.7523],[137.5664,35.751],[137.5675,35.7591],[137.5963,35.7676],[137.5924,35.7922],[137.6242,35.7879],[137.6271,35.7978],[137.6672,35.7909],[137.6846,35.812],[137.7046,35.8222],[137.7703,35.8121],[137.8094,35.7826],[137.7927,35.7638],[137.757,35.7433],[137.753,35.7237],[137.7355,35.7123],[137.6908,35.7274],[137.6833,35.7436],[137.6636,35.7513],[137.6467,35.7451],[137.6416,35.7309],[137.6509,35.7246],[137.6338,35.7097],[137.6012,35.7058],[137.5891,35.7174],[137.5884,35.7341],[137.5761,35.7385],[137.5526,35.7256]]]}},{"type":"Feature","properties":{"id":"20423","name":"南木曽町","pref":"長野県"},"geometry":{"type":"Polygon","coordinates":[[[137.625,35.5156],[137.6075,35.5335],[137.5739,35.5447],[137.5641,35.5686],[137.5713,35.5842],[137.5376,35.5845],[137.5138,35.608],[137.5266,35.6343],[137.5455,35.6508],[137.5094,35.6824],[137.5352,35.6906],[137.5656,35.6776],[137.5865,35.6774],[137.6352,35.6427],[137.6705,35.6592],[137.7009,35.63],[137.7273,35.6196],[137.7284,35.6105],[137.7152,35.5991],[137.7204,35.5862],[137.6895,35.5688],[137.6943,35.5541],[137.6843,35.5364],[137.6486,35.5306],[137.6438,35.511],[137.625,35.5156]]]}},{"type":"Feature","properties":{"id":"20425","name":"木祖村","pref":"長野県"},"geometry":{"type":"Polygon","coordinates":[[[137.778,35.9165],[137.7683,35.9036],[137.7553,35.9082],[137.6962,35.9692],[137.7005,36.0078],[137.7379,36.0468],[137.7355,36.0691],[137.7546,36.0865],[137.7819,36.0732],[137.7963,36.0784],[137.8026,36.0576],[137.8158,36.0536],[137.8088,35.9738],[137.7953,35.9599],[137.8014,35.9265],[137.778,35.9165]]]}},{"type":"Feature","properties":{"id":"20429","name":"王滝村","pref":"長野県"},"geometry":{"type":"Polygon","coordinates":[[[137.5325,35.7088],[137.4876,35.7165],[137.4708,35.7358],[137.4597,35.7614],[137.4402,35.7586],[137.4343,35.7712],[137.3933,35.7777],[137.3918,35.7986],[137.3381,35.798],[137.3246,35.812],[137.3333,35.842],[137.3611,35.8462],[137.3644,35.8789],[137.3808,35.8924],[137.4376,35.9051],[137.4503,35.8922],[137.4807,35.893],[137.5046,35.8725],[137.5734,35.8527],[137.578,35.8335],[137.5956,35.8141],[137.6093,35.8303],[137.6073,35.8393],[137.6182,35.8324],[137.6057,35.8029],[137.6076,35.7947],[137.6249,35.7971],[137.6243,35.7879],[137.5926,35.7924],[137.5963,35.7676],[137.5675,35.7591],[137.5664,35.751],[137.5335,35.7547],[137.5518,35.718],[137.5325,35.7088]]]}},{"type":"Feature","properties":{"id":"20430","name":"大桑村","pref":"長野県"},"geometry":{"type":"Polygon","coordinates":[[[137.7771,35.6314],[137.7297,35.6132],[137.6705,35.6592],[137.6352,35.6427],[137.5865,35.6774],[137.5656,35.6776],[137.5352,35.6906],[137.5072,35.6822],[137.4859,35.7057],[137.4876,35.7165],[137.5342,35.7091],[137.5761,35.7385],[137.5884,35.7341],[137.5891,35.7174],[137.6012,35.7058],[137.6338,35.7097],[137.6509,35.7246],[137.6416,35.7309],[137.6467,35.7451],[137.6636,35.7513],[137.6833,35.7436],[137.6908,35.7274],[137.7355,35.7123],[137.753,35.7237],[137.757,35.7433],[137.8089,35.7795],[137.8138,35.7533],[137.8041,35.7317],[137.8175,35.7182],[137.802,35.6571],[137.7771,35.6314]]]}},{"type":"Feature","properties":{"id":"20432","name":"木曽町","pref":"長野県"},"geometry":{"type":"Polygon","coordinates":[[[137.6684,35.7913],[137.6069,35.7953],[137.6061,35.8135],[137.6188,35.8286],[137.6114,35.8394],[137.5956,35.8141],[137.578,35.8335],[137.5734,35.8527],[137.5046,35.8725],[137.4762,35.894],[137.5036,35.9399],[137.5245,35.9425],[137.542,35.9666],[137.5435,35.9829],[137.5903,36.0065],[137.5995,36.0259],[137.6129,36.0184],[137.6335,36.0268],[137.6655,36.0108],[137.6817,36.0168],[137.7038,36.0101],[137.6962,35.9691],[137.7565,35.9074],[137.7732,35.9056],[137.7791,35.9175],[137.8018,35.9262],[137.8045,35.8984],[137.8161,35.8786],[137.8065,35.8698],[137.8059,35.8343],[137.8283,35.8062],[137.7962,35.7891],[137.7703,35.8121],[137.7046,35.8222],[137.6846,35.812],[137.6684,35.7913]]]}},{"type":"Feature","properties":{"id":"20446","name":"麻績村","pref":"長野県"},"geometry":{"type":"Polygon","coordinates":[[[137.9771,36.4607],[138.0463,36.4949],[138.0746,36.4908],[138.0738,36.4823],[138.087,36.4778],[138.0515,36.4541],[138.0573,36.45],[138.0499,36.4457],[138.0536,36.4199],[138.0198,36.4391],[138.0075,36.4377],[138.0044,36.4661],[137.9771,36.4607]]]}},{"type":"Feature","properties":{"id":"20448","name":"生坂村","pref":"長野県"},"geometry":{"type":"Polygon","coordinates":[[[137.9211,36.4078],[137.9255,36.4114],[137.9133,36.423],[137.9194,36.4252],[137.9053,36.4394],[137.9289,36.4502],[137.937,36.467],[137.9263,36.4712],[137.9384,36.4875],[137.9493,36.4888],[137.9636,36.4635],[137.9771,36.4607],[137.9731,36.4518],[137.9645,36.4548],[137.9607,36.4241],[137.9727,36.4045],[137.95,36.3841],[137.9305,36.3814],[137.93,36.4011],[137.9211,36.4078]]]}},{"type":"Feature","properties":{"id":"20450","name":"山形村","pref":"長野県"},"geometry":{"type":"Polygon","coordinates":[[[137.8112,36.1458],[137.8581,36.1788],[137.8976,36.1881],[137.9019,36.1748],[137.8854,36.1467],[137.8473,36.1342],[137.8112,36.1458]]]}},{"type":"Feature","properties":{"id":"20451","name":"朝日村","pref":"長野県"},"geometry":{"type":"Polygon","coordinates":[[[137.9001,36.1226],[137.828,36.0556],[137.8153,36.0545],[137.8026,36.0576],[137.7963,36.0784],[137.7819,36.0732],[137.7546,36.0865],[137.778,36.0994],[137.8111,36.1454],[137.8473,36.1342],[137.882,36.1488],[137.8923,36.1406],[137.8826,36.1292],[137.8892,36.1339],[137.9001,36.1226]]]}},{"type":"Feature","properties":{"id":"20452","name":"筑北村","pref":"長野県"},"geometry":{"type":"Polygon","coordinates":[[[138.0037,36.3708],[137.9915,36.3767],[137.9903,36.3875],[137.9606,36.4216],[137.9648,36.4552],[137.9731,36.4518],[137.9771,36.4607],[138.0008,36.4678],[138.0098,36.4522],[138.0075,36.4377],[138.0198,36.4391],[138.0536,36.4199],[138.0499,36.4457],[138.0573,36.45],[138.0515,36.4541],[138.0813,36.4752],[138.106,36.4687],[138.1218,36.4402],[138.114,36.4332],[138.1144,36.4007],[138.0969,36.4072],[138.0659,36.4024],[138.0792,36.3721],[138.0517,36.3794],[138.0037,36.3708]]]}},{"type":"Feature","properties":{"id":"20481","name":"池田町","pref":"長野県"},"geometry":{"type":"Polygon","coordinates":[[[137.8729,36.3816],[137.8693,36.4409],[137.8814,36.439],[137.8938,36.4489],[137.8871,36.4743],[137.937,36.467],[137.9289,36.4502],[137.9053,36.4394],[137.925,36.4122],[137.9098,36.4027],[137.9127,36.3895],[137.9019,36.3923],[137.9119,36.3682],[137.8882,36.3639],[137.8729,36.3816]]]}},{"type":"Feature","properties":{"id":"20482","name":"松川村","pref":"長野県"},"geometry":{"type":"Polygon","coordinates":[[[137.8693,36.4409],[137.8723,36.3789],[137.8534,36.3938],[137.8311,36.381],[137.8253,36.3912],[137.8102,36.3949],[137.7681,36.3925],[137.7527,36.4067],[137.8036,36.4199],[137.8101,36.4348],[137.8023,36.4426],[137.814,36.4527],[137.8198,36.4416],[137.8693,36.4409]]]}},{"type":"Feature","properties":{"id":"20485","name":"白馬村","pref":"長野県"},"geometry":{"type":"Polygon","coordinates":[[[137.8669,36.6246],[137.8231,36.6141],[137.8205,36.6327],[137.7982,36.652],[137.7606,36.6646],[137.75,36.7047],[137.7593,36.7407],[137.7519,36.752],[137.7628,36.7665],[137.8195,36.7593],[137.8486,36.7443],[137.8427,36.7509],[137.8563,36.7508],[137.8863,36.7306],[137.9063,36.7389],[137.9415,36.7361],[137.9272,36.7232],[137.9295,36.7126],[137.9142,36.693],[137.917,36.6801],[137.9053,36.6602],[137.9094,36.649],[137.867,36.6327],[137.8669,36.6246]]]}},{"type":"Feature","properties":{"id":"20486","name":"小谷村","pref":"長野県"},"geometry":{"type":"Polygon","coordinates":[[[137.8863,36.7306],[137.8563,36.7508],[137.8427,36.7509],[137.8486,36.7443],[137.8195,36.7593],[137.7648,36.7677],[137.82,36.7982],[137.8579,36.8528],[137.8765,36.8662],[137.8616,36.8909],[137.8717,36.9014],[137.8638,36.9133],[137.8938,36.91],[137.9206,36.92],[137.9624,36.9021],[137.9689,36.9107],[137.9914,36.9107],[138.0137,36.904],[138.0167,36.8924],[138.0312,36.8913],[138.0318,36.8784],[138.0137,36.8604],[138.0202,36.8424],[137.9807,36.8017],[137.9433,36.7373],[137.9063,36.7389],[137.8863,36.7306]]]}},{"type":"Feature","properties":{"id":"20521","name":"坂城町","pref":"長野県"},"geometry":{"type":"Polygon","coordinates":[[[138.1664,36.4162],[138.1288,36.4387],[138.136,36.4476],[138.1647,36.4544],[138.1693,36.4644],[138.157,36.4701],[138.1732,36.4735],[138.1762,36.4855],[138.2036,36.5004],[138.2308,36.4795],[138.2289,36.464],[138.2498,36.4441],[138.2487,36.4333],[138.1664,36.4162]]]}},{"type":"Feature","properties":{"id":"20541","name":"小布施町","pref":"長野県"},"geometry":{"type":"Polygon","coordinates":[[[138.2812,36.6881],[138.29,36.7148],[138.3188,36.7247],[138.3347,36.724],[138.3484,36.6977],[138.3315,36.6822],[138.2812,36.6881]]]}},{"type":"Feature","properties":{"id":"20543","name":"高山村","pref":"長野県"},"geometry":{"type":"Polygon","coordinates":[[[138.3819,36.6467],[138.3463,36.6481],[138.3315,36.6822],[138.3682,36.7042],[138.395,36.696],[138.4341,36.6967],[138.4694,36.686],[138.4736,36.6763],[138.5346,36.6656],[138.5241,36.6504],[138.4731,36.644],[138.4586,36.6344],[138.4503,36.6107],[138.394,36.6332],[138.3819,36.6467]]]}},{"type":"Feature","properties":{"id":"20561","name":"山ノ内町","pref":"長野県"},"geometry":{"type":"Polygon","coordinates":[[[138.5342,36.6664],[138.4739,36.6762],[138.4687,36.6863],[138.4057,36.6991],[138.3877,36.7459],[138.3977,36.7617],[138.3834,36.7719],[138.4042,36.7894],[138.4043,36.8001],[138.4176,36.8026],[138.4321,36.8204],[138.4861,36.8054],[138.4921,36.7934],[138.5174,36.8055],[138.5294,36.8023],[138.5415,36.8241],[138.5756,36.81],[138.6194,36.8095],[138.6342,36.7917],[138.6263,36.7558],[138.6421,36.7238],[138.6218,36.7202],[138.6109,36.7064],[138.5957,36.7145],[138.5841,36.7012],[138.5598,36.707],[138.5143,36.6908],[138.5183,36.6762],[138.5342,36.6664]]]}},{"type":"Feature","properties":{"id":"20562","name":"木島平村","pref":"長野県"},"geometry":{"type":"Polygon","coordinates":[[[138.3844,36.8281],[138.3983,36.8418],[138.3842,36.8508],[138.3963,36.8527],[138.4004,36.8809],[138.4163,36.8725],[138.4464,36.8751],[138.4872,36.8949],[138.5014,36.8764],[138.496,36.8569],[138.551,36.8575],[138.5567,36.8519],[138.5412,36.8364],[138.5495,36.8239],[138.5371,36.8208],[138.5297,36.8025],[138.5174,36.8055],[138.4933,36.7934],[138.4861,36.8054],[138.4321,36.8204],[138.4176,36.8026],[138.4007,36.7996],[138.3976,36.8272],[138.3844,36.8281]]]}},{"type":"Feature","properties":{"id":"20563","name":"野沢温泉村","pref":"長野県"},"geometry":{"type":"Polygon","coordinates":[[[138.4808,36.9304],[138.5141,36.9086],[138.502,36.8892],[138.4925,36.886],[138.4872,36.8949],[138.4618,36.8827],[138.4227,36.9113],[138.4285,36.9143],[138.4256,36.9231],[138.4189,36.9191],[138.422,36.9457],[138.4316,36.9451],[138.4312,36.9552],[138.4609,36.9764],[138.5194,36.9847],[138.5169,36.9746],[138.4962,36.9617],[138.4808,36.9304]]]}},{"type":"Feature","properties":{"id":"20583","name":"信濃町","pref":"長野県"},"geometry":{"type":"Polygon","coordinates":[[[138.2143,36.7597],[138.1401,36.7475],[138.1228,36.7614],[138.1261,36.7852],[138.0985,36.7796],[138.0953,36.8009],[138.1014,36.8117],[138.0892,36.8357],[138.1148,36.8504],[138.169,36.8451],[138.2034,36.8571],[138.2138,36.8711],[138.235,36.8637],[138.2547,36.87],[138.2684,36.8605],[138.2757,36.8367],[138.2618,36.8221],[138.2773,36.8196],[138.2804,36.816],[138.2524,36.8037],[138.2457,36.7856],[138.2166,36.7751],[138.2143,36.7597]]]}},{"type":"Feature","properties":{"id":"20588","name":"小川村","pref":"長野県"},"geometry":{"type":"Polygon","coordinates":[[[138.0013,36.5999],[137.9289,36.599],[137.9144,36.6186],[137.9206,36.6362],[137.9055,36.6608],[137.9216,36.6572],[137.9445,36.672],[137.975,36.6726],[138.0131,36.6575],[138.0005,36.6389],[138.0013,36.5999]]]}},{"type":"Feature","properties":{"id":"20590","name":"飯綱町","pref":"長野県"},"geometry":{"type":"Polygon","coordinates":[[[138.1402,36.7477],[138.1796,36.7476],[138.2,36.7601],[138.2143,36.7597],[138.2166,36.7751],[138.2457,36.7856],[138.2524,36.8037],[138.2706,36.8071],[138.2755,36.815],[138.2804,36.816],[138.2618,36.8221],[138.2757,36.8367],[138.2829,36.8159],[138.2739,36.8094],[138.2808,36.8049],[138.2799,36.7901],[138.303,36.7821],[138.3043,36.764],[138.2941,36.7459],[138.2739,36.7396],[138.2664,36.7466],[138.2511,36.7183],[138.2313,36.7209],[138.2157,36.709],[138.1355,36.7395],[138.1402,36.7477]]]}},{"type":"Feature","properties":{"id":"20602","name":"栄村","pref":"長野県"},"geometry":{"type":"Polygon","coordinates":[[[138.4994,36.8559],[138.5014,36.8764],[138.4939,36.8857],[138.5141,36.9086],[138.4808,36.9304],[138.4962,36.9617],[138.5216,36.9829],[138.4983,36.9781],[138.4915,36.9894],[138.5114,37.0071],[138.5217,37.0299],[138.5365,37.0209],[138.5659,37.0213],[138.5868,36.988],[138.5829,36.9287],[138.5921,36.9253],[138.5888,36.914],[138.621,36.9041],[138.6178,36.892],[138.6254,36.8824],[138.6815,36.8654],[138.6932,36.8548],[138.6902,36.8327],[138.6796,36.8211],[138.6958,36.8079],[138.6867,36.7903],[138.669,36.7788],[138.6881,36.7657],[138.6959,36.7385],[138.6421,36.7238],[138.6263,36.7558],[138.6342,36.7917],[138.6194,36.8095],[138.5756,36.81],[138.5522,36.82],[138.5412,36.8364],[138.5567,36.8519],[138.551,36.8575],[138.4994,36.8559]]]}}]}